{
	"credit": "quiktori",
	"texture_size": [256, 256],
	"textures": {
		"1": "item/tank-2048"
	},
	"elements": [
		{
			"from": [-0.60036, 2.28626, 3.84516],
			"to": [0.42934, 2.45788, 4.87486],
			"rotation": {"angle": 0, "axis": "y", "origin": [-0.34293, 10.43805, -0.96011]},
			"faces": {
				"north": {"uv": [0.8145, 8.002, 0.873, 8.00781], "texture": "#1"},
				"east": {"uv": [8.002, 0.8145, 8.0605, 0.82031], "texture": "#1"},
				"south": {"uv": [0.877, 8.002, 0.9355, 8.00781], "texture": "#1"},
				"west": {"uv": [8.002, 0.877, 8.0605, 0.88281], "texture": "#1"},
				"up": {"uv": [0.998, 6.9355, 0.9395, 6.877], "texture": "#1"},
				"down": {"uv": [1.0605, 6.877, 1.002, 6.9355], "texture": "#1"}
			}
		},
		{
			"from": [-0.60036, -0.97445, 4.87486],
			"to": [0.42934, -0.80284, 5.21809],
			"rotation": {"angle": 0, "axis": "y", "origin": [-0.34293, -3.4629, -0.96011]},
			"faces": {
				"north": {"uv": [0.9395, 8.002, 0.998, 8.00781], "texture": "#1"},
				"east": {"uv": [2.627, 8.502, 2.64844, 8.50781], "texture": "#1"},
				"south": {"uv": [8.002, 0.9395, 8.0605, 0.94531], "texture": "#1"},
				"west": {"uv": [8.502, 2.627, 8.52344, 2.63281], "texture": "#1"},
				"up": {"uv": [2.748, 7.39844, 2.6895, 7.377], "texture": "#1"},
				"down": {"uv": [7.4355, 2.6895, 7.377, 2.71094], "texture": "#1"}
			}
		},
		{
			"from": [-0.60036, -0.97445, 3.84516],
			"to": [0.42934, -0.80284, 4.87486],
			"rotation": {"angle": 0, "axis": "y", "origin": [-0.34293, -3.4629, -0.96011]},
			"faces": {
				"north": {"uv": [1.002, 8.002, 1.0605, 8.00781], "texture": "#1"},
				"east": {"uv": [8.002, 1.002, 8.0605, 1.00781], "texture": "#1"},
				"south": {"uv": [1.0645, 8.002, 1.123, 8.00781], "texture": "#1"},
				"west": {"uv": [8.002, 1.0645, 8.0605, 1.07031], "texture": "#1"},
				"up": {"uv": [1.123, 6.9355, 1.0645, 6.877], "texture": "#1"},
				"down": {"uv": [1.1855, 6.877, 1.127, 6.9355], "texture": "#1"}
			}
		},
		{
			"from": [-0.60036, -1.14607, 4.18839],
			"to": [0.42934, -0.97445, 4.87486],
			"rotation": {"angle": 0, "axis": "y", "origin": [-0.34293, -3.4629, -0.96011]},
			"faces": {
				"north": {"uv": [1.127, 8.002, 1.1855, 8.00781], "texture": "#1"},
				"east": {"uv": [8.1895, 6.377, 8.22656, 6.38281], "texture": "#1"},
				"south": {"uv": [8.002, 1.127, 8.0605, 1.13281], "texture": "#1"},
				"west": {"uv": [6.4395, 8.1895, 6.47656, 8.19531], "texture": "#1"},
				"up": {"uv": [3.0605, 7.03906, 3.002, 7.002], "texture": "#1"},
				"down": {"uv": [3.123, 7.002, 3.0645, 7.03906], "texture": "#1"}
			}
		},
		{
			"from": [-0.60036, -0.80284, 3.50192],
			"to": [0.42934, -0.63122, 5.21809],
			"rotation": {"angle": 0, "axis": "y", "origin": [-0.34293, -3.4629, -0.96011]},
			"faces": {
				"north": {"uv": [1.1895, 8.002, 1.248, 8.00781], "texture": "#1"},
				"east": {"uv": [0.377, 7.6895, 0.48438, 7.69531], "texture": "#1"},
				"south": {"uv": [8.002, 1.1895, 8.0605, 1.19531], "texture": "#1"},
				"west": {"uv": [7.6895, 0.377, 7.79688, 0.38281], "texture": "#1"},
				"up": {"uv": [3.623, 6.60938, 3.5645, 6.502], "texture": "#1"},
				"down": {"uv": [3.6855, 6.502, 3.627, 6.60938], "texture": "#1"}
			}
		},
		{
			"from": [-0.60036, -0.80284, 5.21809],
			"to": [0.42934, -0.63122, 5.56132],
			"rotation": {"angle": 0, "axis": "y", "origin": [-0.34293, -3.4629, 12.59761]},
			"faces": {
				"north": {"uv": [1.252, 8.002, 1.3105, 8.00781], "texture": "#1"},
				"east": {"uv": [2.6895, 8.502, 2.71094, 8.50781], "texture": "#1"},
				"south": {"uv": [8.002, 1.252, 8.0605, 1.25781], "texture": "#1"},
				"west": {"uv": [8.502, 2.6895, 8.52344, 2.69531], "texture": "#1"},
				"up": {"uv": [2.8105, 7.39844, 2.752, 7.377], "texture": "#1"},
				"down": {"uv": [7.4355, 2.752, 7.377, 2.77344], "texture": "#1"}
			}
		},
		{
			"from": [-0.60036, -0.63122, 3.33031],
			"to": [0.42934, -0.45961, 5.56132],
			"rotation": {"angle": 0, "axis": "y", "origin": [-0.34293, -3.4629, -0.96011]},
			"faces": {
				"north": {"uv": [1.3145, 8.002, 1.373, 8.00781], "texture": "#1"},
				"east": {"uv": [7.4395, 5.3145, 7.57813, 5.32031], "texture": "#1"},
				"south": {"uv": [8.002, 1.3145, 8.0605, 1.32031], "texture": "#1"},
				"west": {"uv": [5.502, 7.4395, 5.64063, 7.44531], "texture": "#1"},
				"up": {"uv": [5.4355, 3.20313, 5.377, 3.0645], "texture": "#1"},
				"down": {"uv": [3.248, 5.377, 3.1895, 5.51563], "texture": "#1"}
			}
		},
		{
			"from": [-0.60036, -0.63122, 5.56132],
			"to": [0.42934, -0.45961, 5.73294],
			"rotation": {"angle": 0, "axis": "y", "origin": [-0.34293, -3.4629, 12.59761]},
			"faces": {
				"north": {"uv": [1.377, 8.002, 1.4355, 8.00781], "texture": "#1"},
				"east": {"uv": [8.5645, 3.0645, 8.57031, 3.07031], "texture": "#1"},
				"south": {"uv": [8.002, 1.377, 8.0605, 1.38281], "texture": "#1"},
				"west": {"uv": [3.127, 8.5645, 3.13281, 8.57031], "texture": "#1"},
				"up": {"uv": [1.498, 8.00781, 1.4395, 8.002], "texture": "#1"},
				"down": {"uv": [8.0605, 1.4395, 8.002, 1.44531], "texture": "#1"}
			}
		},
		{
			"from": [-0.60036, -0.45961, 5.73294],
			"to": [0.42934, -0.28799, 5.90456],
			"rotation": {"angle": 0, "axis": "y", "origin": [-0.34293, -3.4629, 12.59761]},
			"faces": {
				"north": {"uv": [1.502, 8.002, 1.5605, 8.00781], "texture": "#1"},
				"east": {"uv": [8.5645, 3.127, 8.57031, 3.13281], "texture": "#1"},
				"south": {"uv": [8.002, 1.502, 8.0605, 1.50781], "texture": "#1"},
				"west": {"uv": [3.1895, 8.5645, 3.19531, 8.57031], "texture": "#1"},
				"up": {"uv": [1.623, 8.00781, 1.5645, 8.002], "texture": "#1"},
				"down": {"uv": [8.0605, 1.5645, 8.002, 1.57031], "texture": "#1"}
			}
		},
		{
			"from": [-0.60036, -0.45961, 3.15869],
			"to": [0.42934, -0.28799, 5.73294],
			"rotation": {"angle": 0, "axis": "y", "origin": [-0.34293, -3.4629, -0.96011]},
			"faces": {
				"north": {"uv": [1.627, 8.002, 1.6855, 8.00781], "texture": "#1"},
				"east": {"uv": [7.4395, 0.5645, 7.60156, 0.57031], "texture": "#1"},
				"south": {"uv": [8.002, 1.627, 8.0605, 1.63281], "texture": "#1"},
				"west": {"uv": [7.4395, 0.627, 7.60156, 0.63281], "texture": "#1"},
				"up": {"uv": [5.3105, 0.16406, 5.252, 0.002], "texture": "#1"},
				"down": {"uv": [5.3105, 0.1895, 5.252, 0.35156], "texture": "#1"}
			}
		},
		{
			"from": [-0.60036, -0.28799, 2.98708],
			"to": [0.42934, 0.05524, 5.90456],
			"rotation": {"angle": 0, "axis": "y", "origin": [-0.34293, -3.4629, -0.96011]},
			"faces": {
				"north": {"uv": [2.8145, 7.377, 2.873, 7.39844], "texture": "#1"},
				"east": {"uv": [0.9395, 6.8145, 1.11719, 6.83594], "texture": "#1"},
				"south": {"uv": [7.377, 2.8145, 7.4355, 2.83594], "texture": "#1"},
				"west": {"uv": [1.127, 6.8145, 1.30469, 6.83594], "texture": "#1"},
				"up": {"uv": [5.123, 3.61719, 5.0645, 3.4395], "texture": "#1"},
				"down": {"uv": [3.5605, 5.0645, 3.502, 5.24219], "texture": "#1"}
			}
		},
		{
			"from": [-0.60036, -0.28799, 5.90456],
			"to": [0.42934, 0.05524, 6.07617],
			"rotation": {"angle": 0, "axis": "y", "origin": [-0.34293, -3.4629, 12.59761]},
			"faces": {
				"north": {"uv": [2.877, 7.377, 2.9355, 7.39844], "texture": "#1"},
				"east": {"uv": [2.752, 8.502, 2.75781, 8.52344], "texture": "#1"},
				"south": {"uv": [7.377, 2.877, 7.4355, 2.89844], "texture": "#1"},
				"west": {"uv": [8.502, 2.752, 8.50781, 2.77344], "texture": "#1"},
				"up": {"uv": [1.748, 8.00781, 1.6895, 8.002], "texture": "#1"},
				"down": {"uv": [8.0605, 1.6895, 8.002, 1.69531], "texture": "#1"}
			}
		},
		{
			"from": [-0.60036, 0.05524, 6.07617],
			"to": [0.42934, 0.39848, 6.24779],
			"rotation": {"angle": 0, "axis": "y", "origin": [-0.34293, -3.4629, 12.59761]},
			"faces": {
				"north": {"uv": [2.9395, 7.377, 2.998, 7.39844], "texture": "#1"},
				"east": {"uv": [2.8145, 8.502, 2.82031, 8.52344], "texture": "#1"},
				"south": {"uv": [7.377, 2.9395, 7.4355, 2.96094], "texture": "#1"},
				"west": {"uv": [8.502, 2.8145, 8.50781, 2.83594], "texture": "#1"},
				"up": {"uv": [1.8105, 8.00781, 1.752, 8.002], "texture": "#1"},
				"down": {"uv": [8.0605, 1.752, 8.002, 1.75781], "texture": "#1"}
			}
		},
		{
			"from": [-0.60036, 0.05524, 2.81546],
			"to": [0.42934, 0.39848, 6.07617],
			"rotation": {"angle": 0, "axis": "y", "origin": [-0.34293, -3.4629, -0.96011]},
			"faces": {
				"north": {"uv": [3.002, 7.377, 3.0605, 7.39844], "texture": "#1"},
				"east": {"uv": [6.752, 1.1895, 6.95313, 1.21094], "texture": "#1"},
				"south": {"uv": [7.377, 3.002, 7.4355, 3.02344], "texture": "#1"},
				"west": {"uv": [6.752, 1.3145, 6.95313, 1.33594], "texture": "#1"},
				"up": {"uv": [4.998, 5.14063, 4.9395, 4.9395], "texture": "#1"},
				"down": {"uv": [5.0605, 0.002, 5.002, 0.20313], "texture": "#1"}
			}
		},
		{
			"from": [-0.60036, 0.39848, 6.24779],
			"to": [0.42934, 1.08494, 6.41941],
			"rotation": {"angle": 0, "axis": "y", "origin": [-0.34293, -3.4629, 12.59761]},
			"faces": {
				"north": {"uv": [3.127, 7.002, 3.1855, 7.03906], "texture": "#1"},
				"east": {"uv": [8.1895, 6.4395, 8.19531, 6.47656], "texture": "#1"},
				"south": {"uv": [3.1895, 7.002, 3.248, 7.03906], "texture": "#1"},
				"west": {"uv": [6.502, 8.1895, 6.50781, 8.22656], "texture": "#1"},
				"up": {"uv": [1.873, 8.00781, 1.8145, 8.002], "texture": "#1"},
				"down": {"uv": [8.0605, 1.8145, 8.002, 1.82031], "texture": "#1"}
			}
		},
		{
			"from": [-0.60036, 0.39848, 2.64384],
			"to": [0.42934, 1.08494, 6.24779],
			"rotation": {"angle": 0, "axis": "y", "origin": [-0.34293, -3.4629, -0.96011]},
			"faces": {
				"north": {"uv": [3.252, 7.002, 3.3105, 7.03906], "texture": "#1"},
				"east": {"uv": [5.3145, 0.127, 5.53906, 0.16406], "texture": "#1"},
				"south": {"uv": [3.3145, 7.002, 3.373, 7.03906], "texture": "#1"},
				"west": {"uv": [5.3145, 0.1895, 5.53906, 0.22656], "texture": "#1"},
				"up": {"uv": [3.998, 5.10156, 3.9395, 4.877], "texture": "#1"},
				"down": {"uv": [4.0605, 4.877, 4.002, 5.10156], "texture": "#1"}
			}
		},
		{
			"from": [-0.60036, 1.08494, 2.81546],
			"to": [0.42934, 1.42818, 6.07617],
			"rotation": {"angle": 0, "axis": "y", "origin": [-0.34293, -3.4629, -0.96011]},
			"faces": {
				"north": {"uv": [3.0645, 7.377, 3.123, 7.39844], "texture": "#1"},
				"east": {"uv": [6.752, 1.377, 6.95313, 1.39844], "texture": "#1"},
				"south": {"uv": [7.377, 3.0645, 7.4355, 3.08594], "texture": "#1"},
				"west": {"uv": [6.752, 1.4395, 6.95313, 1.46094], "texture": "#1"},
				"up": {"uv": [5.0605, 0.45313, 5.002, 0.252], "texture": "#1"},
				"down": {"uv": [5.0605, 0.627, 5.002, 0.82813], "texture": "#1"}
			}
		},
		{
			"from": [-0.60036, 1.08494, 6.07617],
			"to": [0.42934, 1.42818, 6.24779],
			"rotation": {"angle": 0, "axis": "y", "origin": [-0.34293, -3.4629, 12.59761]},
			"faces": {
				"north": {"uv": [3.127, 7.377, 3.1855, 7.39844], "texture": "#1"},
				"east": {"uv": [2.877, 8.502, 2.88281, 8.52344], "texture": "#1"},
				"south": {"uv": [7.377, 3.127, 7.4355, 3.14844], "texture": "#1"},
				"west": {"uv": [8.502, 2.877, 8.50781, 2.89844], "texture": "#1"},
				"up": {"uv": [1.9355, 8.00781, 1.877, 8.002], "texture": "#1"},
				"down": {"uv": [8.0605, 1.877, 8.002, 1.88281], "texture": "#1"}
			}
		},
		{
			"from": [-0.60036, 1.42818, 5.90456],
			"to": [0.42934, 1.77141, 6.07617],
			"rotation": {"angle": 0, "axis": "y", "origin": [-0.34293, 10.43805, 12.59761]},
			"faces": {
				"north": {"uv": [3.1895, 7.377, 3.248, 7.39844], "texture": "#1"},
				"east": {"uv": [2.9395, 8.502, 2.94531, 8.52344], "texture": "#1"},
				"south": {"uv": [7.377, 3.1895, 7.4355, 3.21094], "texture": "#1"},
				"west": {"uv": [8.502, 2.9395, 8.50781, 2.96094], "texture": "#1"},
				"up": {"uv": [1.998, 8.00781, 1.9395, 8.002], "texture": "#1"},
				"down": {"uv": [8.0605, 1.9395, 8.002, 1.94531], "texture": "#1"}
			}
		},
		{
			"from": [-0.60036, 1.42818, 2.98708],
			"to": [0.42934, 1.77141, 5.90456],
			"rotation": {"angle": 0, "axis": "y", "origin": [-0.34293, 10.43805, -0.96011]},
			"faces": {
				"north": {"uv": [3.252, 7.377, 3.3105, 7.39844], "texture": "#1"},
				"east": {"uv": [1.3145, 6.8145, 1.49219, 6.83594], "texture": "#1"},
				"south": {"uv": [7.377, 3.252, 7.4355, 3.27344], "texture": "#1"},
				"west": {"uv": [1.502, 6.8145, 1.67969, 6.83594], "texture": "#1"},
				"up": {"uv": [3.623, 5.24219, 3.5645, 5.0645], "texture": "#1"},
				"down": {"uv": [5.123, 3.627, 5.0645, 3.80469], "texture": "#1"}
			}
		},
		{
			"from": [-0.60036, 1.77141, 3.15869],
			"to": [0.42934, 1.94303, 5.73294],
			"rotation": {"angle": 0, "axis": "y", "origin": [-0.34293, 10.43805, -0.96011]},
			"faces": {
				"north": {"uv": [2.002, 8.002, 2.0605, 8.00781], "texture": "#1"},
				"east": {"uv": [7.4395, 0.6895, 7.60156, 0.69531], "texture": "#1"},
				"south": {"uv": [8.002, 2.002, 8.0605, 2.00781], "texture": "#1"},
				"west": {"uv": [0.752, 7.4395, 0.91406, 7.44531], "texture": "#1"},
				"up": {"uv": [0.8105, 5.41406, 0.752, 5.252], "texture": "#1"},
				"down": {"uv": [0.873, 5.252, 0.8145, 5.41406], "texture": "#1"}
			}
		},
		{
			"from": [-0.60036, 1.77141, 5.73294],
			"to": [0.42934, 1.94303, 5.90456],
			"rotation": {"angle": 0, "axis": "y", "origin": [-0.34293, 10.43805, 12.59761]},
			"faces": {
				"north": {"uv": [2.0645, 8.002, 2.123, 8.00781], "texture": "#1"},
				"east": {"uv": [8.5645, 3.1895, 8.57031, 3.19531], "texture": "#1"},
				"south": {"uv": [8.002, 2.0645, 8.0605, 2.07031], "texture": "#1"},
				"west": {"uv": [3.252, 8.5645, 3.25781, 8.57031], "texture": "#1"},
				"up": {"uv": [2.1855, 8.00781, 2.127, 8.002], "texture": "#1"},
				"down": {"uv": [8.0605, 2.127, 8.002, 2.13281], "texture": "#1"}
			}
		},
		{
			"from": [-0.60036, 1.94303, 5.56132],
			"to": [0.42934, 2.11465, 5.73294],
			"rotation": {"angle": 0, "axis": "y", "origin": [-0.34293, 10.43805, 12.59761]},
			"faces": {
				"north": {"uv": [2.1895, 8.002, 2.248, 8.00781], "texture": "#1"},
				"east": {"uv": [8.5645, 3.252, 8.57031, 3.25781], "texture": "#1"},
				"south": {"uv": [8.002, 2.1895, 8.0605, 2.19531], "texture": "#1"},
				"west": {"uv": [3.3145, 8.5645, 3.32031, 8.57031], "texture": "#1"},
				"up": {"uv": [2.3105, 8.00781, 2.252, 8.002], "texture": "#1"},
				"down": {"uv": [8.0605, 2.252, 8.002, 2.25781], "texture": "#1"}
			}
		},
		{
			"from": [-0.60036, 1.94303, 3.33031],
			"to": [0.42934, 2.11465, 5.56132],
			"rotation": {"angle": 0, "axis": "y", "origin": [-0.34293, 10.43805, -0.96011]},
			"faces": {
				"north": {"uv": [2.3145, 8.002, 2.373, 8.00781], "texture": "#1"},
				"east": {"uv": [5.6895, 7.4395, 5.82813, 7.44531], "texture": "#1"},
				"south": {"uv": [8.002, 2.3145, 8.0605, 2.32031], "texture": "#1"},
				"west": {"uv": [5.877, 7.4395, 6.01563, 7.44531], "texture": "#1"},
				"up": {"uv": [5.4355, 3.39063, 5.377, 3.252], "texture": "#1"},
				"down": {"uv": [5.4355, 3.4395, 5.377, 3.57813], "texture": "#1"}
			}
		},
		{
			"from": [-0.60036, 2.11465, 5.21809],
			"to": [0.42934, 2.28626, 5.56132],
			"rotation": {"angle": 0, "axis": "y", "origin": [-0.34293, 10.43805, 12.59761]},
			"faces": {
				"north": {"uv": [2.377, 8.002, 2.4355, 8.00781], "texture": "#1"},
				"east": {"uv": [3.002, 8.502, 3.02344, 8.50781], "texture": "#1"},
				"south": {"uv": [8.002, 2.377, 8.0605, 2.38281], "texture": "#1"},
				"west": {"uv": [8.502, 3.002, 8.52344, 3.00781], "texture": "#1"},
				"up": {"uv": [3.373, 7.39844, 3.3145, 7.377], "texture": "#1"},
				"down": {"uv": [7.4355, 3.3145, 7.377, 3.33594], "texture": "#1"}
			}
		},
		{
			"from": [-0.60036, 2.11465, 3.50192],
			"to": [0.42934, 2.28626, 5.21809],
			"rotation": {"angle": 0, "axis": "y", "origin": [-0.34293, 10.43805, -0.96011]},
			"faces": {
				"north": {"uv": [2.4395, 8.002, 2.498, 8.00781], "texture": "#1"},
				"east": {"uv": [7.6895, 0.4395, 7.79688, 0.44531], "texture": "#1"},
				"south": {"uv": [8.002, 2.4395, 8.0605, 2.44531], "texture": "#1"},
				"west": {"uv": [0.502, 7.6895, 0.60938, 7.69531], "texture": "#1"},
				"up": {"uv": [3.748, 6.60938, 3.6895, 6.502], "texture": "#1"},
				"down": {"uv": [3.8105, 6.502, 3.752, 6.60938], "texture": "#1"}
			}
		},
		{
			"from": [-0.60036, 2.28626, 4.87486],
			"to": [0.42934, 2.45788, 5.21809],
			"rotation": {"angle": 0, "axis": "y", "origin": [-0.34293, 10.43805, -0.96011]},
			"faces": {
				"north": {"uv": [2.502, 8.002, 2.5605, 8.00781], "texture": "#1"},
				"east": {"uv": [3.0645, 8.502, 3.08594, 8.50781], "texture": "#1"},
				"south": {"uv": [8.002, 2.502, 8.0605, 2.50781], "texture": "#1"},
				"west": {"uv": [8.502, 3.0645, 8.52344, 3.07031], "texture": "#1"},
				"up": {"uv": [3.4355, 7.39844, 3.377, 7.377], "texture": "#1"},
				"down": {"uv": [7.4355, 3.377, 7.377, 3.39844], "texture": "#1"}
			}
		},
		{
			"from": [-0.60036, 2.45788, 4.18839],
			"to": [0.42934, 2.6295, 4.87486],
			"rotation": {"angle": 0, "axis": "y", "origin": [-0.34293, 10.43805, -0.96011]},
			"faces": {
				"north": {"uv": [2.5645, 8.002, 2.623, 8.00781], "texture": "#1"},
				"east": {"uv": [8.1895, 6.502, 8.22656, 6.50781], "texture": "#1"},
				"south": {"uv": [8.002, 2.5645, 8.0605, 2.57031], "texture": "#1"},
				"west": {"uv": [6.5645, 8.1895, 6.60156, 8.19531], "texture": "#1"},
				"up": {"uv": [3.4355, 7.03906, 3.377, 7.002], "texture": "#1"},
				"down": {"uv": [7.0605, 3.502, 7.002, 3.53906], "texture": "#1"}
			}
		},
		{
			"from": [-0.77198, 0.18337, 3.96529],
			"to": [-0.61546, 1.19865, 4.95037],
			"rotation": {"angle": 45, "axis": "x", "origin": [-0.68891, 0.75956, 4.52545]},
			"faces": {
				"north": {"uv": [2.627, 8.002, 2.63281, 8.0605], "texture": "#1"},
				"east": {"uv": [1.1895, 6.877, 1.248, 6.9355], "texture": "#1"},
				"south": {"uv": [8.002, 2.627, 8.00781, 2.6855], "texture": "#1"},
				"west": {"uv": [1.252, 6.877, 1.3105, 6.9355], "texture": "#1"},
				"up": {"uv": [2.69531, 8.0605, 2.6895, 8.002], "texture": "#1"},
				"down": {"uv": [8.00781, 2.6895, 8.002, 2.748], "texture": "#1"}
			}
		}
	],
	"display": {
		"thirdperson_righthand": {
			"rotation": [68, 0, 0],
			"translation": [7, -3.25, 4.25]
		},
		"thirdperson_lefthand": {
			"rotation": [0, 90, 0],
			"translation": [12, 23.5, 29.25],
			"scale": [3.5, 3.5, 3.5]
		},
		"firstperson_righthand": {
			"translation": [2.5, 0, 0],
			"scale": [0.5, 0.5, 0.5]
		},
		"firstperson_lefthand": {
			"translation": [2.25, 0, 0],
			"scale": [0.5, 0.5, 0.5]
		},
		"ground": {
			"translation": [0, -2.25, 0]
		},
		"gui": {
			"rotation": [0, 45, 0],
			"translation": [-1, -2.5, 0],
			"scale": [0.5, 0.5, 0.5]
		},
		"head": {
			"translation": [55.25, -31.75, -13],
			"scale": [4, 4, 4]
		},
		"fixed": {
			"translation": [0, 18, 8.75]
		}
	},
	"groups": [
		{
			"name": "гусеницы",
			"origin": [10.92601, 9.81944, 25.31164],
			"color": 0,
			"nbt": "{}",
			"armAnimationEnabled": false,
			"children": [0, 1, 2, 3, 4, 5, 6, 7, 8, 9, 10, 11, 12, 13, 14, 15, 16, 17, 18, 19, 20, 21, 22, 23, 24, 25, 26, 27, 28]
		}
	]
}