{
	"credit": "quiktori",
	"texture_size": [256, 256],
	"textures": {
		"1": "item/tank-2048"
	},
	"elements": [
		{
			"from": [7.51791, 8.28929, -10.32494],
			"to": [9.18059, 9.95914, -8.54923],
			"rotation": {"angle": 0, "axis": "y", "origin": [8.40683, 9.04258, -0.64393]},
			"faces": {
				"north": {"uv": [5.127, 0.9395, 5.22656, 1.03906], "texture": "#1"},
				"east": {"uv": [4.9395, 2.502, 5.04688, 2.60156], "texture": "#1"},
				"south": {"uv": [5.127, 1.127, 5.22656, 1.22656], "texture": "#1"},
				"west": {"uv": [5.002, 0.9395, 5.10938, 1.03906], "texture": "#1"},
				"up": {"uv": [5.16406, 0.48438, 5.0645, 0.377], "texture": "#1"},
				"down": {"uv": [5.16406, 2.502, 5.0645, 2.60938], "texture": "#1"}
			}
		},
		{
			"from": [7.42833, 8.19971, -13.27125],
			"to": [9.27018, 10.04872, -12.40133],
			"rotation": {"angle": 0, "axis": "y", "origin": [8.40683, 9.04258, -0.64393]},
			"faces": {
				"north": {"uv": [4.8145, 1.252, 4.92969, 1.36719], "texture": "#1"},
				"east": {"uv": [5.4395, 6.502, 5.49219, 6.61719], "texture": "#1"},
				"south": {"uv": [4.8145, 1.752, 4.92969, 1.86719], "texture": "#1"},
				"west": {"uv": [5.502, 6.502, 5.55469, 6.61719], "texture": "#1"},
				"up": {"uv": [1.05469, 3.42969, 0.9395, 3.377], "texture": "#1"},
				"down": {"uv": [3.17969, 3.6895, 3.0645, 3.74219], "texture": "#1"}
			}
		},
		{
			"from": [7.7771, 8.19971, -13.95558],
			"to": [8.92219, 8.55566, -13.27125],
			"rotation": {"angle": 0, "axis": "y", "origin": [8.40683, 9.04258, -0.64393]},
			"faces": {
				"north": {"uv": [3.6895, 7.252, 3.75781, 7.27344], "texture": "#1"},
				"east": {"uv": [4.3145, 7.627, 4.35156, 7.64844], "texture": "#1"},
				"south": {"uv": [7.252, 3.6895, 7.32031, 3.71094], "texture": "#1"},
				"west": {"uv": [7.627, 4.3145, 7.66406, 4.33594], "texture": "#1"},
				"up": {"uv": [7.00781, 3.66406, 6.9395, 3.627], "texture": "#1"},
				"down": {"uv": [7.00781, 4.3145, 6.9395, 4.35156], "texture": "#1"}
			}
		},
		{
			"from": [7.7771, 9.69277, -13.95558],
			"to": [8.92219, 10.04872, -13.27125],
			"rotation": {"angle": 0, "axis": "y", "origin": [8.40683, 9.04258, -0.64393]},
			"faces": {
				"north": {"uv": [7.252, 3.752, 7.32031, 3.77344], "texture": "#1"},
				"east": {"uv": [4.377, 7.627, 4.41406, 7.64844], "texture": "#1"},
				"south": {"uv": [3.8145, 7.252, 3.88281, 7.27344], "texture": "#1"},
				"west": {"uv": [7.627, 4.377, 7.66406, 4.39844], "texture": "#1"},
				"up": {"uv": [4.44531, 6.97656, 4.377, 6.9395], "texture": "#1"},
				"down": {"uv": [7.00781, 4.377, 6.9395, 4.41406], "texture": "#1"}
			}
		},
		{
			"from": [7.42833, 8.19971, -13.95558],
			"to": [7.7771, 10.04872, -13.27125],
			"rotation": {"angle": 0, "axis": "y", "origin": [8.40683, 9.04258, -0.64393]},
			"faces": {
				"north": {"uv": [6.9395, 4.4395, 6.96094, 4.55469], "texture": "#1"},
				"east": {"uv": [0.252, 6.6895, 0.28906, 6.80469], "texture": "#1"},
				"south": {"uv": [4.502, 6.9395, 4.52344, 7.05469], "texture": "#1"},
				"west": {"uv": [0.3145, 6.6895, 0.35156, 6.80469], "texture": "#1"},
				"up": {"uv": [4.46094, 7.66406, 4.4395, 7.627], "texture": "#1"},
				"down": {"uv": [7.64844, 4.4395, 7.627, 4.47656], "texture": "#1"}
			}
		},
		{
			"from": [8.92139, 8.19971, -13.95558],
			"to": [9.27018, 10.04872, -13.27125],
			"rotation": {"angle": 0, "axis": "y", "origin": [8.40683, 9.04258, -0.64393]},
			"faces": {
				"north": {"uv": [4.5645, 6.9395, 4.58594, 7.05469], "texture": "#1"},
				"east": {"uv": [3.377, 6.6895, 3.41406, 6.80469], "texture": "#1"},
				"south": {"uv": [6.9395, 4.5645, 6.96094, 4.67969], "texture": "#1"},
				"west": {"uv": [3.4395, 6.6895, 3.47656, 6.80469], "texture": "#1"},
				"up": {"uv": [4.52344, 7.66406, 4.502, 7.627], "texture": "#1"},
				"down": {"uv": [7.64844, 4.502, 7.627, 4.53906], "texture": "#1"}
			}
		},
		{
			"from": [7.42833, 8.19971, -10.78281],
			"to": [9.27018, 10.04872, -10.31104],
			"rotation": {"angle": 0, "axis": "y", "origin": [8.40683, 9.04258, -0.64393]},
			"faces": {
				"north": {"uv": [4.877, 0.9395, 4.99219, 1.05469], "texture": "#1"},
				"east": {"uv": [3.0645, 6.877, 3.09375, 6.99219], "texture": "#1"},
				"south": {"uv": [4.877, 1.5645, 4.99219, 1.67969], "texture": "#1"},
				"west": {"uv": [3.252, 6.877, 3.28125, 6.99219], "texture": "#1"},
				"up": {"uv": [6.99219, 3.71875, 6.877, 3.6895], "texture": "#1"},
				"down": {"uv": [3.86719, 6.877, 3.752, 6.90625], "texture": "#1"}
			}
		},
		{
			"from": [7.79661, 8.568, -8.62284],
			"to": [8.90188, 9.68043, -0.36205],
			"rotation": {"angle": 0, "axis": "y", "origin": [8.40683, 9.04258, -0.64393]},
			"faces": {
				"north": {"uv": [5.4395, 6.627, 5.50781, 6.69531], "texture": "#1"},
				"east": {"uv": [4.1895, 3.6895, 4.82813, 3.75781], "texture": "#1"},
				"south": {"uv": [6.627, 5.4395, 6.69531, 5.50781], "texture": "#1"},
				"west": {"uv": [4.1895, 3.8145, 4.82813, 3.88281], "texture": "#1"},
				"up": {"uv": [2.38281, 4.82813, 2.3145, 4.1895], "texture": "#1"},
				"down": {"uv": [2.50781, 4.1895, 2.4395, 4.82813], "texture": "#1"}
			}
		},
		{
			"from": [7.74182, 8.57493, -12.4849],
			"to": [8.9774, 9.70472, -10.3409],
			"rotation": {"angle": 0, "axis": "y", "origin": [8.40683, 9.04258, -0.64393]},
			"faces": {
				"north": {"uv": [8.4395, 4.502, 8.46094, 4.50781], "texture": "#1"},
				"east": {"uv": [6.8145, 7.4395, 6.94531, 7.44531], "texture": "#1"},
				"south": {"uv": [4.5645, 8.4395, 4.58594, 8.44531], "texture": "#1"},
				"west": {"uv": [7.002, 7.4395, 7.13281, 7.44531], "texture": "#1"},
				"up": {"uv": [5.83594, 7.00781, 5.8145, 6.877], "texture": "#1"},
				"down": {"uv": [5.89844, 6.877, 5.877, 7.00781], "texture": "#1"}
			}
		},
		{
			"from": [7.51791, 8.28929, -0.34607],
			"to": [9.18059, 9.95914, 5.01299],
			"rotation": {"angle": 0, "axis": "y", "origin": [8.40683, 9.04258, -0.64393]},
			"faces": {
				"north": {"uv": [5.127, 2.252, 5.22656, 2.35156], "texture": "#1"},
				"east": {"uv": [4.252, 3.377, 4.58594, 3.47656], "texture": "#1"},
				"south": {"uv": [0.377, 5.1895, 0.47656, 5.28906], "texture": "#1"},
				"west": {"uv": [4.3145, 2.502, 4.64844, 2.60156], "texture": "#1"},
				"up": {"uv": [2.35156, 3.21094, 2.252, 2.877], "texture": "#1"},
				"down": {"uv": [1.97656, 4.377, 1.877, 4.71094], "texture": "#1"}
			}
		},
		{
			"from": [7.01625, 7.78763, 4.96044],
			"to": [9.68226, 10.46081, 7.78413],
			"rotation": {"angle": 0, "axis": "y", "origin": [8.40683, 9.04258, -0.64393]},
			"faces": {
				"north": {"uv": [4.5645, 3.9395, 4.72656, 4.10156], "texture": "#1"},
				"east": {"uv": [4.4395, 3.127, 4.61719, 3.28906], "texture": "#1"},
				"south": {"uv": [4.5645, 4.127, 4.72656, 4.28906], "texture": "#1"},
				"west": {"uv": [0.877, 4.5645, 1.05469, 4.72656], "texture": "#1"},
				"up": {"uv": [1.22656, 4.74219, 1.0645, 4.5645], "texture": "#1"},
				"down": {"uv": [4.72656, 2.127, 4.5645, 2.30469], "texture": "#1"}
			}
		}
	],
	"display": {
		"thirdperson_righthand": {
			"rotation": [68, 0, 0],
			"translation": [7, -3.25, 4.25]
		},
		"thirdperson_lefthand": {
			"rotation": [90, 0, 0],
			"translation": [-6.75, 5.5, 23.75],
			"scale": [3.9, 3.9, 3.9]
		},
		"firstperson_righthand": {
			"translation": [2.5, 0, 0],
			"scale": [0.5, 0.5, 0.5]
		},
		"firstperson_lefthand": {
			"translation": [2.25, 0, 0],
			"scale": [0.5, 0.5, 0.5]
		},
		"ground": {
			"translation": [0, -2.25, 0]
		},
		"gui": {
			"rotation": [0, 45, 0],
			"translation": [-1, -2.5, 0],
			"scale": [0.5, 0.5, 0.5]
		},
		"head": {
			"translation": [55.25, -31.75, -13],
			"scale": [4, 4, 4]
		},
		"fixed": {
			"translation": [0, 18, 8.75]
		}
	},
	"groups": [
		{
			"name": "hexadecagon",
			"origin": [8, 8, 8],
			"color": 0,
			"children": []
		},
		{
			"name": "hexadecagon",
			"origin": [8, 8, 8],
			"color": 0,
			"children": []
		},
		{
			"name": "гусеницы",
			"origin": [10.92601, 9.81944, 25.31164],
			"color": 0,
			"children": []
		},
		{
			"name": "гусеницы",
			"origin": [10.92601, 9.81944, 25.31164],
			"color": 0,
			"children": []
		},
		{
			"name": "башня",
			"origin": [5.27813, 0.16178, 2.33019],
			"color": 0,
			"children": [0, 1, 2, 3, 4, 5, 6, 7, 8, 9, 10]
		},
		{
			"name": "корпус",
			"origin": [4.96855, 1.80667, 1.66712],
			"color": 0,
			"children": []
		}
	]
}