{
	"credit": "Made with Blockbench",
	"texture_size": [64, 64],
	"textures": {
		"0": "item/ammo/762mm",
		"particle": "item/ammo/762mm"
	},
	"elements": [
		{
			"name": "a",
			"from": [6.65811, 6.82917, 6.95],
			"to": [9.55811, 7.02917, 9.05],
			"rotation": {"angle": 0, "axis": "y", "origin": [6.45811, 6.82917, 6.75]},
			"faces": {
				"north": {"uv": [2.5625, 0, 3.3125, 0.0625], "texture": "#0"},
				"east": {"uv": [0.0625, 2.75, 0.5625, 2.8125], "texture": "#0"},
				"south": {"uv": [2.5625, 0.25, 3.3125, 0.3125], "texture": "#0"},
				"west": {"uv": [0.8125, 2.75, 1.3125, 2.8125], "texture": "#0"},
				"up": {"uv": [0.875, 0.625, 0, 0], "texture": "#0"},
				"down": {"uv": [0.875, 0.75, 0, 1.375], "texture": "#0"}
			}
		},
		{
			"name": "a",
			"from": [6.65811, 7.02917, 9.05],
			"to": [9.55811, 8.92917, 9.25],
			"rotation": {"angle": 0, "axis": "y", "origin": [6.45811, 6.82917, 6.75]},
			"faces": {
				"north": {"uv": [1, 0, 1.875, 0.5], "texture": "#0"},
				"east": {"uv": [1.5, 3, 1.5625, 3.5], "texture": "#0"},
				"south": {"uv": [1, 0.5, 1.875, 1], "texture": "#0"},
				"west": {"uv": [1.75, 3, 1.8125, 3.5], "texture": "#0"},
				"up": {"uv": [3.375, 0.5625, 2.5, 0.5], "texture": "#0"},
				"down": {"uv": [3.375, 0.75, 2.5, 0.8125], "texture": "#0"}
			}
		},
		{
			"name": "a",
			"from": [6.65811, 7.75724, 9.86104],
			"to": [9.55811, 7.85724, 11.36104],
			"rotation": {"angle": -22.5, "axis": "x", "origin": [6.95811, 6.85724, 6.86104]},
			"faces": {
				"north": {"uv": [2.5, 1.5, 3.375, 1.5625], "texture": "#0"},
				"east": {"uv": [1, 2.5, 1.375, 2.5625], "texture": "#0"},
				"south": {"uv": [2.5, 1.75, 3.375, 1.8125], "texture": "#0"},
				"west": {"uv": [13, 4.5, 13.375, 4.5625], "texture": "#0"},
				"up": {"uv": [1.875, 1.875, 1, 1.5], "texture": "#0"},
				"down": {"uv": [0.875, 2, 0, 2.375], "texture": "#0"}
			}
		},
		{
			"name": "a",
			"from": [6.65811, 7.86486, 11.29931],
			"to": [9.55811, 8.36486, 11.39931],
			"rotation": {"angle": -22.5, "axis": "x", "origin": [6.45811, 6.76486, 6.89931]},
			"faces": {
				"north": {"uv": [2, 2.25, 2.875, 2.375], "texture": "#0"},
				"east": {"uv": [13.25, 2.75, 13.3125, 2.875], "texture": "#0"},
				"south": {"uv": [0, 2.5, 0.875, 2.625], "texture": "#0"},
				"west": {"uv": [3, 13.25, 3.0625, 13.375], "texture": "#0"},
				"up": {"uv": [2.875, 2.5625, 2, 2.5], "texture": "#0"},
				"down": {"uv": [3.375, 2, 2.5, 2.0625], "texture": "#0"}
			}
		},
		{
			"name": "a",
			"from": [9.55811, 7.02917, 6.95],
			"to": [9.75811, 8.92917, 9.05],
			"rotation": {"angle": 0, "axis": "y", "origin": [6.25811, 6.82917, 6.75]},
			"faces": {
				"north": {"uv": [3, 2.25, 3.0625, 2.75], "texture": "#0"},
				"east": {"uv": [2, 0, 2.5, 0.5], "texture": "#0"},
				"south": {"uv": [2.5, 3, 2.5625, 3.5], "texture": "#0"},
				"west": {"uv": [2, 0.5, 2.5, 1], "texture": "#0"},
				"up": {"uv": [0.5625, 3.75, 0.5, 3.25], "texture": "#0"},
				"down": {"uv": [3.0625, 2.75, 3, 3.25], "texture": "#0"}
			}
		},
		{
			"name": "a",
			"from": [6.45811, 7.02917, 6.95],
			"to": [6.65811, 8.92917, 9.05],
			"rotation": {"angle": 0, "axis": "y", "origin": [6.45811, 6.82917, 6.75]},
			"faces": {
				"north": {"uv": [0, 3.25, 0.0625, 3.75], "texture": "#0"},
				"east": {"uv": [1, 2, 1.5, 2.5], "texture": "#0"},
				"south": {"uv": [0.25, 3.25, 0.3125, 3.75], "texture": "#0"},
				"west": {"uv": [2, 1, 2.5, 1.5], "texture": "#0"},
				"up": {"uv": [0.5625, 3.75, 0.5, 3.25], "texture": "#0"},
				"down": {"uv": [0.8125, 3.25, 0.75, 3.75], "texture": "#0"}
			}
		},
		{
			"name": "a",
			"from": [4.54707, 8.7518, 6.95],
			"to": [5.64707, 8.8518, 9.05],
			"rotation": {"angle": -22.5, "axis": "z", "origin": [6.24707, 6.8518, 6.75]},
			"faces": {
				"north": {"uv": [4.75, 13, 5, 13.0625], "texture": "#0"},
				"east": {"uv": [1.5, 2.75, 2.125, 2.8125], "texture": "#0"},
				"south": {"uv": [13, 4.75, 13.25, 4.8125], "texture": "#0"},
				"west": {"uv": [2.25, 2.75, 2.875, 2.8125], "texture": "#0"},
				"up": {"uv": [1.75, 2.625, 1.5, 2], "texture": "#0"},
				"down": {"uv": [2.25, 1.5, 2, 2.125], "texture": "#0"}
			}
		},
		{
			"name": "a",
			"from": [10.56915, 8.7518, 6.95],
			"to": [11.66915, 8.8518, 9.05],
			"rotation": {"angle": 22.5, "axis": "z", "origin": [9.96915, 6.8518, 6.75]},
			"faces": {
				"north": {"uv": [5, 13, 5.25, 13.0625], "texture": "#0"},
				"east": {"uv": [0, 3, 0.625, 3.0625], "texture": "#0"},
				"south": {"uv": [13, 5, 13.25, 5.0625], "texture": "#0"},
				"west": {"uv": [0.75, 3, 1.375, 3.0625], "texture": "#0"},
				"up": {"uv": [2, 2.625, 1.75, 2], "texture": "#0"},
				"down": {"uv": [2.5, 1.5, 2.25, 2.125], "texture": "#0"}
			}
		},
		{
			"name": "a",
			"from": [6.65811, 7.02917, 6.75],
			"to": [9.55811, 8.92917, 6.95],
			"rotation": {"angle": 0, "axis": "y", "origin": [6.45811, 6.82917, 6.75]},
			"faces": {
				"north": {"uv": [1, 1, 1.875, 1.5], "texture": "#0"},
				"east": {"uv": [2, 3, 2.0625, 3.5], "texture": "#0"},
				"south": {"uv": [0, 1.5, 0.875, 2], "texture": "#0"},
				"west": {"uv": [2.25, 3, 2.3125, 3.5], "texture": "#0"},
				"up": {"uv": [3.375, 0.8125, 2.5, 0.75], "texture": "#0"},
				"down": {"uv": [3.375, 1.25, 2.5, 1.3125], "texture": "#0"}
			}
		},
		{
			"name": "a",
			"from": [9.15811, 7.02917, 7.05],
			"to": [9.45811, 8.92917, 7.35],
			"rotation": {"angle": 0, "axis": "y", "origin": [7.57211, 7.93617, 6.074]},
			"faces": {
				"north": {"uv": [12.75, 12.75, 12.8125, 13], "texture": "#0"},
				"east": {"uv": [12.75, 12.75, 12.8125, 13], "texture": "#0"},
				"south": {"uv": [12.75, 12.75, 12.8125, 13], "texture": "#0"},
				"west": {"uv": [12.75, 12.75, 12.8125, 13], "texture": "#0"},
				"up": {"uv": [2.3125, 14.5625, 2.25, 14.5], "texture": "#0"},
				"down": {"uv": [14.5625, 2.25, 14.5, 2.3125], "texture": "#0"}
			}
		},
		{
			"name": "a",
			"from": [8.75811, 7.02917, 8.65],
			"to": [9.05811, 8.92917, 8.95],
			"rotation": {"angle": 0, "axis": "y", "origin": [7.17211, 7.93617, 7.674]},
			"faces": {
				"north": {"uv": [12.75, 12.75, 12.8125, 13], "texture": "#0"},
				"east": {"uv": [12.75, 12.75, 12.8125, 13], "texture": "#0"},
				"south": {"uv": [12.75, 12.75, 12.8125, 13], "texture": "#0"},
				"west": {"uv": [12.75, 12.75, 12.8125, 13], "texture": "#0"},
				"up": {"uv": [2.3125, 14.5625, 2.25, 14.5], "texture": "#0"},
				"down": {"uv": [14.5625, 2.25, 14.5, 2.3125], "texture": "#0"}
			}
		},
		{
			"name": "a",
			"from": [8.75811, 7.02917, 8.25],
			"to": [9.05811, 8.92917, 8.55],
			"rotation": {"angle": 0, "axis": "y", "origin": [7.17211, 7.93617, 7.274]},
			"faces": {
				"north": {"uv": [12.75, 12.75, 12.8125, 13], "texture": "#0"},
				"east": {"uv": [12.75, 12.75, 12.8125, 13], "texture": "#0"},
				"south": {"uv": [12.75, 12.75, 12.8125, 13], "texture": "#0"},
				"west": {"uv": [12.75, 12.75, 12.8125, 13], "texture": "#0"},
				"up": {"uv": [2.3125, 14.5625, 2.25, 14.5], "texture": "#0"},
				"down": {"uv": [14.5625, 2.25, 14.5, 2.3125], "texture": "#0"}
			}
		},
		{
			"name": "a",
			"from": [8.75811, 7.02917, 7.85],
			"to": [9.05811, 8.92917, 8.15],
			"rotation": {"angle": 0, "axis": "y", "origin": [7.17211, 7.93617, 6.874]},
			"faces": {
				"north": {"uv": [12.75, 12.75, 12.8125, 13], "texture": "#0"},
				"east": {"uv": [12.75, 12.75, 12.8125, 13], "texture": "#0"},
				"south": {"uv": [12.75, 12.75, 12.8125, 13], "texture": "#0"},
				"west": {"uv": [12.75, 12.75, 12.8125, 13], "texture": "#0"},
				"up": {"uv": [2.3125, 14.5625, 2.25, 14.5], "texture": "#0"},
				"down": {"uv": [14.5625, 2.25, 14.5, 2.3125], "texture": "#0"}
			}
		},
		{
			"name": "a",
			"from": [8.75811, 7.02917, 7.45],
			"to": [9.05811, 8.92917, 7.75],
			"rotation": {"angle": 0, "axis": "y", "origin": [7.17211, 7.93617, 6.474]},
			"faces": {
				"north": {"uv": [12.75, 12.75, 12.8125, 13], "texture": "#0"},
				"east": {"uv": [12.75, 12.75, 12.8125, 13], "texture": "#0"},
				"south": {"uv": [12.75, 12.75, 12.8125, 13], "texture": "#0"},
				"west": {"uv": [12.75, 12.75, 12.8125, 13], "texture": "#0"},
				"up": {"uv": [2.3125, 14.5625, 2.25, 14.5], "texture": "#0"},
				"down": {"uv": [14.5625, 2.25, 14.5, 2.3125], "texture": "#0"}
			}
		},
		{
			"name": "a",
			"from": [8.75811, 7.02917, 7.05],
			"to": [9.05811, 8.92917, 7.35],
			"rotation": {"angle": 0, "axis": "y", "origin": [7.17211, 7.93617, 6.074]},
			"faces": {
				"north": {"uv": [12.75, 12.75, 12.8125, 13], "texture": "#0"},
				"east": {"uv": [12.75, 12.75, 12.8125, 13], "texture": "#0"},
				"south": {"uv": [12.75, 12.75, 12.8125, 13], "texture": "#0"},
				"west": {"uv": [12.75, 12.75, 12.8125, 13], "texture": "#0"},
				"up": {"uv": [2.3125, 14.5625, 2.25, 14.5], "texture": "#0"},
				"down": {"uv": [14.5625, 2.25, 14.5, 2.3125], "texture": "#0"}
			}
		},
		{
			"name": "a",
			"from": [8.35811, 7.02917, 8.65],
			"to": [8.65811, 8.92917, 8.95],
			"rotation": {"angle": 0, "axis": "y", "origin": [6.77211, 7.93617, 7.674]},
			"faces": {
				"north": {"uv": [12.75, 12.75, 12.8125, 13], "texture": "#0"},
				"east": {"uv": [12.75, 12.75, 12.8125, 13], "texture": "#0"},
				"south": {"uv": [12.75, 12.75, 12.8125, 13], "texture": "#0"},
				"west": {"uv": [12.75, 12.75, 12.8125, 13], "texture": "#0"},
				"up": {"uv": [2.3125, 14.5625, 2.25, 14.5], "texture": "#0"},
				"down": {"uv": [14.5625, 2.25, 14.5, 2.3125], "texture": "#0"}
			}
		},
		{
			"name": "a",
			"from": [8.35811, 7.02917, 8.25],
			"to": [8.65811, 8.92917, 8.55],
			"rotation": {"angle": 0, "axis": "y", "origin": [6.77211, 7.93617, 7.274]},
			"faces": {
				"north": {"uv": [12.75, 12.75, 12.8125, 13], "texture": "#0"},
				"east": {"uv": [12.75, 12.75, 12.8125, 13], "texture": "#0"},
				"south": {"uv": [12.75, 12.75, 12.8125, 13], "texture": "#0"},
				"west": {"uv": [12.75, 12.75, 12.8125, 13], "texture": "#0"},
				"up": {"uv": [2.3125, 14.5625, 2.25, 14.5], "texture": "#0"},
				"down": {"uv": [14.5625, 2.25, 14.5, 2.3125], "texture": "#0"}
			}
		},
		{
			"name": "a",
			"from": [8.35811, 7.02917, 7.85],
			"to": [8.65811, 8.92917, 8.15],
			"rotation": {"angle": 0, "axis": "y", "origin": [6.77211, 7.93617, 6.874]},
			"faces": {
				"north": {"uv": [12.75, 12.75, 12.8125, 13], "texture": "#0"},
				"east": {"uv": [12.75, 12.75, 12.8125, 13], "texture": "#0"},
				"south": {"uv": [12.75, 12.75, 12.8125, 13], "texture": "#0"},
				"west": {"uv": [12.75, 12.75, 12.8125, 13], "texture": "#0"},
				"up": {"uv": [2.3125, 14.5625, 2.25, 14.5], "texture": "#0"},
				"down": {"uv": [14.5625, 2.25, 14.5, 2.3125], "texture": "#0"}
			}
		},
		{
			"name": "a",
			"from": [8.35811, 7.02917, 7.45],
			"to": [8.65811, 8.92917, 7.75],
			"rotation": {"angle": 0, "axis": "y", "origin": [6.77211, 7.93617, 6.474]},
			"faces": {
				"north": {"uv": [12.75, 12.75, 12.8125, 13], "texture": "#0"},
				"east": {"uv": [12.75, 12.75, 12.8125, 13], "texture": "#0"},
				"south": {"uv": [12.75, 12.75, 12.8125, 13], "texture": "#0"},
				"west": {"uv": [12.75, 12.75, 12.8125, 13], "texture": "#0"},
				"up": {"uv": [2.3125, 14.5625, 2.25, 14.5], "texture": "#0"},
				"down": {"uv": [14.5625, 2.25, 14.5, 2.3125], "texture": "#0"}
			}
		},
		{
			"name": "a",
			"from": [8.35811, 7.02917, 7.05],
			"to": [8.65811, 8.92917, 7.35],
			"rotation": {"angle": 0, "axis": "y", "origin": [6.77211, 7.93617, 6.074]},
			"faces": {
				"north": {"uv": [12.75, 12.75, 12.8125, 13], "texture": "#0"},
				"east": {"uv": [12.75, 12.75, 12.8125, 13], "texture": "#0"},
				"south": {"uv": [12.75, 12.75, 12.8125, 13], "texture": "#0"},
				"west": {"uv": [12.75, 12.75, 12.8125, 13], "texture": "#0"},
				"up": {"uv": [2.3125, 14.5625, 2.25, 14.5], "texture": "#0"},
				"down": {"uv": [14.5625, 2.25, 14.5, 2.3125], "texture": "#0"}
			}
		},
		{
			"name": "a",
			"from": [7.95811, 7.02917, 8.65],
			"to": [8.25811, 8.92917, 8.95],
			"rotation": {"angle": 0, "axis": "y", "origin": [6.37211, 7.93617, 7.674]},
			"faces": {
				"north": {"uv": [12.75, 12.75, 12.8125, 13], "texture": "#0"},
				"east": {"uv": [12.75, 12.75, 12.8125, 13], "texture": "#0"},
				"south": {"uv": [12.75, 12.75, 12.8125, 13], "texture": "#0"},
				"west": {"uv": [12.75, 12.75, 12.8125, 13], "texture": "#0"},
				"up": {"uv": [2.3125, 14.5625, 2.25, 14.5], "texture": "#0"},
				"down": {"uv": [14.5625, 2.25, 14.5, 2.3125], "texture": "#0"}
			}
		},
		{
			"name": "a",
			"from": [7.95811, 7.02917, 8.25],
			"to": [8.25811, 8.92917, 8.55],
			"rotation": {"angle": 0, "axis": "y", "origin": [6.37211, 7.93617, 7.274]},
			"faces": {
				"north": {"uv": [12.75, 12.75, 12.8125, 13], "texture": "#0"},
				"east": {"uv": [12.75, 12.75, 12.8125, 13], "texture": "#0"},
				"south": {"uv": [12.75, 12.75, 12.8125, 13], "texture": "#0"},
				"west": {"uv": [12.75, 12.75, 12.8125, 13], "texture": "#0"},
				"up": {"uv": [2.3125, 14.5625, 2.25, 14.5], "texture": "#0"},
				"down": {"uv": [14.5625, 2.25, 14.5, 2.3125], "texture": "#0"}
			}
		},
		{
			"name": "a",
			"from": [7.95811, 7.02917, 7.85],
			"to": [8.25811, 8.92917, 8.15],
			"rotation": {"angle": 0, "axis": "y", "origin": [6.37211, 7.93617, 6.874]},
			"faces": {
				"north": {"uv": [12.75, 12.75, 12.8125, 13], "texture": "#0"},
				"east": {"uv": [12.75, 12.75, 12.8125, 13], "texture": "#0"},
				"south": {"uv": [12.75, 12.75, 12.8125, 13], "texture": "#0"},
				"west": {"uv": [12.75, 12.75, 12.8125, 13], "texture": "#0"},
				"up": {"uv": [2.3125, 14.5625, 2.25, 14.5], "texture": "#0"},
				"down": {"uv": [14.5625, 2.25, 14.5, 2.3125], "texture": "#0"}
			}
		},
		{
			"name": "a",
			"from": [7.95811, 7.02917, 7.45],
			"to": [8.25811, 8.92917, 7.75],
			"rotation": {"angle": 0, "axis": "y", "origin": [6.37211, 7.93617, 6.474]},
			"faces": {
				"north": {"uv": [12.75, 12.75, 12.8125, 13], "texture": "#0"},
				"east": {"uv": [12.75, 12.75, 12.8125, 13], "texture": "#0"},
				"south": {"uv": [12.75, 12.75, 12.8125, 13], "texture": "#0"},
				"west": {"uv": [12.75, 12.75, 12.8125, 13], "texture": "#0"},
				"up": {"uv": [2.3125, 14.5625, 2.25, 14.5], "texture": "#0"},
				"down": {"uv": [14.5625, 2.25, 14.5, 2.3125], "texture": "#0"}
			}
		},
		{
			"name": "a",
			"from": [7.95811, 7.02917, 7.05],
			"to": [8.25811, 8.92917, 7.35],
			"rotation": {"angle": 0, "axis": "y", "origin": [6.37211, 7.93617, 6.074]},
			"faces": {
				"north": {"uv": [12.75, 12.75, 12.8125, 13], "texture": "#0"},
				"east": {"uv": [12.75, 12.75, 12.8125, 13], "texture": "#0"},
				"south": {"uv": [12.75, 12.75, 12.8125, 13], "texture": "#0"},
				"west": {"uv": [12.75, 12.75, 12.8125, 13], "texture": "#0"},
				"up": {"uv": [2.3125, 14.5625, 2.25, 14.5], "texture": "#0"},
				"down": {"uv": [14.5625, 2.25, 14.5, 2.3125], "texture": "#0"}
			}
		},
		{
			"name": "a",
			"from": [7.55811, 7.02917, 8.65],
			"to": [7.85811, 8.92917, 8.95],
			"rotation": {"angle": 0, "axis": "y", "origin": [5.97211, 7.93617, 7.674]},
			"faces": {
				"north": {"uv": [12.75, 12.75, 12.8125, 13], "texture": "#0"},
				"east": {"uv": [12.75, 12.75, 12.8125, 13], "texture": "#0"},
				"south": {"uv": [12.75, 12.75, 12.8125, 13], "texture": "#0"},
				"west": {"uv": [12.75, 12.75, 12.8125, 13], "texture": "#0"},
				"up": {"uv": [2.3125, 14.5625, 2.25, 14.5], "texture": "#0"},
				"down": {"uv": [14.5625, 2.25, 14.5, 2.3125], "texture": "#0"}
			}
		},
		{
			"name": "a",
			"from": [7.55811, 7.02917, 8.25],
			"to": [7.85811, 8.92917, 8.55],
			"rotation": {"angle": 0, "axis": "y", "origin": [5.97211, 7.93617, 7.274]},
			"faces": {
				"north": {"uv": [12.75, 12.75, 12.8125, 13], "texture": "#0"},
				"east": {"uv": [12.75, 12.75, 12.8125, 13], "texture": "#0"},
				"south": {"uv": [12.75, 12.75, 12.8125, 13], "texture": "#0"},
				"west": {"uv": [12.75, 12.75, 12.8125, 13], "texture": "#0"},
				"up": {"uv": [2.3125, 14.5625, 2.25, 14.5], "texture": "#0"},
				"down": {"uv": [14.5625, 2.25, 14.5, 2.3125], "texture": "#0"}
			}
		},
		{
			"name": "a",
			"from": [7.55811, 7.02917, 7.85],
			"to": [7.85811, 8.92917, 8.15],
			"rotation": {"angle": 0, "axis": "y", "origin": [5.97211, 7.93617, 6.874]},
			"faces": {
				"north": {"uv": [12.75, 12.75, 12.8125, 13], "texture": "#0"},
				"east": {"uv": [12.75, 12.75, 12.8125, 13], "texture": "#0"},
				"south": {"uv": [12.75, 12.75, 12.8125, 13], "texture": "#0"},
				"west": {"uv": [12.75, 12.75, 12.8125, 13], "texture": "#0"},
				"up": {"uv": [2.3125, 14.5625, 2.25, 14.5], "texture": "#0"},
				"down": {"uv": [14.5625, 2.25, 14.5, 2.3125], "texture": "#0"}
			}
		},
		{
			"name": "a",
			"from": [7.55811, 7.02917, 7.45],
			"to": [7.85811, 8.92917, 7.75],
			"rotation": {"angle": 0, "axis": "y", "origin": [5.97211, 7.93617, 6.474]},
			"faces": {
				"north": {"uv": [12.75, 12.75, 12.8125, 13], "texture": "#0"},
				"east": {"uv": [12.75, 12.75, 12.8125, 13], "texture": "#0"},
				"south": {"uv": [12.75, 12.75, 12.8125, 13], "texture": "#0"},
				"west": {"uv": [12.75, 12.75, 12.8125, 13], "texture": "#0"},
				"up": {"uv": [2.3125, 14.5625, 2.25, 14.5], "texture": "#0"},
				"down": {"uv": [14.5625, 2.25, 14.5, 2.3125], "texture": "#0"}
			}
		},
		{
			"name": "a",
			"from": [7.55811, 7.02917, 7.05],
			"to": [7.85811, 8.92917, 7.35],
			"rotation": {"angle": 0, "axis": "y", "origin": [5.97211, 7.93617, 6.074]},
			"faces": {
				"north": {"uv": [12.75, 12.75, 12.8125, 13], "texture": "#0"},
				"east": {"uv": [12.75, 12.75, 12.8125, 13], "texture": "#0"},
				"south": {"uv": [12.75, 12.75, 12.8125, 13], "texture": "#0"},
				"west": {"uv": [12.75, 12.75, 12.8125, 13], "texture": "#0"},
				"up": {"uv": [2.3125, 14.5625, 2.25, 14.5], "texture": "#0"},
				"down": {"uv": [14.5625, 2.25, 14.5, 2.3125], "texture": "#0"}
			}
		},
		{
			"name": "a",
			"from": [7.15811, 7.02917, 8.65],
			"to": [7.45811, 8.92917, 8.95],
			"rotation": {"angle": 0, "axis": "y", "origin": [5.57211, 7.93617, 7.674]},
			"faces": {
				"north": {"uv": [12.75, 12.75, 12.8125, 13], "texture": "#0"},
				"east": {"uv": [12.75, 12.75, 12.8125, 13], "texture": "#0"},
				"south": {"uv": [12.75, 12.75, 12.8125, 13], "texture": "#0"},
				"west": {"uv": [12.75, 12.75, 12.8125, 13], "texture": "#0"},
				"up": {"uv": [2.3125, 14.5625, 2.25, 14.5], "texture": "#0"},
				"down": {"uv": [14.5625, 2.25, 14.5, 2.3125], "texture": "#0"}
			}
		},
		{
			"name": "a",
			"from": [7.15811, 7.02917, 8.25],
			"to": [7.45811, 8.92917, 8.55],
			"rotation": {"angle": 0, "axis": "y", "origin": [5.57211, 7.93617, 7.274]},
			"faces": {
				"north": {"uv": [12.75, 12.75, 12.8125, 13], "texture": "#0"},
				"east": {"uv": [12.75, 12.75, 12.8125, 13], "texture": "#0"},
				"south": {"uv": [12.75, 12.75, 12.8125, 13], "texture": "#0"},
				"west": {"uv": [12.75, 12.75, 12.8125, 13], "texture": "#0"},
				"up": {"uv": [2.3125, 14.5625, 2.25, 14.5], "texture": "#0"},
				"down": {"uv": [14.5625, 2.25, 14.5, 2.3125], "texture": "#0"}
			}
		},
		{
			"name": "a",
			"from": [7.15811, 7.02917, 7.85],
			"to": [7.45811, 8.92917, 8.15],
			"rotation": {"angle": 0, "axis": "y", "origin": [5.57211, 7.93617, 6.874]},
			"faces": {
				"north": {"uv": [12.75, 12.75, 12.8125, 13], "texture": "#0"},
				"east": {"uv": [12.75, 12.75, 12.8125, 13], "texture": "#0"},
				"south": {"uv": [12.75, 12.75, 12.8125, 13], "texture": "#0"},
				"west": {"uv": [12.75, 12.75, 12.8125, 13], "texture": "#0"},
				"up": {"uv": [2.3125, 14.5625, 2.25, 14.5], "texture": "#0"},
				"down": {"uv": [14.5625, 2.25, 14.5, 2.3125], "texture": "#0"}
			}
		},
		{
			"name": "a",
			"from": [7.15811, 7.02917, 7.45],
			"to": [7.45811, 8.92917, 7.75],
			"rotation": {"angle": 0, "axis": "y", "origin": [5.57211, 7.93617, 6.474]},
			"faces": {
				"north": {"uv": [12.75, 12.75, 12.8125, 13], "texture": "#0"},
				"east": {"uv": [12.75, 12.75, 12.8125, 13], "texture": "#0"},
				"south": {"uv": [12.75, 12.75, 12.8125, 13], "texture": "#0"},
				"west": {"uv": [12.75, 12.75, 12.8125, 13], "texture": "#0"},
				"up": {"uv": [2.3125, 14.5625, 2.25, 14.5], "texture": "#0"},
				"down": {"uv": [14.5625, 2.25, 14.5, 2.3125], "texture": "#0"}
			}
		},
		{
			"name": "a",
			"from": [7.15811, 7.02917, 7.05],
			"to": [7.45811, 8.92917, 7.35],
			"rotation": {"angle": 0, "axis": "y", "origin": [5.57211, 7.93617, 6.074]},
			"faces": {
				"north": {"uv": [12.75, 12.75, 12.8125, 13], "texture": "#0"},
				"east": {"uv": [12.75, 12.75, 12.8125, 13], "texture": "#0"},
				"south": {"uv": [12.75, 12.75, 12.8125, 13], "texture": "#0"},
				"west": {"uv": [12.75, 12.75, 12.8125, 13], "texture": "#0"},
				"up": {"uv": [2.3125, 14.5625, 2.25, 14.5], "texture": "#0"},
				"down": {"uv": [14.5625, 2.25, 14.5, 2.3125], "texture": "#0"}
			}
		},
		{
			"name": "a",
			"from": [6.75811, 7.02917, 8.65],
			"to": [7.05811, 8.92917, 8.95],
			"rotation": {"angle": 0, "axis": "y", "origin": [5.17211, 7.93617, 7.674]},
			"faces": {
				"north": {"uv": [12.75, 12.75, 12.8125, 13], "texture": "#0"},
				"east": {"uv": [12.75, 12.75, 12.8125, 13], "texture": "#0"},
				"south": {"uv": [12.75, 12.75, 12.8125, 13], "texture": "#0"},
				"west": {"uv": [12.75, 12.75, 12.8125, 13], "texture": "#0"},
				"up": {"uv": [2.3125, 14.5625, 2.25, 14.5], "texture": "#0"},
				"down": {"uv": [14.5625, 2.25, 14.5, 2.3125], "texture": "#0"}
			}
		},
		{
			"name": "a",
			"from": [6.75811, 7.02917, 8.25],
			"to": [7.05811, 8.92917, 8.55],
			"rotation": {"angle": 0, "axis": "y", "origin": [5.17211, 7.93617, 7.274]},
			"faces": {
				"north": {"uv": [12.75, 12.75, 12.8125, 13], "texture": "#0"},
				"east": {"uv": [12.75, 12.75, 12.8125, 13], "texture": "#0"},
				"south": {"uv": [12.75, 12.75, 12.8125, 13], "texture": "#0"},
				"west": {"uv": [12.75, 12.75, 12.8125, 13], "texture": "#0"},
				"up": {"uv": [2.3125, 14.5625, 2.25, 14.5], "texture": "#0"},
				"down": {"uv": [14.5625, 2.25, 14.5, 2.3125], "texture": "#0"}
			}
		},
		{
			"name": "a",
			"from": [6.75811, 7.02917, 7.85],
			"to": [7.05811, 8.92917, 8.15],
			"rotation": {"angle": 0, "axis": "y", "origin": [5.17211, 7.93617, 6.874]},
			"faces": {
				"north": {"uv": [12.75, 12.75, 12.8125, 13], "texture": "#0"},
				"east": {"uv": [12.75, 12.75, 12.8125, 13], "texture": "#0"},
				"south": {"uv": [12.75, 12.75, 12.8125, 13], "texture": "#0"},
				"west": {"uv": [12.75, 12.75, 12.8125, 13], "texture": "#0"},
				"up": {"uv": [2.3125, 14.5625, 2.25, 14.5], "texture": "#0"},
				"down": {"uv": [14.5625, 2.25, 14.5, 2.3125], "texture": "#0"}
			}
		},
		{
			"name": "a",
			"from": [6.75811, 7.02917, 7.45],
			"to": [7.05811, 8.92917, 7.75],
			"rotation": {"angle": 0, "axis": "y", "origin": [5.17211, 7.93617, 6.474]},
			"faces": {
				"north": {"uv": [12.75, 12.75, 12.8125, 13], "texture": "#0"},
				"east": {"uv": [12.75, 12.75, 12.8125, 13], "texture": "#0"},
				"south": {"uv": [12.75, 12.75, 12.8125, 13], "texture": "#0"},
				"west": {"uv": [12.75, 12.75, 12.8125, 13], "texture": "#0"},
				"up": {"uv": [2.3125, 14.5625, 2.25, 14.5], "texture": "#0"},
				"down": {"uv": [14.5625, 2.25, 14.5, 2.3125], "texture": "#0"}
			}
		},
		{
			"name": "a",
			"from": [6.75811, 7.02917, 7.05],
			"to": [7.05811, 8.92917, 7.35],
			"rotation": {"angle": 0, "axis": "y", "origin": [5.17211, 7.93617, 6.074]},
			"faces": {
				"north": {"uv": [12.75, 12.75, 12.8125, 13], "texture": "#0"},
				"east": {"uv": [12.75, 12.75, 12.8125, 13], "texture": "#0"},
				"south": {"uv": [12.75, 12.75, 12.8125, 13], "texture": "#0"},
				"west": {"uv": [12.75, 12.75, 12.8125, 13], "texture": "#0"},
				"up": {"uv": [2.3125, 14.5625, 2.25, 14.5], "texture": "#0"},
				"down": {"uv": [14.5625, 2.25, 14.5, 2.3125], "texture": "#0"}
			}
		},
		{
			"name": "a",
			"from": [9.15811, 7.02917, 7.45],
			"to": [9.45811, 8.92917, 7.75],
			"rotation": {"angle": 0, "axis": "y", "origin": [7.57211, 7.93617, 6.474]},
			"faces": {
				"north": {"uv": [12.75, 12.75, 12.8125, 13], "texture": "#0"},
				"east": {"uv": [12.75, 12.75, 12.8125, 13], "texture": "#0"},
				"south": {"uv": [12.75, 12.75, 12.8125, 13], "texture": "#0"},
				"west": {"uv": [12.75, 12.75, 12.8125, 13], "texture": "#0"},
				"up": {"uv": [2.3125, 14.5625, 2.25, 14.5], "texture": "#0"},
				"down": {"uv": [14.5625, 2.25, 14.5, 2.3125], "texture": "#0"}
			}
		},
		{
			"name": "a",
			"from": [9.15811, 7.02917, 7.85],
			"to": [9.45811, 8.92917, 8.15],
			"rotation": {"angle": 0, "axis": "y", "origin": [7.57211, 7.93617, 6.874]},
			"faces": {
				"north": {"uv": [12.75, 12.75, 12.8125, 13], "texture": "#0"},
				"east": {"uv": [12.75, 12.75, 12.8125, 13], "texture": "#0"},
				"south": {"uv": [12.75, 12.75, 12.8125, 13], "texture": "#0"},
				"west": {"uv": [12.75, 12.75, 12.8125, 13], "texture": "#0"},
				"up": {"uv": [2.3125, 14.5625, 2.25, 14.5], "texture": "#0"},
				"down": {"uv": [14.5625, 2.25, 14.5, 2.3125], "texture": "#0"}
			}
		},
		{
			"name": "a",
			"from": [9.15811, 7.02917, 8.25],
			"to": [9.45811, 8.92917, 8.55],
			"rotation": {"angle": 0, "axis": "y", "origin": [7.57211, 7.93617, 7.274]},
			"faces": {
				"north": {"uv": [12.75, 12.75, 12.8125, 13], "texture": "#0"},
				"east": {"uv": [12.75, 12.75, 12.8125, 13], "texture": "#0"},
				"south": {"uv": [12.75, 12.75, 12.8125, 13], "texture": "#0"},
				"west": {"uv": [12.75, 12.75, 12.8125, 13], "texture": "#0"},
				"up": {"uv": [2.3125, 14.5625, 2.25, 14.5], "texture": "#0"},
				"down": {"uv": [14.5625, 2.25, 14.5, 2.3125], "texture": "#0"}
			}
		},
		{
			"name": "a",
			"from": [9.15811, 7.02917, 8.65],
			"to": [9.45811, 8.92917, 8.95],
			"rotation": {"angle": 0, "axis": "y", "origin": [7.57211, 7.93617, 7.674]},
			"faces": {
				"north": {"uv": [12.75, 12.75, 12.8125, 13], "texture": "#0"},
				"east": {"uv": [12.75, 12.75, 12.8125, 13], "texture": "#0"},
				"south": {"uv": [12.75, 12.75, 12.8125, 13], "texture": "#0"},
				"west": {"uv": [12.75, 12.75, 12.8125, 13], "texture": "#0"},
				"up": {"uv": [2.3125, 14.5625, 2.25, 14.5], "texture": "#0"},
				"down": {"uv": [14.5625, 2.25, 14.5, 2.3125], "texture": "#0"}
			}
		}
	],
	"display": {
		"firstperson_righthand": {
			"rotation": [-35, 90, 35],
			"translation": [0.25, 2.75, 2.25]
		},
		"firstperson_lefthand": {
			"rotation": [-35, 90, 35],
			"translation": [0.25, 2.75, 2.25]
		},
		"ground": {
			"scale": [1.1, 1.1, 1.1]
		},
		"gui": {
			"rotation": [40, 140, 0],
			"translation": [0, -1.75, 0],
			"scale": [2.15, 2.15, 2.15]
		},
		"fixed": {
			"translation": [-0.25, -0.25, -2.5],
			"scale": [2.7, 2.7, 2.7]
		}
	}
}