{
	"credit": "Made with Blockbench",
	"texture_size": [32, 32],
	"textures": {
		"0": "item/sleeve/buckshot-gilz",
		"particle": "item/sleeve/buckshot-gilz"
	},
	"elements": [
		{
			"name": "hexadecagon",
			"from": [7.95027, 6.95, 7.75],
			"to": [8.04973, 8.45, 7.85],
			"rotation": {"angle": 45, "axis": "y", "origin": [8, 7.95, 8]},
			"faces": {
				"north": {"uv": [5.016, 3.016, 5.125, 3.75], "texture": "#0"},
				"east": {"uv": [3.516, 5.016, 3.625, 5.75], "texture": "#0"},
				"south": {"uv": [4.016, 5.016, 4.125, 5.75], "texture": "#0"},
				"west": {"uv": [5.016, 4.016, 5.125, 4.75], "texture": "#0"},
				"up": {"uv": [1.125, 8.125, 1.016, 8.016], "texture": "#0"},
				"down": {"uv": [8.125, 1.016, 8.016, 1.125], "texture": "#0"}
			}
		},
		{
			"name": "hexadecagon",
			"from": [7.75, 6.95, 7.95027],
			"to": [7.85, 8.45, 8.04973],
			"rotation": {"angle": -22.5, "axis": "y", "origin": [8, 7.95, 8]},
			"faces": {
				"north": {"uv": [2.016, 5.016, 2.125, 5.75], "texture": "#0"},
				"east": {"uv": [5.016, 2.016, 5.125, 2.75], "texture": "#0"},
				"south": {"uv": [2.516, 5.016, 2.625, 5.75], "texture": "#0"},
				"west": {"uv": [3.016, 5.016, 3.125, 5.75], "texture": "#0"},
				"up": {"uv": [0.625, 8.125, 0.516, 8.016], "texture": "#0"},
				"down": {"uv": [8.125, 0.516, 8.016, 0.625], "texture": "#0"}
			}
		},
		{
			"name": "hexadecagon",
			"from": [7.75, 6.95, 7.95027],
			"to": [7.85, 8.45, 8.04973],
			"rotation": {"angle": 0, "axis": "y", "origin": [8, 7.95, 8]},
			"faces": {
				"north": {"uv": [0.516, 5.016, 0.625, 5.75], "texture": "#0"},
				"east": {"uv": [1.016, 5.016, 1.125, 5.75], "texture": "#0"},
				"south": {"uv": [5.016, 1.016, 5.125, 1.75], "texture": "#0"},
				"west": {"uv": [1.516, 5.016, 1.625, 5.75], "texture": "#0"},
				"up": {"uv": [0.125, 8.125, 0.016, 8.016], "texture": "#0"},
				"down": {"uv": [8.125, 0.016, 8.016, 0.125], "texture": "#0"}
			}
		},
		{
			"name": "hexadecagon",
			"from": [7.75, 6.95, 7.95027],
			"to": [7.85, 8.45, 8.04973],
			"rotation": {"angle": 22.5, "axis": "y", "origin": [8, 7.95, 8]},
			"faces": {
				"north": {"uv": [4.516, 3.016, 4.625, 3.75], "texture": "#0"},
				"east": {"uv": [4.516, 4.016, 4.625, 4.75], "texture": "#0"},
				"south": {"uv": [0.016, 5.016, 0.125, 5.75], "texture": "#0"},
				"west": {"uv": [5.016, 0.016, 5.125, 0.75], "texture": "#0"},
				"up": {"uv": [7.625, 7.125, 7.516, 7.016], "texture": "#0"},
				"down": {"uv": [7.625, 7.516, 7.516, 7.625], "texture": "#0"}
			}
		},
		{
			"name": "hexadecagon",
			"from": [7.95027, 6.95, 8.15],
			"to": [8.04973, 8.45, 8.25],
			"rotation": {"angle": -45, "axis": "y", "origin": [8, 7.95, 8]},
			"faces": {
				"north": {"uv": [4.016, 4.016, 4.125, 4.75], "texture": "#0"},
				"east": {"uv": [4.516, 0.016, 4.625, 0.75], "texture": "#0"},
				"south": {"uv": [4.516, 1.016, 4.625, 1.75], "texture": "#0"},
				"west": {"uv": [4.516, 2.016, 4.625, 2.75], "texture": "#0"},
				"up": {"uv": [7.625, 6.625, 7.516, 6.516], "texture": "#0"},
				"down": {"uv": [7.125, 7.516, 7.016, 7.625], "texture": "#0"}
			}
		},
		{
			"name": "hexadecagon",
			"from": [7.95027, 6.95, 8.15],
			"to": [8.04973, 8.45, 8.25],
			"rotation": {"angle": -22.5, "axis": "y", "origin": [8, 7.95, 8]},
			"faces": {
				"north": {"uv": [2.516, 4.016, 2.625, 4.75], "texture": "#0"},
				"east": {"uv": [3.016, 4.016, 3.125, 4.75], "texture": "#0"},
				"south": {"uv": [4.016, 3.016, 4.125, 3.75], "texture": "#0"},
				"west": {"uv": [3.516, 4.016, 3.625, 4.75], "texture": "#0"},
				"up": {"uv": [7.625, 6.125, 7.516, 6.016], "texture": "#0"},
				"down": {"uv": [6.625, 7.516, 6.516, 7.625], "texture": "#0"}
			}
		},
		{
			"name": "hexadecagon",
			"from": [7.95027, 6.95, 8.15],
			"to": [8.04973, 8.45, 8.25],
			"rotation": {"angle": 22.5, "axis": "y", "origin": [8, 7.95, 8]},
			"faces": {
				"north": {"uv": [4.016, 1.016, 4.125, 1.75], "texture": "#0"},
				"east": {"uv": [1.516, 4.016, 1.625, 4.75], "texture": "#0"},
				"south": {"uv": [2.016, 4.016, 2.125, 4.75], "texture": "#0"},
				"west": {"uv": [4.016, 2.016, 4.125, 2.75], "texture": "#0"},
				"up": {"uv": [7.625, 5.625, 7.516, 5.516], "texture": "#0"},
				"down": {"uv": [6.125, 7.516, 6.016, 7.625], "texture": "#0"}
			}
		},
		{
			"name": "hexadecagon",
			"from": [7.95027, 6.95, 8.15],
			"to": [8.04973, 8.45, 8.25],
			"rotation": {"angle": 0, "axis": "y", "origin": [8, 7.95, 8]},
			"faces": {
				"north": {"uv": [0.016, 4.016, 0.125, 4.75], "texture": "#0"},
				"east": {"uv": [4.016, 0.016, 4.125, 0.75], "texture": "#0"},
				"south": {"uv": [0.516, 4.016, 0.625, 4.75], "texture": "#0"},
				"west": {"uv": [1.016, 4.016, 1.125, 4.75], "texture": "#0"},
				"up": {"uv": [7.625, 5.125, 7.516, 5.016], "texture": "#0"},
				"down": {"uv": [5.625, 7.516, 5.516, 7.625], "texture": "#0"}
			}
		},
		{
			"name": "hexadecagon",
			"from": [8.15, 6.95, 7.95027],
			"to": [8.25, 8.45, 8.04973],
			"rotation": {"angle": 22.5, "axis": "y", "origin": [8, 7.95, 8]},
			"faces": {
				"north": {"uv": [3.516, 0.016, 3.625, 0.75], "texture": "#0"},
				"east": {"uv": [3.516, 1.016, 3.625, 1.75], "texture": "#0"},
				"south": {"uv": [3.516, 2.016, 3.625, 2.75], "texture": "#0"},
				"west": {"uv": [3.516, 3.016, 3.625, 3.75], "texture": "#0"},
				"up": {"uv": [7.625, 4.625, 7.516, 4.516], "texture": "#0"},
				"down": {"uv": [5.125, 7.516, 5.016, 7.625], "texture": "#0"}
			}
		},
		{
			"name": "hexadecagon",
			"from": [8.15, 6.95, 7.95027],
			"to": [8.25, 8.45, 8.04973],
			"rotation": {"angle": 0, "axis": "y", "origin": [8, 7.95, 8]},
			"faces": {
				"north": {"uv": [2.016, 3.016, 2.125, 3.75], "texture": "#0"},
				"east": {"uv": [3.016, 2.016, 3.125, 2.75], "texture": "#0"},
				"south": {"uv": [2.516, 3.016, 2.625, 3.75], "texture": "#0"},
				"west": {"uv": [3.016, 3.016, 3.125, 3.75], "texture": "#0"},
				"up": {"uv": [7.625, 4.125, 7.516, 4.016], "texture": "#0"},
				"down": {"uv": [4.625, 7.516, 4.516, 7.625], "texture": "#0"}
			}
		},
		{
			"name": "hexadecagon",
			"from": [8.15, 6.95, 7.95027],
			"to": [8.25, 8.45, 8.04973],
			"rotation": {"angle": -22.5, "axis": "y", "origin": [8, 7.95, 8]},
			"faces": {
				"north": {"uv": [0.516, 3.016, 0.625, 3.75], "texture": "#0"},
				"east": {"uv": [1.016, 3.016, 1.125, 3.75], "texture": "#0"},
				"south": {"uv": [3.016, 1.016, 3.125, 1.75], "texture": "#0"},
				"west": {"uv": [1.516, 3.016, 1.625, 3.75], "texture": "#0"},
				"up": {"uv": [7.625, 3.625, 7.516, 3.516], "texture": "#0"},
				"down": {"uv": [4.125, 7.516, 4.016, 7.625], "texture": "#0"}
			}
		},
		{
			"name": "hexadecagon",
			"from": [7.95027, 6.95, 8.15],
			"to": [8.04973, 8.45, 8.25],
			"rotation": {"angle": 45, "axis": "y", "origin": [8, 7.95, 8]},
			"faces": {
				"north": {"uv": [2.516, 1.016, 2.625, 1.75], "texture": "#0"},
				"east": {"uv": [2.516, 2.016, 2.625, 2.75], "texture": "#0"},
				"south": {"uv": [0.016, 3.016, 0.125, 3.75], "texture": "#0"},
				"west": {"uv": [3.016, 0.016, 3.125, 0.75], "texture": "#0"},
				"up": {"uv": [7.625, 3.125, 7.516, 3.016], "texture": "#0"},
				"down": {"uv": [3.625, 7.516, 3.516, 7.625], "texture": "#0"}
			}
		},
		{
			"name": "hexadecagon",
			"from": [7.95027, 6.95, 7.75],
			"to": [8.04973, 8.45, 7.85],
			"rotation": {"angle": 22.5, "axis": "y", "origin": [8, 7.95, 8]},
			"faces": {
				"north": {"uv": [2.016, 1.016, 2.125, 1.75], "texture": "#0"},
				"east": {"uv": [1.516, 2.016, 1.625, 2.75], "texture": "#0"},
				"south": {"uv": [2.016, 2.016, 2.125, 2.75], "texture": "#0"},
				"west": {"uv": [2.516, 0.016, 2.625, 0.75], "texture": "#0"},
				"up": {"uv": [7.625, 2.625, 7.516, 2.516], "texture": "#0"},
				"down": {"uv": [3.125, 7.516, 3.016, 7.625], "texture": "#0"}
			}
		},
		{
			"name": "hexadecagon",
			"from": [7.95027, 6.95, 7.75],
			"to": [8.04973, 8.45, 7.85],
			"rotation": {"angle": 0, "axis": "y", "origin": [8, 7.95, 8]},
			"faces": {
				"north": {"uv": [0.016, 2.016, 0.125, 2.75], "texture": "#0"},
				"east": {"uv": [2.016, 0.016, 2.125, 0.75], "texture": "#0"},
				"south": {"uv": [0.516, 2.016, 0.625, 2.75], "texture": "#0"},
				"west": {"uv": [1.016, 2.016, 1.125, 2.75], "texture": "#0"},
				"up": {"uv": [7.625, 2.125, 7.516, 2.016], "texture": "#0"},
				"down": {"uv": [2.625, 7.516, 2.516, 7.625], "texture": "#0"}
			}
		},
		{
			"name": "hexadecagon",
			"from": [7.95027, 6.95, 7.75],
			"to": [8.04973, 8.45, 7.85],
			"rotation": {"angle": -22.5, "axis": "y", "origin": [8, 7.95, 8]},
			"faces": {
				"north": {"uv": [0.516, 1.016, 0.625, 1.75], "texture": "#0"},
				"east": {"uv": [1.016, 1.016, 1.125, 1.75], "texture": "#0"},
				"south": {"uv": [1.516, 0.016, 1.625, 0.75], "texture": "#0"},
				"west": {"uv": [1.516, 1.016, 1.625, 1.75], "texture": "#0"},
				"up": {"uv": [7.625, 1.625, 7.516, 1.516], "texture": "#0"},
				"down": {"uv": [2.125, 7.516, 2.016, 7.625], "texture": "#0"}
			}
		},
		{
			"name": "hexadecagon",
			"from": [7.95027, 6.95, 7.75],
			"to": [8.04973, 8.45, 7.85],
			"rotation": {"angle": -45, "axis": "y", "origin": [8, 7.95, 8]},
			"faces": {
				"north": {"uv": [0.016, 0.016, 0.125, 0.75], "texture": "#0"},
				"east": {"uv": [0.516, 0.016, 0.625, 0.75], "texture": "#0"},
				"south": {"uv": [0.016, 1.016, 0.125, 1.75], "texture": "#0"},
				"west": {"uv": [1.016, 0.016, 1.125, 0.75], "texture": "#0"},
				"up": {"uv": [7.625, 1.125, 7.516, 1.016], "texture": "#0"},
				"down": {"uv": [1.625, 7.516, 1.516, 7.625], "texture": "#0"}
			}
		},
		{
			"name": "hexadecagon",
			"from": [7.9448, 6.9145, 7.7225],
			"to": [8.0552, 7.0255, 7.8335],
			"rotation": {"angle": -45, "axis": "y", "origin": [8, 8.0245, 8]},
			"faces": {
				"north": {"uv": [4.516, 5.016, 4.625, 5.125], "texture": "#0"},
				"east": {"uv": [5.016, 5.016, 5.125, 5.125], "texture": "#0"},
				"south": {"uv": [5.516, 0.016, 5.625, 0.125], "texture": "#0"},
				"west": {"uv": [5.516, 0.516, 5.625, 0.625], "texture": "#0"},
				"up": {"uv": [5.625, 1.125, 5.516, 1.016], "texture": "#0"},
				"down": {"uv": [5.625, 1.516, 5.516, 1.625], "texture": "#0"}
			}
		},
		{
			"name": "hexadecagon",
			"from": [7.9448, 6.9145, 7.7225],
			"to": [8.0552, 7.0255, 7.8335],
			"rotation": {"angle": -22.5, "axis": "y", "origin": [8, 8.0245, 8]},
			"faces": {
				"north": {"uv": [5.516, 2.016, 5.625, 2.125], "texture": "#0"},
				"east": {"uv": [5.516, 2.516, 5.625, 2.625], "texture": "#0"},
				"south": {"uv": [5.516, 3.016, 5.625, 3.125], "texture": "#0"},
				"west": {"uv": [5.516, 3.516, 5.625, 3.625], "texture": "#0"},
				"up": {"uv": [5.625, 4.125, 5.516, 4.016], "texture": "#0"},
				"down": {"uv": [4.625, 5.516, 4.516, 5.625], "texture": "#0"}
			}
		},
		{
			"name": "hexadecagon",
			"from": [7.9448, 6.9145, 7.7225],
			"to": [8.0552, 7.0255, 7.8335],
			"rotation": {"angle": 0, "axis": "y", "origin": [8, 8.0245, 8]},
			"faces": {
				"north": {"uv": [5.516, 4.516, 5.625, 4.625], "texture": "#0"},
				"east": {"uv": [5.016, 5.516, 5.125, 5.625], "texture": "#0"},
				"south": {"uv": [5.516, 5.016, 5.625, 5.125], "texture": "#0"},
				"west": {"uv": [5.516, 5.516, 5.625, 5.625], "texture": "#0"},
				"up": {"uv": [0.125, 6.125, 0.016, 6.016], "texture": "#0"},
				"down": {"uv": [6.125, 0.016, 6.016, 0.125], "texture": "#0"}
			}
		},
		{
			"name": "hexadecagon",
			"from": [7.9448, 6.9145, 7.7225],
			"to": [8.0552, 7.0255, 7.8335],
			"rotation": {"angle": 22.5, "axis": "y", "origin": [8, 8.0245, 8]},
			"faces": {
				"north": {"uv": [0.516, 6.016, 0.625, 6.125], "texture": "#0"},
				"east": {"uv": [6.016, 0.516, 6.125, 0.625], "texture": "#0"},
				"south": {"uv": [1.016, 6.016, 1.125, 6.125], "texture": "#0"},
				"west": {"uv": [6.016, 1.016, 6.125, 1.125], "texture": "#0"},
				"up": {"uv": [1.625, 6.125, 1.516, 6.016], "texture": "#0"},
				"down": {"uv": [6.125, 1.516, 6.016, 1.625], "texture": "#0"}
			}
		},
		{
			"name": "hexadecagon",
			"from": [7.9448, 6.9145, 8.1665],
			"to": [8.0552, 7.0255, 8.2775],
			"rotation": {"angle": 45, "axis": "y", "origin": [8, 8.0245, 8]},
			"faces": {
				"north": {"uv": [2.016, 6.016, 2.125, 6.125], "texture": "#0"},
				"east": {"uv": [6.016, 2.016, 6.125, 2.125], "texture": "#0"},
				"south": {"uv": [2.516, 6.016, 2.625, 6.125], "texture": "#0"},
				"west": {"uv": [6.016, 2.516, 6.125, 2.625], "texture": "#0"},
				"up": {"uv": [3.125, 6.125, 3.016, 6.016], "texture": "#0"},
				"down": {"uv": [6.125, 3.016, 6.016, 3.125], "texture": "#0"}
			}
		},
		{
			"name": "hexadecagon",
			"from": [8.1665, 6.9145, 7.9448],
			"to": [8.2775, 7.0255, 8.0552],
			"rotation": {"angle": -22.5, "axis": "y", "origin": [8, 8.0245, 8]},
			"faces": {
				"north": {"uv": [3.516, 6.016, 3.625, 6.125], "texture": "#0"},
				"east": {"uv": [6.016, 3.516, 6.125, 3.625], "texture": "#0"},
				"south": {"uv": [4.016, 6.016, 4.125, 6.125], "texture": "#0"},
				"west": {"uv": [6.016, 4.016, 6.125, 4.125], "texture": "#0"},
				"up": {"uv": [4.625, 6.125, 4.516, 6.016], "texture": "#0"},
				"down": {"uv": [6.125, 4.516, 6.016, 4.625], "texture": "#0"}
			}
		},
		{
			"name": "hexadecagon",
			"from": [8.1665, 6.9145, 7.9448],
			"to": [8.2775, 7.0255, 8.0552],
			"rotation": {"angle": 0, "axis": "y", "origin": [8, 8.0245, 8]},
			"faces": {
				"north": {"uv": [5.016, 6.016, 5.125, 6.125], "texture": "#0"},
				"east": {"uv": [6.016, 5.016, 6.125, 5.125], "texture": "#0"},
				"south": {"uv": [5.516, 6.016, 5.625, 6.125], "texture": "#0"},
				"west": {"uv": [6.016, 5.516, 6.125, 5.625], "texture": "#0"},
				"up": {"uv": [6.125, 6.125, 6.016, 6.016], "texture": "#0"},
				"down": {"uv": [0.125, 6.516, 0.016, 6.625], "texture": "#0"}
			}
		},
		{
			"name": "hexadecagon",
			"from": [8.1665, 6.9145, 7.9448],
			"to": [8.2775, 7.0255, 8.0552],
			"rotation": {"angle": 22.5, "axis": "y", "origin": [8, 8.0245, 8]},
			"faces": {
				"north": {"uv": [6.516, 0.016, 6.625, 0.125], "texture": "#0"},
				"east": {"uv": [0.516, 6.516, 0.625, 6.625], "texture": "#0"},
				"south": {"uv": [6.516, 0.516, 6.625, 0.625], "texture": "#0"},
				"west": {"uv": [1.016, 6.516, 1.125, 6.625], "texture": "#0"},
				"up": {"uv": [6.625, 1.125, 6.516, 1.016], "texture": "#0"},
				"down": {"uv": [1.625, 6.516, 1.516, 6.625], "texture": "#0"}
			}
		},
		{
			"name": "hexadecagon",
			"from": [7.9448, 6.9145, 8.1665],
			"to": [8.0552, 7.0255, 8.2775],
			"rotation": {"angle": 0, "axis": "y", "origin": [8, 8.0245, 8]},
			"faces": {
				"north": {"uv": [6.516, 1.516, 6.625, 1.625], "texture": "#0"},
				"east": {"uv": [2.016, 6.516, 2.125, 6.625], "texture": "#0"},
				"south": {"uv": [6.516, 2.016, 6.625, 2.125], "texture": "#0"},
				"west": {"uv": [2.516, 6.516, 2.625, 6.625], "texture": "#0"},
				"up": {"uv": [6.625, 2.625, 6.516, 2.516], "texture": "#0"},
				"down": {"uv": [3.125, 6.516, 3.016, 6.625], "texture": "#0"}
			}
		},
		{
			"name": "hexadecagon",
			"from": [7.9448, 6.9145, 8.1665],
			"to": [8.0552, 7.0255, 8.2775],
			"rotation": {"angle": 22.5, "axis": "y", "origin": [8, 8.0245, 8]},
			"faces": {
				"north": {"uv": [6.516, 3.016, 6.625, 3.125], "texture": "#0"},
				"east": {"uv": [3.516, 6.516, 3.625, 6.625], "texture": "#0"},
				"south": {"uv": [6.516, 3.516, 6.625, 3.625], "texture": "#0"},
				"west": {"uv": [4.016, 6.516, 4.125, 6.625], "texture": "#0"},
				"up": {"uv": [6.625, 4.125, 6.516, 4.016], "texture": "#0"},
				"down": {"uv": [4.625, 6.516, 4.516, 6.625], "texture": "#0"}
			}
		},
		{
			"name": "hexadecagon",
			"from": [7.9448, 6.9145, 8.1665],
			"to": [8.0552, 7.0255, 8.2775],
			"rotation": {"angle": -22.5, "axis": "y", "origin": [8, 8.0245, 8]},
			"faces": {
				"north": {"uv": [6.516, 4.516, 6.625, 4.625], "texture": "#0"},
				"east": {"uv": [5.016, 6.516, 5.125, 6.625], "texture": "#0"},
				"south": {"uv": [6.516, 5.016, 6.625, 5.125], "texture": "#0"},
				"west": {"uv": [5.516, 6.516, 5.625, 6.625], "texture": "#0"},
				"up": {"uv": [6.625, 5.625, 6.516, 5.516], "texture": "#0"},
				"down": {"uv": [6.125, 6.516, 6.016, 6.625], "texture": "#0"}
			}
		},
		{
			"name": "hexadecagon",
			"from": [7.9448, 6.9145, 8.1665],
			"to": [8.0552, 7.0255, 8.2775],
			"rotation": {"angle": -45, "axis": "y", "origin": [8, 8.0245, 8]},
			"faces": {
				"north": {"uv": [6.516, 6.016, 6.625, 6.125], "texture": "#0"},
				"east": {"uv": [6.516, 6.516, 6.625, 6.625], "texture": "#0"},
				"south": {"uv": [0.016, 7.016, 0.125, 7.125], "texture": "#0"},
				"west": {"uv": [7.016, 0.016, 7.125, 0.125], "texture": "#0"},
				"up": {"uv": [0.625, 7.125, 0.516, 7.016], "texture": "#0"},
				"down": {"uv": [7.125, 0.516, 7.016, 0.625], "texture": "#0"}
			}
		},
		{
			"name": "hexadecagon",
			"from": [7.7225, 6.9145, 7.9448],
			"to": [7.8335, 7.0255, 8.0552],
			"rotation": {"angle": 22.5, "axis": "y", "origin": [8, 8.0245, 8]},
			"faces": {
				"north": {"uv": [1.016, 7.016, 1.125, 7.125], "texture": "#0"},
				"east": {"uv": [7.016, 1.016, 7.125, 1.125], "texture": "#0"},
				"south": {"uv": [1.516, 7.016, 1.625, 7.125], "texture": "#0"},
				"west": {"uv": [7.016, 1.516, 7.125, 1.625], "texture": "#0"},
				"up": {"uv": [2.125, 7.125, 2.016, 7.016], "texture": "#0"},
				"down": {"uv": [7.125, 2.016, 7.016, 2.125], "texture": "#0"}
			}
		},
		{
			"name": "hexadecagon",
			"from": [7.7225, 6.9145, 7.9448],
			"to": [7.8335, 7.0255, 8.0552],
			"rotation": {"angle": 0, "axis": "y", "origin": [8, 8.0245, 8]},
			"faces": {
				"north": {"uv": [2.516, 7.016, 2.625, 7.125], "texture": "#0"},
				"east": {"uv": [7.016, 2.516, 7.125, 2.625], "texture": "#0"},
				"south": {"uv": [3.016, 7.016, 3.125, 7.125], "texture": "#0"},
				"west": {"uv": [7.016, 3.016, 7.125, 3.125], "texture": "#0"},
				"up": {"uv": [3.625, 7.125, 3.516, 7.016], "texture": "#0"},
				"down": {"uv": [7.125, 3.516, 7.016, 3.625], "texture": "#0"}
			}
		},
		{
			"name": "hexadecagon",
			"from": [7.7225, 6.9145, 7.9448],
			"to": [7.8335, 7.0255, 8.0552],
			"rotation": {"angle": -22.5, "axis": "y", "origin": [8, 8.0245, 8]},
			"faces": {
				"north": {"uv": [4.016, 7.016, 4.125, 7.125], "texture": "#0"},
				"east": {"uv": [7.016, 4.016, 7.125, 4.125], "texture": "#0"},
				"south": {"uv": [4.516, 7.016, 4.625, 7.125], "texture": "#0"},
				"west": {"uv": [7.016, 4.516, 7.125, 4.625], "texture": "#0"},
				"up": {"uv": [5.125, 7.125, 5.016, 7.016], "texture": "#0"},
				"down": {"uv": [7.125, 5.016, 7.016, 5.125], "texture": "#0"}
			}
		},
		{
			"name": "hexadecagon",
			"from": [7.9448, 6.9145, 7.7225],
			"to": [8.0552, 7.0255, 7.8335],
			"rotation": {"angle": 45, "axis": "y", "origin": [8, 8.0245, 8]},
			"faces": {
				"north": {"uv": [5.516, 7.016, 5.625, 7.125], "texture": "#0"},
				"east": {"uv": [7.016, 5.516, 7.125, 5.625], "texture": "#0"},
				"south": {"uv": [6.016, 7.016, 6.125, 7.125], "texture": "#0"},
				"west": {"uv": [7.016, 6.016, 7.125, 6.125], "texture": "#0"},
				"up": {"uv": [6.625, 7.125, 6.516, 7.016], "texture": "#0"},
				"down": {"uv": [7.125, 6.516, 7.016, 6.625], "texture": "#0"}
			}
		}
	],
	"display": {
		"ground": {
			"rotation": [0, 0, 90],
			"translation": [0, -2.75, 0],
			"scale": [1.5, 1.5, 1.5]
		}
	}
}