{
	"credit": "Made with Blockbench",
	"texture_size": [64, 64],
	"textures": {
		"0": "item/guns/colt-m1911",
		"particle": "item/guns/colt-m1911"
	},
	"elements": [
		{
			"from": [7, -4, 2],
			"to": [11, 0, 14],
			"rotation": {"angle": 22.5, "axis": "y", "origin": [11, -4, 2]},
			"faces": {
				"north": {"uv": [3, 1, 4, 2], "texture": "#0"},
				"east": {"uv": [0, 0, 3, 1], "texture": "#0"},
				"south": {"uv": [4, 1, 5, 2], "texture": "#0"},
				"west": {"uv": [0, 1, 3, 2], "texture": "#0"},
				"up": {"uv": [1, 5, 0, 2], "texture": "#0"},
				"down": {"uv": [2, 2, 1, 5], "texture": "#0"}
			}
		},
		{
			"from": [5, -4, 6],
			"to": [9, 0, 18],
			"rotation": {"angle": -22.5, "axis": "y", "origin": [5, -4, 6]},
			"faces": {
				"north": {"uv": [4.5, 6.5, 5.5, 7.5], "texture": "#0"},
				"east": {"uv": [2, 2, 5, 3], "texture": "#0"},
				"south": {"uv": [6.75, 1, 7.75, 2], "texture": "#0"},
				"west": {"uv": [3, 0, 6, 1], "texture": "#0"},
				"up": {"uv": [3, 6, 2, 3], "texture": "#0"},
				"down": {"uv": [4, 3, 3, 6], "texture": "#0"}
			}
		},
		{
			"from": [7.66, -4.76, 9],
			"to": [8.34, -4.25, 10.55],
			"rotation": {"angle": -22.5, "axis": "x", "origin": [-5.6, -0.68, -5.6]},
			"faces": {
				"north": {"uv": [10.75, 8.5, 10.9375, 8.625], "texture": "#0"},
				"east": {"uv": [10.5, 6.5, 10.875, 6.625], "texture": "#0"},
				"south": {"uv": [8.75, 10.75, 8.9375, 10.875], "texture": "#0"},
				"west": {"uv": [10.5, 6.75, 10.875, 6.875], "texture": "#0"},
				"up": {"uv": [10.6875, 5.125, 10.5, 4.75], "texture": "#0"},
				"down": {"uv": [6.1875, 10.5, 6, 10.875], "texture": "#0"}
			}
		},
		{
			"from": [7.28, -11.67, 6.14],
			"to": [8.72, -5.6, 9.31],
			"rotation": {"angle": -22.5, "axis": "x", "origin": [-5.6, -5.89, -4.6]},
			"faces": {
				"north": {"uv": [0, 7, 0.375, 8.5], "texture": "#0"},
				"east": {"uv": [6, 4, 6.8125, 5.5], "texture": "#0"},
				"south": {"uv": [0.5, 7, 0.875, 8.5], "texture": "#0"},
				"west": {"uv": [6, 5.5, 6.8125, 7], "texture": "#0"},
				"up": {"uv": [8.375, 8.0625, 8, 7.25], "texture": "#0"},
				"down": {"uv": [8.625, 1, 8.25, 1.8125], "texture": "#0"}
			}
		},
		{
			"from": [7.08, -11.87, 5.615],
			"to": [8.92, -11.67, 9.51],
			"rotation": {"angle": -22.5, "axis": "x", "origin": [-5.6, -5.89, -4.6]},
			"faces": {
				"north": {"uv": [10.75, 7, 11.1875, 7.0625], "texture": "#0"},
				"east": {"uv": [10.5, 5.25, 11.5, 5.3125], "texture": "#0"},
				"south": {"uv": [10.75, 7.25, 11.1875, 7.3125], "texture": "#0"},
				"west": {"uv": [10.5, 6.25, 11.5, 6.3125], "texture": "#0"},
				"up": {"uv": [1.4375, 8, 1, 7], "texture": "#0"},
				"down": {"uv": [1.9375, 7, 1.5, 8], "texture": "#0"}
			}
		},
		{
			"from": [7.89, 2.89, -4.76],
			"to": [8.11, 3.13, -3.65],
			"rotation": {"angle": 0, "axis": "y", "origin": [-5.6, -0.68, -16.6]},
			"faces": {
				"north": {"uv": [11.25, 1.25, 11.3125, 1.3125], "texture": "#0"},
				"east": {"uv": [11, 0, 11.25, 0.0625], "texture": "#0"},
				"south": {"uv": [1.5, 11.25, 1.5625, 11.3125], "texture": "#0"},
				"west": {"uv": [0.25, 11, 0.5, 11.0625], "texture": "#0"},
				"up": {"uv": [11.0625, 0.5, 11, 0.25], "texture": "#0"},
				"down": {"uv": [11.0625, 0.5, 11, 0.75], "texture": "#0"}
			}
		},
		{
			"from": [9.25651, -3.25301, 3.64],
			"to": [10.29651, -2.85801, 9.035],
			"rotation": {"angle": -22.5, "axis": "z", "origin": [23.22651, 2.52699, -5.6]},
			"faces": {
				"north": {"uv": [10.75, 4.75, 11, 4.875], "texture": "#0"},
				"east": {"uv": [8.75, 3.75, 10.125, 3.875], "texture": "#0"},
				"south": {"uv": [10.75, 5, 11, 5.125], "texture": "#0"},
				"west": {"uv": [8.75, 7, 10.125, 7.125], "texture": "#0"},
				"up": {"uv": [1.25, 9.375, 1, 8], "texture": "#0"},
				"down": {"uv": [1.5, 8, 1.25, 9.375], "texture": "#0"}
			}
		},
		{
			"from": [8.92, 2.1, 3.64],
			"to": [9.22, 2.495, 9.035],
			"rotation": {"angle": 0, "axis": "y", "origin": [-3.46, 7.88, -5.6]},
			"faces": {
				"north": {"uv": [11, 5, 11.0625, 5.125], "texture": "#0"},
				"east": {"uv": [9.25, 1.5, 10.625, 1.625], "texture": "#0"},
				"south": {"uv": [5.25, 11, 5.3125, 11.125], "texture": "#0"},
				"west": {"uv": [9.25, 1.75, 10.625, 1.875], "texture": "#0"},
				"up": {"uv": [10.3125, 11.625, 10.25, 10.25], "texture": "#0"},
				"down": {"uv": [0.0625, 10.5, 0, 11.875], "texture": "#0"}
			}
		},
		{
			"from": [8.92, 1.305, -5.06],
			"to": [9.22, 2.1, 9.035],
			"rotation": {"angle": 0, "axis": "y", "origin": [-3.46, 7.085, -5.6]},
			"faces": {
				"north": {"uv": [11, 1.25, 11.0625, 1.4375], "texture": "#0"},
				"east": {"uv": [7, 6.25, 10.5, 6.4375], "texture": "#0"},
				"south": {"uv": [1.5, 11, 1.5625, 11.1875], "texture": "#0"},
				"west": {"uv": [7, 6.5, 10.5, 6.6875], "texture": "#0"},
				"up": {"uv": [0.5625, 12, 0.5, 8.5], "texture": "#0"},
				"down": {"uv": [0.8125, 8.5, 0.75, 12], "texture": "#0"}
			}
		},
		{
			"from": [7.73, 2.5, -5.06],
			"to": [7.82, 2.895, 9.035],
			"rotation": {"angle": 0, "axis": "y", "origin": [-5.6, 8.28, -5.6]},
			"faces": {
				"north": {"uv": [5.5, 11, 5.5625, 11.125], "texture": "#0"},
				"east": {"uv": [7, 6.75, 10.5, 6.875], "texture": "#0"},
				"south": {"uv": [11, 5.5, 11.0625, 5.625], "texture": "#0"},
				"west": {"uv": [7.25, 2, 10.75, 2.125], "texture": "#0"},
				"up": {"uv": [4.5625, 12, 4.5, 8.5], "texture": "#0"},
				"down": {"uv": [4.8125, 8.5, 4.75, 12], "texture": "#0"}
			}
		},
		{
			"from": [7.82, 2.5, 3.64],
			"to": [8.27, 2.895, 9.035],
			"rotation": {"angle": 0, "axis": "y", "origin": [-4.5, 8.28, 1.375]},
			"faces": {
				"north": {"uv": [11, 0.75, 11.125, 0.875], "texture": "#0"},
				"east": {"uv": [2.5, 9.25, 3.875, 9.375], "texture": "#0"},
				"south": {"uv": [1, 11, 1.125, 11.125], "texture": "#0"},
				"west": {"uv": [9.25, 2.75, 10.625, 2.875], "texture": "#0"},
				"up": {"uv": [6.125, 10.375, 6, 9], "texture": "#0"},
				"down": {"uv": [6.375, 9, 6.25, 10.375], "texture": "#0"}
			}
		},
		{
			"from": [5.70349, -3.25301, -5.06],
			"to": [6.74349, -2.85801, 9.035],
			"rotation": {"angle": 22.5, "axis": "z", "origin": [-7.22651, 2.52699, -5.6]},
			"faces": {
				"north": {"uv": [5.25, 10.75, 5.5, 10.875], "texture": "#0"},
				"east": {"uv": [7.25, 2.25, 10.75, 2.375], "texture": "#0"},
				"south": {"uv": [5.5, 10.75, 5.75, 10.875], "texture": "#0"},
				"west": {"uv": [7.25, 2.5, 10.75, 2.625], "texture": "#0"},
				"up": {"uv": [5.75, 10, 5.5, 6.5], "texture": "#0"},
				"down": {"uv": [6, 6.5, 5.75, 10], "texture": "#0"}
			}
		},
		{
			"from": [6.78, 1.305, -5.06],
			"to": [8.92, 2.5, 9.035],
			"rotation": {"angle": 0, "axis": "y", "origin": [-5.6, 7.085, -5.6]},
			"faces": {
				"north": {"uv": [9, 8.75, 9.5625, 9.0625], "texture": "#0"},
				"east": {"uv": [6.75, 0, 10.25, 0.3125], "texture": "#0"},
				"south": {"uv": [9.25, 1, 9.8125, 1.3125], "texture": "#0"},
				"west": {"uv": [6.75, 0.5, 10.25, 0.8125], "texture": "#0"},
				"up": {"uv": [4.5625, 6.5, 4, 3], "texture": "#0"},
				"down": {"uv": [5.3125, 3, 4.75, 6.5], "texture": "#0"}
			}
		},
		{
			"from": [8.92, 2.1, -5.06],
			"to": [9.22, 2.495, 1.16],
			"rotation": {"angle": 0, "axis": "y", "origin": [-3.46, 7.88, -12.6]},
			"faces": {
				"north": {"uv": [6, 11, 6.0625, 11.125], "texture": "#0"},
				"east": {"uv": [8.5, 7.25, 10.0625, 7.375], "texture": "#0"},
				"south": {"uv": [6.5, 11, 6.5625, 11.125], "texture": "#0"},
				"west": {"uv": [8.5, 7.5, 10.0625, 7.625], "texture": "#0"},
				"up": {"uv": [5.8125, 11.8125, 5.75, 10.25], "texture": "#0"},
				"down": {"uv": [8.0625, 10.25, 8, 11.8125], "texture": "#0"}
			}
		},
		{
			"from": [7.82, 2.5, -5.06],
			"to": [8.27, 2.895, 1.16],
			"rotation": {"angle": 0, "axis": "y", "origin": [-4.5, 8.28, -5.6]},
			"faces": {
				"north": {"uv": [11, 1, 11.125, 1.125], "texture": "#0"},
				"east": {"uv": [8.5, 7.75, 10.0625, 7.875], "texture": "#0"},
				"south": {"uv": [1.25, 11, 1.375, 11.125], "texture": "#0"},
				"west": {"uv": [8.5, 8, 10.0625, 8.125], "texture": "#0"},
				"up": {"uv": [5.125, 10.0625, 5, 8.5], "texture": "#0"},
				"down": {"uv": [5.375, 8.5, 5.25, 10.0625], "texture": "#0"}
			}
		},
		{
			"from": [9.25651, -3.25301, -5.06],
			"to": [10.29651, -2.85801, 1.135],
			"rotation": {"angle": -22.5, "axis": "z", "origin": [23.22651, 2.52699, -13.5]},
			"faces": {
				"north": {"uv": [10.75, 5.5, 11, 5.625], "texture": "#0"},
				"east": {"uv": [8.5, 8.25, 10.0625, 8.375], "texture": "#0"},
				"south": {"uv": [6.5, 10.75, 6.75, 10.875], "texture": "#0"},
				"west": {"uv": [8.5, 8.5, 10.0625, 8.625], "texture": "#0"},
				"up": {"uv": [6.25, 8.8125, 6, 7.25], "texture": "#0"},
				"down": {"uv": [6.5, 7.25, 6.25, 8.8125], "texture": "#0"}
			}
		},
		{
			"from": [7.28, 2.5, 1.14],
			"to": [8.92, 2.7, 3.635],
			"rotation": {"angle": 0, "axis": "y", "origin": [-5.5, 7.285, -5]},
			"faces": {
				"north": {"uv": [10.75, 7.5, 11.1875, 7.5625], "texture": "#0"},
				"east": {"uv": [10.5, 9.5, 11.125, 9.5625], "texture": "#0"},
				"south": {"uv": [10.75, 7.75, 11.1875, 7.8125], "texture": "#0"},
				"west": {"uv": [10.5, 9.75, 11.125, 9.8125], "texture": "#0"},
				"up": {"uv": [8.6875, 3.375, 8.25, 2.75], "texture": "#0"},
				"down": {"uv": [7.9375, 8.25, 7.5, 8.875], "texture": "#0"}
			}
		},
		{
			"from": [15.84668, 10.05249, 1.14],
			"to": [16.13668, 10.25249, 3.635],
			"rotation": {"angle": -45, "axis": "z", "origin": [3.26668, 14.83749, -5]},
			"faces": {
				"north": {"uv": [11.25, 1, 11.3125, 1.0625], "texture": "#0"},
				"east": {"uv": [10.5, 10.25, 11.125, 10.3125], "texture": "#0"},
				"south": {"uv": [1.25, 11.25, 1.3125, 11.3125], "texture": "#0"},
				"west": {"uv": [10.5, 10.5, 11.125, 10.5625], "texture": "#0"},
				"up": {"uv": [6.3125, 11.125, 6.25, 10.5], "texture": "#0"},
				"down": {"uv": [10.8125, 1, 10.75, 1.625], "texture": "#0"}
			}
		},
		{
			"from": [7.08, 1.505, 1.14],
			"to": [9.12, 2.5, 3.635],
			"rotation": {"angle": 0, "axis": "y", "origin": [-5.5, 7.085, -5]},
			"faces": {
				"north": {"uv": [7.25, 3.75, 7.75, 4], "texture": "#0"},
				"east": {"uv": [9.25, 5.75, 9.875, 6], "texture": "#0"},
				"south": {"uv": [7.75, 1.75, 8.25, 2], "texture": "#0"},
				"west": {"uv": [9, 9.25, 9.625, 9.5], "texture": "#0"},
				"up": {"uv": [8.25, 1.625, 7.75, 1], "texture": "#0"},
				"down": {"uv": [8.25, 2.75, 7.75, 3.375], "texture": "#0"}
			}
		},
		{
			"from": [7.08, -11.67, 5.94],
			"to": [8.92, -3.6, 9.51],
			"rotation": {"angle": -22.5, "axis": "x", "origin": [-5.6, -5.89, -4.6]},
			"faces": {
				"north": {"uv": [5, 1, 5.4375, 3], "texture": "#0"},
				"east": {"uv": [0, 5, 0.875, 7], "texture": "#0"},
				"south": {"uv": [6.75, 2, 7.1875, 4], "texture": "#0"},
				"west": {"uv": [1, 5, 1.875, 7], "texture": "#0"},
				"up": {"uv": [7.6875, 3.625, 7.25, 2.75], "texture": "#0"},
				"down": {"uv": [4.9375, 7.5, 4.5, 8.375], "texture": "#0"}
			}
		},
		{
			"from": [7.18, -2.27, 4.04],
			"to": [8.82, 1, 5.31],
			"rotation": {"angle": 0, "axis": "y", "origin": [-5.6, -1.29, -6.5]},
			"faces": {
				"north": {"uv": [5, 7.5, 5.4375, 8.3125], "texture": "#0"},
				"east": {"uv": [8, 8.25, 8.3125, 9.0625], "texture": "#0"},
				"south": {"uv": [7.5, 7.25, 7.9375, 8.0625], "texture": "#0"},
				"west": {"uv": [0, 8.5, 0.3125, 9.3125], "texture": "#0"},
				"up": {"uv": [10.4375, 1.3125, 10, 1], "texture": "#0"},
				"down": {"uv": [2.9375, 10, 2.5, 10.3125], "texture": "#0"}
			}
		},
		{
			"from": [7.66, -0.76651, 8.26612],
			"to": [8.34, 0.08349, 10.64612],
			"rotation": {"angle": 0, "axis": "y", "origin": [-5.77, 9.94349, -1.25388]},
			"faces": {
				"north": {"uv": [10.75, 2.75, 10.9375, 2.9375], "texture": "#0"},
				"east": {"uv": [10.25, 0, 10.875, 0.1875], "texture": "#0"},
				"south": {"uv": [10.75, 3.75, 10.9375, 3.9375], "texture": "#0"},
				"west": {"uv": [10.25, 0.25, 10.875, 0.4375], "texture": "#0"},
				"up": {"uv": [4.1875, 10.875, 4, 10.25], "texture": "#0"},
				"down": {"uv": [4.4375, 10.25, 4.25, 10.875], "texture": "#0"}
			}
		},
		{
			"from": [7.005, 4.16349, 11.05612],
			"to": [8.995, 5.01349, 13.53612],
			"rotation": {"angle": 22.5, "axis": "x", "origin": [-5.77, 9.94349, -1.25388]},
			"faces": {
				"north": {"uv": [10.25, 3.75, 10.75, 3.9375], "texture": "#0"},
				"east": {"uv": [10.25, 0.5, 10.875, 0.6875], "texture": "#0"},
				"south": {"uv": [10.25, 5.5, 10.75, 5.6875], "texture": "#0"},
				"west": {"uv": [10.25, 0.75, 10.875, 0.9375], "texture": "#0"},
				"up": {"uv": [3, 8.625, 2.5, 8], "texture": "#0"},
				"down": {"uv": [3.5, 8, 3, 8.625], "texture": "#0"}
			}
		},
		{
			"from": [7.03, 9.54043, 6.42071],
			"to": [8.97, 11.24043, 7.81071],
			"rotation": {"angle": 45, "axis": "x", "origin": [-5.77, 2.91043, -5.78929]},
			"faces": {
				"north": {"uv": [7.75, 3.5, 8.25, 3.9375], "texture": "#0"},
				"east": {"uv": [7.5, 9, 7.875, 9.4375], "texture": "#0"},
				"south": {"uv": [8.25, 3.5, 8.75, 3.9375], "texture": "#0"},
				"west": {"uv": [4, 9.25, 4.375, 9.6875], "texture": "#0"},
				"up": {"uv": [3, 9.125, 2.5, 8.75], "texture": "#0"},
				"down": {"uv": [9.25, 2.75, 8.75, 3.125], "texture": "#0"}
			}
		},
		{
			"from": [7.58, -1.95, 1.69],
			"to": [8.42, -1.8, 4.1],
			"rotation": {"angle": 0, "axis": "y", "origin": [-5.6, -0.2, -6.1]},
			"faces": {
				"north": {"uv": [11, 1.5, 11.1875, 1.5625], "texture": "#0"},
				"east": {"uv": [1.5, 10.75, 2.125, 10.8125], "texture": "#0"},
				"south": {"uv": [1.75, 11, 1.9375, 11.0625], "texture": "#0"},
				"west": {"uv": [10.75, 1.75, 11.375, 1.8125], "texture": "#0"},
				"up": {"uv": [10.4375, 5.375, 10.25, 4.75], "texture": "#0"},
				"down": {"uv": [5.1875, 10.25, 5, 10.875], "texture": "#0"}
			}
		},
		{
			"from": [7.58, -1.65, 1.39],
			"to": [8.42, 0.1, 1.49],
			"rotation": {"angle": 0, "axis": "y", "origin": [-5.6, -0.2, -6.6]},
			"faces": {
				"north": {"uv": [0.25, 10.5, 0.4375, 10.9375], "texture": "#0"},
				"east": {"uv": [6.75, 10.75, 6.8125, 11.1875], "texture": "#0"},
				"south": {"uv": [1, 10.5, 1.1875, 10.9375], "texture": "#0"},
				"west": {"uv": [10.75, 8, 10.8125, 8.4375], "texture": "#0"},
				"up": {"uv": [2.1875, 11.0625, 2, 11], "texture": "#0"},
				"down": {"uv": [11.1875, 2, 11, 2.0625], "texture": "#0"}
			}
		},
		{
			"from": [7.855, 1.77303, 4.63878],
			"to": [8.145, 2.28303, 4.80879],
			"rotation": {"angle": 22.5, "axis": "x", "origin": [-5.6, 3.81303, -5.22121]},
			"faces": {
				"north": {"uv": [11, 6.5, 11.0625, 6.625], "texture": "#0"},
				"east": {"uv": [11, 6.75, 11.0625, 6.875], "texture": "#0"},
				"south": {"uv": [11, 8, 11.0625, 8.125], "texture": "#0"},
				"west": {"uv": [11, 8.25, 11.0625, 8.375], "texture": "#0"},
				"up": {"uv": [11.3125, 1.5625, 11.25, 1.5], "texture": "#0"},
				"down": {"uv": [1.8125, 11.25, 1.75, 11.3125], "texture": "#0"}
			}
		},
		{
			"from": [7.88, 3.00303, 3.95879],
			"to": [8.12, 3.51303, 4.29879],
			"rotation": {"angle": 22.5, "axis": "x", "origin": [-5.6, 3.51303, -5.22121]},
			"faces": {
				"north": {"uv": [11, 8.5, 11.0625, 8.625], "texture": "#0"},
				"east": {"uv": [8.75, 11, 8.8125, 11.125], "texture": "#0"},
				"south": {"uv": [11, 8.75, 11.0625, 8.875], "texture": "#0"},
				"west": {"uv": [9, 11, 9.0625, 11.125], "texture": "#0"},
				"up": {"uv": [2.0625, 11.3125, 2, 11.25], "texture": "#0"},
				"down": {"uv": [11.3125, 2, 11.25, 2.0625], "texture": "#0"}
			}
		},
		{
			"from": [7.855, -4.4942, 3.76363],
			"to": [8.145, -3.9842, 4.10363],
			"rotation": {"angle": -22.5, "axis": "x", "origin": [-5.6, -3.9842, -5.41638]},
			"faces": {
				"north": {"uv": [9.25, 11, 9.3125, 11.125], "texture": "#0"},
				"east": {"uv": [9.5, 11, 9.5625, 11.125], "texture": "#0"},
				"south": {"uv": [11, 10.75, 11.0625, 10.875], "texture": "#0"},
				"west": {"uv": [11, 11, 11.0625, 11.125], "texture": "#0"},
				"up": {"uv": [11.3125, 2.3125, 11.25, 2.25], "texture": "#0"},
				"down": {"uv": [11.3125, 2.5, 11.25, 2.5625], "texture": "#0"}
			}
		},
		{
			"from": [7.83, -1.84, 3.26],
			"to": [8.17, 0, 4.09],
			"rotation": {"angle": 0, "axis": "y", "origin": [-5.6, 0, -5.92]},
			"faces": {
				"north": {"uv": [8.25, 10.75, 8.3125, 11.1875], "texture": "#0"},
				"east": {"uv": [10.5, 1, 10.6875, 1.4375], "texture": "#0"},
				"south": {"uv": [8.5, 10.75, 8.5625, 11.1875], "texture": "#0"},
				"west": {"uv": [1.25, 10.5, 1.4375, 10.9375], "texture": "#0"},
				"up": {"uv": [11.0625, 2.4375, 11, 2.25], "texture": "#0"},
				"down": {"uv": [11.0625, 2.5, 11, 2.6875], "texture": "#0"}
			}
		},
		{
			"from": [7.58, -7.71694, 3.74737],
			"to": [8.42, -7.29194, 3.84737],
			"rotation": {"angle": -45, "axis": "x", "origin": [-5.6, -7.31694, -4.24263]},
			"faces": {
				"north": {"uv": [10.75, 8.75, 10.9375, 8.875], "texture": "#0"},
				"east": {"uv": [11.25, 0, 11.3125, 0.125], "texture": "#0"},
				"south": {"uv": [9, 10.75, 9.1875, 10.875], "texture": "#0"},
				"west": {"uv": [0.25, 11.25, 0.3125, 11.375], "texture": "#0"},
				"up": {"uv": [11.1875, 2.8125, 11, 2.75], "texture": "#0"},
				"down": {"uv": [11.1875, 3.75, 11, 3.8125], "texture": "#0"}
			}
		},
		{
			"from": [6.98, 0.305, -1.06],
			"to": [9.02, 1.3, 9.71],
			"rotation": {"angle": 0, "axis": "y", "origin": [-5.6, 5.81, -5.6]},
			"faces": {
				"north": {"uv": [5.5, 10, 6, 10.25], "texture": "#0"},
				"east": {"uv": [6, 7, 8.6875, 7.25], "texture": "#0"},
				"south": {"uv": [6.5, 10, 7, 10.25], "texture": "#0"},
				"west": {"uv": [7, 6, 9.6875, 6.25], "texture": "#0"},
				"up": {"uv": [6, 3.6875, 5.5, 1], "texture": "#0"},
				"down": {"uv": [6, 3.75, 5.5, 6.4375], "texture": "#0"}
			}
		},
		{
			"from": [7.28, 0.005, -1.06],
			"to": [8.72, 0.3, 9.71],
			"rotation": {"angle": 0, "axis": "y", "origin": [-5.6, 5.51, -5.6]},
			"faces": {
				"north": {"uv": [10.75, 9, 11.125, 9.0625], "texture": "#0"},
				"east": {"uv": [9.25, 3, 11.9375, 3.0625], "texture": "#0"},
				"south": {"uv": [9.25, 10.75, 9.625, 10.8125], "texture": "#0"},
				"west": {"uv": [9.25, 3.25, 11.9375, 3.3125], "texture": "#0"},
				"up": {"uv": [3.875, 8.6875, 3.5, 6], "texture": "#0"},
				"down": {"uv": [4.375, 6.5, 4, 9.1875], "texture": "#0"}
			}
		},
		{
			"from": [14.64509, 7.80016, -1.06],
			"to": [15.06009, 8.09516, 9.71],
			"rotation": {"angle": -45, "axis": "z", "origin": [1.76509, 13.30516, -5.6]},
			"faces": {
				"north": {"uv": [11.25, 0.25, 11.375, 0.3125], "texture": "#0"},
				"east": {"uv": [9.25, 3.5, 11.9375, 3.5625], "texture": "#0"},
				"south": {"uv": [11.25, 0.5, 11.375, 0.5625], "texture": "#0"},
				"west": {"uv": [9.25, 4, 11.9375, 4.0625], "texture": "#0"},
				"up": {"uv": [1.625, 10.6875, 1.5, 8], "texture": "#0"},
				"down": {"uv": [1.875, 8, 1.75, 10.6875], "texture": "#0"}
			}
		},
		{
			"from": [0.93991, 7.80016, -1.06],
			"to": [1.35491, 8.09516, 9.71],
			"rotation": {"angle": 45, "axis": "z", "origin": [14.23491, 13.30516, -5.6]},
			"faces": {
				"north": {"uv": [11.25, 0.75, 11.375, 0.8125], "texture": "#0"},
				"east": {"uv": [9.25, 4.25, 11.9375, 4.3125], "texture": "#0"},
				"south": {"uv": [1, 11.25, 1.125, 11.3125], "texture": "#0"},
				"west": {"uv": [9.25, 4.5, 11.9375, 4.5625], "texture": "#0"},
				"up": {"uv": [2.125, 10.6875, 2, 8], "texture": "#0"},
				"down": {"uv": [2.375, 8, 2.25, 10.6875], "texture": "#0"}
			}
		},
		{
			"from": [7.18, 1.8605, 1.93781],
			"to": [8.82, 3.5805, 3.50781],
			"rotation": {"angle": -22.5, "axis": "x", "origin": [-5.6, 17.1705, 8.01781]},
			"faces": {
				"north": {"uv": [8.75, 1, 9.1875, 1.4375], "texture": "#0"},
				"east": {"uv": [9.25, 4.75, 9.625, 5.1875], "texture": "#0"},
				"south": {"uv": [8.75, 1.5, 9.1875, 1.9375], "texture": "#0"},
				"west": {"uv": [9.25, 5.25, 9.625, 5.6875], "texture": "#0"},
				"up": {"uv": [8.4375, 9.625, 8, 9.25], "texture": "#0"},
				"down": {"uv": [8.9375, 9.25, 8.5, 9.625], "texture": "#0"}
			}
		},
		{
			"from": [7.58, 2.305, -5.33],
			"to": [8.42, 2.6, 2.94],
			"rotation": {"angle": 0, "axis": "y", "origin": [-5.6, 6.985, -5.87]},
			"faces": {
				"north": {"uv": [4, 11, 4.1875, 11.0625], "texture": "#0"},
				"east": {"uv": [9.75, 6, 11.8125, 6.0625], "texture": "#0"},
				"south": {"uv": [4.25, 11, 4.4375, 11.0625], "texture": "#0"},
				"west": {"uv": [9.75, 9.25, 11.8125, 9.3125], "texture": "#0"},
				"up": {"uv": [6.6875, 9.3125, 6.5, 7.25], "texture": "#0"},
				"down": {"uv": [6.9375, 7.25, 6.75, 9.3125], "texture": "#0"}
			}
		},
		{
			"from": [7.58, 1.205, -5.33],
			"to": [8.42, 1.5, 2.94],
			"rotation": {"angle": 0, "axis": "y", "origin": [-5.6, 5.885, -5.87]},
			"faces": {
				"north": {"uv": [11, 4.75, 11.1875, 4.8125], "texture": "#0"},
				"east": {"uv": [10, 5.75, 12.0625, 5.8125], "texture": "#0"},
				"south": {"uv": [5, 11, 5.1875, 11.0625], "texture": "#0"},
				"west": {"uv": [9, 10, 11.0625, 10.0625], "texture": "#0"},
				"up": {"uv": [7.1875, 9.3125, 7, 7.25], "texture": "#0"},
				"down": {"uv": [7.4375, 7.25, 7.25, 9.3125], "texture": "#0"}
			}
		},
		{
			"from": [8.42, 1.205, -5.33],
			"to": [8.72, 2.6, 2.94],
			"rotation": {"angle": 0, "axis": "y", "origin": [-5.4, 6.185, -5.87]},
			"faces": {
				"north": {"uv": [9.75, 10.75, 9.8125, 11.125], "texture": "#0"},
				"east": {"uv": [7, 4, 9.0625, 4.375], "texture": "#0"},
				"south": {"uv": [10, 10.75, 10.0625, 11.125], "texture": "#0"},
				"west": {"uv": [7, 4.5, 9.0625, 4.875], "texture": "#0"},
				"up": {"uv": [3.0625, 12.0625, 3, 10], "texture": "#0"},
				"down": {"uv": [3.3125, 10, 3.25, 12.0625], "texture": "#0"}
			}
		},
		{
			"from": [7.28, 1.205, -5.33],
			"to": [7.58, 2.6, 2.94],
			"rotation": {"angle": 0, "axis": "y", "origin": [-6.54, 6.185, -5.87]},
			"faces": {
				"north": {"uv": [10.5, 10.75, 10.5625, 11.125], "texture": "#0"},
				"east": {"uv": [7, 5, 9.0625, 5.375], "texture": "#0"},
				"south": {"uv": [10.75, 10.75, 10.8125, 11.125], "texture": "#0"},
				"west": {"uv": [7, 5.5, 9.0625, 5.875], "texture": "#0"},
				"up": {"uv": [3.5625, 12.0625, 3.5, 10], "texture": "#0"},
				"down": {"uv": [3.8125, 10, 3.75, 12.0625], "texture": "#0"}
			}
		},
		{
			"from": [7.01, -11.67, 6.45],
			"to": [7.08, -3.68, 8.83],
			"rotation": {"angle": -22.5, "axis": "x", "origin": [-5.5, -5.89, -4.6]},
			"faces": {
				"north": {"uv": [7, 10, 7.0625, 12], "texture": "#0"},
				"east": {"uv": [6, 0, 6.625, 2], "texture": "#0"},
				"south": {"uv": [7.25, 10, 7.3125, 12], "texture": "#0"},
				"west": {"uv": [2, 6, 2.625, 8], "texture": "#0"},
				"up": {"uv": [10.8125, 2.625, 10.75, 2], "texture": "#0"},
				"down": {"uv": [2.3125, 10.75, 2.25, 11.375], "texture": "#0"}
			}
		},
		{
			"from": [8.92, -11.67, 6.45],
			"to": [8.99, -3.68, 8.83],
			"rotation": {"angle": -22.5, "axis": "x", "origin": [21.5, -5.89, -4.6]},
			"faces": {
				"north": {"uv": [7.5, 10, 7.5625, 12], "texture": "#0"},
				"east": {"uv": [6, 2, 6.625, 4], "texture": "#0"},
				"south": {"uv": [7.75, 10, 7.8125, 12], "texture": "#0"},
				"west": {"uv": [2.75, 6, 3.375, 8], "texture": "#0"},
				"up": {"uv": [2.5625, 11.375, 2.5, 10.75], "texture": "#0"},
				"down": {"uv": [2.8125, 10.75, 2.75, 11.375], "texture": "#0"}
			}
		},
		{
			"from": [7.32307, 0.27081, -5.06],
			"to": [8.68807, 1.31581, -3.09],
			"rotation": {"angle": 0, "axis": "y", "origin": [-5.05693, 5.80081, -5.6]},
			"faces": {
				"north": {"uv": [10.25, 9, 10.5625, 9.25], "texture": "#0"},
				"east": {"uv": [10, 9.5, 10.5, 9.75], "texture": "#0"},
				"south": {"uv": [2.5, 10.5, 2.8125, 10.75], "texture": "#0"},
				"west": {"uv": [10, 9.75, 10.5, 10], "texture": "#0"},
				"up": {"uv": [0.3125, 10, 0, 9.5], "texture": "#0"},
				"down": {"uv": [1.3125, 9.5, 1, 10], "texture": "#0"}
			}
		},
		{
			"from": [7.32307, 0.02081, -3.06],
			"to": [8.68807, 1.31581, -1.065],
			"rotation": {"angle": 0, "axis": "y", "origin": [-5.05693, 5.80081, -3.6]},
			"faces": {
				"north": {"uv": [10.25, 8, 10.5625, 8.3125], "texture": "#0"},
				"east": {"uv": [2.5, 9.5, 3, 9.8125], "texture": "#0"},
				"south": {"uv": [8.25, 10.25, 8.5625, 10.5625], "texture": "#0"},
				"west": {"uv": [3, 9.5, 3.5, 9.8125], "texture": "#0"},
				"up": {"uv": [3.8125, 10, 3.5, 9.5], "texture": "#0"},
				"down": {"uv": [6.8125, 9.5, 6.5, 10], "texture": "#0"}
			}
		},
		{
			"from": [1.77894, 1.42476, -5.035],
			"to": [2.94894, 2.58976, -3.09],
			"rotation": {"angle": 22.5, "axis": "z", "origin": [7.45894, 14.76976, -5.6]},
			"faces": {
				"north": {"uv": [10.25, 8.5, 10.5625, 8.8125], "texture": "#0"},
				"east": {"uv": [7, 9.5, 7.5, 9.8125], "texture": "#0"},
				"south": {"uv": [8.75, 10.25, 9.0625, 10.5625], "texture": "#0"},
				"west": {"uv": [7.5, 9.5, 8, 9.8125], "texture": "#0"},
				"up": {"uv": [9.3125, 10, 9, 9.5], "texture": "#0"},
				"down": {"uv": [9.8125, 9.5, 9.5, 10], "texture": "#0"}
			}
		},
		{
			"from": [13.05106, 1.42476, -5.035],
			"to": [14.22106, 2.58976, -3.09],
			"rotation": {"angle": -22.5, "axis": "z", "origin": [8.54106, 14.76976, -5.6]},
			"faces": {
				"north": {"uv": [9.25, 10.25, 9.5625, 10.5625], "texture": "#0"},
				"east": {"uv": [4, 9.75, 4.5, 10.0625], "texture": "#0"},
				"south": {"uv": [9.75, 10.25, 10.0625, 10.5625], "texture": "#0"},
				"west": {"uv": [9.75, 4.75, 10.25, 5.0625], "texture": "#0"},
				"up": {"uv": [10.0625, 5.75, 9.75, 5.25], "texture": "#0"},
				"down": {"uv": [8.3125, 9.75, 8, 10.25], "texture": "#0"}
			}
		},
		{
			"from": [1.67894, 1.19976, -3.035],
			"to": [2.94894, 2.58976, -1.065],
			"rotation": {"angle": 22.5, "axis": "z", "origin": [7.45894, 14.76976, -3.6]},
			"faces": {
				"north": {"uv": [5.25, 10.25, 5.5625, 10.625], "texture": "#0"},
				"east": {"uv": [3, 8.75, 3.5, 9.125], "texture": "#0"},
				"south": {"uv": [6.5, 10.25, 6.8125, 10.625], "texture": "#0"},
				"west": {"uv": [8.75, 3.25, 9.25, 3.625], "texture": "#0"},
				"up": {"uv": [8.8125, 10.25, 8.5, 9.75], "texture": "#0"},
				"down": {"uv": [10.0625, 8.75, 9.75, 9.25], "texture": "#0"}
			}
		},
		{
			"from": [13.05106, 1.19976, -3.035],
			"to": [14.32106, 2.58976, -1.065],
			"rotation": {"angle": -22.5, "axis": "z", "origin": [8.54106, 14.76976, -3.6]},
			"faces": {
				"north": {"uv": [10.25, 7, 10.5625, 7.375], "texture": "#0"},
				"east": {"uv": [3.5, 8.75, 4, 9.125], "texture": "#0"},
				"south": {"uv": [10.25, 7.5, 10.5625, 7.875], "texture": "#0"},
				"west": {"uv": [8.5, 8.75, 9, 9.125], "texture": "#0"},
				"up": {"uv": [0.3125, 10.5, 0, 10], "texture": "#0"},
				"down": {"uv": [1.3125, 10, 1, 10.5], "texture": "#0"}
			}
		}
	],
	"display": {
		"thirdperson_righthand": {
			"translation": [0, 5.75, 3],
			"scale": [0.6, 0.6, 0.6]
		},
		"thirdperson_lefthand": {
			"translation": [0, 5.5, 2.75],
			"scale": [0.6, 0.6, 0.6]
		},
		"firstperson_righthand": {
			"translation": [4.25, 7, -1],
			"scale": [0.8, 0.8, 0.8]
		},
		"firstperson_lefthand": {
			"translation": [-9, 9.75, 0],
			"scale": [0.8, 0.8, 0.8]
		},
		"ground": {
			"rotation": [0, 0, 90],
			"translation": [-5.75, -1.5, 2.25],
			"scale": [0.6, 0.6, 0.6]
		},
		"gui": {
			"rotation": [70, 60, -56],
			"translation": [7.5, 5.75, 0]
		},
		"fixed": {
			"rotation": [0, 90, 0],
			"translation": [5, 8.75, 0]
		}
	},
	"groups": [
		{
			"name": "all",
			"origin": [0, 0, 0],
			"color": 0,
			"children": [
				{
					"name": "arm",
					"origin": [0, 0, 0],
					"color": 0,
					"children": [
						{
							"name": "rarm",
							"origin": [16, 0, 0],
							"color": 0,
							"children": [0]
						},
						{
							"name": "larm",
							"origin": [0, 0, 0],
							"color": 0,
							"children": [1]
						}
					]
				},
				{
					"name": "vso",
					"origin": [0, 0, 0],
					"color": 0,
					"children": [
						{
							"name": "vsp",
							"origin": [-5.6, -0.68, -5.6],
							"color": 0,
							"children": [2]
						},
						{
							"name": "reol",
							"origin": [-5.6, -5.89, -4.6],
							"color": 0,
							"children": [3, 4]
						},
						{
							"name": "stv",
							"origin": [23.22651, 2.52699, -13.5],
							"color": 0,
							"children": [5, 6, 7, 8, 9, 10, 11, 12, 13, 14, 15]
						},
						{
							"name": "patr",
							"origin": [-5.5, 7.085, -5],
							"color": 0,
							"children": [16, 17, 18]
						},
						19,
						20,
						21,
						22,
						23,
						24,
						25,
						26,
						27,
						28,
						29,
						30,
						31,
						32,
						33,
						34,
						35,
						36,
						37,
						38,
						39,
						40,
						41,
						42,
						43,
						44,
						45,
						46,
						47
					]
				}
			]
		}
	]
}