{
	"credit": "Made with Blockbench",
	"texture_size": [64, 64],
	"textures": {
		"0": "item/guns/mp40",
		"particle": "item/guns/mp40"
	},
	"elements": [
		{
			"from": [7, 0, 7.1],
			"to": [9, 2, 11.4],
			"faces": {
				"north": {"uv": [2, 3.5, 2.5, 4], "texture": "#0"},
				"east": {"uv": [1.75, 0, 2.8125, 0.5], "texture": "#0"},
				"south": {"uv": [4.5, 3.5, 5, 4], "texture": "#0"},
				"west": {"uv": [1.75, 0.5, 2.8125, 1], "texture": "#0"},
				"up": {"uv": [2.5, 2.0625, 2, 1], "texture": "#0"},
				"down": {"uv": [2.5, 2.25, 2, 3.3125], "texture": "#0"}
			}
		},
		{
			"from": [7, 0, 2],
			"to": [9, 2, 3.2],
			"faces": {
				"north": {"uv": [4.75, 2, 5.25, 2.5], "texture": "#0"},
				"east": {"uv": [6.25, 2, 6.5625, 2.5], "texture": "#0"},
				"south": {"uv": [3.75, 4.75, 4.25, 5.25], "texture": "#0"},
				"west": {"uv": [6.25, 2.5, 6.5625, 3], "texture": "#0"},
				"up": {"uv": [6.75, 4.5625, 6.25, 4.25], "texture": "#0"},
				"down": {"uv": [5, 6.25, 4.5, 6.5625], "texture": "#0"}
			}
		},
		{
			"from": [7, 0, 3.8],
			"to": [8.8, 1.8, 6.5],
			"faces": {
				"north": {"uv": [5.75, 2, 6.1875, 2.4375], "texture": "#0"},
				"east": {"uv": [4.5, 1, 5.1875, 1.4375], "texture": "#0"},
				"south": {"uv": [5.75, 4.25, 6.1875, 4.6875], "texture": "#0"},
				"west": {"uv": [4.5, 1.5, 5.1875, 1.9375], "texture": "#0"},
				"up": {"uv": [3.1875, 5.1875, 2.75, 4.5], "texture": "#0"},
				"down": {"uv": [4.9375, 2.75, 4.5, 3.4375], "texture": "#0"}
			}
		},
		{
			"from": [7, 1.8, 3.8],
			"to": [7.8, 2, 6.5],
			"faces": {
				"north": {"uv": [10.75, 3, 10.9375, 3.0625], "texture": "#0"},
				"east": {"uv": [9, 5.5, 9.6875, 5.5625], "texture": "#0"},
				"south": {"uv": [3.25, 10.75, 3.4375, 10.8125], "texture": "#0"},
				"west": {"uv": [9, 5.75, 9.6875, 5.8125], "texture": "#0"},
				"up": {"uv": [5.4375, 7.4375, 5.25, 6.75], "texture": "#0"},
				"down": {"uv": [5.6875, 6.75, 5.5, 7.4375], "texture": "#0"}
			}
		},
		{
			"from": [7.8, 1.8, 6.2],
			"to": [9, 2, 6.5],
			"faces": {
				"north": {"uv": [10.25, 6, 10.5625, 6.0625], "texture": "#0"},
				"east": {"uv": [10, 11, 10.0625, 11.0625], "texture": "#0"},
				"south": {"uv": [10.25, 6.25, 10.5625, 6.3125], "texture": "#0"},
				"west": {"uv": [11, 10, 11.0625, 10.0625], "texture": "#0"},
				"up": {"uv": [10.5625, 6.5625, 10.25, 6.5], "texture": "#0"},
				"down": {"uv": [10.5625, 6.75, 10.25, 6.8125], "texture": "#0"}
			}
		},
		{
			"from": [7.8, 1.8, 3.8],
			"to": [9, 2, 4.1],
			"faces": {
				"north": {"uv": [7, 10.25, 7.3125, 10.3125], "texture": "#0"},
				"east": {"uv": [10.25, 11, 10.3125, 11.0625], "texture": "#0"},
				"south": {"uv": [10.25, 7, 10.5625, 7.0625], "texture": "#0"},
				"west": {"uv": [11, 10.25, 11.0625, 10.3125], "texture": "#0"},
				"up": {"uv": [10.5625, 7.3125, 10.25, 7.25], "texture": "#0"},
				"down": {"uv": [7.8125, 10.25, 7.5, 10.3125], "texture": "#0"}
			}
		},
		{
			"from": [8.8, 0.6, 6.2],
			"to": [9, 1.8, 6.5],
			"faces": {
				"north": {"uv": [6.25, 10.25, 6.3125, 10.5625], "texture": "#0"},
				"east": {"uv": [10.25, 7.5, 10.3125, 7.8125], "texture": "#0"},
				"south": {"uv": [8, 10.25, 8.0625, 10.5625], "texture": "#0"},
				"west": {"uv": [8.25, 10.25, 8.3125, 10.5625], "texture": "#0"},
				"up": {"uv": [10.5625, 11.0625, 10.5, 11], "texture": "#0"},
				"down": {"uv": [11.0625, 10.5, 11, 10.5625], "texture": "#0"}
			}
		},
		{
			"from": [8.8, 0.6, 3.8],
			"to": [9, 1.8, 4.1],
			"faces": {
				"north": {"uv": [10.25, 8.25, 10.3125, 8.5625], "texture": "#0"},
				"east": {"uv": [8.5, 10.25, 8.5625, 10.5625], "texture": "#0"},
				"south": {"uv": [10.25, 8.75, 10.3125, 9.0625], "texture": "#0"},
				"west": {"uv": [9.25, 10.25, 9.3125, 10.5625], "texture": "#0"},
				"up": {"uv": [10.8125, 11.0625, 10.75, 11], "texture": "#0"},
				"down": {"uv": [11.0625, 10.75, 11, 10.8125], "texture": "#0"}
			}
		},
		{
			"from": [8.7, -0.1, 3.8],
			"to": [9, 0.6, 6.5],
			"faces": {
				"north": {"uv": [10.75, 3.25, 10.8125, 3.4375], "texture": "#0"},
				"east": {"uv": [6.5, 5.25, 7.1875, 5.4375], "texture": "#0"},
				"south": {"uv": [3.5, 10.75, 3.5625, 10.9375], "texture": "#0"},
				"west": {"uv": [6.75, 6.5, 7.4375, 6.6875], "texture": "#0"},
				"up": {"uv": [5.8125, 9.6875, 5.75, 9], "texture": "#0"},
				"down": {"uv": [6.0625, 9, 6, 9.6875], "texture": "#0"}
			}
		},
		{
			"from": [7.4, 0.1, 1],
			"to": [8.6, 1.9, 2],
			"faces": {
				"north": {"uv": [6.75, 2.5, 7.0625, 2.9375], "texture": "#0"},
				"east": {"uv": [1.75, 1, 2, 1.4375], "texture": "#0"},
				"south": {"uv": [6.75, 3.5, 7.0625, 3.9375], "texture": "#0"},
				"west": {"uv": [2.5, 4.75, 2.75, 5.1875], "texture": "#0"},
				"up": {"uv": [1.3125, 8.5, 1, 8.25], "texture": "#0"},
				"down": {"uv": [8.5625, 1.25, 8.25, 1.5], "texture": "#0"}
			}
		},
		{
			"from": [8.6, 1.6, 1],
			"to": [9, 2, 2],
			"faces": {
				"north": {"uv": [10.5, 1.5, 10.625, 1.625], "texture": "#0"},
				"east": {"uv": [9.5, 2.25, 9.75, 2.375], "texture": "#0"},
				"south": {"uv": [2, 10.5, 2.125, 10.625], "texture": "#0"},
				"west": {"uv": [2.75, 9.5, 3, 9.625], "texture": "#0"},
				"up": {"uv": [3.375, 9.75, 3.25, 9.5], "texture": "#0"},
				"down": {"uv": [9.625, 3.25, 9.5, 3.5], "texture": "#0"}
			}
		},
		{
			"from": [7, 1.6, 1],
			"to": [7.4, 2, 2],
			"faces": {
				"north": {"uv": [10.5, 2.25, 10.625, 2.375], "texture": "#0"},
				"east": {"uv": [9.5, 3.5, 9.75, 3.625], "texture": "#0"},
				"south": {"uv": [10.5, 2.75, 10.625, 2.875], "texture": "#0"},
				"west": {"uv": [9.5, 3.75, 9.75, 3.875], "texture": "#0"},
				"up": {"uv": [4.375, 9.75, 4.25, 9.5], "texture": "#0"},
				"down": {"uv": [9.625, 4.25, 9.5, 4.5], "texture": "#0"}
			}
		},
		{
			"from": [7, 0, 1],
			"to": [7.4, 0.4, 2],
			"faces": {
				"north": {"uv": [3, 10.5, 3.125, 10.625], "texture": "#0"},
				"east": {"uv": [4.5, 9.5, 4.75, 9.625], "texture": "#0"},
				"south": {"uv": [10.5, 3, 10.625, 3.125], "texture": "#0"},
				"west": {"uv": [9.5, 4.5, 9.75, 4.625], "texture": "#0"},
				"up": {"uv": [4.875, 9.75, 4.75, 9.5], "texture": "#0"},
				"down": {"uv": [9.625, 4.75, 9.5, 5], "texture": "#0"}
			}
		},
		{
			"from": [8.6, 0, 1],
			"to": [9, 0.4, 2],
			"faces": {
				"north": {"uv": [3.25, 10.5, 3.375, 10.625], "texture": "#0"},
				"east": {"uv": [9.5, 5, 9.75, 5.125], "texture": "#0"},
				"south": {"uv": [3.5, 10.5, 3.625, 10.625], "texture": "#0"},
				"west": {"uv": [9.5, 5.25, 9.75, 5.375], "texture": "#0"},
				"up": {"uv": [6.375, 9.75, 6.25, 9.5], "texture": "#0"},
				"down": {"uv": [6.625, 9.5, 6.5, 9.75], "texture": "#0"}
			}
		},
		{
			"from": [7.1, 0.4, 1],
			"to": [8.9, 1.6, 2],
			"faces": {
				"north": {"uv": [6.75, 4.25, 7.1875, 4.5625], "texture": "#0"},
				"east": {"uv": [7.75, 4.25, 8, 4.5625], "texture": "#0"},
				"south": {"uv": [4.5, 6.75, 4.9375, 7.0625], "texture": "#0"},
				"west": {"uv": [7.75, 5.25, 8, 5.5625], "texture": "#0"},
				"up": {"uv": [7.6875, 5.5, 7.25, 5.25], "texture": "#0"},
				"down": {"uv": [7.1875, 7.25, 6.75, 7.5], "texture": "#0"}
			}
		},
		{
			"from": [7, 0, 13.9],
			"to": [9, 2, 16],
			"faces": {
				"north": {"uv": [4.25, 4.75, 4.75, 5.25], "texture": "#0"},
				"east": {"uv": [4.75, 4.75, 5.25, 5.25], "texture": "#0"},
				"south": {"uv": [0, 5, 0.5, 5.5], "texture": "#0"},
				"west": {"uv": [5, 0, 5.5, 0.5], "texture": "#0"},
				"up": {"uv": [5.5, 1, 5, 0.5], "texture": "#0"},
				"down": {"uv": [5.5, 2.5, 5, 3], "texture": "#0"}
			}
		},
		{
			"from": [7, 1.7, 11.4],
			"to": [9, 2, 13.9],
			"faces": {
				"north": {"uv": [9.5, 7.25, 10, 7.3125], "texture": "#0"},
				"east": {"uv": [9, 6.75, 9.625, 6.8125], "texture": "#0"},
				"south": {"uv": [9.5, 7.5, 10, 7.5625], "texture": "#0"},
				"west": {"uv": [9, 7, 9.625, 7.0625], "texture": "#0"},
				"up": {"uv": [3.25, 4.375, 2.75, 3.75], "texture": "#0"},
				"down": {"uv": [4.5, 2.75, 4, 3.375], "texture": "#0"}
			}
		},
		{
			"from": [7.5, 0.9, 11.4],
			"to": [8.5, 1.7, 13.9],
			"faces": {
				"north": {"uv": [7.75, 6.25, 8, 6.4375], "texture": "#0"},
				"east": {"uv": [0, 7.25, 0.625, 7.4375], "texture": "#0"},
				"south": {"uv": [1, 8.75, 1.25, 8.9375], "texture": "#0"},
				"west": {"uv": [0.75, 7.25, 1.375, 7.4375], "texture": "#0"},
				"up": {"uv": [3, 3.625, 2.75, 3], "texture": "#0"},
				"down": {"uv": [5.25, 6.25, 5, 6.875], "texture": "#0"}
			}
		},
		{
			"from": [7.2, 0.9, 11.4],
			"to": [7.5, 1.4, 13.9],
			"faces": {
				"north": {"uv": [10.75, 6.5, 10.8125, 6.625], "texture": "#0"},
				"east": {"uv": [8.25, 1.5, 8.875, 1.625], "texture": "#0"},
				"south": {"uv": [6.75, 10.75, 6.8125, 10.875], "texture": "#0"},
				"west": {"uv": [8.25, 1.75, 8.875, 1.875], "texture": "#0"},
				"up": {"uv": [9.0625, 8.125, 9, 7.5], "texture": "#0"},
				"down": {"uv": [9.0625, 8.25, 9, 8.875], "texture": "#0"}
			}
		},
		{
			"from": [8.5, 0.9, 11.4],
			"to": [8.8, 1.4, 13.9],
			"rotation": {"angle": 0, "axis": "y", "origin": [16, 0, 0]},
			"faces": {
				"north": {"uv": [10.75, 6.75, 10.8125, 6.875], "texture": "#0"},
				"east": {"uv": [8.25, 2, 8.875, 2.125], "texture": "#0"},
				"south": {"uv": [7, 10.75, 7.0625, 10.875], "texture": "#0"},
				"west": {"uv": [8.25, 2.25, 8.875, 2.375], "texture": "#0"},
				"up": {"uv": [8.8125, 9.625, 8.75, 9], "texture": "#0"},
				"down": {"uv": [9.0625, 9, 9, 9.625], "texture": "#0"}
			}
		},
		{
			"from": [6.3, 1, 11.6],
			"to": [7.2, 1.4, 12],
			"faces": {
				"north": {"uv": [6.75, 9.5, 7, 9.625], "texture": "#0"},
				"east": {"uv": [10.5, 3.5, 10.625, 3.625], "texture": "#0"},
				"south": {"uv": [7.75, 9.5, 8, 9.625], "texture": "#0"},
				"west": {"uv": [3.75, 10.5, 3.875, 10.625], "texture": "#0"},
				"up": {"uv": [9.75, 7.875, 9.5, 7.75], "texture": "#0"},
				"down": {"uv": [8.25, 9.5, 8, 9.625], "texture": "#0"}
			}
		},
		{
			"from": [6.1, 0.9, 11.5],
			"to": [6.3, 1.5, 12.1],
			"faces": {
				"north": {"uv": [10.75, 7, 10.8125, 7.125], "texture": "#0"},
				"east": {"uv": [4, 10.5, 4.125, 10.625], "texture": "#0"},
				"south": {"uv": [7.25, 10.75, 7.3125, 10.875], "texture": "#0"},
				"west": {"uv": [10.5, 4, 10.625, 4.125], "texture": "#0"},
				"up": {"uv": [10.8125, 7.375, 10.75, 7.25], "texture": "#0"},
				"down": {"uv": [7.5625, 10.75, 7.5, 10.875], "texture": "#0"}
			}
		},
		{
			"from": [7.6, 2, 9.5],
			"to": [8.4, 2.3, 10.9],
			"faces": {
				"north": {"uv": [10.75, 3.5, 10.9375, 3.5625], "texture": "#0"},
				"east": {"uv": [9.75, 8.5, 10.125, 8.5625], "texture": "#0"},
				"south": {"uv": [3.75, 10.75, 3.9375, 10.8125], "texture": "#0"},
				"west": {"uv": [8.75, 9.75, 9.125, 9.8125], "texture": "#0"},
				"up": {"uv": [8.4375, 5.875, 8.25, 5.5], "texture": "#0"},
				"down": {"uv": [8.4375, 6, 8.25, 6.375], "texture": "#0"}
			}
		},
		{
			"from": [7.6, 2.3, 10.3],
			"to": [8.4, 2.5, 10.7],
			"faces": {
				"north": {"uv": [10.75, 3.75, 10.9375, 3.8125], "texture": "#0"},
				"east": {"uv": [10.75, 7.5, 10.875, 7.5625], "texture": "#0"},
				"south": {"uv": [4, 10.75, 4.1875, 10.8125], "texture": "#0"},
				"west": {"uv": [7.75, 10.75, 7.875, 10.8125], "texture": "#0"},
				"up": {"uv": [6.9375, 9.875, 6.75, 9.75], "texture": "#0"},
				"down": {"uv": [8.4375, 9.75, 8.25, 9.875], "texture": "#0"}
			}
		},
		{
			"from": [8.2, 2.3, 9.9],
			"to": [8.4, 2.6, 10.1],
			"faces": {
				"north": {"uv": [11, 11, 11.0625, 11.0625], "texture": "#0"},
				"east": {"uv": [0, 11.25, 0.0625, 11.3125], "texture": "#0"},
				"south": {"uv": [11.25, 0, 11.3125, 0.0625], "texture": "#0"},
				"west": {"uv": [0.25, 11.25, 0.3125, 11.3125], "texture": "#0"},
				"up": {"uv": [11.3125, 0.3125, 11.25, 0.25], "texture": "#0"},
				"down": {"uv": [0.5625, 11.25, 0.5, 11.3125], "texture": "#0"}
			}
		},
		{
			"from": [7.6, 2.3, 9.9],
			"to": [7.8, 2.6, 10.1],
			"faces": {
				"north": {"uv": [11.25, 0.5, 11.3125, 0.5625], "texture": "#0"},
				"east": {"uv": [0.75, 11.25, 0.8125, 11.3125], "texture": "#0"},
				"south": {"uv": [11.25, 0.75, 11.3125, 0.8125], "texture": "#0"},
				"west": {"uv": [1, 11.25, 1.0625, 11.3125], "texture": "#0"},
				"up": {"uv": [11.3125, 1.0625, 11.25, 1], "texture": "#0"},
				"down": {"uv": [1.3125, 11.25, 1.25, 11.3125], "texture": "#0"}
			}
		},
		{
			"from": [7, -2, 8.7],
			"to": [9, 0.9, 15.4],
			"faces": {
				"north": {"uv": [1, 3.25, 1.5, 4], "texture": "#0"},
				"east": {"uv": [0, 0, 1.6875, 0.75], "texture": "#0"},
				"south": {"uv": [1.5, 3.25, 2, 4], "texture": "#0"},
				"west": {"uv": [0, 0.75, 1.6875, 1.5], "texture": "#0"},
				"up": {"uv": [0.5, 3.1875, 0, 1.5], "texture": "#0"},
				"down": {"uv": [1, 1.5, 0.5, 3.1875], "texture": "#0"}
			}
		},
		{
			"from": [6.9, -2, 10.1],
			"to": [7.1, -1.2, 15.4],
			"faces": {
				"north": {"uv": [10.75, 4, 10.8125, 4.1875], "texture": "#0"},
				"east": {"uv": [4.5, 4, 5.8125, 4.1875], "texture": "#0"},
				"south": {"uv": [4.25, 10.75, 4.3125, 10.9375], "texture": "#0"},
				"west": {"uv": [5, 3, 6.3125, 3.1875], "texture": "#0"},
				"up": {"uv": [8.0625, 6.5625, 8, 5.25], "texture": "#0"},
				"down": {"uv": [8.0625, 7, 8, 8.3125], "texture": "#0"}
			}
		},
		{
			"from": [6.9, -1.3, 7.5],
			"to": [7, -1.2, 10.1],
			"faces": {
				"north": {"uv": [11.25, 1.25, 11.3125, 1.3125], "texture": "#0"},
				"east": {"uv": [9.25, 0, 9.875, 0.0625], "texture": "#0"},
				"south": {"uv": [1.5, 11.25, 1.5625, 11.3125], "texture": "#0"},
				"west": {"uv": [9.25, 0.25, 9.875, 0.3125], "texture": "#0"},
				"up": {"uv": [9.3125, 1.125, 9.25, 0.5], "texture": "#0"},
				"down": {"uv": [1.3125, 9.25, 1.25, 9.875], "texture": "#0"}
			}
		},
		{
			"from": [6.9, -0.3, 7.1],
			"to": [7, -0.2, 9.6],
			"faces": {
				"north": {"uv": [11.25, 1.5, 11.3125, 1.5625], "texture": "#0"},
				"east": {"uv": [9.25, 1.25, 9.875, 1.3125], "texture": "#0"},
				"south": {"uv": [1.75, 11.25, 1.8125, 11.3125], "texture": "#0"},
				"west": {"uv": [9.25, 1.5, 9.875, 1.5625], "texture": "#0"},
				"up": {"uv": [1.5625, 9.875, 1.5, 9.25], "texture": "#0"},
				"down": {"uv": [9.3125, 1.75, 9.25, 2.375], "texture": "#0"}
			}
		},
		{
			"from": [6.9, -0.5, 7.1],
			"to": [7, -0.4, 11.8],
			"faces": {
				"north": {"uv": [11.25, 1.75, 11.3125, 1.8125], "texture": "#0"},
				"east": {"uv": [8.25, 5, 9.4375, 5.0625], "texture": "#0"},
				"south": {"uv": [2, 11.25, 2.0625, 11.3125], "texture": "#0"},
				"west": {"uv": [8.25, 5.25, 9.4375, 5.3125], "texture": "#0"},
				"up": {"uv": [1.8125, 9.4375, 1.75, 8.25], "texture": "#0"},
				"down": {"uv": [3.3125, 8.25, 3.25, 9.4375], "texture": "#0"}
			}
		},
		{
			"from": [6.9, -0.7, 7.1],
			"to": [7, -0.6, 8.7],
			"faces": {
				"north": {"uv": [11.25, 2, 11.3125, 2.0625], "texture": "#0"},
				"east": {"uv": [9.75, 8.75, 10.125, 8.8125], "texture": "#0"},
				"south": {"uv": [2.25, 11.25, 2.3125, 11.3125], "texture": "#0"},
				"west": {"uv": [9.75, 9, 10.125, 9.0625], "texture": "#0"},
				"up": {"uv": [9.3125, 10.125, 9.25, 9.75], "texture": "#0"},
				"down": {"uv": [9.8125, 9.25, 9.75, 9.625], "texture": "#0"}
			}
		},
		{
			"from": [6.9, -1.1, 7.3],
			"to": [7, -1, 8.7],
			"faces": {
				"north": {"uv": [11.25, 2.25, 11.3125, 2.3125], "texture": "#0"},
				"east": {"uv": [9.5, 9.75, 9.875, 9.8125], "texture": "#0"},
				"south": {"uv": [2.5, 11.25, 2.5625, 11.3125], "texture": "#0"},
				"west": {"uv": [10, 0, 10.375, 0.0625], "texture": "#0"},
				"up": {"uv": [0.3125, 10.375, 0.25, 10], "texture": "#0"},
				"down": {"uv": [10.0625, 0.25, 10, 0.625], "texture": "#0"}
			}
		},
		{
			"from": [6.9, -0.9, 7.1],
			"to": [7, -0.8, 8.7],
			"faces": {
				"north": {"uv": [11.25, 2.5, 11.3125, 2.5625], "texture": "#0"},
				"east": {"uv": [10, 0.75, 10.375, 0.8125], "texture": "#0"},
				"south": {"uv": [2.75, 11.25, 2.8125, 11.3125], "texture": "#0"},
				"west": {"uv": [1, 10, 1.375, 10.0625], "texture": "#0"},
				"up": {"uv": [0.5625, 10.375, 0.5, 10], "texture": "#0"},
				"down": {"uv": [10.0625, 1, 10, 1.375], "texture": "#0"}
			}
		},
		{
			"from": [6.9, -1.5, 7.7],
			"to": [7, -1.4, 10.1],
			"faces": {
				"north": {"uv": [11.25, 2.75, 11.3125, 2.8125], "texture": "#0"},
				"east": {"uv": [2.25, 9.25, 2.875, 9.3125], "texture": "#0"},
				"south": {"uv": [3, 11.25, 3.0625, 11.3125], "texture": "#0"},
				"west": {"uv": [9.25, 2.5, 9.875, 2.5625], "texture": "#0"},
				"up": {"uv": [3.0625, 9.875, 3, 9.25], "texture": "#0"},
				"down": {"uv": [3.5625, 9.25, 3.5, 9.875], "texture": "#0"}
			}
		},
		{
			"from": [6.9, -1.7, 8],
			"to": [7, -1.6, 10.1],
			"faces": {
				"north": {"uv": [11.25, 3, 11.3125, 3.0625], "texture": "#0"},
				"east": {"uv": [9.5, 8, 10, 8.0625], "texture": "#0"},
				"south": {"uv": [3.25, 11.25, 3.3125, 11.3125], "texture": "#0"},
				"west": {"uv": [9.25, 9.5, 9.75, 9.5625], "texture": "#0"},
				"up": {"uv": [8.5625, 10, 8.5, 9.5], "texture": "#0"},
				"down": {"uv": [0.0625, 9.75, 0, 10.25], "texture": "#0"}
			}
		},
		{
			"from": [6.9, -1.9, 8.5],
			"to": [7, -1.8, 10.1],
			"faces": {
				"north": {"uv": [11.25, 3.25, 11.3125, 3.3125], "texture": "#0"},
				"east": {"uv": [1.5, 10, 1.875, 10.0625], "texture": "#0"},
				"south": {"uv": [3.5, 11.25, 3.5625, 11.3125], "texture": "#0"},
				"west": {"uv": [10, 1.5, 10.375, 1.5625], "texture": "#0"},
				"up": {"uv": [10.0625, 2.125, 10, 1.75], "texture": "#0"},
				"down": {"uv": [2.0625, 10, 2, 10.375], "texture": "#0"}
			}
		},
		{
			"from": [9, -1.9, 8.5],
			"to": [9.1, -1.8, 10.1],
			"rotation": {"angle": 0, "axis": "y", "origin": [16, 0, 0]},
			"faces": {
				"north": {"uv": [11.25, 3.5, 11.3125, 3.5625], "texture": "#0"},
				"east": {"uv": [10, 2.25, 10.375, 2.3125], "texture": "#0"},
				"south": {"uv": [3.75, 11.25, 3.8125, 11.3125], "texture": "#0"},
				"west": {"uv": [2.5, 10, 2.875, 10.0625], "texture": "#0"},
				"up": {"uv": [10.0625, 2.875, 10, 2.5], "texture": "#0"},
				"down": {"uv": [3.0625, 10, 3, 10.375], "texture": "#0"}
			}
		},
		{
			"from": [9, -1.7, 8],
			"to": [9.1, -1.6, 10.1],
			"rotation": {"angle": 0, "axis": "y", "origin": [16, 0, 0]},
			"faces": {
				"north": {"uv": [11.25, 3.75, 11.3125, 3.8125], "texture": "#0"},
				"east": {"uv": [0.25, 9.75, 0.75, 9.8125], "texture": "#0"},
				"south": {"uv": [4, 11.25, 4.0625, 11.3125], "texture": "#0"},
				"west": {"uv": [1.75, 9.75, 2.25, 9.8125], "texture": "#0"},
				"up": {"uv": [0.8125, 10.25, 0.75, 9.75], "texture": "#0"},
				"down": {"uv": [2.3125, 9.75, 2.25, 10.25], "texture": "#0"}
			}
		},
		{
			"from": [9, -1.5, 7.7],
			"to": [9.1, -1.4, 10.1],
			"rotation": {"angle": 0, "axis": "y", "origin": [16, 0, 0]},
			"faces": {
				"north": {"uv": [11.25, 4, 11.3125, 4.0625], "texture": "#0"},
				"east": {"uv": [9.25, 2.75, 9.875, 2.8125], "texture": "#0"},
				"south": {"uv": [4.25, 11.25, 4.3125, 11.3125], "texture": "#0"},
				"west": {"uv": [9.25, 3, 9.875, 3.0625], "texture": "#0"},
				"up": {"uv": [3.8125, 9.875, 3.75, 9.25], "texture": "#0"},
				"down": {"uv": [4.0625, 9.25, 4, 9.875], "texture": "#0"}
			}
		},
		{
			"from": [9, -1.3, 7.5],
			"to": [9.1, -1.2, 10.1],
			"rotation": {"angle": 0, "axis": "y", "origin": [16, 0, 0]},
			"faces": {
				"north": {"uv": [11.25, 4.25, 11.3125, 4.3125], "texture": "#0"},
				"east": {"uv": [9.25, 4, 9.875, 4.0625], "texture": "#0"},
				"south": {"uv": [4.5, 11.25, 4.5625, 11.3125], "texture": "#0"},
				"west": {"uv": [4.25, 9.25, 4.875, 9.3125], "texture": "#0"},
				"up": {"uv": [9.3125, 4.875, 9.25, 4.25], "texture": "#0"},
				"down": {"uv": [5.0625, 9.25, 5, 9.875], "texture": "#0"}
			}
		},
		{
			"from": [9, -1.1, 7.3],
			"to": [9.1, -1, 15.4],
			"rotation": {"angle": 0, "axis": "y", "origin": [16, 0, 0]},
			"faces": {
				"north": {"uv": [11.25, 4.5, 11.3125, 4.5625], "texture": "#0"},
				"east": {"uv": [7, 3, 9, 3.0625], "texture": "#0"},
				"south": {"uv": [4.75, 11.25, 4.8125, 11.3125], "texture": "#0"},
				"west": {"uv": [7, 3.25, 9, 3.3125], "texture": "#0"},
				"up": {"uv": [3.8125, 9, 3.75, 7], "texture": "#0"},
				"down": {"uv": [4.0625, 7, 4, 9], "texture": "#0"}
			}
		},
		{
			"from": [9, -0.9, 7.1],
			"to": [9.1, -0.8, 15.4],
			"rotation": {"angle": 0, "axis": "y", "origin": [16, 0, 0]},
			"faces": {
				"north": {"uv": [11.25, 4.75, 11.3125, 4.8125], "texture": "#0"},
				"east": {"uv": [6.75, 6.75, 8.8125, 6.8125], "texture": "#0"},
				"south": {"uv": [5, 11.25, 5.0625, 11.3125], "texture": "#0"},
				"west": {"uv": [0, 7, 2.0625, 7.0625], "texture": "#0"},
				"up": {"uv": [5.8125, 8.8125, 5.75, 6.75], "texture": "#0"},
				"down": {"uv": [6.0625, 6.75, 6, 8.8125], "texture": "#0"}
			}
		},
		{
			"from": [9, -0.7, 7.1],
			"to": [9.1, -0.6, 15.4],
			"rotation": {"angle": 0, "axis": "y", "origin": [16, 0, 0]},
			"faces": {
				"north": {"uv": [11.25, 5, 11.3125, 5.0625], "texture": "#0"},
				"east": {"uv": [7, 0, 9.0625, 0.0625], "texture": "#0"},
				"south": {"uv": [5.25, 11.25, 5.3125, 11.3125], "texture": "#0"},
				"west": {"uv": [7, 0.25, 9.0625, 0.3125], "texture": "#0"},
				"up": {"uv": [2.3125, 9.0625, 2.25, 7], "texture": "#0"},
				"down": {"uv": [2.5625, 7, 2.5, 9.0625], "texture": "#0"}
			}
		},
		{
			"from": [9, -0.5, 7.1],
			"to": [9.1, -0.4, 15.4],
			"rotation": {"angle": 0, "axis": "y", "origin": [16, 0, 0]},
			"faces": {
				"north": {"uv": [11.25, 5.25, 11.3125, 5.3125], "texture": "#0"},
				"east": {"uv": [7, 0.75, 9.0625, 0.8125], "texture": "#0"},
				"south": {"uv": [5.5, 11.25, 5.5625, 11.3125], "texture": "#0"},
				"west": {"uv": [7, 1, 9.0625, 1.0625], "texture": "#0"},
				"up": {"uv": [2.8125, 9.0625, 2.75, 7], "texture": "#0"},
				"down": {"uv": [3.0625, 7, 3, 9.0625], "texture": "#0"}
			}
		},
		{
			"from": [9, -0.3, 7.1],
			"to": [9.1, -0.2, 9.6],
			"rotation": {"angle": 0, "axis": "y", "origin": [16, 0, 0]},
			"faces": {
				"north": {"uv": [11.25, 5.5, 11.3125, 5.5625], "texture": "#0"},
				"east": {"uv": [6.25, 9.25, 6.875, 9.3125], "texture": "#0"},
				"south": {"uv": [5.75, 11.25, 5.8125, 11.3125], "texture": "#0"},
				"west": {"uv": [9.25, 6.25, 9.875, 6.3125], "texture": "#0"},
				"up": {"uv": [5.3125, 9.875, 5.25, 9.25], "texture": "#0"},
				"down": {"uv": [5.5625, 9.25, 5.5, 9.875], "texture": "#0"}
			}
		},
		{
			"from": [6.9, -1.1, 8.7],
			"to": [7, -0.5, 15.4],
			"faces": {
				"north": {"uv": [10.75, 7.75, 10.8125, 7.875], "texture": "#0"},
				"east": {"uv": [5, 3.75, 6.6875, 3.875], "texture": "#0"},
				"south": {"uv": [8, 10.75, 8.0625, 10.875], "texture": "#0"},
				"west": {"uv": [4.75, 5.25, 6.4375, 5.375], "texture": "#0"},
				"up": {"uv": [2.0625, 8.9375, 2, 7.25], "texture": "#0"},
				"down": {"uv": [5.3125, 7.5, 5.25, 9.1875], "texture": "#0"}
			}
		},
		{
			"from": [7.3, -1.3, 15.4],
			"to": [7.4, -0.3, 16.3],
			"faces": {
				"north": {"uv": [4.25, 10.5, 4.3125, 10.75], "texture": "#0"},
				"east": {"uv": [4.75, 2.5, 5, 2.75], "texture": "#0"},
				"south": {"uv": [10.5, 4.25, 10.5625, 4.5], "texture": "#0"},
				"west": {"uv": [5.5, 0.75, 5.75, 1], "texture": "#0"},
				"up": {"uv": [4.5625, 10.75, 4.5, 10.5], "texture": "#0"},
				"down": {"uv": [10.5625, 4.5, 10.5, 4.75], "texture": "#0"}
			}
		},
		{
			"from": [7.1, -1.1, 15.5],
			"to": [7.3, -0.5, 16.1],
			"faces": {
				"north": {"uv": [10.75, 8, 10.8125, 8.125], "texture": "#0"},
				"east": {"uv": [10.5, 4.75, 10.625, 4.875], "texture": "#0"},
				"south": {"uv": [8.25, 10.75, 8.3125, 10.875], "texture": "#0"},
				"west": {"uv": [5, 10.5, 5.125, 10.625], "texture": "#0"},
				"up": {"uv": [10.8125, 8.375, 10.75, 8.25], "texture": "#0"},
				"down": {"uv": [8.5625, 10.75, 8.5, 10.875], "texture": "#0"}
			}
		},
		{
			"from": [7.1, -1.6, 21.7],
			"to": [7.5, 0, 21.9],
			"faces": {
				"north": {"uv": [1.5, 8.75, 1.625, 9.125], "texture": "#0"},
				"east": {"uv": [10, 3, 10.0625, 3.375], "texture": "#0"},
				"south": {"uv": [8.75, 3.5, 8.875, 3.875], "texture": "#0"},
				"west": {"uv": [3.25, 10, 3.3125, 10.375], "texture": "#0"},
				"up": {"uv": [10.875, 8.8125, 10.75, 8.75], "texture": "#0"},
				"down": {"uv": [9.125, 10.75, 9, 10.8125], "texture": "#0"}
			}
		},
		{
			"from": [8.5, -1.6, 21.7],
			"to": [8.9, 0, 21.9],
			"faces": {
				"north": {"uv": [8.75, 4.5, 8.875, 4.875], "texture": "#0"},
				"east": {"uv": [3.5, 10, 3.5625, 10.375], "texture": "#0"},
				"south": {"uv": [8.75, 5.5, 8.875, 5.875], "texture": "#0"},
				"west": {"uv": [3.75, 10, 3.8125, 10.375], "texture": "#0"},
				"up": {"uv": [10.875, 9.0625, 10.75, 9], "texture": "#0"},
				"down": {"uv": [9.375, 10.75, 9.25, 10.8125], "texture": "#0"}
			}
		},
		{
			"from": [7.1, 1.40167, 22.29707],
			"to": [8.9, 1.70167, 22.49707],
			"rotation": {"angle": 0, "axis": "y", "origin": [0, 0.10167, 0.59707]},
			"faces": {
				"north": {"uv": [5.75, 9.75, 6.1875, 9.8125], "texture": "#0"},
				"east": {"uv": [11.25, 5.75, 11.3125, 5.8125], "texture": "#0"},
				"south": {"uv": [9.75, 5.75, 10.1875, 5.8125], "texture": "#0"},
				"west": {"uv": [6, 11.25, 6.0625, 11.3125], "texture": "#0"},
				"up": {"uv": [10.1875, 6.0625, 9.75, 6], "texture": "#0"},
				"down": {"uv": [6.6875, 9.75, 6.25, 9.8125], "texture": "#0"}
			}
		},
		{
			"from": [7.1, -3.29833, 22.29707],
			"to": [8.9, -2.99833, 22.49707],
			"rotation": {"angle": 0, "axis": "y", "origin": [0, 0.10167, 0.59707]},
			"faces": {
				"north": {"uv": [9.75, 6.5, 10.1875, 6.5625], "texture": "#0"},
				"east": {"uv": [11.25, 6, 11.3125, 6.0625], "texture": "#0"},
				"south": {"uv": [9.75, 6.75, 10.1875, 6.8125], "texture": "#0"},
				"west": {"uv": [6.25, 11.25, 6.3125, 11.3125], "texture": "#0"},
				"up": {"uv": [10.1875, 7.0625, 9.75, 7], "texture": "#0"},
				"down": {"uv": [8.1875, 9.75, 7.75, 9.8125], "texture": "#0"}
			}
		},
		{
			"from": [8.5, 8.56096, 20.06115],
			"to": [8.9, 10.16096, 20.26115],
			"rotation": {"angle": 22.5, "axis": "x", "origin": [0, 0.16096, -0.63885]},
			"faces": {
				"north": {"uv": [7, 8.75, 7.125, 9.125], "texture": "#0"},
				"east": {"uv": [4, 10, 4.0625, 10.375], "texture": "#0"},
				"south": {"uv": [7.25, 8.75, 7.375, 9.125], "texture": "#0"},
				"west": {"uv": [10, 4, 10.0625, 4.375], "texture": "#0"},
				"up": {"uv": [10.875, 9.3125, 10.75, 9.25], "texture": "#0"},
				"down": {"uv": [9.625, 10.75, 9.5, 10.8125], "texture": "#0"}
			}
		},
		{
			"from": [8.5, -10.45234, 12.64001],
			"to": [8.9, -8.85234, 12.84001],
			"rotation": {"angle": -22.5, "axis": "x", "origin": [0, 17.54766, -1.05999]},
			"faces": {
				"north": {"uv": [7.5, 8.75, 7.625, 9.125], "texture": "#0"},
				"east": {"uv": [4.25, 10, 4.3125, 10.375], "texture": "#0"},
				"south": {"uv": [8.75, 7.5, 8.875, 7.875], "texture": "#0"},
				"west": {"uv": [4.5, 10, 4.5625, 10.375], "texture": "#0"},
				"up": {"uv": [10.875, 9.5625, 10.75, 9.5], "texture": "#0"},
				"down": {"uv": [9.875, 10.75, 9.75, 10.8125], "texture": "#0"}
			}
		},
		{
			"from": [7.1, -10.45234, 12.64001],
			"to": [7.5, -8.85234, 12.84001],
			"rotation": {"angle": -22.5, "axis": "x", "origin": [16, 17.54766, -1.05999]},
			"faces": {
				"north": {"uv": [7.75, 8.75, 7.875, 9.125], "texture": "#0"},
				"east": {"uv": [10, 4.5, 10.0625, 4.875], "texture": "#0"},
				"south": {"uv": [8, 8.75, 8.125, 9.125], "texture": "#0"},
				"west": {"uv": [5, 10, 5.0625, 10.375], "texture": "#0"},
				"up": {"uv": [10.875, 9.8125, 10.75, 9.75], "texture": "#0"},
				"down": {"uv": [10.125, 10.75, 10, 10.8125], "texture": "#0"}
			}
		},
		{
			"from": [7.1, 8.56096, 20.06115],
			"to": [7.5, 10.16096, 20.26115],
			"rotation": {"angle": 22.5, "axis": "x", "origin": [16, 0.16096, -0.63885]},
			"faces": {
				"north": {"uv": [8.75, 8, 8.875, 8.375], "texture": "#0"},
				"east": {"uv": [10, 5, 10.0625, 5.375], "texture": "#0"},
				"south": {"uv": [8.25, 8.75, 8.375, 9.125], "texture": "#0"},
				"west": {"uv": [5.25, 10, 5.3125, 10.375], "texture": "#0"},
				"up": {"uv": [10.875, 10.0625, 10.75, 10], "texture": "#0"},
				"down": {"uv": [10.375, 10.75, 10.25, 10.8125], "texture": "#0"}
			}
		},
		{
			"from": [8.6, -1, 16.1],
			"to": [8.8, -0.6, 21.7],
			"faces": {
				"north": {"uv": [10.75, 10.25, 10.8125, 10.375], "texture": "#0"},
				"east": {"uv": [0.5, 6.25, 1.875, 6.375], "texture": "#0"},
				"south": {"uv": [10.5, 10.75, 10.5625, 10.875], "texture": "#0"},
				"west": {"uv": [6.25, 1.25, 7.625, 1.375], "texture": "#0"},
				"up": {"uv": [6.5625, 9.125, 6.5, 7.75], "texture": "#0"},
				"down": {"uv": [7.8125, 7, 7.75, 8.375], "texture": "#0"}
			}
		},
		{
			"from": [7.2, -1, 16.1],
			"to": [7.4, -0.6, 21.7],
			"faces": {
				"north": {"uv": [10.75, 10.5, 10.8125, 10.625], "texture": "#0"},
				"east": {"uv": [6.25, 1.5, 7.625, 1.625], "texture": "#0"},
				"south": {"uv": [10.75, 10.75, 10.8125, 10.875], "texture": "#0"},
				"west": {"uv": [6.25, 1.75, 7.625, 1.875], "texture": "#0"},
				"up": {"uv": [8.0625, 2.625, 8, 1.25], "texture": "#0"},
				"down": {"uv": [8.0625, 3.75, 8, 5.125], "texture": "#0"}
			}
		},
		{
			"from": [7.2, -0.5, 15.7],
			"to": [7.3, -0.4, 15.9],
			"faces": {
				"north": {"uv": [11.25, 6.25, 11.3125, 6.3125], "texture": "#0"},
				"east": {"uv": [6.5, 11.25, 6.5625, 11.3125], "texture": "#0"},
				"south": {"uv": [11.25, 6.5, 11.3125, 6.5625], "texture": "#0"},
				"west": {"uv": [6.75, 11.25, 6.8125, 11.3125], "texture": "#0"},
				"up": {"uv": [11.3125, 6.8125, 11.25, 6.75], "texture": "#0"},
				"down": {"uv": [7.0625, 11.25, 7, 11.3125], "texture": "#0"}
			}
		},
		{
			"from": [7.2, -1.2, 15.7],
			"to": [7.3, -1.1, 15.9],
			"faces": {
				"north": {"uv": [11.25, 7, 11.3125, 7.0625], "texture": "#0"},
				"east": {"uv": [7.25, 11.25, 7.3125, 11.3125], "texture": "#0"},
				"south": {"uv": [11.25, 7.25, 11.3125, 7.3125], "texture": "#0"},
				"west": {"uv": [7.5, 11.25, 7.5625, 11.3125], "texture": "#0"},
				"up": {"uv": [11.3125, 7.5625, 11.25, 7.5], "texture": "#0"},
				"down": {"uv": [7.8125, 11.25, 7.75, 11.3125], "texture": "#0"}
			}
		},
		{
			"from": [6.9, -3.7, 15.3],
			"to": [7.1, -3.3, 15.7],
			"faces": {
				"north": {"uv": [11.25, 7, 11.3125, 7.0625], "texture": "#0"},
				"east": {"uv": [7.25, 11.25, 7.3125, 11.3125], "texture": "#0"},
				"south": {"uv": [11.25, 7.25, 11.3125, 7.3125], "texture": "#0"},
				"west": {"uv": [7.5, 11.25, 7.5625, 11.3125], "texture": "#0"},
				"up": {"uv": [11.3125, 7.5625, 11.25, 7.5], "texture": "#0"},
				"down": {"uv": [7.8125, 11.25, 7.75, 11.3125], "texture": "#0"}
			}
		},
		{
			"from": [6.8, -0.5, 7.5],
			"to": [6.9, -0.3, 7.7],
			"faces": {
				"north": {"uv": [11.25, 7, 11.3125, 7.0625], "texture": "#0"},
				"east": {"uv": [7.25, 11.25, 7.3125, 11.3125], "texture": "#0"},
				"south": {"uv": [11.25, 7.25, 11.3125, 7.3125], "texture": "#0"},
				"west": {"uv": [7.5, 11.25, 7.5625, 11.3125], "texture": "#0"},
				"up": {"uv": [11.3125, 7.5625, 11.25, 7.5], "texture": "#0"},
				"down": {"uv": [7.8125, 11.25, 7.75, 11.3125], "texture": "#0"}
			}
		},
		{
			"from": [6.7, -0.3, 13.5],
			"to": [6.8, 0.1, 13.9],
			"faces": {
				"north": {"uv": [11.25, 7, 11.3125, 7.0625], "texture": "#0"},
				"east": {"uv": [7.25, 11.25, 7.3125, 11.3125], "texture": "#0"},
				"south": {"uv": [11.25, 7.25, 11.3125, 7.3125], "texture": "#0"},
				"west": {"uv": [7.5, 11.25, 7.5625, 11.3125], "texture": "#0"},
				"up": {"uv": [11.3125, 7.5625, 11.25, 7.5], "texture": "#0"},
				"down": {"uv": [7.8125, 11.25, 7.75, 11.3125], "texture": "#0"}
			}
		},
		{
			"from": [6.8, -2, 8.9],
			"to": [7, -1.7, 9.3],
			"faces": {
				"north": {"uv": [11.25, 7, 11.3125, 7.0625], "texture": "#0"},
				"east": {"uv": [7.25, 11.25, 7.3125, 11.3125], "texture": "#0"},
				"south": {"uv": [11.25, 7.25, 11.3125, 7.3125], "texture": "#0"},
				"west": {"uv": [7.5, 11.25, 7.5625, 11.3125], "texture": "#0"},
				"up": {"uv": [11.3125, 7.5625, 11.25, 7.5], "texture": "#0"},
				"down": {"uv": [7.8125, 11.25, 7.75, 11.3125], "texture": "#0"}
			}
		},
		{
			"from": [9.2, -0.3, 13.5],
			"to": [9.3, 0.1, 13.9],
			"rotation": {"angle": 0, "axis": "y", "origin": [16, 0, 0]},
			"faces": {
				"north": {"uv": [11.3125, 7, 11.25, 7.0625], "texture": "#0"},
				"east": {"uv": [7.5625, 11.25, 7.5, 11.3125], "texture": "#0"},
				"south": {"uv": [11.3125, 7.25, 11.25, 7.3125], "texture": "#0"},
				"west": {"uv": [7.3125, 11.25, 7.25, 11.3125], "texture": "#0"},
				"up": {"uv": [11.25, 7.5625, 11.3125, 7.5], "texture": "#0"},
				"down": {"uv": [7.75, 11.25, 7.8125, 11.3125], "texture": "#0"}
			}
		},
		{
			"from": [9.1, -0.5, 7.5],
			"to": [9.2, -0.3, 7.7],
			"rotation": {"angle": 0, "axis": "y", "origin": [16, 0, 0]},
			"faces": {
				"north": {"uv": [11.3125, 7, 11.25, 7.0625], "texture": "#0"},
				"east": {"uv": [7.5625, 11.25, 7.5, 11.3125], "texture": "#0"},
				"south": {"uv": [11.3125, 7.25, 11.25, 7.3125], "texture": "#0"},
				"west": {"uv": [7.3125, 11.25, 7.25, 11.3125], "texture": "#0"},
				"up": {"uv": [11.25, 7.5625, 11.3125, 7.5], "texture": "#0"},
				"down": {"uv": [7.75, 11.25, 7.8125, 11.3125], "texture": "#0"}
			}
		},
		{
			"from": [9, -2, 8.9],
			"to": [9.2, -1.7, 9.3],
			"rotation": {"angle": 0, "axis": "y", "origin": [16, 0, 0]},
			"faces": {
				"north": {"uv": [11.3125, 7, 11.25, 7.0625], "texture": "#0"},
				"east": {"uv": [7.5625, 11.25, 7.5, 11.3125], "texture": "#0"},
				"south": {"uv": [11.3125, 7.25, 11.25, 7.3125], "texture": "#0"},
				"west": {"uv": [7.3125, 11.25, 7.25, 11.3125], "texture": "#0"},
				"up": {"uv": [11.25, 7.5625, 11.3125, 7.5], "texture": "#0"},
				"down": {"uv": [7.75, 11.25, 7.8125, 11.3125], "texture": "#0"}
			}
		},
		{
			"from": [8.9, -3.7, 15.3],
			"to": [9.1, -3.3, 15.7],
			"rotation": {"angle": 0, "axis": "y", "origin": [16, 0, 0]},
			"faces": {
				"north": {"uv": [11.3125, 7, 11.25, 7.0625], "texture": "#0"},
				"east": {"uv": [7.5625, 11.25, 7.5, 11.3125], "texture": "#0"},
				"south": {"uv": [11.3125, 7.25, 11.25, 7.3125], "texture": "#0"},
				"west": {"uv": [7.3125, 11.25, 7.25, 11.3125], "texture": "#0"},
				"up": {"uv": [11.25, 7.5625, 11.3125, 7.5], "texture": "#0"},
				"down": {"uv": [7.75, 11.25, 7.8125, 11.3125], "texture": "#0"}
			}
		},
		{
			"from": [8.7, -1.1, 15.5],
			"to": [8.9, -0.5, 16.1],
			"rotation": {"angle": 0, "axis": "y", "origin": [16, 0, 0]},
			"faces": {
				"north": {"uv": [0, 11, 0.0625, 11.125], "texture": "#0"},
				"east": {"uv": [5.25, 10.5, 5.375, 10.625], "texture": "#0"},
				"south": {"uv": [11, 0, 11.0625, 0.125], "texture": "#0"},
				"west": {"uv": [10.5, 5.5, 10.625, 5.625], "texture": "#0"},
				"up": {"uv": [0.3125, 11.125, 0.25, 11], "texture": "#0"},
				"down": {"uv": [11.0625, 0.25, 11, 0.375], "texture": "#0"}
			}
		},
		{
			"from": [8.7, -0.5, 15.7],
			"to": [8.8, -0.4, 15.9],
			"rotation": {"angle": 0, "axis": "y", "origin": [16, 0, 0]},
			"faces": {
				"north": {"uv": [11.25, 7.75, 11.3125, 7.8125], "texture": "#0"},
				"east": {"uv": [8, 11.25, 8.0625, 11.3125], "texture": "#0"},
				"south": {"uv": [11.25, 8, 11.3125, 8.0625], "texture": "#0"},
				"west": {"uv": [8.25, 11.25, 8.3125, 11.3125], "texture": "#0"},
				"up": {"uv": [11.3125, 8.3125, 11.25, 8.25], "texture": "#0"},
				"down": {"uv": [8.5625, 11.25, 8.5, 11.3125], "texture": "#0"}
			}
		},
		{
			"from": [8.6, -1.3, 15.4],
			"to": [8.7, -0.3, 16.3],
			"rotation": {"angle": 0, "axis": "y", "origin": [16, 0, 0]},
			"faces": {
				"north": {"uv": [5.75, 10.5, 5.8125, 10.75], "texture": "#0"},
				"east": {"uv": [6.5, 3.5, 6.75, 3.75], "texture": "#0"},
				"south": {"uv": [6, 10.5, 6.0625, 10.75], "texture": "#0"},
				"west": {"uv": [4.25, 7, 4.5, 7.25], "texture": "#0"},
				"up": {"uv": [6.5625, 10.75, 6.5, 10.5], "texture": "#0"},
				"down": {"uv": [6.8125, 10.5, 6.75, 10.75], "texture": "#0"}
			}
		},
		{
			"from": [8.7, -1.2, 15.7],
			"to": [8.8, -1.1, 15.9],
			"rotation": {"angle": 0, "axis": "y", "origin": [16, 0, 0]},
			"faces": {
				"north": {"uv": [11.25, 8.5, 11.3125, 8.5625], "texture": "#0"},
				"east": {"uv": [8.75, 11.25, 8.8125, 11.3125], "texture": "#0"},
				"south": {"uv": [11.25, 8.75, 11.3125, 8.8125], "texture": "#0"},
				"west": {"uv": [9, 11.25, 9.0625, 11.3125], "texture": "#0"},
				"up": {"uv": [11.3125, 9.0625, 11.25, 9], "texture": "#0"},
				"down": {"uv": [9.3125, 11.25, 9.25, 11.3125], "texture": "#0"}
			}
		},
		{
			"from": [6.8, 5.4, 7.3],
			"to": [7.2, 5.6, 8.7],
			"rotation": {"angle": 45, "axis": "x", "origin": [0, 0, 0.3]},
			"faces": {
				"north": {"uv": [0.5, 11, 0.625, 11.0625], "texture": "#0"},
				"east": {"uv": [10, 3.5, 10.375, 3.5625], "texture": "#0"},
				"south": {"uv": [11, 0.5, 11.125, 0.5625], "texture": "#0"},
				"west": {"uv": [5.5, 10, 5.875, 10.0625], "texture": "#0"},
				"up": {"uv": [8.875, 8.875, 8.75, 8.5], "texture": "#0"},
				"down": {"uv": [0.625, 9, 0.5, 9.375], "texture": "#0"}
			}
		},
		{
			"from": [6.8, -1.2, 8],
			"to": [7, -1, 9.2],
			"rotation": {"angle": 0, "axis": "y", "origin": [0, 0, 0.3]},
			"faces": {
				"north": {"uv": [11.25, 9.25, 11.3125, 9.3125], "texture": "#0"},
				"east": {"uv": [9.5, 10.25, 9.8125, 10.3125], "texture": "#0"},
				"south": {"uv": [9.5, 11.25, 9.5625, 11.3125], "texture": "#0"},
				"west": {"uv": [10.25, 9.5, 10.5625, 9.5625], "texture": "#0"},
				"up": {"uv": [10.3125, 10.0625, 10.25, 9.75], "texture": "#0"},
				"down": {"uv": [10.3125, 10.25, 10.25, 10.5625], "texture": "#0"}
			}
		},
		{
			"from": [6.8, -4.37336, 4.44645],
			"to": [7.2, -4.17336, 5.84645],
			"rotation": {"angle": -22.5, "axis": "x", "origin": [0, 2.82664, -1.05355]},
			"faces": {
				"north": {"uv": [0.75, 11, 0.875, 11.0625], "texture": "#0"},
				"east": {"uv": [10, 5.5, 10.375, 5.5625], "texture": "#0"},
				"south": {"uv": [11, 0.75, 11.125, 0.8125], "texture": "#0"},
				"west": {"uv": [6, 10, 6.375, 10.0625], "texture": "#0"},
				"up": {"uv": [0.875, 9.375, 0.75, 9], "texture": "#0"},
				"down": {"uv": [1.125, 9, 1, 9.375], "texture": "#0"}
			}
		},
		{
			"from": [6.8, -1, 8.7],
			"to": [6.9, -0.6, 15.4],
			"faces": {
				"north": {"uv": [1, 11, 1.0625, 11.125], "texture": "#0"},
				"east": {"uv": [5.25, 4.75, 6.9375, 4.875], "texture": "#0"},
				"south": {"uv": [11, 1, 11.0625, 1.125], "texture": "#0"},
				"west": {"uv": [5.25, 5, 6.9375, 5.125], "texture": "#0"},
				"up": {"uv": [5.5625, 9.1875, 5.5, 7.5], "texture": "#0"},
				"down": {"uv": [6.8125, 7.5, 6.75, 9.1875], "texture": "#0"}
			}
		},
		{
			"from": [6.8, -0.4, 9.7],
			"to": [7, 0.9, 15.4],
			"rotation": {"angle": 0, "axis": "y", "origin": [0, -0.3, 0]},
			"faces": {
				"north": {"uv": [0.25, 10.5, 0.3125, 10.8125], "texture": "#0"},
				"east": {"uv": [3, 0, 4.4375, 0.3125], "texture": "#0"},
				"south": {"uv": [0.5, 10.5, 0.5625, 10.8125], "texture": "#0"},
				"west": {"uv": [3, 0.5, 4.4375, 0.8125], "texture": "#0"},
				"up": {"uv": [3.5625, 9.1875, 3.5, 7.75], "texture": "#0"},
				"down": {"uv": [4.3125, 7.75, 4.25, 9.1875], "texture": "#0"}
			}
		},
		{
			"from": [6.8, -0.1, 7.1],
			"to": [7, 0.9, 9.7],
			"rotation": {"angle": 0, "axis": "y", "origin": [0, -0.3, 0]},
			"faces": {
				"north": {"uv": [7, 10.5, 7.0625, 10.75], "texture": "#0"},
				"east": {"uv": [6.25, 5.5, 6.875, 5.75], "texture": "#0"},
				"south": {"uv": [7.25, 10.5, 7.3125, 10.75], "texture": "#0"},
				"west": {"uv": [6.25, 5.75, 6.875, 6], "texture": "#0"},
				"up": {"uv": [7.0625, 9.875, 7, 9.25], "texture": "#0"},
				"down": {"uv": [7.3125, 9.25, 7.25, 9.875], "texture": "#0"}
			}
		},
		{
			"from": [6.8, 5.4435, 7.89254],
			"to": [6.9, 5.7435, 8.39254],
			"rotation": {"angle": 45, "axis": "x", "origin": [0, 0.9435, 1.99254]},
			"faces": {
				"north": {"uv": [11.25, 9.5, 11.3125, 9.5625], "texture": "#0"},
				"east": {"uv": [1.25, 11, 1.375, 11.0625], "texture": "#0"},
				"south": {"uv": [9.75, 11.25, 9.8125, 11.3125], "texture": "#0"},
				"west": {"uv": [11, 1.25, 11.125, 1.3125], "texture": "#0"},
				"up": {"uv": [1.5625, 11.125, 1.5, 11], "texture": "#0"},
				"down": {"uv": [11.0625, 1.5, 11, 1.625], "texture": "#0"}
			}
		},
		{
			"from": [9, -0.1, 7.1],
			"to": [9.2, 0.9, 9.7],
			"rotation": {"angle": 0, "axis": "y", "origin": [16, -0.3, 0]},
			"faces": {
				"north": {"uv": [7.5, 10.5, 7.5625, 10.75], "texture": "#0"},
				"east": {"uv": [6.25, 6, 6.875, 6.25], "texture": "#0"},
				"south": {"uv": [10.5, 7.5, 10.5625, 7.75], "texture": "#0"},
				"west": {"uv": [6.25, 6.25, 6.875, 6.5], "texture": "#0"},
				"up": {"uv": [7.5625, 9.875, 7.5, 9.25], "texture": "#0"},
				"down": {"uv": [9.3125, 7.5, 9.25, 8.125], "texture": "#0"}
			}
		},
		{
			"from": [9, -0.4, 9.7],
			"to": [9.2, 0.9, 15.4],
			"rotation": {"angle": 0, "axis": "y", "origin": [16, -0.3, 0]},
			"faces": {
				"north": {"uv": [1, 10.5, 1.0625, 10.8125], "texture": "#0"},
				"east": {"uv": [3, 1, 4.4375, 1.3125], "texture": "#0"},
				"south": {"uv": [1.25, 10.5, 1.3125, 10.8125], "texture": "#0"},
				"west": {"uv": [3, 1.5, 4.4375, 1.8125], "texture": "#0"},
				"up": {"uv": [4.5625, 9.1875, 4.5, 7.75], "texture": "#0"},
				"down": {"uv": [4.8125, 7.75, 4.75, 9.1875], "texture": "#0"}
			}
		},
		{
			"from": [9, 5.4435, 7.89254],
			"to": [9.2, 5.7435, 8.39254],
			"rotation": {"angle": 45, "axis": "x", "origin": [16, 0.9435, 1.99254]},
			"faces": {
				"north": {"uv": [11.25, 9.75, 11.3125, 9.8125], "texture": "#0"},
				"east": {"uv": [1.75, 11, 1.875, 11.0625], "texture": "#0"},
				"south": {"uv": [10, 11.25, 10.0625, 11.3125], "texture": "#0"},
				"west": {"uv": [11, 1.75, 11.125, 1.8125], "texture": "#0"},
				"up": {"uv": [2.0625, 11.125, 2, 11], "texture": "#0"},
				"down": {"uv": [11.0625, 2, 11, 2.125], "texture": "#0"}
			}
		},
		{
			"from": [8.9, -2, 10.1],
			"to": [9.1, -1.2, 15.4],
			"rotation": {"angle": 0, "axis": "y", "origin": [16, 0, 0]},
			"faces": {
				"north": {"uv": [10.75, 4.25, 10.8125, 4.4375], "texture": "#0"},
				"east": {"uv": [5, 3.25, 6.3125, 3.4375], "texture": "#0"},
				"south": {"uv": [4.5, 10.75, 4.5625, 10.9375], "texture": "#0"},
				"west": {"uv": [5, 3.5, 6.3125, 3.6875], "texture": "#0"},
				"up": {"uv": [0.0625, 9.5625, 0, 8.25], "texture": "#0"},
				"down": {"uv": [0.3125, 8.25, 0.25, 9.5625], "texture": "#0"}
			}
		},
		{
			"from": [7, 1.10057, 9.11239],
			"to": [9, 2.30057, 10.11239],
			"rotation": {"angle": 22.5, "axis": "x", "origin": [0, 3.10057, 1.61239]},
			"faces": {
				"north": {"uv": [5.25, 6.25, 5.75, 6.5625], "texture": "#0"},
				"east": {"uv": [7.75, 5.75, 8, 6.0625], "texture": "#0"},
				"south": {"uv": [6.5, 0, 7, 0.3125], "texture": "#0"},
				"west": {"uv": [1.5, 8.25, 1.75, 8.5625], "texture": "#0"},
				"up": {"uv": [7.5, 5, 7, 4.75], "texture": "#0"},
				"down": {"uv": [7.5, 5, 7, 5.25], "texture": "#0"}
			}
		},
		{
			"from": [7, 4.1002, 9.97282],
			"to": [9, 4.8002, 10.97282],
			"rotation": {"angle": 45, "axis": "x", "origin": [0, 5.1002, 2.47282]},
			"faces": {
				"north": {"uv": [7.5, 4, 8, 4.1875], "texture": "#0"},
				"east": {"uv": [8.75, 6, 9, 6.1875], "texture": "#0"},
				"south": {"uv": [7.5, 6.5, 8, 6.6875], "texture": "#0"},
				"west": {"uv": [9, 1.5, 9.25, 1.6875], "texture": "#0"},
				"up": {"uv": [7.5, 5.75, 7, 5.5], "texture": "#0"},
				"down": {"uv": [7.5, 5.75, 7, 6], "texture": "#0"}
			}
		},
		{
			"from": [7, -0.91021, 7.06901],
			"to": [9, 0.88979, 8.76901],
			"rotation": {"angle": 0, "axis": "x", "origin": [0, 7.58979, 3.06901]},
			"faces": {
				"north": {"uv": [0.5, 5.25, 1, 5.6875], "texture": "#0"},
				"east": {"uv": [5.75, 5.5, 6.1875, 5.9375], "texture": "#0"},
				"south": {"uv": [5.25, 1, 5.75, 1.4375], "texture": "#0"},
				"west": {"uv": [6, 0, 6.4375, 0.4375], "texture": "#0"},
				"up": {"uv": [5.75, 1.9375, 5.25, 1.5], "texture": "#0"},
				"down": {"uv": [5.75, 2, 5.25, 2.4375], "texture": "#0"}
			}
		},
		{
			"from": [7.4, -9.76396, 16.82061],
			"to": [8.6, -8.26396, 17.02061],
			"rotation": {"angle": -45, "axis": "x", "origin": [-0.4, -4.36396, 4.12061]},
			"faces": {
				"north": {"uv": [1.5, 7.25, 1.8125, 7.625], "texture": "#0"},
				"east": {"uv": [6.5, 10, 6.5625, 10.375], "texture": "#0"},
				"south": {"uv": [7.25, 2, 7.5625, 2.375], "texture": "#0"},
				"west": {"uv": [6.75, 10, 6.8125, 10.375], "texture": "#0"},
				"up": {"uv": [10.8125, 0.0625, 10.5, 0], "texture": "#0"},
				"down": {"uv": [10.8125, 0.75, 10.5, 0.8125], "texture": "#0"}
			}
		},
		{
			"from": [7.4, -9.76396, 16.22061],
			"to": [8.6, -8.26396, 16.72061],
			"rotation": {"angle": -45, "axis": "x", "origin": [-0.4, -4.36396, 4.12061]},
			"faces": {
				"north": {"uv": [7.25, 2.5, 7.5625, 2.875], "texture": "#0"},
				"east": {"uv": [9, 1.75, 9.125, 2.125], "texture": "#0"},
				"south": {"uv": [7.25, 3.5, 7.5625, 3.875], "texture": "#0"},
				"west": {"uv": [2, 9, 2.125, 9.375], "texture": "#0"},
				"up": {"uv": [8.0625, 9.375, 7.75, 9.25], "texture": "#0"},
				"down": {"uv": [9.5625, 8.25, 9.25, 8.375], "texture": "#0"}
			}
		},
		{
			"from": [7.4, -13.2397, 15.40051],
			"to": [8.6, -9.9397, 15.80051],
			"rotation": {"angle": -45, "axis": "x", "origin": [-0.4, -6.1397, 6.10051]},
			"faces": {
				"north": {"uv": [1, 4.75, 1.3125, 5.5625], "texture": "#0"},
				"east": {"uv": [7.5, 5.5, 7.625, 6.3125], "texture": "#0"},
				"south": {"uv": [1.5, 4.75, 1.8125, 5.5625], "texture": "#0"},
				"west": {"uv": [7, 7.5, 7.125, 8.3125], "texture": "#0"},
				"up": {"uv": [9.5625, 8.625, 9.25, 8.5], "texture": "#0"},
				"down": {"uv": [9.5625, 8.75, 9.25, 8.875], "texture": "#0"}
			}
		},
		{
			"from": [7.4, -12.05103, 13.4702],
			"to": [8.6, -8.85103, 13.8702],
			"rotation": {"angle": -45, "axis": "x", "origin": [-0.4, -6.35103, 6.5702]},
			"faces": {
				"north": {"uv": [2, 4.75, 2.3125, 5.5625], "texture": "#0"},
				"east": {"uv": [7.25, 7.5, 7.375, 8.3125], "texture": "#0"},
				"south": {"uv": [3.25, 4.75, 3.5625, 5.5625], "texture": "#0"},
				"west": {"uv": [7.5, 7.5, 7.625, 8.3125], "texture": "#0"},
				"up": {"uv": [9.5625, 9.125, 9.25, 9], "texture": "#0"},
				"down": {"uv": [9.5625, 9.25, 9.25, 9.375], "texture": "#0"}
			}
		},
		{
			"from": [7.1, -12.55103, 13.8702],
			"to": [8.9, -8.85103, 15.7702],
			"rotation": {"angle": -45, "axis": "x", "origin": [-0.4, -6.35103, 6.5702]},
			"faces": {
				"north": {"uv": [0, 3.25, 0.4375, 4.1875], "texture": "#0"},
				"east": {"uv": [2.5, 1, 3, 1.9375], "texture": "#0"},
				"south": {"uv": [0.5, 3.25, 0.9375, 4.1875], "texture": "#0"},
				"west": {"uv": [2.5, 2, 3, 2.9375], "texture": "#0"},
				"up": {"uv": [2.9375, 5.75, 2.5, 5.25], "texture": "#0"},
				"down": {"uv": [4.1875, 5.25, 3.75, 5.75], "texture": "#0"}
			}
		},
		{
			"from": [7.4, -5.20122, 17.5799],
			"to": [8.6, -4.30122, 17.9799],
			"rotation": {"angle": 0, "axis": "x", "origin": [-0.4, -5.80122, 6.0799]},
			"faces": {
				"north": {"uv": [8.25, 2.5, 8.5625, 2.75], "texture": "#0"},
				"east": {"uv": [9.75, 2.25, 9.875, 2.5], "texture": "#0"},
				"south": {"uv": [8.25, 2.75, 8.5625, 3], "texture": "#0"},
				"west": {"uv": [2.5, 9.75, 2.625, 10], "texture": "#0"},
				"up": {"uv": [0.8125, 9.625, 0.5, 9.5], "texture": "#0"},
				"down": {"uv": [9.8125, 0.5, 9.5, 0.625], "texture": "#0"}
			}
		},
		{
			"from": [7.1, -5.10122, 17.0799],
			"to": [8.9, -4.20122, 17.4799],
			"rotation": {"angle": 0, "axis": "x", "origin": [-0.4, -5.80122, 6.0799]},
			"faces": {
				"north": {"uv": [7.25, 7, 7.6875, 7.25], "texture": "#0"},
				"east": {"uv": [2.75, 9.75, 2.875, 10], "texture": "#0"},
				"south": {"uv": [7.25, 7.25, 7.6875, 7.5], "texture": "#0"},
				"west": {"uv": [3.25, 9.75, 3.375, 10], "texture": "#0"},
				"up": {"uv": [0.9375, 8.875, 0.5, 8.75], "texture": "#0"},
				"down": {"uv": [9.1875, 1.25, 8.75, 1.375], "texture": "#0"}
			}
		},
		{
			"from": [7.1, -5.00122, 17.4799],
			"to": [8.9, -4.30122, 17.5799],
			"rotation": {"angle": 0, "axis": "x", "origin": [-0.4, -5.80122, 6.0799]},
			"faces": {
				"north": {"uv": [8, 0.5, 8.4375, 0.6875], "texture": "#0"},
				"east": {"uv": [10.75, 4.5, 10.8125, 4.6875], "texture": "#0"},
				"south": {"uv": [0.5, 8.25, 0.9375, 8.4375], "texture": "#0"},
				"west": {"uv": [4.75, 10.75, 4.8125, 10.9375], "texture": "#0"},
				"up": {"uv": [10.1875, 7.8125, 9.75, 7.75], "texture": "#0"},
				"down": {"uv": [10.1875, 8.25, 9.75, 8.3125], "texture": "#0"}
			}
		},
		{
			"from": [7.4, -6.11966, 15.36259],
			"to": [8.6, -5.21966, 15.76259],
			"rotation": {"angle": 0, "axis": "x", "origin": [-0.4, -6.71966, 6.66259]},
			"faces": {
				"north": {"uv": [8.25, 3.5, 8.5625, 3.75], "texture": "#0"},
				"east": {"uv": [9.75, 3.25, 9.875, 3.5], "texture": "#0"},
				"south": {"uv": [8.25, 3.75, 8.5625, 4], "texture": "#0"},
				"west": {"uv": [9.75, 3.5, 9.875, 3.75], "texture": "#0"},
				"up": {"uv": [9.8125, 0.875, 9.5, 0.75], "texture": "#0"},
				"down": {"uv": [9.8125, 1, 9.5, 1.125], "texture": "#0"}
			}
		},
		{
			"from": [7.4, 13.59899, 25.92355],
			"to": [8.6, 15.89899, 27.52355],
			"rotation": {"angle": 45, "axis": "x", "origin": [-0.4, 20.29899, 2.42355]},
			"faces": {
				"north": {"uv": [5.75, 6, 6.0625, 6.5625], "texture": "#0"},
				"east": {"uv": [0, 5.5, 0.375, 6.0625], "texture": "#0"},
				"south": {"uv": [0, 6.25, 0.3125, 6.8125], "texture": "#0"},
				"west": {"uv": [5.5, 0, 5.875, 0.5625], "texture": "#0"},
				"up": {"uv": [4.5625, 7.625, 4.25, 7.25], "texture": "#0"},
				"down": {"uv": [7.5625, 4.25, 7.25, 4.625], "texture": "#0"}
			}
		},
		{
			"from": [7.4, -8.79399, 4.71784],
			"to": [8.6, -8.39399, 7.11784],
			"rotation": {"angle": -22.5, "axis": "x", "origin": [-0.4, 20.30601, 3.51784]},
			"faces": {
				"north": {"uv": [1.75, 9.5, 2.0625, 9.625], "texture": "#0"},
				"east": {"uv": [8.25, 4, 8.875, 4.125], "texture": "#0"},
				"south": {"uv": [9.5, 1.75, 9.8125, 1.875], "texture": "#0"},
				"west": {"uv": [8.25, 4.25, 8.875, 4.375], "texture": "#0"},
				"up": {"uv": [2.8125, 6.375, 2.5, 5.75], "texture": "#0"},
				"down": {"uv": [3.3125, 5.75, 3, 6.375], "texture": "#0"}
			}
		},
		{
			"from": [7.1, -8.39399, 4.91784],
			"to": [8.9, -7.89399, 6.81784],
			"rotation": {"angle": -22.5, "axis": "x", "origin": [-0.4, 20.30601, 3.51784]},
			"faces": {
				"north": {"uv": [8.75, 2.5, 9.1875, 2.625], "texture": "#0"},
				"east": {"uv": [7, 8.5, 7.5, 8.625], "texture": "#0"},
				"south": {"uv": [8.75, 2.75, 9.1875, 2.875], "texture": "#0"},
				"west": {"uv": [8.5, 7, 9, 7.125], "texture": "#0"},
				"up": {"uv": [4.6875, 5.75, 4.25, 5.25], "texture": "#0"},
				"down": {"uv": [5.6875, 4.25, 5.25, 4.75], "texture": "#0"}
			}
		},
		{
			"from": [7.4, -0.56066, 15.96066],
			"to": [8.6, 0.93934, 17.06066],
			"rotation": {"angle": 0, "axis": "x", "origin": [-0.4, -4.16066, 4.16066]},
			"faces": {
				"north": {"uv": [4.75, 7.25, 5.0625, 7.625], "texture": "#0"},
				"east": {"uv": [3, 5.25, 3.25, 5.625], "texture": "#0"},
				"south": {"uv": [6.25, 7.25, 6.5625, 7.625], "texture": "#0"},
				"west": {"uv": [4.5, 5.75, 4.75, 6.125], "texture": "#0"},
				"up": {"uv": [8.5625, 4.75, 8.25, 4.5], "texture": "#0"},
				"down": {"uv": [8.5625, 4.75, 8.25, 5], "texture": "#0"}
			}
		},
		{
			"from": [7.4, -3.23976, 13.217],
			"to": [8.6, -1.93976, 13.617],
			"rotation": {"angle": 0, "axis": "x", "origin": [-0.4, -5.23976, 4.417]},
			"faces": {
				"north": {"uv": [7.5, 4.75, 7.8125, 5.0625], "texture": "#0"},
				"east": {"uv": [8.25, 9.25, 8.375, 9.5625], "texture": "#0"},
				"south": {"uv": [0, 7.75, 0.3125, 8.0625], "texture": "#0"},
				"west": {"uv": [1, 9.5, 1.125, 9.8125], "texture": "#0"},
				"up": {"uv": [9.8125, 2.125, 9.5, 2], "texture": "#0"},
				"down": {"uv": [2.5625, 9.5, 2.25, 9.625], "texture": "#0"}
			}
		},
		{
			"from": [7.6, -3.43976, 11.517],
			"to": [8.4, -3.23976, 13.417],
			"rotation": {"angle": 0, "axis": "x", "origin": [-0.4, -5.23976, 4.417]},
			"faces": {
				"north": {"uv": [10.75, 4.75, 10.9375, 4.8125], "texture": "#0"},
				"east": {"uv": [9.75, 3.75, 10.25, 3.8125], "texture": "#0"},
				"south": {"uv": [5, 10.75, 5.1875, 10.8125], "texture": "#0"},
				"west": {"uv": [4.25, 9.75, 4.75, 9.8125], "texture": "#0"},
				"up": {"uv": [7.9375, 1.75, 7.75, 1.25], "texture": "#0"},
				"down": {"uv": [1.6875, 7.75, 1.5, 8.25], "texture": "#0"}
			}
		},
		{
			"from": [7.6, -2.13976, 10.417],
			"to": [8.4, -1.93976, 13.217],
			"rotation": {"angle": 0, "axis": "x", "origin": [-0.4, -5.23976, 4.417]},
			"faces": {
				"north": {"uv": [10.75, 5, 10.9375, 5.0625], "texture": "#0"},
				"east": {"uv": [9, 6, 9.6875, 6.0625], "texture": "#0"},
				"south": {"uv": [5.25, 10.75, 5.4375, 10.8125], "texture": "#0"},
				"west": {"uv": [9, 6.5, 9.6875, 6.5625], "texture": "#0"},
				"up": {"uv": [3.4375, 7.6875, 3.25, 7], "texture": "#0"},
				"down": {"uv": [3.6875, 7, 3.5, 7.6875], "texture": "#0"}
			}
		},
		{
			"from": [7, -11.81463, 13.64802],
			"to": [7.1, -11.61463, 15.54802],
			"rotation": {"angle": -45, "axis": "x", "origin": [0.1, -5.71463, 7.34802]},
			"faces": {
				"north": {"uv": [10.75, 5, 10.9375, 5.0625], "texture": "#0"},
				"east": {"uv": [9, 6, 9.6875, 6.0625], "texture": "#0"},
				"south": {"uv": [5.25, 10.75, 5.4375, 10.8125], "texture": "#0"},
				"west": {"uv": [9, 6.5, 9.6875, 6.5625], "texture": "#0"},
				"up": {"uv": [3.4375, 7.6875, 3.25, 7], "texture": "#0"},
				"down": {"uv": [3.6875, 7, 3.5, 7.6875], "texture": "#0"}
			}
		},
		{
			"from": [7, -11.31463, 13.64802],
			"to": [7.1, -11.11463, 15.54802],
			"rotation": {"angle": -45, "axis": "x", "origin": [0.1, -5.71463, 7.34802]},
			"faces": {
				"north": {"uv": [10.75, 5, 10.9375, 5.0625], "texture": "#0"},
				"east": {"uv": [9, 6, 9.6875, 6.0625], "texture": "#0"},
				"south": {"uv": [5.25, 10.75, 5.4375, 10.8125], "texture": "#0"},
				"west": {"uv": [9, 6.5, 9.6875, 6.5625], "texture": "#0"},
				"up": {"uv": [3.4375, 7.6875, 3.25, 7], "texture": "#0"},
				"down": {"uv": [3.6875, 7, 3.5, 7.6875], "texture": "#0"}
			}
		},
		{
			"from": [7, -10.81463, 13.64802],
			"to": [7.1, -10.61463, 15.54802],
			"rotation": {"angle": -45, "axis": "x", "origin": [0.1, -5.71463, 7.34802]},
			"faces": {
				"north": {"uv": [10.75, 5, 10.9375, 5.0625], "texture": "#0"},
				"east": {"uv": [9, 6, 9.6875, 6.0625], "texture": "#0"},
				"south": {"uv": [5.25, 10.75, 5.4375, 10.8125], "texture": "#0"},
				"west": {"uv": [9, 6.5, 9.6875, 6.5625], "texture": "#0"},
				"up": {"uv": [3.4375, 7.6875, 3.25, 7], "texture": "#0"},
				"down": {"uv": [3.6875, 7, 3.5, 7.6875], "texture": "#0"}
			}
		},
		{
			"from": [7, -10.31463, 13.64802],
			"to": [7.1, -10.11463, 15.54802],
			"rotation": {"angle": -45, "axis": "x", "origin": [0.1, -5.71463, 7.34802]},
			"faces": {
				"north": {"uv": [10.75, 5, 10.9375, 5.0625], "texture": "#0"},
				"east": {"uv": [9, 6, 9.6875, 6.0625], "texture": "#0"},
				"south": {"uv": [5.25, 10.75, 5.4375, 10.8125], "texture": "#0"},
				"west": {"uv": [9, 6.5, 9.6875, 6.5625], "texture": "#0"},
				"up": {"uv": [3.4375, 7.6875, 3.25, 7], "texture": "#0"},
				"down": {"uv": [3.6875, 7, 3.5, 7.6875], "texture": "#0"}
			}
		},
		{
			"from": [7, -9.81463, 13.64802],
			"to": [7.1, -9.61463, 15.54802],
			"rotation": {"angle": -45, "axis": "x", "origin": [0.1, -5.71463, 7.34802]},
			"faces": {
				"north": {"uv": [10.75, 5, 10.9375, 5.0625], "texture": "#0"},
				"east": {"uv": [9, 6, 9.6875, 6.0625], "texture": "#0"},
				"south": {"uv": [5.25, 10.75, 5.4375, 10.8125], "texture": "#0"},
				"west": {"uv": [9, 6.5, 9.6875, 6.5625], "texture": "#0"},
				"up": {"uv": [3.4375, 7.6875, 3.25, 7], "texture": "#0"},
				"down": {"uv": [3.6875, 7, 3.5, 7.6875], "texture": "#0"}
			}
		},
		{
			"from": [7, -9.31463, 13.64802],
			"to": [7.1, -9.11463, 15.54802],
			"rotation": {"angle": -45, "axis": "x", "origin": [0.1, -5.71463, 7.34802]},
			"faces": {
				"north": {"uv": [10.75, 5, 10.9375, 5.0625], "texture": "#0"},
				"east": {"uv": [9, 6, 9.6875, 6.0625], "texture": "#0"},
				"south": {"uv": [5.25, 10.75, 5.4375, 10.8125], "texture": "#0"},
				"west": {"uv": [9, 6.5, 9.6875, 6.5625], "texture": "#0"},
				"up": {"uv": [3.4375, 7.6875, 3.25, 7], "texture": "#0"},
				"down": {"uv": [3.6875, 7, 3.5, 7.6875], "texture": "#0"}
			}
		},
		{
			"from": [7, -8.81463, 13.64802],
			"to": [7.1, -8.61463, 15.54802],
			"rotation": {"angle": -45, "axis": "x", "origin": [0.1, -5.71463, 7.34802]},
			"faces": {
				"north": {"uv": [10.75, 5, 10.9375, 5.0625], "texture": "#0"},
				"east": {"uv": [9, 6, 9.6875, 6.0625], "texture": "#0"},
				"south": {"uv": [5.25, 10.75, 5.4375, 10.8125], "texture": "#0"},
				"west": {"uv": [9, 6.5, 9.6875, 6.5625], "texture": "#0"},
				"up": {"uv": [3.4375, 7.6875, 3.25, 7], "texture": "#0"},
				"down": {"uv": [3.6875, 7, 3.5, 7.6875], "texture": "#0"}
			}
		},
		{
			"from": [7, -8.31463, 13.64802],
			"to": [7.1, -8.11463, 15.54802],
			"rotation": {"angle": -45, "axis": "x", "origin": [0.1, -5.71463, 7.34802]},
			"faces": {
				"north": {"uv": [10.75, 5, 10.9375, 5.0625], "texture": "#0"},
				"east": {"uv": [9, 6, 9.6875, 6.0625], "texture": "#0"},
				"south": {"uv": [5.25, 10.75, 5.4375, 10.8125], "texture": "#0"},
				"west": {"uv": [9, 6.5, 9.6875, 6.5625], "texture": "#0"},
				"up": {"uv": [3.4375, 7.6875, 3.25, 7], "texture": "#0"},
				"down": {"uv": [3.6875, 7, 3.5, 7.6875], "texture": "#0"}
			}
		},
		{
			"from": [8.9, -8.31463, 13.64802],
			"to": [9, -8.11463, 15.54802],
			"rotation": {"angle": -45, "axis": "x", "origin": [15.9, -5.71463, 7.34802]},
			"faces": {
				"north": {"uv": [10.9375, 5, 10.75, 5.0625], "texture": "#0"},
				"east": {"uv": [9.6875, 6.5, 9, 6.5625], "texture": "#0"},
				"south": {"uv": [5.4375, 10.75, 5.25, 10.8125], "texture": "#0"},
				"west": {"uv": [9.6875, 6, 9, 6.0625], "texture": "#0"},
				"up": {"uv": [3.25, 7.6875, 3.4375, 7], "texture": "#0"},
				"down": {"uv": [3.5, 7, 3.6875, 7.6875], "texture": "#0"}
			}
		},
		{
			"from": [8.9, -8.81463, 13.64802],
			"to": [9, -8.61463, 15.54802],
			"rotation": {"angle": -45, "axis": "x", "origin": [15.9, -5.71463, 7.34802]},
			"faces": {
				"north": {"uv": [10.9375, 5, 10.75, 5.0625], "texture": "#0"},
				"east": {"uv": [9.6875, 6.5, 9, 6.5625], "texture": "#0"},
				"south": {"uv": [5.4375, 10.75, 5.25, 10.8125], "texture": "#0"},
				"west": {"uv": [9.6875, 6, 9, 6.0625], "texture": "#0"},
				"up": {"uv": [3.25, 7.6875, 3.4375, 7], "texture": "#0"},
				"down": {"uv": [3.5, 7, 3.6875, 7.6875], "texture": "#0"}
			}
		},
		{
			"from": [8.9, -9.31463, 13.64802],
			"to": [9, -9.11463, 15.54802],
			"rotation": {"angle": -45, "axis": "x", "origin": [15.9, -5.71463, 7.34802]},
			"faces": {
				"north": {"uv": [10.9375, 5, 10.75, 5.0625], "texture": "#0"},
				"east": {"uv": [9.6875, 6.5, 9, 6.5625], "texture": "#0"},
				"south": {"uv": [5.4375, 10.75, 5.25, 10.8125], "texture": "#0"},
				"west": {"uv": [9.6875, 6, 9, 6.0625], "texture": "#0"},
				"up": {"uv": [3.25, 7.6875, 3.4375, 7], "texture": "#0"},
				"down": {"uv": [3.5, 7, 3.6875, 7.6875], "texture": "#0"}
			}
		},
		{
			"from": [8.9, -9.81463, 13.64802],
			"to": [9, -9.61463, 15.54802],
			"rotation": {"angle": -45, "axis": "x", "origin": [15.9, -5.71463, 7.34802]},
			"faces": {
				"north": {"uv": [10.9375, 5, 10.75, 5.0625], "texture": "#0"},
				"east": {"uv": [9.6875, 6.5, 9, 6.5625], "texture": "#0"},
				"south": {"uv": [5.4375, 10.75, 5.25, 10.8125], "texture": "#0"},
				"west": {"uv": [9.6875, 6, 9, 6.0625], "texture": "#0"},
				"up": {"uv": [3.25, 7.6875, 3.4375, 7], "texture": "#0"},
				"down": {"uv": [3.5, 7, 3.6875, 7.6875], "texture": "#0"}
			}
		},
		{
			"from": [8.9, -10.31463, 13.64802],
			"to": [9, -10.11463, 15.54802],
			"rotation": {"angle": -45, "axis": "x", "origin": [15.9, -5.71463, 7.34802]},
			"faces": {
				"north": {"uv": [10.9375, 5, 10.75, 5.0625], "texture": "#0"},
				"east": {"uv": [9.6875, 6.5, 9, 6.5625], "texture": "#0"},
				"south": {"uv": [5.4375, 10.75, 5.25, 10.8125], "texture": "#0"},
				"west": {"uv": [9.6875, 6, 9, 6.0625], "texture": "#0"},
				"up": {"uv": [3.25, 7.6875, 3.4375, 7], "texture": "#0"},
				"down": {"uv": [3.5, 7, 3.6875, 7.6875], "texture": "#0"}
			}
		},
		{
			"from": [8.9, -10.81463, 13.64802],
			"to": [9, -10.61463, 15.54802],
			"rotation": {"angle": -45, "axis": "x", "origin": [15.9, -5.71463, 7.34802]},
			"faces": {
				"north": {"uv": [10.9375, 5, 10.75, 5.0625], "texture": "#0"},
				"east": {"uv": [9.6875, 6.5, 9, 6.5625], "texture": "#0"},
				"south": {"uv": [5.4375, 10.75, 5.25, 10.8125], "texture": "#0"},
				"west": {"uv": [9.6875, 6, 9, 6.0625], "texture": "#0"},
				"up": {"uv": [3.25, 7.6875, 3.4375, 7], "texture": "#0"},
				"down": {"uv": [3.5, 7, 3.6875, 7.6875], "texture": "#0"}
			}
		},
		{
			"from": [8.9, -11.31463, 13.64802],
			"to": [9, -11.11463, 15.54802],
			"rotation": {"angle": -45, "axis": "x", "origin": [15.9, -5.71463, 7.34802]},
			"faces": {
				"north": {"uv": [10.9375, 5, 10.75, 5.0625], "texture": "#0"},
				"east": {"uv": [9.6875, 6.5, 9, 6.5625], "texture": "#0"},
				"south": {"uv": [5.4375, 10.75, 5.25, 10.8125], "texture": "#0"},
				"west": {"uv": [9.6875, 6, 9, 6.0625], "texture": "#0"},
				"up": {"uv": [3.25, 7.6875, 3.4375, 7], "texture": "#0"},
				"down": {"uv": [3.5, 7, 3.6875, 7.6875], "texture": "#0"}
			}
		},
		{
			"from": [8.9, -11.81463, 13.64802],
			"to": [9, -11.61463, 15.54802],
			"rotation": {"angle": -45, "axis": "x", "origin": [15.9, -5.71463, 7.34802]},
			"faces": {
				"north": {"uv": [10.9375, 5, 10.75, 5.0625], "texture": "#0"},
				"east": {"uv": [9.6875, 6.5, 9, 6.5625], "texture": "#0"},
				"south": {"uv": [5.4375, 10.75, 5.25, 10.8125], "texture": "#0"},
				"west": {"uv": [9.6875, 6, 9, 6.0625], "texture": "#0"},
				"up": {"uv": [3.25, 7.6875, 3.4375, 7], "texture": "#0"},
				"down": {"uv": [3.5, 7, 3.6875, 7.6875], "texture": "#0"}
			}
		},
		{
			"from": [7.8, -2.43976, 12.117],
			"to": [8.2, -2.13976, 12.517],
			"rotation": {"angle": 0, "axis": "x", "origin": [-0.4, -5.23976, 4.417]},
			"faces": {
				"north": {"uv": [2.25, 11, 2.375, 11.0625], "texture": "#0"},
				"east": {"uv": [11, 2.25, 11.125, 2.3125], "texture": "#0"},
				"south": {"uv": [2.5, 11, 2.625, 11.0625], "texture": "#0"},
				"west": {"uv": [11, 2.5, 11.125, 2.5625], "texture": "#0"},
				"up": {"uv": [7.875, 10.625, 7.75, 10.5], "texture": "#0"},
				"down": {"uv": [10.625, 7.75, 10.5, 7.875], "texture": "#0"}
			}
		},
		{
			"from": [7.8, -5.55452, 11.96081],
			"to": [8.2, -5.45452, 12.06081],
			"rotation": {"angle": -22.5, "axis": "x", "origin": [-0.4, -3.55452, 4.46081]},
			"faces": {
				"north": {"uv": [2.75, 11, 2.875, 11.0625], "texture": "#0"},
				"east": {"uv": [11.25, 10, 11.3125, 10.0625], "texture": "#0"},
				"south": {"uv": [11, 2.75, 11.125, 2.8125], "texture": "#0"},
				"west": {"uv": [10.25, 11.25, 10.3125, 11.3125], "texture": "#0"},
				"up": {"uv": [3.125, 11.0625, 3, 11], "texture": "#0"},
				"down": {"uv": [11.125, 3, 11, 3.0625], "texture": "#0"}
			}
		},
		{
			"from": [7.8, -5.90165, 11.8923],
			"to": [8.2, -5.80165, 11.9923],
			"rotation": {"angle": -22.5, "axis": "x", "origin": [-0.4, -3.90165, 4.3923]},
			"faces": {
				"north": {"uv": [3.25, 11, 3.375, 11.0625], "texture": "#0"},
				"east": {"uv": [11.25, 10.25, 11.3125, 10.3125], "texture": "#0"},
				"south": {"uv": [11, 3.25, 11.125, 3.3125], "texture": "#0"},
				"west": {"uv": [10.5, 11.25, 10.5625, 11.3125], "texture": "#0"},
				"up": {"uv": [3.625, 11.0625, 3.5, 11], "texture": "#0"},
				"down": {"uv": [11.125, 3.5, 11, 3.5625], "texture": "#0"}
			}
		},
		{
			"from": [7.8, 0.39595, 11.64726],
			"to": [8.2, 0.89595, 11.94726],
			"rotation": {"angle": 22.5, "axis": "x", "origin": [-0.4, -2.20405, 3.84726]},
			"faces": {
				"north": {"uv": [10.5, 8, 10.625, 8.125], "texture": "#0"},
				"east": {"uv": [3.75, 11, 3.8125, 11.125], "texture": "#0"},
				"south": {"uv": [10.5, 8.25, 10.625, 8.375], "texture": "#0"},
				"west": {"uv": [11, 3.75, 11.0625, 3.875], "texture": "#0"},
				"up": {"uv": [4.125, 11.0625, 4, 11], "texture": "#0"},
				"down": {"uv": [11.125, 4, 11, 4.0625], "texture": "#0"}
			}
		},
		{
			"from": [7.8, 3.23383, 12.30607],
			"to": [8.2, 3.73383, 12.50607],
			"rotation": {"angle": 45, "axis": "x", "origin": [-0.4, 0.63383, 4.40607]},
			"faces": {
				"north": {"uv": [10.5, 8.5, 10.625, 8.625], "texture": "#0"},
				"east": {"uv": [4.25, 11, 4.3125, 11.125], "texture": "#0"},
				"south": {"uv": [8.75, 10.5, 8.875, 10.625], "texture": "#0"},
				"west": {"uv": [11, 4.25, 11.0625, 4.375], "texture": "#0"},
				"up": {"uv": [4.625, 11.0625, 4.5, 11], "texture": "#0"},
				"down": {"uv": [11.125, 4.5, 11, 4.5625], "texture": "#0"}
			}
		},
		{
			"from": [7.6, 0.14141, 10.91326],
			"to": [8.4, 0.34141, 11.51326],
			"rotation": {"angle": 22.5, "axis": "x", "origin": [-0.4, -1.65859, 2.51326]},
			"faces": {
				"north": {"uv": [10.75, 5.25, 10.9375, 5.3125], "texture": "#0"},
				"east": {"uv": [4.75, 11, 4.875, 11.0625], "texture": "#0"},
				"south": {"uv": [5.5, 10.75, 5.6875, 10.8125], "texture": "#0"},
				"west": {"uv": [11, 4.75, 11.125, 4.8125], "texture": "#0"},
				"up": {"uv": [10.1875, 6.375, 10, 6.25], "texture": "#0"},
				"down": {"uv": [7.1875, 10, 7, 10.125], "texture": "#0"}
			}
		},
		{
			"from": [7.6, 3.68102, 11.72592],
			"to": [8.4, 3.88102, 12.32592],
			"rotation": {"angle": 45, "axis": "x", "origin": [-0.4, 1.88102, 3.32592]},
			"faces": {
				"north": {"uv": [10.75, 5.5, 10.9375, 5.5625], "texture": "#0"},
				"east": {"uv": [5, 11, 5.125, 11.0625], "texture": "#0"},
				"south": {"uv": [5.75, 10.75, 5.9375, 10.8125], "texture": "#0"},
				"west": {"uv": [11, 5, 11.125, 5.0625], "texture": "#0"},
				"up": {"uv": [7.4375, 10.125, 7.25, 10], "texture": "#0"},
				"down": {"uv": [10.1875, 7.25, 10, 7.375], "texture": "#0"}
			}
		},
		{
			"from": [7.6, -4.1598, 7.23128],
			"to": [8.4, -3.2598, 7.43128],
			"rotation": {"angle": -22.5, "axis": "x", "origin": [-0.4, 4.8402, 5.43128]},
			"faces": {
				"north": {"uv": [9, 2.25, 9.1875, 2.5], "texture": "#0"},
				"east": {"uv": [10.5, 8.75, 10.5625, 9], "texture": "#0"},
				"south": {"uv": [9, 3, 9.1875, 3.25], "texture": "#0"},
				"west": {"uv": [9, 10.5, 9.0625, 10.75], "texture": "#0"},
				"up": {"uv": [10.9375, 5.8125, 10.75, 5.75], "texture": "#0"},
				"down": {"uv": [6.1875, 10.75, 6, 10.8125], "texture": "#0"}
			}
		},
		{
			"from": [7.1, -2.93976, 13.517],
			"to": [8.9, -1.93976, 14.517],
			"rotation": {"angle": 0, "axis": "x", "origin": [-0.4, -5.23976, 4.417]},
			"faces": {
				"north": {"uv": [0, 7.5, 0.4375, 7.75], "texture": "#0"},
				"east": {"uv": [5, 7, 5.25, 7.25], "texture": "#0"},
				"south": {"uv": [0.5, 7.5, 0.9375, 7.75], "texture": "#0"},
				"west": {"uv": [7.75, 3.75, 8, 4], "texture": "#0"},
				"up": {"uv": [7.9375, 0.75, 7.5, 0.5], "texture": "#0"},
				"down": {"uv": [1.4375, 7.5, 1, 7.75], "texture": "#0"}
			}
		},
		{
			"from": [6.9, -0.1, 3.2],
			"to": [9.1, 2.1, 3.8],
			"faces": {
				"north": {"uv": [3.25, 2, 3.8125, 2.5625], "texture": "#0"},
				"east": {"uv": [8.25, 7, 8.375, 7.5625], "texture": "#0"},
				"south": {"uv": [3.25, 2.75, 3.8125, 3.3125], "texture": "#0"},
				"west": {"uv": [8.25, 7.75, 8.375, 8.3125], "texture": "#0"},
				"up": {"uv": [8.8125, 6.625, 8.25, 6.5], "texture": "#0"},
				"down": {"uv": [1.0625, 8.5, 0.5, 8.625], "texture": "#0"}
			}
		},
		{
			"from": [6.9, -0.1, 6.5],
			"to": [9.1, 2.1, 7.1],
			"faces": {
				"north": {"uv": [3.25, 3.5, 3.8125, 4.0625], "texture": "#0"},
				"east": {"uv": [1.25, 8.5, 1.375, 9.0625], "texture": "#0"},
				"south": {"uv": [1, 4, 1.5625, 4.5625], "texture": "#0"},
				"west": {"uv": [8.5, 5.5, 8.625, 6.0625], "texture": "#0"},
				"up": {"uv": [9.0625, 0.625, 8.5, 0.5], "texture": "#0"},
				"down": {"uv": [9.0625, 6.25, 8.5, 6.375], "texture": "#0"}
			}
		},
		{
			"from": [6.9, -0.1, 14],
			"to": [9.1, 2.1, 15.4],
			"faces": {
				"north": {"uv": [1.75, 4, 2.3125, 4.5625], "texture": "#0"},
				"east": {"uv": [4.75, 5.5, 5.125, 6.0625], "texture": "#0"},
				"south": {"uv": [4, 2, 4.5625, 2.5625], "texture": "#0"},
				"west": {"uv": [5.25, 5.5, 5.625, 6.0625], "texture": "#0"},
				"up": {"uv": [6.0625, 2.875, 5.5, 2.5], "texture": "#0"},
				"down": {"uv": [1.0625, 5.75, 0.5, 6.125], "texture": "#0"}
			}
		},
		{
			"from": [7.3, -2.5, 4],
			"to": [8.6, 0, 6.1],
			"rotation": {"angle": 0, "axis": "y", "origin": [0, 0.6, 0]},
			"faces": {
				"north": {"uv": [3.5, 5.75, 3.8125, 6.375], "texture": "#0"},
				"east": {"uv": [4, 3.5, 4.5, 4.125], "texture": "#0"},
				"south": {"uv": [4, 5.75, 4.3125, 6.375], "texture": "#0"},
				"west": {"uv": [0, 4.25, 0.5, 4.875], "texture": "#0"},
				"up": {"uv": [0.8125, 7, 0.5, 6.5], "texture": "#0"},
				"down": {"uv": [6.8125, 0.75, 6.5, 1.25], "texture": "#0"}
			}
		},
		{
			"from": [8.6, -1, 4],
			"to": [8.7, 0, 6.1],
			"rotation": {"angle": 0, "axis": "y", "origin": [0, 0.6, 0]},
			"faces": {
				"north": {"uv": [10.5, 9, 10.5625, 9.25], "texture": "#0"},
				"east": {"uv": [7, 6, 7.5, 6.25], "texture": "#0"},
				"south": {"uv": [10.5, 9.25, 10.5625, 9.5], "texture": "#0"},
				"west": {"uv": [6.25, 7, 6.75, 7.25], "texture": "#0"},
				"up": {"uv": [9.8125, 4.75, 9.75, 4.25], "texture": "#0"},
				"down": {"uv": [4.8125, 9.75, 4.75, 10.25], "texture": "#0"}
			}
		},
		{
			"from": [8.6, -2.5, 4],
			"to": [8.7, -1.5, 6.1],
			"rotation": {"angle": 0, "axis": "y", "origin": [0, 0.6, 0]},
			"faces": {
				"north": {"uv": [9.5, 10.5, 9.5625, 10.75], "texture": "#0"},
				"east": {"uv": [7, 6.25, 7.5, 6.5], "texture": "#0"},
				"south": {"uv": [9.75, 10.5, 9.8125, 10.75], "texture": "#0"},
				"west": {"uv": [6.75, 7, 7.25, 7.25], "texture": "#0"},
				"up": {"uv": [9.8125, 5.25, 9.75, 4.75], "texture": "#0"},
				"down": {"uv": [9.8125, 5.25, 9.75, 5.75], "texture": "#0"}
			}
		},
		{
			"from": [8.6, -1.5, 5.3],
			"to": [8.7, -1, 6.1],
			"rotation": {"angle": 0, "axis": "y", "origin": [0, 0.6, 0]},
			"faces": {
				"north": {"uv": [5.25, 11, 5.3125, 11.125], "texture": "#0"},
				"east": {"uv": [7.5, 10, 7.6875, 10.125], "texture": "#0"},
				"south": {"uv": [11, 5.25, 11.0625, 5.375], "texture": "#0"},
				"west": {"uv": [10, 7.5, 10.1875, 7.625], "texture": "#0"},
				"up": {"uv": [10.8125, 6.1875, 10.75, 6], "texture": "#0"},
				"down": {"uv": [6.3125, 10.75, 6.25, 10.9375], "texture": "#0"}
			}
		},
		{
			"from": [8.6, -1.5, 4],
			"to": [8.7, -1, 4.8],
			"rotation": {"angle": 0, "axis": "y", "origin": [0, 0.6, 0]},
			"faces": {
				"north": {"uv": [5.5, 11, 5.5625, 11.125], "texture": "#0"},
				"east": {"uv": [7.75, 10, 7.9375, 10.125], "texture": "#0"},
				"south": {"uv": [11, 5.5, 11.0625, 5.625], "texture": "#0"},
				"west": {"uv": [8, 10, 8.1875, 10.125], "texture": "#0"},
				"up": {"uv": [10.8125, 6.4375, 10.75, 6.25], "texture": "#0"},
				"down": {"uv": [6.5625, 10.75, 6.5, 10.9375], "texture": "#0"}
			}
		},
		{
			"from": [7.5, -9.6, 4.3],
			"to": [8.5, -2.5, 5.8],
			"faces": {
				"north": {"uv": [3, 2, 3.25, 3.75], "texture": "#0"},
				"east": {"uv": [1, 1.5, 1.375, 3.25], "texture": "#0"},
				"south": {"uv": [2.5, 3, 2.75, 4.75], "texture": "#0"},
				"west": {"uv": [1.5, 1.5, 1.875, 3.25], "texture": "#0"},
				"up": {"uv": [2, 8.125, 1.75, 7.75], "texture": "#0"},
				"down": {"uv": [8, 1.75, 7.75, 2.125], "texture": "#0"}
			}
		},
		{
			"from": [7.2, -0.5, 4.3],
			"to": [7.3, -0.3, 5.8],
			"faces": {
				"north": {"uv": [11.25, 10.5, 11.3125, 10.5625], "texture": "#0"},
				"east": {"uv": [10, 8, 10.375, 8.0625], "texture": "#0"},
				"south": {"uv": [10.75, 11.25, 10.8125, 11.3125], "texture": "#0"},
				"west": {"uv": [8.25, 10, 8.625, 10.0625], "texture": "#0"},
				"up": {"uv": [8.8125, 10.375, 8.75, 10], "texture": "#0"},
				"down": {"uv": [9.0625, 10, 9, 10.375], "texture": "#0"}
			}
		},
		{
			"from": [7.2, -0.9, 4.3],
			"to": [7.3, -0.7, 5.8],
			"faces": {
				"north": {"uv": [11.25, 10.75, 11.3125, 10.8125], "texture": "#0"},
				"east": {"uv": [10, 9.25, 10.375, 9.3125], "texture": "#0"},
				"south": {"uv": [11, 11.25, 11.0625, 11.3125], "texture": "#0"},
				"west": {"uv": [9.5, 10, 9.875, 10.0625], "texture": "#0"},
				"up": {"uv": [10.0625, 9.875, 10, 9.5], "texture": "#0"},
				"down": {"uv": [10.0625, 10, 10, 10.375], "texture": "#0"}
			}
		},
		{
			"from": [7.2, -1.7, 4.3],
			"to": [7.3, -1.5, 5.8],
			"faces": {
				"north": {"uv": [11.25, 11, 11.3125, 11.0625], "texture": "#0"},
				"east": {"uv": [10.25, 0.25, 10.625, 0.3125], "texture": "#0"},
				"south": {"uv": [11.25, 11.25, 11.3125, 11.3125], "texture": "#0"},
				"west": {"uv": [10.25, 0.5, 10.625, 0.5625], "texture": "#0"},
				"up": {"uv": [0.0625, 10.625, 0, 10.25], "texture": "#0"},
				"down": {"uv": [0.8125, 10.25, 0.75, 10.625], "texture": "#0"}
			}
		},
		{
			"from": [7.2, -2.1, 4.3],
			"to": [7.3, -1.9, 5.8],
			"faces": {
				"north": {"uv": [0, 11.5, 0.0625, 11.5625], "texture": "#0"},
				"east": {"uv": [1, 10.25, 1.375, 10.3125], "texture": "#0"},
				"south": {"uv": [11.5, 0, 11.5625, 0.0625], "texture": "#0"},
				"west": {"uv": [10.25, 1, 10.625, 1.0625], "texture": "#0"},
				"up": {"uv": [1.5625, 10.625, 1.5, 10.25], "texture": "#0"},
				"down": {"uv": [1.8125, 10.25, 1.75, 10.625], "texture": "#0"}
			}
		},
		{
			"from": [7.2, -1.3, 4.3],
			"to": [7.3, -1.1, 5.8],
			"faces": {
				"north": {"uv": [0.25, 11.5, 0.3125, 11.5625], "texture": "#0"},
				"east": {"uv": [10.25, 1.25, 10.625, 1.3125], "texture": "#0"},
				"south": {"uv": [11.5, 0.25, 11.5625, 0.3125], "texture": "#0"},
				"west": {"uv": [10.25, 1.75, 10.625, 1.8125], "texture": "#0"},
				"up": {"uv": [2.3125, 10.625, 2.25, 10.25], "texture": "#0"},
				"down": {"uv": [2.5625, 10.25, 2.5, 10.625], "texture": "#0"}
			}
		},
		{
			"from": [7.3, -3.1, 2.6],
			"to": [8.7, -2.5, 2.9],
			"rotation": {"angle": -45, "axis": "x", "origin": [0, 0, 0]},
			"faces": {
				"north": {"uv": [9, 3.25, 9.375, 3.375], "texture": "#0"},
				"east": {"uv": [5.75, 11, 5.8125, 11.125], "texture": "#0"},
				"south": {"uv": [9, 3.5, 9.375, 3.625], "texture": "#0"},
				"west": {"uv": [11, 5.75, 11.0625, 5.875], "texture": "#0"},
				"up": {"uv": [10.625, 2.0625, 10.25, 2], "texture": "#0"},
				"down": {"uv": [10.625, 2.5, 10.25, 2.5625], "texture": "#0"}
			}
		},
		{
			"from": [7.3, -1.3, 6.1],
			"to": [8.7, 0.1, 7],
			"rotation": {"angle": 0, "axis": "y", "origin": [0, 0.5, 0]},
			"faces": {
				"north": {"uv": [1, 6.5, 1.375, 6.875], "texture": "#0"},
				"east": {"uv": [7.75, 2.25, 8, 2.625], "texture": "#0"},
				"south": {"uv": [1.5, 6.5, 1.875, 6.875], "texture": "#0"},
				"west": {"uv": [3.25, 7.75, 3.5, 8.125], "texture": "#0"},
				"up": {"uv": [8.125, 3, 7.75, 2.75], "texture": "#0"},
				"down": {"uv": [8.125, 3.5, 7.75, 3.75], "texture": "#0"}
			}
		},
		{
			"from": [7.2, -0.9, 6.4],
			"to": [7.3, -0.5, 6.8],
			"rotation": {"angle": 0, "axis": "y", "origin": [0, 0.5, 0]},
			"faces": {
				"north": {"uv": [6, 11, 6.0625, 11.125], "texture": "#0"},
				"east": {"uv": [10.5, 9.75, 10.625, 9.875], "texture": "#0"},
				"south": {"uv": [11, 6, 11.0625, 6.125], "texture": "#0"},
				"west": {"uv": [10, 10.5, 10.125, 10.625], "texture": "#0"},
				"up": {"uv": [6.3125, 11.125, 6.25, 11], "texture": "#0"},
				"down": {"uv": [11.0625, 6.25, 11, 6.375], "texture": "#0"}
			}
		},
		{
			"from": [8.7, -0.9, 6.4],
			"to": [8.8, -0.5, 6.8],
			"rotation": {"angle": 0, "axis": "y", "origin": [16, 0.5, 0]},
			"faces": {
				"north": {"uv": [6.5, 11, 6.5625, 11.125], "texture": "#0"},
				"east": {"uv": [10.5, 10, 10.625, 10.125], "texture": "#0"},
				"south": {"uv": [11, 6.5, 11.0625, 6.625], "texture": "#0"},
				"west": {"uv": [10.5, 10.25, 10.625, 10.375], "texture": "#0"},
				"up": {"uv": [6.8125, 11.125, 6.75, 11], "texture": "#0"},
				"down": {"uv": [11.0625, 6.75, 11, 6.875], "texture": "#0"}
			}
		},
		{
			"from": [7.4, 0.4, -3],
			"to": [8.6, 1.6, 1],
			"faces": {
				"north": {"uv": [0.5, 7.75, 0.8125, 8.0625], "texture": "#0"},
				"east": {"uv": [3.25, 4.25, 4.25, 4.5625], "texture": "#0"},
				"south": {"uv": [1, 7.75, 1.3125, 8.0625], "texture": "#0"},
				"west": {"uv": [4.25, 4.25, 5.25, 4.5625], "texture": "#0"},
				"up": {"uv": [0.8125, 5.25, 0.5, 4.25], "texture": "#0"},
				"down": {"uv": [4.8125, 0, 4.5, 1], "texture": "#0"}
			}
		},
		{
			"from": [7.9, 0.2, -3],
			"to": [8.1, 0.4, 0.6],
			"faces": {
				"north": {"uv": [0.5, 11.5, 0.5625, 11.5625], "texture": "#0"},
				"east": {"uv": [8.5, 7.25, 9.5, 7.3125], "texture": "#0"},
				"south": {"uv": [11.5, 0.5, 11.5625, 0.5625], "texture": "#0"},
				"west": {"uv": [7.5, 8.5, 8.5, 8.5625], "texture": "#0"},
				"up": {"uv": [8.5625, 8.5, 8.5, 7.5], "texture": "#0"},
				"down": {"uv": [8.5625, 8.5, 8.5, 9.5], "texture": "#0"}
			}
		},
		{
			"from": [7.9, 0.33003, 0.6537],
			"to": [8.1, 0.53003, 0.8537],
			"rotation": {"angle": -22.5, "axis": "x", "origin": [0, 0.13003, 0.9537]},
			"faces": {
				"north": {"uv": [0.5, 11.5, 0.5625, 11.5625], "texture": "#0"},
				"east": {"uv": [8.5, 7.25, 9.5, 7.3125], "texture": "#0"},
				"south": {"uv": [11.5, 0.5, 11.5625, 0.5625], "texture": "#0"},
				"west": {"uv": [7.5, 8.5, 8.5, 8.5625], "texture": "#0"},
				"up": {"uv": [8.5625, 8.5, 8.5, 7.5], "texture": "#0"},
				"down": {"uv": [8.5625, 8.5, 8.5, 9.5], "texture": "#0"}
			}
		},
		{
			"from": [7.9, 0.04725, 0.73833],
			"to": [8.1, 0.24725, 0.93833],
			"rotation": {"angle": 45, "axis": "x", "origin": [0, 0.34725, 1.13833]},
			"faces": {
				"north": {"uv": [8.5625, 8.5, 8.5, 7.5], "rotation": 180, "texture": "#0"},
				"east": {"uv": [8.5, 7.25, 9.5, 7.3125], "rotation": 90, "texture": "#0"},
				"south": {"uv": [8.5625, 8.5, 8.5, 9.5], "texture": "#0"},
				"west": {"uv": [7.5, 8.5, 8.5, 8.5625], "rotation": 270, "texture": "#0"},
				"up": {"uv": [11.5, 0.5, 11.5625, 0.5625], "texture": "#0"},
				"down": {"uv": [0.5, 11.5, 0.5625, 11.5625], "rotation": 180, "texture": "#0"}
			}
		},
		{
			"from": [7.8, -0.3, -3.2],
			"to": [8.2, 0.3, -3],
			"faces": {
				"north": {"uv": [10.5, 10.5, 10.625, 10.625], "texture": "#0"},
				"east": {"uv": [7, 11, 7.0625, 11.125], "texture": "#0"},
				"south": {"uv": [0, 10.75, 0.125, 10.875], "texture": "#0"},
				"west": {"uv": [11, 7, 11.0625, 7.125], "texture": "#0"},
				"up": {"uv": [7.375, 11.0625, 7.25, 11], "texture": "#0"},
				"down": {"uv": [11.125, 7.25, 11, 7.3125], "texture": "#0"}
			}
		},
		{
			"from": [7.8, 0.1, -3.6],
			"to": [8.2, 0.3, -3.2],
			"faces": {
				"north": {"uv": [7.5, 11, 7.625, 11.0625], "texture": "#0"},
				"east": {"uv": [11, 7.5, 11.125, 7.5625], "texture": "#0"},
				"south": {"uv": [7.75, 11, 7.875, 11.0625], "texture": "#0"},
				"west": {"uv": [11, 7.75, 11.125, 7.8125], "texture": "#0"},
				"up": {"uv": [10.875, 0.375, 10.75, 0.25], "texture": "#0"},
				"down": {"uv": [10.875, 0.5, 10.75, 0.625], "texture": "#0"}
			}
		},
		{
			"from": [7.8, -1.88339, -4.23974],
			"to": [8.2, -1.48339, -2.63974],
			"rotation": {"angle": 22.5, "axis": "x", "origin": [0, 0.31661, 1.06026]},
			"faces": {
				"north": {"uv": [0.75, 10.75, 0.875, 10.875], "texture": "#0"},
				"east": {"uv": [3.75, 9, 4.125, 9.125], "texture": "#0"},
				"south": {"uv": [10.75, 1, 10.875, 1.125], "texture": "#0"},
				"west": {"uv": [9, 3.75, 9.375, 3.875], "texture": "#0"},
				"up": {"uv": [9.125, 4.375, 9, 4], "texture": "#0"},
				"down": {"uv": [9.125, 4.5, 9, 4.875], "texture": "#0"}
			}
		},
		{
			"from": [7.3, 0.3, -5.3],
			"to": [8.7, 1.7, -3],
			"faces": {
				"north": {"uv": [2, 6.5, 2.375, 6.875], "texture": "#0"},
				"east": {"uv": [5.75, 0.75, 6.3125, 1.125], "texture": "#0"},
				"south": {"uv": [2.5, 6.5, 2.875, 6.875], "texture": "#0"},
				"west": {"uv": [1.25, 5.75, 1.8125, 6.125], "texture": "#0"},
				"up": {"uv": [6.125, 1.8125, 5.75, 1.25], "texture": "#0"},
				"down": {"uv": [2.375, 5.75, 2, 6.3125], "texture": "#0"}
			}
		},
		{
			"from": [7.7, 3.52781, -4.30825],
			"to": [8.3, 4.12781, -4.10825],
			"rotation": {"angle": -22.5, "axis": "x", "origin": [16, 1.92781, 0.49175]},
			"faces": {
				"north": {"uv": [10.75, 1.25, 10.875, 1.375], "texture": "#0"},
				"east": {"uv": [8, 11, 8.0625, 11.125], "texture": "#0"},
				"south": {"uv": [1.5, 10.75, 1.625, 10.875], "texture": "#0"},
				"west": {"uv": [11, 8, 11.0625, 8.125], "texture": "#0"},
				"up": {"uv": [8.375, 11.0625, 8.25, 11], "texture": "#0"},
				"down": {"uv": [11.125, 8.25, 11, 8.3125], "texture": "#0"}
			}
		},
		{
			"from": [7.7, 1.7, -5.1],
			"to": [8.3, 2.2, -4.6],
			"rotation": {"angle": 0, "axis": "y", "origin": [16, 0, 0]},
			"faces": {
				"north": {"uv": [10.75, 1.5, 10.875, 1.625], "texture": "#0"},
				"east": {"uv": [1.75, 10.75, 1.875, 10.875], "texture": "#0"},
				"south": {"uv": [10.75, 1.75, 10.875, 1.875], "texture": "#0"},
				"west": {"uv": [2, 10.75, 2.125, 10.875], "texture": "#0"},
				"up": {"uv": [10.875, 2.125, 10.75, 2], "texture": "#0"},
				"down": {"uv": [2.375, 10.75, 2.25, 10.875], "texture": "#0"}
			}
		},
		{
			"from": [7.6, 2.2, -5.1],
			"to": [7.7, 2.7, -4.6],
			"faces": {
				"north": {"uv": [8.5, 11, 8.5625, 11.125], "texture": "#0"},
				"east": {"uv": [10.75, 2.25, 10.875, 2.375], "texture": "#0"},
				"south": {"uv": [11, 8.5, 11.0625, 8.625], "texture": "#0"},
				"west": {"uv": [2.5, 10.75, 2.625, 10.875], "texture": "#0"},
				"up": {"uv": [8.8125, 11.125, 8.75, 11], "texture": "#0"},
				"down": {"uv": [11.0625, 8.75, 11, 8.875], "texture": "#0"}
			}
		},
		{
			"from": [7.95, 2.2, -5],
			"to": [8.05, 2.5, -4.7],
			"rotation": {"angle": 0, "axis": "y", "origin": [-0.05, 0, 0]},
			"faces": {
				"north": {"uv": [0.75, 11.5, 0.8125, 11.5625], "texture": "#0"},
				"east": {"uv": [11.5, 0.75, 11.5625, 0.8125], "texture": "#0"},
				"south": {"uv": [1, 11.5, 1.0625, 11.5625], "texture": "#0"},
				"west": {"uv": [11.5, 1, 11.5625, 1.0625], "texture": "#0"},
				"up": {"uv": [1.3125, 11.5625, 1.25, 11.5], "texture": "#0"},
				"down": {"uv": [11.5625, 1.25, 11.5, 1.3125], "texture": "#0"}
			}
		},
		{
			"from": [8.3, 2.2, -5.1],
			"to": [8.4, 2.7, -4.6],
			"faces": {
				"north": {"uv": [9, 11, 9.0625, 11.125], "texture": "#0"},
				"east": {"uv": [10.75, 2.5, 10.875, 2.625], "texture": "#0"},
				"south": {"uv": [11, 9, 11.0625, 9.125], "texture": "#0"},
				"west": {"uv": [2.75, 10.75, 2.875, 10.875], "texture": "#0"},
				"up": {"uv": [9.3125, 11.125, 9.25, 11], "texture": "#0"},
				"down": {"uv": [11.0625, 9.25, 11, 9.375], "texture": "#0"}
			}
		},
		{
			"from": [7.7, 2.7, -5.1],
			"to": [8.3, 2.8, -4.6],
			"faces": {
				"north": {"uv": [9.5, 11, 9.625, 11.0625], "texture": "#0"},
				"east": {"uv": [11, 9.5, 11.125, 9.5625], "texture": "#0"},
				"south": {"uv": [9.75, 11, 9.875, 11.0625], "texture": "#0"},
				"west": {"uv": [11, 9.75, 11.125, 9.8125], "texture": "#0"},
				"up": {"uv": [10.875, 2.875, 10.75, 2.75], "texture": "#0"},
				"down": {"uv": [3.125, 10.75, 3, 10.875], "texture": "#0"}
			}
		},
		{
			"from": [7.2, 0.2, -5.6],
			"to": [8.8, 1.8, -5.3],
			"faces": {
				"north": {"uv": [3, 6.5, 3.375, 6.875], "texture": "#0"},
				"east": {"uv": [2.75, 10.25, 2.8125, 10.625], "texture": "#0"},
				"south": {"uv": [6.5, 3, 6.875, 3.375], "texture": "#0"},
				"west": {"uv": [10.25, 2.75, 10.3125, 3.125], "texture": "#0"},
				"up": {"uv": [10.625, 3.3125, 10.25, 3.25], "texture": "#0"},
				"down": {"uv": [10.625, 3.75, 10.25, 3.8125], "texture": "#0"}
			}
		},
		{
			"from": [7.2, 0.2, -6.2],
			"to": [8.8, 1.8, -5.9],
			"faces": {
				"north": {"uv": [3.5, 6.5, 3.875, 6.875], "texture": "#0"},
				"east": {"uv": [10.25, 4, 10.3125, 4.375], "texture": "#0"},
				"south": {"uv": [4, 6.5, 4.375, 6.875], "texture": "#0"},
				"west": {"uv": [10.25, 4.5, 10.3125, 4.875], "texture": "#0"},
				"up": {"uv": [10.625, 5.0625, 10.25, 5], "texture": "#0"},
				"down": {"uv": [10.625, 5.25, 10.25, 5.3125], "texture": "#0"}
			}
		},
		{
			"from": [7.3, 0.3, -5.9],
			"to": [8.7, 1.7, -5.6],
			"faces": {
				"north": {"uv": [6.25, 6.5, 6.625, 6.875], "texture": "#0"},
				"east": {"uv": [4.75, 10.25, 4.8125, 10.625], "texture": "#0"},
				"south": {"uv": [6.75, 2, 7.125, 2.375], "texture": "#0"},
				"west": {"uv": [5.5, 10.25, 5.5625, 10.625], "texture": "#0"},
				"up": {"uv": [6.125, 10.3125, 5.75, 10.25], "texture": "#0"},
				"down": {"uv": [10.625, 5.75, 10.25, 5.8125], "texture": "#0"}
			}
		}
	],
	"display": {
		"thirdperson_righthand": {
			"rotation": [4, 0, 0],
			"translation": [-0.25, 8.75, -0.75],
			"scale": [0.8, 0.8, 0.8]
		},
		"thirdperson_lefthand": {
			"translation": [0, 8.75, -1.5],
			"scale": [0.8, 0.8, 0.8]
		},
		"firstperson_righthand": {
			"translation": [-2.5, 11.75, -1.5]
		},
		"firstperson_lefthand": {
			"translation": [-8.9, 13, 0]
		},
		"ground": {
			"rotation": [0, 0, 90],
			"translation": [-6.5, -1.5, -1.5]
		},
		"gui": {
			"rotation": [92, 57, -107],
			"translation": [2.5, 4.25, 0],
			"scale": [0.6, 0.6, 0.6]
		},
		"fixed": {
			"rotation": [0, 90, 0],
			"translation": [0, 9.25, 0]
		}
	}
}