{
	"credit": "Made with Blockbench",
	"texture_size": [64, 64],
	"textures": {
		"0": "item/guns/revolver",
		"particle": "item/guns/revolver"
	},
	"elements": [
		{
			"from": [7.7, 0.5, -1],
			"to": [8.3, 1.5, 4],
			"faces": {
				"north": {"uv": [3.25, 7.5, 3.375, 7.75], "texture": "#0"},
				"east": {"uv": [2.75, 2.25, 4, 2.5], "texture": "#0"},
				"south": {"uv": [7.5, 3.25, 7.625, 3.5], "texture": "#0"},
				"west": {"uv": [3, 0.5, 4.25, 0.75], "texture": "#0"},
				"up": {"uv": [0.875, 6, 0.75, 4.75], "texture": "#0"},
				"down": {"uv": [3.125, 4.75, 3, 6], "texture": "#0"}
			}
		},
		{
			"from": [7.7, 1.5, -1],
			"to": [8.3, 1.6, -0.2],
			"faces": {
				"north": {"uv": [7.5, 8.5, 7.625, 8.5625], "texture": "#0"},
				"east": {"uv": [8.25, 2.5, 8.4375, 2.5625], "texture": "#0"},
				"south": {"uv": [8.5, 7.5, 8.625, 7.5625], "texture": "#0"},
				"west": {"uv": [2.75, 8.25, 2.9375, 8.3125], "texture": "#0"},
				"up": {"uv": [4.375, 7.6875, 4.25, 7.5], "texture": "#0"},
				"down": {"uv": [7.625, 4.25, 7.5, 4.4375], "texture": "#0"}
			}
		},
		{
			"from": [7.9, 1.6, -1],
			"to": [8.1, 1.9, -0.5],
			"faces": {
				"north": {"uv": [9.25, 1, 9.3125, 1.0625], "texture": "#0"},
				"east": {"uv": [7.75, 8.5, 7.875, 8.5625], "texture": "#0"},
				"south": {"uv": [1.25, 9.25, 1.3125, 9.3125], "texture": "#0"},
				"west": {"uv": [8.5, 7.75, 8.625, 7.8125], "texture": "#0"},
				"up": {"uv": [8.0625, 8.625, 8, 8.5], "texture": "#0"},
				"down": {"uv": [8.5625, 8, 8.5, 8.125], "texture": "#0"}
			}
		},
		{
			"from": [3.95198, 8.24437, -1],
			"to": [4.25198, 8.44437, 4],
			"rotation": {"angle": -45, "axis": "z", "origin": [-2.24802, -0.25563, 0]},
			"faces": {
				"north": {"uv": [9.25, 1.25, 9.3125, 1.3125], "texture": "#0"},
				"east": {"uv": [6, 2.5, 7.25, 2.5625], "texture": "#0"},
				"south": {"uv": [1.5, 9.25, 1.5625, 9.3125], "texture": "#0"},
				"west": {"uv": [6, 2.75, 7.25, 2.8125], "texture": "#0"},
				"up": {"uv": [3.0625, 7.25, 3, 6], "texture": "#0"},
				"down": {"uv": [6.0625, 3, 6, 4.25], "texture": "#0"}
			}
		},
		{
			"from": [11.74802, 8.24437, -1],
			"to": [12.04802, 8.44437, 4],
			"rotation": {"angle": 45, "axis": "z", "origin": [18.24802, -0.25563, 0]},
			"faces": {
				"north": {"uv": [9.25, 1.5, 9.3125, 1.5625], "texture": "#0"},
				"east": {"uv": [6, 4.25, 7.25, 4.3125], "texture": "#0"},
				"south": {"uv": [1.75, 9.25, 1.8125, 9.3125], "texture": "#0"},
				"west": {"uv": [6, 4.5, 7.25, 4.5625], "texture": "#0"},
				"up": {"uv": [4.8125, 7.25, 4.75, 6], "texture": "#0"},
				"down": {"uv": [6.0625, 4.75, 6, 6], "texture": "#0"}
			}
		},
		{
			"from": [11.73589, -6.43223, -1],
			"to": [12.03589, -6.23223, 4],
			"rotation": {"angle": -45, "axis": "z", "origin": [18.23589, 2.26777, 0]},
			"faces": {
				"north": {"uv": [9.25, 1.75, 9.3125, 1.8125], "texture": "#0"},
				"east": {"uv": [6, 6, 7.25, 6.0625], "texture": "#0"},
				"south": {"uv": [2, 9.25, 2.0625, 9.3125], "texture": "#0"},
				"west": {"uv": [6.25, 0, 7.5, 0.0625], "texture": "#0"},
				"up": {"uv": [5.0625, 7.25, 5, 6], "texture": "#0"},
				"down": {"uv": [5.3125, 6, 5.25, 7.25], "texture": "#0"}
			}
		},
		{
			"from": [3.96411, -6.43223, -1],
			"to": [4.26411, -6.23223, 4],
			"rotation": {"angle": 45, "axis": "z", "origin": [-2.23589, 2.26777, 0]},
			"faces": {
				"north": {"uv": [9.25, 2, 9.3125, 2.0625], "texture": "#0"},
				"east": {"uv": [6.25, 0.25, 7.5, 0.3125], "texture": "#0"},
				"south": {"uv": [2.25, 9.25, 2.3125, 9.3125], "texture": "#0"},
				"west": {"uv": [6.25, 0.5, 7.5, 0.5625], "texture": "#0"},
				"up": {"uv": [5.5625, 7.25, 5.5, 6], "texture": "#0"},
				"down": {"uv": [0.5625, 6.25, 0.5, 7.5], "texture": "#0"}
			}
		},
		{
			"from": [7.5, 0.7, -1],
			"to": [8.5, 1.3, 4],
			"faces": {
				"north": {"uv": [3.5, 7.5, 3.75, 7.625], "texture": "#0"},
				"east": {"uv": [4.75, 0, 6, 0.125], "texture": "#0"},
				"south": {"uv": [7.5, 3.5, 7.75, 3.625], "texture": "#0"},
				"west": {"uv": [4.75, 0.25, 6, 0.375], "texture": "#0"},
				"up": {"uv": [1.5, 4.25, 1.25, 3], "texture": "#0"},
				"down": {"uv": [3.25, 2.5, 3, 3.75], "texture": "#0"}
			}
		},
		{
			"from": [7.6, 0.4, 4],
			"to": [8.4, 1.6, 5.4],
			"rotation": {"angle": 0, "axis": "y", "origin": [0, 0, 2.6]},
			"faces": {
				"north": {"uv": [6.25, 5.5, 6.4375, 5.8125], "texture": "#0"},
				"east": {"uv": [5.25, 4, 5.625, 4.3125], "texture": "#0"},
				"south": {"uv": [5.75, 6.25, 5.9375, 6.5625], "texture": "#0"},
				"west": {"uv": [4.25, 5.25, 4.625, 5.5625], "texture": "#0"},
				"up": {"uv": [2.1875, 6.625, 2, 6.25], "texture": "#0"},
				"down": {"uv": [2.4375, 6.25, 2.25, 6.625], "texture": "#0"}
			}
		},
		{
			"from": [7.8, -0.1, 4],
			"to": [8.2, 0.4, 5.4],
			"rotation": {"angle": 0, "axis": "y", "origin": [0, 0, 2.6]},
			"faces": {
				"north": {"uv": [2.5, 8, 2.625, 8.125], "texture": "#0"},
				"east": {"uv": [6.25, 6.75, 6.625, 6.875], "texture": "#0"},
				"south": {"uv": [8, 2.5, 8.125, 2.625], "texture": "#0"},
				"west": {"uv": [6.75, 6.75, 7.125, 6.875], "texture": "#0"},
				"up": {"uv": [3.375, 7.125, 3.25, 6.75], "texture": "#0"},
				"down": {"uv": [7.125, 0.75, 7, 1.125], "texture": "#0"}
			}
		},
		{
			"from": [7.8, -0.5, 5.4],
			"to": [8.2, 1.7, 6.8],
			"rotation": {"angle": 0, "axis": "y", "origin": [0, 0, 2.6]},
			"faces": {
				"north": {"uv": [2.5, 6.25, 2.625, 6.8125], "texture": "#0"},
				"east": {"uv": [2, 4, 2.375, 4.5625], "texture": "#0"},
				"south": {"uv": [2.75, 6.25, 2.875, 6.8125], "texture": "#0"},
				"west": {"uv": [4, 2.25, 4.375, 2.8125], "texture": "#0"},
				"up": {"uv": [7.125, 1.625, 7, 1.25], "texture": "#0"},
				"down": {"uv": [7.125, 1.75, 7, 2.125], "texture": "#0"}
			}
		},
		{
			"from": [8.6, -1.5, 9.8],
			"to": [8.7, -1.3, 11.2],
			"rotation": {"angle": 0, "axis": "y", "origin": [0, 0, 2.6]},
			"faces": {
				"north": {"uv": [9.25, 2.25, 9.3125, 2.3125], "texture": "#0"},
				"east": {"uv": [4.5, 7.5, 4.875, 7.5625], "texture": "#0"},
				"south": {"uv": [2.5, 9.25, 2.5625, 9.3125], "texture": "#0"},
				"west": {"uv": [7.5, 4.5, 7.875, 4.5625], "texture": "#0"},
				"up": {"uv": [7.5625, 5.125, 7.5, 4.75], "texture": "#0"},
				"down": {"uv": [5.0625, 7.5, 5, 7.875], "texture": "#0"}
			}
		},
		{
			"from": [7.4, -1.5, 9.8],
			"to": [8.6, 2.1, 11.2],
			"rotation": {"angle": 0, "axis": "y", "origin": [0, 0, 2.6]},
			"faces": {
				"north": {"uv": [2.5, 3.25, 2.8125, 4.125], "texture": "#0"},
				"east": {"uv": [2.25, 0.75, 2.625, 1.625], "texture": "#0"},
				"south": {"uv": [0, 3.75, 0.3125, 4.625], "texture": "#0"},
				"west": {"uv": [1.5, 2.25, 1.875, 3.125], "texture": "#0"},
				"up": {"uv": [5.5625, 4.875, 5.25, 4.5], "texture": "#0"},
				"down": {"uv": [5.5625, 5, 5.25, 5.375], "texture": "#0"}
			}
		},
		{
			"from": [8.6, 1, 9.8],
			"to": [8.9, 1.8, 10.1],
			"rotation": {"angle": 0, "axis": "y", "origin": [0, 0, 2.6]},
			"faces": {
				"north": {"uv": [8.25, 2.75, 8.3125, 2.9375], "texture": "#0"},
				"east": {"uv": [3, 8.25, 3.0625, 8.4375], "texture": "#0"},
				"south": {"uv": [8.25, 3, 8.3125, 3.1875], "texture": "#0"},
				"west": {"uv": [3.25, 8.25, 3.3125, 8.4375], "texture": "#0"},
				"up": {"uv": [9.3125, 2.5625, 9.25, 2.5], "texture": "#0"},
				"down": {"uv": [2.8125, 9.25, 2.75, 9.3125], "texture": "#0"}
			}
		},
		{
			"from": [8.9, -1.4, 10],
			"to": [9, -1, 10.3],
			"rotation": {"angle": 0, "axis": "y", "origin": [0, 0, 2.6]},
			"faces": {
				"north": {"uv": [8.5, 8.5, 8.5625, 8.625], "texture": "#0"},
				"east": {"uv": [0, 8.75, 0.0625, 8.875], "texture": "#0"},
				"south": {"uv": [8.75, 0, 8.8125, 0.125], "texture": "#0"},
				"west": {"uv": [0.25, 8.75, 0.3125, 8.875], "texture": "#0"},
				"up": {"uv": [9.3125, 2.8125, 9.25, 2.75], "texture": "#0"},
				"down": {"uv": [3.0625, 9.25, 3, 9.3125], "texture": "#0"}
			}
		},
		{
			"from": [8.9, -1.2, 9.6],
			"to": [9, -1.1, 9.9],
			"rotation": {"angle": 0, "axis": "y", "origin": [0, 0, 2.6]},
			"faces": {
				"north": {"uv": [9.25, 3, 9.3125, 3.0625], "texture": "#0"},
				"east": {"uv": [3.25, 9.25, 3.3125, 9.3125], "texture": "#0"},
				"south": {"uv": [9.25, 3.25, 9.3125, 3.3125], "texture": "#0"},
				"west": {"uv": [3.5, 9.25, 3.5625, 9.3125], "texture": "#0"},
				"up": {"uv": [9.3125, 3.5625, 9.25, 3.5], "texture": "#0"},
				"down": {"uv": [3.8125, 9.25, 3.75, 9.3125], "texture": "#0"}
			}
		},
		{
			"from": [8.6, -1.4, 9.8],
			"to": [8.9, -1, 10.5],
			"rotation": {"angle": 0, "axis": "y", "origin": [0, 0, 2.6]},
			"faces": {
				"north": {"uv": [8.75, 0.25, 8.8125, 0.375], "texture": "#0"},
				"east": {"uv": [7.5, 5.5, 7.6875, 5.625], "texture": "#0"},
				"south": {"uv": [0.5, 8.75, 0.5625, 8.875], "texture": "#0"},
				"west": {"uv": [5.75, 7.5, 5.9375, 7.625], "texture": "#0"},
				"up": {"uv": [8.3125, 3.6875, 8.25, 3.5], "texture": "#0"},
				"down": {"uv": [3.8125, 8.25, 3.75, 8.4375], "texture": "#0"}
			}
		},
		{
			"from": [8.9, 1, 9.8],
			"to": [9, 1.5, 10.1],
			"rotation": {"angle": 0, "axis": "y", "origin": [0, 0, 2.6]},
			"faces": {
				"north": {"uv": [8.75, 0.5, 8.8125, 0.625], "texture": "#0"},
				"east": {"uv": [0.75, 8.75, 0.8125, 8.875], "texture": "#0"},
				"south": {"uv": [8.75, 0.75, 8.8125, 0.875], "texture": "#0"},
				"west": {"uv": [1, 8.75, 1.0625, 8.875], "texture": "#0"},
				"up": {"uv": [9.3125, 3.8125, 9.25, 3.75], "texture": "#0"},
				"down": {"uv": [4.0625, 9.25, 4, 9.3125], "texture": "#0"}
			}
		},
		{
			"from": [8.7, 1.5, 9.5],
			"to": [9, 1.8, 9.8],
			"rotation": {"angle": 0, "axis": "y", "origin": [0, 0, 2.6]},
			"faces": {
				"north": {"uv": [9.25, 4, 9.3125, 4.0625], "texture": "#0"},
				"east": {"uv": [4.25, 9.25, 4.3125, 9.3125], "texture": "#0"},
				"south": {"uv": [9.25, 4.25, 9.3125, 4.3125], "texture": "#0"},
				"west": {"uv": [4.5, 9.25, 4.5625, 9.3125], "texture": "#0"},
				"up": {"uv": [9.3125, 4.5625, 9.25, 4.5], "texture": "#0"},
				"down": {"uv": [4.8125, 9.25, 4.75, 9.3125], "texture": "#0"}
			}
		},
		{
			"from": [7, 1, 9.8],
			"to": [7.1, 1.5, 10.1],
			"rotation": {"angle": 0, "axis": "y", "origin": [16, 0, 2.6]},
			"faces": {
				"north": {"uv": [8.8125, 0.5, 8.75, 0.625], "texture": "#0"},
				"east": {"uv": [1.0625, 8.75, 1, 8.875], "texture": "#0"},
				"south": {"uv": [8.8125, 0.75, 8.75, 0.875], "texture": "#0"},
				"west": {"uv": [0.8125, 8.75, 0.75, 8.875], "texture": "#0"},
				"up": {"uv": [9.25, 3.8125, 9.3125, 3.75], "texture": "#0"},
				"down": {"uv": [4, 9.25, 4.0625, 9.3125], "texture": "#0"}
			}
		},
		{
			"from": [7, 1.5, 9.5],
			"to": [7.3, 1.8, 9.8],
			"rotation": {"angle": 0, "axis": "y", "origin": [16, 0, 2.6]},
			"faces": {
				"north": {"uv": [9.3125, 4, 9.25, 4.0625], "texture": "#0"},
				"east": {"uv": [4.5625, 9.25, 4.5, 9.3125], "texture": "#0"},
				"south": {"uv": [9.3125, 4.25, 9.25, 4.3125], "texture": "#0"},
				"west": {"uv": [4.3125, 9.25, 4.25, 9.3125], "texture": "#0"},
				"up": {"uv": [9.25, 4.5625, 9.3125, 4.5], "texture": "#0"},
				"down": {"uv": [4.75, 9.25, 4.8125, 9.3125], "texture": "#0"}
			}
		},
		{
			"from": [7.1, 1, 9.8],
			"to": [7.4, 1.8, 10.1],
			"rotation": {"angle": 0, "axis": "y", "origin": [16, 0, 2.6]},
			"faces": {
				"north": {"uv": [8.3125, 2.75, 8.25, 2.9375], "texture": "#0"},
				"east": {"uv": [3.3125, 8.25, 3.25, 8.4375], "texture": "#0"},
				"south": {"uv": [8.3125, 3, 8.25, 3.1875], "texture": "#0"},
				"west": {"uv": [3.0625, 8.25, 3, 8.4375], "texture": "#0"},
				"up": {"uv": [9.25, 2.5625, 9.3125, 2.5], "texture": "#0"},
				"down": {"uv": [2.75, 9.25, 2.8125, 9.3125], "texture": "#0"}
			}
		},
		{
			"from": [7.1, -1.4, 9.8],
			"to": [7.4, -1, 10.5],
			"rotation": {"angle": 0, "axis": "y", "origin": [16, 0, 2.6]},
			"faces": {
				"north": {"uv": [8.8125, 0.25, 8.75, 0.375], "texture": "#0"},
				"east": {"uv": [5.9375, 7.5, 5.75, 7.625], "texture": "#0"},
				"south": {"uv": [0.5625, 8.75, 0.5, 8.875], "texture": "#0"},
				"west": {"uv": [7.6875, 5.5, 7.5, 5.625], "texture": "#0"},
				"up": {"uv": [8.25, 3.6875, 8.3125, 3.5], "texture": "#0"},
				"down": {"uv": [3.75, 8.25, 3.8125, 8.4375], "texture": "#0"}
			}
		},
		{
			"from": [7, -1.4, 10],
			"to": [7.1, -1, 10.3],
			"rotation": {"angle": 0, "axis": "y", "origin": [16, 0, 2.6]},
			"faces": {
				"north": {"uv": [8.5625, 8.5, 8.5, 8.625], "texture": "#0"},
				"east": {"uv": [0.3125, 8.75, 0.25, 8.875], "texture": "#0"},
				"south": {"uv": [8.8125, 0, 8.75, 0.125], "texture": "#0"},
				"west": {"uv": [0.0625, 8.75, 0, 8.875], "texture": "#0"},
				"up": {"uv": [9.25, 2.8125, 9.3125, 2.75], "texture": "#0"},
				"down": {"uv": [3, 9.25, 3.0625, 9.3125], "texture": "#0"}
			}
		},
		{
			"from": [7, -1.2, 9.6],
			"to": [7.1, -1.1, 9.9],
			"rotation": {"angle": 0, "axis": "y", "origin": [16, 0, 2.6]},
			"faces": {
				"north": {"uv": [9.3125, 3, 9.25, 3.0625], "texture": "#0"},
				"east": {"uv": [3.5625, 9.25, 3.5, 9.3125], "texture": "#0"},
				"south": {"uv": [9.3125, 3.25, 9.25, 3.3125], "texture": "#0"},
				"west": {"uv": [3.3125, 9.25, 3.25, 9.3125], "texture": "#0"},
				"up": {"uv": [9.25, 3.5625, 9.3125, 3.5], "texture": "#0"},
				"down": {"uv": [3.75, 9.25, 3.8125, 9.3125], "texture": "#0"}
			}
		},
		{
			"from": [7.4, -1.5, 11.2],
			"to": [8.6, -0.2, 13.8],
			"rotation": {"angle": 0, "axis": "y", "origin": [0, 0, 2.6]},
			"faces": {
				"north": {"uv": [5.25, 5.5, 5.5625, 5.8125], "texture": "#0"},
				"east": {"uv": [4, 4, 4.625, 4.3125], "texture": "#0"},
				"south": {"uv": [3.25, 5.75, 3.5625, 6.0625], "texture": "#0"},
				"west": {"uv": [4.25, 0.5, 4.875, 0.8125], "texture": "#0"},
				"up": {"uv": [4.5625, 1.625, 4.25, 1], "texture": "#0"},
				"down": {"uv": [2.8125, 4.25, 2.5, 4.875], "texture": "#0"}
			}
		},
		{
			"from": [7.8, -0.1, 11.4],
			"to": [8.2, 1.5, 12.3],
			"rotation": {"angle": 0, "axis": "y", "origin": [0, 0, 2.6]},
			"faces": {
				"north": {"uv": [6, 7.5, 6.0625, 7.875], "texture": "#0"},
				"east": {"uv": [4.25, 1.75, 4.5, 2.125], "texture": "#0"},
				"south": {"uv": [7.5, 6, 7.5625, 6.375], "texture": "#0"},
				"west": {"uv": [2.75, 5.75, 3, 6.125], "texture": "#0"},
				"up": {"uv": [8.0625, 3, 8, 2.75], "texture": "#0"},
				"down": {"uv": [8.0625, 3, 8, 3.25], "texture": "#0"}
			}
		},
		{
			"from": [7.9, 1.5, 11.2],
			"to": [8.1, 2, 11.7],
			"rotation": {"angle": 0, "axis": "y", "origin": [0, 0, 2.6]},
			"faces": {
				"north": {"uv": [8.75, 1, 8.8125, 1.125], "texture": "#0"},
				"east": {"uv": [3.25, 8, 3.375, 8.125], "texture": "#0"},
				"south": {"uv": [1.25, 8.75, 1.3125, 8.875], "texture": "#0"},
				"west": {"uv": [8, 3.25, 8.125, 3.375], "texture": "#0"},
				"up": {"uv": [8.8125, 1.375, 8.75, 1.25], "texture": "#0"},
				"down": {"uv": [1.5625, 8.75, 1.5, 8.875], "texture": "#0"}
			}
		},
		{
			"from": [7.9, -2.6, 11.8],
			"to": [8.1, -2.3, 12.9],
			"rotation": {"angle": -22.5, "axis": "x", "origin": [0, 0, 2.6]},
			"faces": {
				"north": {"uv": [9.25, 4.75, 9.3125, 4.8125], "texture": "#0"},
				"east": {"uv": [3.5, 8, 3.75, 8.0625], "texture": "#0"},
				"south": {"uv": [5, 9.25, 5.0625, 9.3125], "texture": "#0"},
				"west": {"uv": [8, 3.5, 8.25, 3.5625], "texture": "#0"},
				"up": {"uv": [8.0625, 4, 8, 3.75], "texture": "#0"},
				"down": {"uv": [4.0625, 8, 4, 8.25], "texture": "#0"}
			}
		},
		{
			"from": [7.9, -7.3, 9.3],
			"to": [8.1, -6.7, 9.6],
			"rotation": {"angle": -45, "axis": "x", "origin": [0, 0, 2.6]},
			"faces": {
				"north": {"uv": [8.75, 1.5, 8.8125, 1.625], "texture": "#0"},
				"east": {"uv": [1.75, 8.75, 1.8125, 8.875], "texture": "#0"},
				"south": {"uv": [8.75, 1.75, 8.8125, 1.875], "texture": "#0"},
				"west": {"uv": [2, 8.75, 2.0625, 8.875], "texture": "#0"},
				"up": {"uv": [9.3125, 5.0625, 9.25, 5], "texture": "#0"},
				"down": {"uv": [5.3125, 9.25, 5.25, 9.3125], "texture": "#0"}
			}
		},
		{
			"from": [7.9, -2.05958, 12.3075],
			"to": [8.1, -1.45958, 12.5075],
			"rotation": {"angle": -22.5, "axis": "x", "origin": [0, -1.75958, 3.4075]},
			"faces": {
				"north": {"uv": [8.75, 2, 8.8125, 2.125], "texture": "#0"},
				"east": {"uv": [2.25, 8.75, 2.3125, 8.875], "texture": "#0"},
				"south": {"uv": [8.75, 2.25, 8.8125, 2.375], "texture": "#0"},
				"west": {"uv": [2.5, 8.75, 2.5625, 8.875], "texture": "#0"},
				"up": {"uv": [9.3125, 5.3125, 9.25, 5.25], "texture": "#0"},
				"down": {"uv": [5.5625, 9.25, 5.5, 9.3125], "texture": "#0"}
			}
		},
		{
			"from": [7.4, -3.7, 11.2],
			"to": [8.6, -1.5, 14],
			"rotation": {"angle": 0, "axis": "y", "origin": [0, 0, 2.6]},
			"faces": {
				"north": {"uv": [4.75, 1, 5.0625, 1.5625], "texture": "#0"},
				"east": {"uv": [0, 0, 0.6875, 0.5625], "texture": "#0"},
				"south": {"uv": [1.5, 4.75, 1.8125, 5.3125], "texture": "#0"},
				"west": {"uv": [0, 0.75, 0.6875, 1.3125], "texture": "#0"},
				"up": {"uv": [4.0625, 1.4375, 3.75, 0.75], "texture": "#0"},
				"down": {"uv": [4.0625, 1.5, 3.75, 2.1875], "texture": "#0"}
			}
		},
		{
			"from": [8.6, -3.7, 11.3],
			"to": [8.7, -1.5, 13.9],
			"rotation": {"angle": 0, "axis": "y", "origin": [0, 0, 2.6]},
			"faces": {
				"north": {"uv": [7.25, 3.25, 7.3125, 3.8125], "texture": "#0"},
				"east": {"uv": [0, 1.5, 0.625, 2.0625], "texture": "#0"},
				"south": {"uv": [7.25, 4, 7.3125, 4.5625], "texture": "#0"},
				"west": {"uv": [1.5, 0, 2.125, 0.5625], "texture": "#0"},
				"up": {"uv": [7.3125, 1.625, 7.25, 1], "texture": "#0"},
				"down": {"uv": [1.3125, 7.25, 1.25, 7.875], "texture": "#0"}
			}
		},
		{
			"from": [8.6, -2.8, 11.2],
			"to": [8.7, -1.5, 11.3],
			"rotation": {"angle": 0, "axis": "y", "origin": [0, 0, 2.6]},
			"faces": {
				"north": {"uv": [5.75, 7.75, 5.8125, 8.0625], "texture": "#0"},
				"east": {"uv": [7.75, 6, 7.8125, 6.3125], "texture": "#0"},
				"south": {"uv": [6.25, 7.75, 6.3125, 8.0625], "texture": "#0"},
				"west": {"uv": [7.75, 6.5, 7.8125, 6.8125], "texture": "#0"},
				"up": {"uv": [9.3125, 5.5625, 9.25, 5.5], "texture": "#0"},
				"down": {"uv": [5.8125, 9.25, 5.75, 9.3125], "texture": "#0"}
			}
		},
		{
			"from": [8.6, -1.5, 11.3],
			"to": [8.7, -1.4, 13.5],
			"rotation": {"angle": 0, "axis": "y", "origin": [0, 0, 2.6]},
			"faces": {
				"north": {"uv": [9.25, 5.75, 9.3125, 5.8125], "texture": "#0"},
				"east": {"uv": [7.25, 2.75, 7.8125, 2.8125], "texture": "#0"},
				"south": {"uv": [6, 9.25, 6.0625, 9.3125], "texture": "#0"},
				"west": {"uv": [4.5, 7.25, 5.0625, 7.3125], "texture": "#0"},
				"up": {"uv": [7.3125, 5.3125, 7.25, 4.75], "texture": "#0"},
				"down": {"uv": [5.3125, 7.25, 5.25, 7.8125], "texture": "#0"}
			}
		},
		{
			"from": [8.6, -1.2, 12.8],
			"to": [8.7, -1, 13],
			"rotation": {"angle": 0, "axis": "y", "origin": [0, 0, 2.6]},
			"faces": {
				"north": {"uv": [9.25, 6, 9.3125, 6.0625], "texture": "#0"},
				"east": {"uv": [6.25, 9.25, 6.3125, 9.3125], "texture": "#0"},
				"south": {"uv": [9.25, 6.25, 9.3125, 6.3125], "texture": "#0"},
				"west": {"uv": [6.5, 9.25, 6.5625, 9.3125], "texture": "#0"},
				"up": {"uv": [9.3125, 6.5625, 9.25, 6.5], "texture": "#0"},
				"down": {"uv": [6.8125, 9.25, 6.75, 9.3125], "texture": "#0"}
			}
		},
		{
			"from": [8.6, -1.3, 12],
			"to": [8.7, -1.1, 12.2],
			"rotation": {"angle": 0, "axis": "y", "origin": [0, 0, 2.6]},
			"faces": {
				"north": {"uv": [9.25, 6.75, 9.3125, 6.8125], "texture": "#0"},
				"east": {"uv": [7, 9.25, 7.0625, 9.3125], "texture": "#0"},
				"south": {"uv": [9.25, 7, 9.3125, 7.0625], "texture": "#0"},
				"west": {"uv": [7.25, 9.25, 7.3125, 9.3125], "texture": "#0"},
				"up": {"uv": [9.3125, 7.3125, 9.25, 7.25], "texture": "#0"},
				"down": {"uv": [7.5625, 9.25, 7.5, 9.3125], "texture": "#0"}
			}
		},
		{
			"from": [8.6, -3.7, 13.9],
			"to": [8.7, -3.2, 14],
			"rotation": {"angle": 0, "axis": "y", "origin": [0, 0, 2.6]},
			"faces": {
				"north": {"uv": [8.75, 2.5, 8.8125, 2.625], "texture": "#0"},
				"east": {"uv": [2.75, 8.75, 2.8125, 8.875], "texture": "#0"},
				"south": {"uv": [8.75, 2.75, 8.8125, 2.875], "texture": "#0"},
				"west": {"uv": [3, 8.75, 3.0625, 8.875], "texture": "#0"},
				"up": {"uv": [9.3125, 7.5625, 9.25, 7.5], "texture": "#0"},
				"down": {"uv": [7.8125, 9.25, 7.75, 9.3125], "texture": "#0"}
			}
		},
		{
			"from": [8.6, -3.7, 14],
			"to": [8.7, -3.5, 14.1],
			"rotation": {"angle": 0, "axis": "y", "origin": [0, 0, 2.6]},
			"faces": {
				"north": {"uv": [9.25, 7.75, 9.3125, 7.8125], "texture": "#0"},
				"east": {"uv": [8, 9.25, 8.0625, 9.3125], "texture": "#0"},
				"south": {"uv": [9.25, 8, 9.3125, 8.0625], "texture": "#0"},
				"west": {"uv": [8.25, 9.25, 8.3125, 9.3125], "texture": "#0"},
				"up": {"uv": [9.3125, 8.3125, 9.25, 8.25], "texture": "#0"},
				"down": {"uv": [8.5625, 9.25, 8.5, 9.3125], "texture": "#0"}
			}
		},
		{
			"from": [8.6, -3.9, 11.5],
			"to": [8.7, -3.7, 11.6],
			"rotation": {"angle": 0, "axis": "y", "origin": [0, 0, 2.6]},
			"faces": {
				"north": {"uv": [9.25, 8.5, 9.3125, 8.5625], "texture": "#0"},
				"east": {"uv": [8.75, 9.25, 8.8125, 9.3125], "texture": "#0"},
				"south": {"uv": [9.25, 8.75, 9.3125, 8.8125], "texture": "#0"},
				"west": {"uv": [9, 9.25, 9.0625, 9.3125], "texture": "#0"},
				"up": {"uv": [9.3125, 9.0625, 9.25, 9], "texture": "#0"},
				"down": {"uv": [9.3125, 9.25, 9.25, 9.3125], "texture": "#0"}
			}
		},
		{
			"from": [8.6, -4.2, 11.6],
			"to": [8.7, -3.7, 11.7],
			"rotation": {"angle": 0, "axis": "y", "origin": [0, 0, 2.6]},
			"faces": {
				"north": {"uv": [8.75, 3, 8.8125, 3.125], "texture": "#0"},
				"east": {"uv": [3.25, 8.75, 3.3125, 8.875], "texture": "#0"},
				"south": {"uv": [8.75, 3.25, 8.8125, 3.375], "texture": "#0"},
				"west": {"uv": [3.5, 8.75, 3.5625, 8.875], "texture": "#0"},
				"up": {"uv": [0.0625, 9.5625, 0, 9.5], "texture": "#0"},
				"down": {"uv": [9.5625, 0, 9.5, 0.0625], "texture": "#0"}
			}
		},
		{
			"from": [7.5, -6.6, 9.2],
			"to": [8.5, -5.2, 10],
			"rotation": {"angle": -22.5, "axis": "x", "origin": [0, 0, 2.6]},
			"faces": {
				"north": {"uv": [5.5, 1, 5.8125, 1.375], "texture": "#0"},
				"east": {"uv": [6.25, 3, 6.4375, 3.375], "texture": "#0"},
				"south": {"uv": [1.5, 5.5, 1.8125, 5.875], "texture": "#0"},
				"west": {"uv": [3.25, 6.25, 3.4375, 6.625], "texture": "#0"},
				"up": {"uv": [6.3125, 6.4375, 6, 6.25], "texture": "#0"},
				"down": {"uv": [1.0625, 6.5, 0.75, 6.6875], "texture": "#0"}
			}
		},
		{
			"from": [7.6, -0.79745, 15.05494],
			"to": [8.4, -0.59745, 15.35494],
			"rotation": {"angle": 45, "axis": "x", "origin": [0, 4.00255, 10.85494]},
			"faces": {
				"north": {"uv": [8.25, 3.75, 8.4375, 3.8125], "texture": "#0"},
				"east": {"uv": [0.25, 9.5, 0.3125, 9.5625], "texture": "#0"},
				"south": {"uv": [4, 8.25, 4.1875, 8.3125], "texture": "#0"},
				"west": {"uv": [9.5, 0.25, 9.5625, 0.3125], "texture": "#0"},
				"up": {"uv": [8.4375, 4.0625, 8.25, 4], "texture": "#0"},
				"down": {"uv": [4.4375, 8.25, 4.25, 8.3125], "texture": "#0"}
			}
		},
		{
			"from": [7.6, -1.87817, 7.76678],
			"to": [8.4, -1.77817, 8.26678],
			"rotation": {"angle": -22.5, "axis": "x", "origin": [0, 4.22183, 11.16678]},
			"faces": {
				"north": {"uv": [8.25, 4.25, 8.4375, 4.3125], "texture": "#0"},
				"east": {"uv": [8.75, 3.5, 8.875, 3.5625], "texture": "#0"},
				"south": {"uv": [4.5, 8.25, 4.6875, 8.3125], "texture": "#0"},
				"west": {"uv": [3.75, 8.75, 3.875, 8.8125], "texture": "#0"},
				"up": {"uv": [6.4375, 7.625, 6.25, 7.5], "texture": "#0"},
				"down": {"uv": [7.6875, 6.5, 7.5, 6.625], "texture": "#0"}
			}
		},
		{
			"from": [7.6, -2.5576, 12.65365],
			"to": [8.4, -2.0576, 12.75365],
			"rotation": {"angle": 22.5, "axis": "x", "origin": [0, 3.3424, 11.25365]},
			"faces": {
				"north": {"uv": [6.75, 7.5, 6.9375, 7.625], "texture": "#0"},
				"east": {"uv": [8.75, 3.75, 8.8125, 3.875], "texture": "#0"},
				"south": {"uv": [7.5, 6.75, 7.6875, 6.875], "texture": "#0"},
				"west": {"uv": [4, 8.75, 4.0625, 8.875], "texture": "#0"},
				"up": {"uv": [8.4375, 4.5625, 8.25, 4.5], "texture": "#0"},
				"down": {"uv": [4.9375, 8.25, 4.75, 8.3125], "texture": "#0"}
			}
		},
		{
			"from": [7.6, 2.83479, 11.85458],
			"to": [8.4, 3.63479, 11.95458],
			"rotation": {"angle": 45, "axis": "x", "origin": [0, 2.23479, 3.85458]},
			"faces": {
				"north": {"uv": [5.5, 7.25, 5.6875, 7.4375], "texture": "#0"},
				"east": {"uv": [8.25, 4.75, 8.3125, 4.9375], "texture": "#0"},
				"south": {"uv": [7.25, 5.5, 7.4375, 5.6875], "texture": "#0"},
				"west": {"uv": [5, 8.25, 5.0625, 8.4375], "texture": "#0"},
				"up": {"uv": [8.4375, 5.0625, 8.25, 5], "texture": "#0"},
				"down": {"uv": [5.4375, 8.25, 5.25, 8.3125], "texture": "#0"}
			}
		},
		{
			"from": [7.7, -3.26414, 10.48988],
			"to": [8.3, -3.16414, 10.98988],
			"rotation": {"angle": 22.5, "axis": "x", "origin": [0, 4.83586, 9.88988]},
			"faces": {
				"north": {"uv": [8.75, 4, 8.875, 4.0625], "texture": "#0"},
				"east": {"uv": [4.25, 8.75, 4.375, 8.8125], "texture": "#0"},
				"south": {"uv": [8.75, 4.25, 8.875, 4.3125], "texture": "#0"},
				"west": {"uv": [4.5, 8.75, 4.625, 8.8125], "texture": "#0"},
				"up": {"uv": [4.375, 8.125, 4.25, 8], "texture": "#0"},
				"down": {"uv": [8.125, 4.5, 8, 4.625], "texture": "#0"}
			}
		},
		{
			"from": [7.8, 2.52821, 4.19422],
			"to": [8.2, 3.02821, 4.29422],
			"rotation": {"angle": -45, "axis": "x", "origin": [0, 3.62821, 12.29422]},
			"faces": {
				"north": {"uv": [5, 8, 5.125, 8.125], "texture": "#0"},
				"east": {"uv": [8.75, 4.5, 8.8125, 4.625], "texture": "#0"},
				"south": {"uv": [8, 5, 8.125, 5.125], "texture": "#0"},
				"west": {"uv": [4.75, 8.75, 4.8125, 8.875], "texture": "#0"},
				"up": {"uv": [8.875, 4.8125, 8.75, 4.75], "texture": "#0"},
				"down": {"uv": [5.125, 8.75, 5, 8.8125], "texture": "#0"}
			}
		},
		{
			"from": [7.8, 0.34776, 5.22629],
			"to": [8.2, 1.14776, 5.32629],
			"rotation": {"angle": -22.5, "axis": "x", "origin": [0, 3.34776, 13.32629]},
			"faces": {
				"north": {"uv": [7, 7.5, 7.125, 7.6875], "texture": "#0"},
				"east": {"uv": [8.25, 5.25, 8.3125, 5.4375], "texture": "#0"},
				"south": {"uv": [7.5, 7, 7.625, 7.1875], "texture": "#0"},
				"west": {"uv": [5.5, 8.25, 5.5625, 8.4375], "texture": "#0"},
				"up": {"uv": [8.875, 5.0625, 8.75, 5], "texture": "#0"},
				"down": {"uv": [5.375, 8.75, 5.25, 8.8125], "texture": "#0"}
			}
		},
		{
			"from": [7.8, -4.03161, 9.1817],
			"to": [8.2, -3.63161, 9.2817],
			"rotation": {"angle": 22.5, "axis": "x", "origin": [0, 3.36839, 13.5817]},
			"faces": {
				"north": {"uv": [5.25, 8, 5.375, 8.125], "texture": "#0"},
				"east": {"uv": [8.75, 5.25, 8.8125, 5.375], "texture": "#0"},
				"south": {"uv": [8, 5.25, 8.125, 5.375], "texture": "#0"},
				"west": {"uv": [5.5, 8.75, 5.5625, 8.875], "texture": "#0"},
				"up": {"uv": [8.875, 5.5625, 8.75, 5.5], "texture": "#0"},
				"down": {"uv": [5.875, 8.75, 5.75, 8.8125], "texture": "#0"}
			}
		},
		{
			"from": [7.8, -1.63161, 6.6817],
			"to": [8.2, -1.33161, 6.7817],
			"rotation": {"angle": 0, "axis": "x", "origin": [0, 3.36839, 13.5817]},
			"faces": {
				"north": {"uv": [8.75, 5.75, 8.875, 5.8125], "texture": "#0"},
				"east": {"uv": [0.5, 9.5, 0.5625, 9.5625], "texture": "#0"},
				"south": {"uv": [6, 8.75, 6.125, 8.8125], "texture": "#0"},
				"west": {"uv": [9.5, 0.5, 9.5625, 0.5625], "texture": "#0"},
				"up": {"uv": [8.875, 6.0625, 8.75, 6], "texture": "#0"},
				"down": {"uv": [6.375, 8.75, 6.25, 8.8125], "texture": "#0"}
			}
		},
		{
			"from": [7.8, 1.5076, 5.03536],
			"to": [8.2, 1.8076, 5.13536],
			"rotation": {"angle": -22.5, "axis": "x", "origin": [0, 4.0076, 14.13536]},
			"faces": {
				"north": {"uv": [8.75, 6.25, 8.875, 6.3125], "texture": "#0"},
				"east": {"uv": [0.75, 9.5, 0.8125, 9.5625], "texture": "#0"},
				"south": {"uv": [6.5, 8.75, 6.625, 8.8125], "texture": "#0"},
				"west": {"uv": [9.5, 0.75, 9.5625, 0.8125], "texture": "#0"},
				"up": {"uv": [8.875, 6.5625, 8.75, 6.5], "texture": "#0"},
				"down": {"uv": [6.875, 8.75, 6.75, 8.8125], "texture": "#0"}
			}
		},
		{
			"from": [7.7, -3.06851, 7.80641],
			"to": [8.3, -2.96851, 10.00641],
			"rotation": {"angle": 0, "axis": "x", "origin": [0, 2.93149, 4.60641]},
			"faces": {
				"north": {"uv": [8.75, 6.75, 8.875, 6.8125], "texture": "#0"},
				"east": {"uv": [5.75, 7.25, 6.3125, 7.3125], "texture": "#0"},
				"south": {"uv": [7, 8.75, 7.125, 8.8125], "texture": "#0"},
				"west": {"uv": [7.25, 5.75, 7.8125, 5.8125], "texture": "#0"},
				"up": {"uv": [3.625, 6.8125, 3.5, 6.25], "texture": "#0"},
				"down": {"uv": [6.375, 3.5, 6.25, 4.0625], "texture": "#0"}
			}
		},
		{
			"from": [7.4, -9.15563, 8.06855],
			"to": [8.6, -7.65563, 9.16855],
			"rotation": {"angle": -45, "axis": "x", "origin": [0, -2.55563, 1.46855]},
			"faces": {
				"north": {"uv": [2, 5.5, 2.3125, 5.875], "texture": "#0"},
				"east": {"uv": [5.75, 3.5, 6, 3.875], "texture": "#0"},
				"south": {"uv": [5.5, 2.5, 5.8125, 2.875], "texture": "#0"},
				"west": {"uv": [3.75, 5.75, 4, 6.125], "texture": "#0"},
				"up": {"uv": [5.5625, 3.75, 5.25, 3.5], "texture": "#0"},
				"down": {"uv": [1.0625, 6.25, 0.75, 6.5], "texture": "#0"}
			}
		},
		{
			"from": [7.4, -7.85855, 9.02361],
			"to": [8.6, -6.75855, 9.82361],
			"rotation": {"angle": -22.5, "axis": "x", "origin": [0, 0.24145, 2.42361]},
			"faces": {
				"north": {"uv": [6.25, 0.75, 6.5625, 1], "texture": "#0"},
				"east": {"uv": [2, 2.25, 2.1875, 2.5], "texture": "#0"},
				"south": {"uv": [6.25, 1, 6.5625, 1.25], "texture": "#0"},
				"west": {"uv": [2, 7, 2.1875, 7.25], "texture": "#0"},
				"up": {"uv": [6.8125, 3.1875, 6.5, 3], "texture": "#0"},
				"down": {"uv": [6.8125, 3.25, 6.5, 3.4375], "texture": "#0"}
			}
		},
		{
			"from": [7.4, -7.14843, 11.46356],
			"to": [8.6, -6.34843, 11.76356],
			"rotation": {"angle": -22.5, "axis": "x", "origin": [0, 0.95157, 4.36356]},
			"faces": {
				"north": {"uv": [6.5, 3.5, 6.8125, 3.6875], "texture": "#0"},
				"east": {"uv": [8.25, 5.5, 8.3125, 5.6875], "texture": "#0"},
				"south": {"uv": [3.75, 6.5, 4.0625, 6.6875], "texture": "#0"},
				"west": {"uv": [5.75, 8.25, 5.8125, 8.4375], "texture": "#0"},
				"up": {"uv": [8.0625, 5.5625, 7.75, 5.5], "texture": "#0"},
				"down": {"uv": [7.0625, 7.75, 6.75, 7.8125], "texture": "#0"}
			}
		},
		{
			"from": [7.4, -4.94843, 11.16356],
			"to": [8.6, -4.14843, 11.46356],
			"rotation": {"angle": -22.5, "axis": "x", "origin": [0, 3.15157, 4.06356]},
			"faces": {
				"north": {"uv": [6.5, 3.75, 6.8125, 3.9375], "texture": "#0"},
				"east": {"uv": [8.25, 5.75, 8.3125, 5.9375], "texture": "#0"},
				"south": {"uv": [6.5, 4, 6.8125, 4.1875], "texture": "#0"},
				"west": {"uv": [6, 8.25, 6.0625, 8.4375], "texture": "#0"},
				"up": {"uv": [8.0625, 7.0625, 7.75, 7], "texture": "#0"},
				"down": {"uv": [7.5625, 7.75, 7.25, 7.8125], "texture": "#0"}
			}
		},
		{
			"from": [7.5, -5.01172, 7.02546],
			"to": [8.5, -4.21172, 7.72546],
			"rotation": {"angle": -45, "axis": "x", "origin": [0, 2.98828, 4.22546]},
			"faces": {
				"north": {"uv": [4.25, 6.5, 4.5625, 6.6875], "texture": "#0"},
				"east": {"uv": [7.25, 6, 7.4375, 6.1875], "texture": "#0"},
				"south": {"uv": [6.5, 5.5, 6.8125, 5.6875], "texture": "#0"},
				"west": {"uv": [7.25, 6.25, 7.4375, 6.4375], "texture": "#0"},
				"up": {"uv": [6.8125, 5.9375, 6.5, 5.75], "texture": "#0"},
				"down": {"uv": [6.3125, 6.5, 6, 6.6875], "texture": "#0"}
			}
		},
		{
			"from": [7.4, -1.93418, 8.07898],
			"to": [8.6, 0.26582, 8.97898],
			"rotation": {"angle": -22.5, "axis": "x", "origin": [0, 6.76582, 5.47898]},
			"faces": {
				"north": {"uv": [2, 4.75, 2.3125, 5.3125], "texture": "#0"},
				"east": {"uv": [5, 1.75, 5.25, 2.3125], "texture": "#0"},
				"south": {"uv": [4.75, 3, 5.0625, 3.5625], "texture": "#0"},
				"west": {"uv": [2.75, 5, 3, 5.5625], "texture": "#0"},
				"up": {"uv": [6.5625, 1.5, 6.25, 1.25], "texture": "#0"},
				"down": {"uv": [6.5625, 1.5, 6.25, 1.75], "texture": "#0"}
			}
		},
		{
			"from": [7.4, -5.9, 11.6],
			"to": [8.6, -3.7, 14.3],
			"rotation": {"angle": 0, "axis": "y", "origin": [0, 0, 2.6]},
			"faces": {
				"north": {"uv": [4.75, 4, 5.0625, 4.5625], "texture": "#0"},
				"east": {"uv": [0.75, 0, 1.4375, 0.5625], "texture": "#0"},
				"south": {"uv": [4.75, 4.75, 5.0625, 5.3125], "texture": "#0"},
				"west": {"uv": [0.75, 0.75, 1.4375, 1.3125], "texture": "#0"},
				"up": {"uv": [0.8125, 4.6875, 0.5, 4], "texture": "#0"},
				"down": {"uv": [1.8125, 4, 1.5, 4.6875], "texture": "#0"}
			}
		},
		{
			"from": [8.6, -5.9, 11.7],
			"to": [8.7, -3.7, 14.2],
			"rotation": {"angle": 0, "axis": "y", "origin": [0, 0, 2.6]},
			"faces": {
				"north": {"uv": [6.5, 7.25, 6.5625, 7.8125], "texture": "#0"},
				"east": {"uv": [0.75, 1.5, 1.375, 2.0625], "texture": "#0"},
				"south": {"uv": [7.25, 6.5, 7.3125, 7.0625], "texture": "#0"},
				"west": {"uv": [1.5, 0.75, 2.125, 1.3125], "texture": "#0"},
				"up": {"uv": [1.5625, 7.875, 1.5, 7.25], "texture": "#0"},
				"down": {"uv": [1.8125, 7.25, 1.75, 7.875], "texture": "#0"}
			}
		},
		{
			"from": [7.3, -2.8, 11.2],
			"to": [7.4, -1.5, 11.3],
			"rotation": {"angle": 0, "axis": "y", "origin": [16, 0, 2.6]},
			"faces": {
				"north": {"uv": [7.75, 7.25, 7.8125, 7.5625], "texture": "#0"},
				"east": {"uv": [7.75, 7.75, 7.8125, 8.0625], "texture": "#0"},
				"south": {"uv": [0, 8, 0.0625, 8.3125], "texture": "#0"},
				"west": {"uv": [0.25, 8, 0.3125, 8.3125], "texture": "#0"},
				"up": {"uv": [1.0625, 9.5625, 1, 9.5], "texture": "#0"},
				"down": {"uv": [9.5625, 1, 9.5, 1.0625], "texture": "#0"}
			}
		},
		{
			"from": [7.3, -1.5, 11.3],
			"to": [7.4, -1.4, 13.5],
			"rotation": {"angle": 0, "axis": "y", "origin": [16, 0, 2.6]},
			"faces": {
				"north": {"uv": [1.25, 9.5, 1.3125, 9.5625], "texture": "#0"},
				"east": {"uv": [6.75, 7.25, 7.3125, 7.3125], "texture": "#0"},
				"south": {"uv": [9.5, 1.25, 9.5625, 1.3125], "texture": "#0"},
				"west": {"uv": [0, 7.5, 0.5625, 7.5625], "texture": "#0"},
				"up": {"uv": [7.5625, 0.5625, 7.5, 0], "texture": "#0"},
				"down": {"uv": [0.8125, 7.5, 0.75, 8.0625], "texture": "#0"}
			}
		},
		{
			"from": [7.3, -3.7, 11.3],
			"to": [7.4, -1.5, 13.9],
			"rotation": {"angle": 0, "axis": "y", "origin": [16, 0, 2.6]},
			"faces": {
				"north": {"uv": [7.5, 0.75, 7.5625, 1.3125], "texture": "#0"},
				"east": {"uv": [1.5, 1.5, 2.125, 2.0625], "texture": "#0"},
				"south": {"uv": [1, 7.5, 1.0625, 8.0625], "texture": "#0"},
				"west": {"uv": [0, 2.25, 0.625, 2.8125], "texture": "#0"},
				"up": {"uv": [7.3125, 2.375, 7.25, 1.75], "texture": "#0"},
				"down": {"uv": [2.0625, 7.25, 2, 7.875], "texture": "#0"}
			}
		},
		{
			"from": [7.3, -3.7, 13.9],
			"to": [7.4, -3.2, 14],
			"rotation": {"angle": 0, "axis": "y", "origin": [16, 0, 2.6]},
			"faces": {
				"north": {"uv": [8.75, 7, 8.8125, 7.125], "texture": "#0"},
				"east": {"uv": [7.25, 8.75, 7.3125, 8.875], "texture": "#0"},
				"south": {"uv": [8.75, 7.25, 8.8125, 7.375], "texture": "#0"},
				"west": {"uv": [7.5, 8.75, 7.5625, 8.875], "texture": "#0"},
				"up": {"uv": [1.5625, 9.5625, 1.5, 9.5], "texture": "#0"},
				"down": {"uv": [9.5625, 1.5, 9.5, 1.5625], "texture": "#0"}
			}
		},
		{
			"from": [7.3, -3.7, 14],
			"to": [7.4, -3.5, 14.1],
			"rotation": {"angle": 0, "axis": "y", "origin": [16, 0, 2.6]},
			"faces": {
				"north": {"uv": [1.75, 9.5, 1.8125, 9.5625], "texture": "#0"},
				"east": {"uv": [9.5, 1.75, 9.5625, 1.8125], "texture": "#0"},
				"south": {"uv": [2, 9.5, 2.0625, 9.5625], "texture": "#0"},
				"west": {"uv": [9.5, 2, 9.5625, 2.0625], "texture": "#0"},
				"up": {"uv": [2.3125, 9.5625, 2.25, 9.5], "texture": "#0"},
				"down": {"uv": [9.5625, 2.25, 9.5, 2.3125], "texture": "#0"}
			}
		},
		{
			"from": [7.3, -5.9, 11.7],
			"to": [7.4, -3.7, 14.2],
			"rotation": {"angle": 0, "axis": "y", "origin": [16, 0, 2.6]},
			"faces": {
				"north": {"uv": [7.5, 1.5, 7.5625, 2.0625], "texture": "#0"},
				"east": {"uv": [2.25, 0, 2.875, 0.5625], "texture": "#0"},
				"south": {"uv": [2.75, 7.5, 2.8125, 8.0625], "texture": "#0"},
				"west": {"uv": [0.75, 2.25, 1.375, 2.8125], "texture": "#0"},
				"up": {"uv": [2.3125, 7.875, 2.25, 7.25], "texture": "#0"},
				"down": {"uv": [2.5625, 7.25, 2.5, 7.875], "texture": "#0"}
			}
		},
		{
			"from": [7.3, -4.2, 11.6],
			"to": [7.4, -3.7, 11.7],
			"rotation": {"angle": 0, "axis": "y", "origin": [16, 0, 2.6]},
			"faces": {
				"north": {"uv": [8.75, 7.5, 8.8125, 7.625], "texture": "#0"},
				"east": {"uv": [7.75, 8.75, 7.8125, 8.875], "texture": "#0"},
				"south": {"uv": [8.75, 7.75, 8.8125, 7.875], "texture": "#0"},
				"west": {"uv": [8, 8.75, 8.0625, 8.875], "texture": "#0"},
				"up": {"uv": [2.5625, 9.5625, 2.5, 9.5], "texture": "#0"},
				"down": {"uv": [9.5625, 2.5, 9.5, 2.5625], "texture": "#0"}
			}
		},
		{
			"from": [7.3, -3.9, 11.5],
			"to": [7.4, -3.7, 11.6],
			"rotation": {"angle": 0, "axis": "y", "origin": [16, 0, 2.6]},
			"faces": {
				"north": {"uv": [2.75, 9.5, 2.8125, 9.5625], "texture": "#0"},
				"east": {"uv": [9.5, 2.75, 9.5625, 2.8125], "texture": "#0"},
				"south": {"uv": [3, 9.5, 3.0625, 9.5625], "texture": "#0"},
				"west": {"uv": [9.5, 3, 9.5625, 3.0625], "texture": "#0"},
				"up": {"uv": [3.3125, 9.5625, 3.25, 9.5], "texture": "#0"},
				"down": {"uv": [9.5625, 3.25, 9.5, 3.3125], "texture": "#0"}
			}
		},
		{
			"from": [7.4, -6, 11.7],
			"to": [8.6, -5.9, 14.2],
			"rotation": {"angle": 0, "axis": "y", "origin": [0, 0, 2.6]},
			"faces": {
				"north": {"uv": [1.25, 8, 1.5625, 8.0625], "texture": "#0"},
				"east": {"uv": [7.25, 2.5, 7.875, 2.5625], "texture": "#0"},
				"south": {"uv": [8, 1.25, 8.3125, 1.3125], "texture": "#0"},
				"west": {"uv": [2.75, 7.25, 3.375, 7.3125], "texture": "#0"},
				"up": {"uv": [4.5625, 3.625, 4.25, 3], "texture": "#0"},
				"down": {"uv": [4.8125, 1.75, 4.5, 2.375], "texture": "#0"}
			}
		},
		{
			"from": [7.8, -1.3, 6.1],
			"to": [8.2, -0.5, 6.8],
			"rotation": {"angle": 0, "axis": "y", "origin": [0, 0, 2.6]},
			"faces": {
				"north": {"uv": [7.25, 7.5, 7.375, 7.6875], "texture": "#0"},
				"east": {"uv": [7.5, 2.25, 7.6875, 2.4375], "texture": "#0"},
				"south": {"uv": [7.5, 7.25, 7.625, 7.4375], "texture": "#0"},
				"west": {"uv": [3, 7.5, 3.1875, 7.6875], "texture": "#0"},
				"up": {"uv": [7.625, 7.6875, 7.5, 7.5], "texture": "#0"},
				"down": {"uv": [0.125, 7.75, 0, 7.9375], "texture": "#0"}
			}
		},
		{
			"from": [8.2, -1.2, 6.2],
			"to": [8.4, -0.8, 6.6],
			"rotation": {"angle": 0, "axis": "y", "origin": [0, 0, 2.6]},
			"faces": {
				"north": {"uv": [8.75, 8, 8.8125, 8.125], "texture": "#0"},
				"east": {"uv": [8, 5.75, 8.125, 5.875], "texture": "#0"},
				"south": {"uv": [8.25, 8.75, 8.3125, 8.875], "texture": "#0"},
				"west": {"uv": [6, 8, 6.125, 8.125], "texture": "#0"},
				"up": {"uv": [8.8125, 8.375, 8.75, 8.25], "texture": "#0"},
				"down": {"uv": [8.5625, 8.75, 8.5, 8.875], "texture": "#0"}
			}
		},
		{
			"from": [7.6, -1.2, 6.2],
			"to": [7.8, -0.8, 6.6],
			"rotation": {"angle": 0, "axis": "y", "origin": [16, 0, 2.6]},
			"faces": {
				"north": {"uv": [8.75, 8.5, 8.8125, 8.625], "texture": "#0"},
				"east": {"uv": [8, 6, 8.125, 6.125], "texture": "#0"},
				"south": {"uv": [8.75, 8.75, 8.8125, 8.875], "texture": "#0"},
				"west": {"uv": [8, 6.25, 8.125, 6.375], "texture": "#0"},
				"up": {"uv": [0.0625, 9.125, 0, 9], "texture": "#0"},
				"down": {"uv": [9.0625, 0, 9, 0.125], "texture": "#0"}
			}
		},
		{
			"from": [7.3, -1.3, 12],
			"to": [7.4, -1.1, 12.2],
			"rotation": {"angle": 0, "axis": "y", "origin": [16, 0, 2.6]},
			"faces": {
				"north": {"uv": [3.5, 9.5, 3.5625, 9.5625], "texture": "#0"},
				"east": {"uv": [9.5, 3.5, 9.5625, 3.5625], "texture": "#0"},
				"south": {"uv": [3.75, 9.5, 3.8125, 9.5625], "texture": "#0"},
				"west": {"uv": [9.5, 3.75, 9.5625, 3.8125], "texture": "#0"},
				"up": {"uv": [4.0625, 9.5625, 4, 9.5], "texture": "#0"},
				"down": {"uv": [9.5625, 4, 9.5, 4.0625], "texture": "#0"}
			}
		},
		{
			"from": [7.3, -1.2, 12.8],
			"to": [7.4, -1, 13],
			"rotation": {"angle": 0, "axis": "y", "origin": [16, 0, 2.6]},
			"faces": {
				"north": {"uv": [4.25, 9.5, 4.3125, 9.5625], "texture": "#0"},
				"east": {"uv": [9.5, 4.25, 9.5625, 4.3125], "texture": "#0"},
				"south": {"uv": [4.5, 9.5, 4.5625, 9.5625], "texture": "#0"},
				"west": {"uv": [9.5, 4.5, 9.5625, 4.5625], "texture": "#0"},
				"up": {"uv": [4.8125, 9.5625, 4.75, 9.5], "texture": "#0"},
				"down": {"uv": [9.5625, 4.75, 9.5, 4.8125], "texture": "#0"}
			}
		},
		{
			"from": [7.8, 1.7, 6.3],
			"to": [8.2, 2.1, 6.8],
			"rotation": {"angle": 0, "axis": "y", "origin": [0, 0, 2.6]},
			"faces": {
				"north": {"uv": [6.5, 8, 6.625, 8.125], "texture": "#0"},
				"east": {"uv": [8, 6.5, 8.125, 6.625], "texture": "#0"},
				"south": {"uv": [6.75, 8, 6.875, 8.125], "texture": "#0"},
				"west": {"uv": [8, 6.75, 8.125, 6.875], "texture": "#0"},
				"up": {"uv": [7.125, 8.125, 7, 8], "texture": "#0"},
				"down": {"uv": [7.375, 8, 7.25, 8.125], "texture": "#0"}
			}
		},
		{
			"from": [7.8, 1.9, 6.8],
			"to": [8.2, 2.1, 9.8],
			"rotation": {"angle": 0, "axis": "y", "origin": [0, 0, 2.6]},
			"faces": {
				"north": {"uv": [0.25, 9, 0.375, 9.0625], "texture": "#0"},
				"east": {"uv": [2.25, 7, 3, 7.0625], "texture": "#0"},
				"south": {"uv": [9, 0.25, 9.125, 0.3125], "texture": "#0"},
				"west": {"uv": [7, 3, 7.75, 3.0625], "texture": "#0"},
				"up": {"uv": [5.875, 4.75, 5.75, 4], "texture": "#0"},
				"down": {"uv": [4.375, 5.75, 4.25, 6.5], "texture": "#0"}
			}
		},
		{
			"from": [7.8, -1.5, 5.9],
			"to": [8.2, -1.3, 9.8],
			"rotation": {"angle": 0, "axis": "y", "origin": [0, 0, 2.6]},
			"faces": {
				"north": {"uv": [0.5, 9, 0.625, 9.0625], "texture": "#0"},
				"east": {"uv": [6.25, 5, 7.25, 5.0625], "texture": "#0"},
				"south": {"uv": [9, 0.5, 9.125, 0.5625], "texture": "#0"},
				"west": {"uv": [6.25, 5.25, 7.25, 5.3125], "texture": "#0"},
				"up": {"uv": [5.375, 3.5, 5.25, 2.5], "texture": "#0"},
				"down": {"uv": [4.125, 5.25, 4, 6.25], "texture": "#0"}
			}
		},
		{
			"from": [4.8, -1.5, 11.1],
			"to": [5.3, -1.3, 12.7],
			"rotation": {"angle": 22.5, "axis": "y", "origin": [0, 0, 2.6]},
			"faces": {
				"north": {"uv": [0.75, 9, 0.875, 9.0625], "texture": "#0"},
				"east": {"uv": [7.75, 0, 8.125, 0.0625], "texture": "#0"},
				"south": {"uv": [9, 0.75, 9.125, 0.8125], "texture": "#0"},
				"west": {"uv": [0.25, 7.75, 0.625, 7.8125], "texture": "#0"},
				"up": {"uv": [7.125, 3.625, 7, 3.25], "texture": "#0"},
				"down": {"uv": [3.625, 7, 3.5, 7.375], "texture": "#0"}
			}
		},
		{
			"from": [10.7, -1.5, 11.1],
			"to": [11.2, -1.3, 12.7],
			"rotation": {"angle": -22.5, "axis": "y", "origin": [16, 0, 2.6]},
			"faces": {
				"north": {"uv": [1, 9, 1.125, 9.0625], "texture": "#0"},
				"east": {"uv": [7.75, 0.25, 8.125, 0.3125], "texture": "#0"},
				"south": {"uv": [9, 1, 9.125, 1.0625], "texture": "#0"},
				"west": {"uv": [7.75, 0.5, 8.125, 0.5625], "texture": "#0"},
				"up": {"uv": [3.875, 7.375, 3.75, 7], "texture": "#0"},
				"down": {"uv": [7.125, 3.75, 7, 4.125], "texture": "#0"}
			}
		},
		{
			"from": [7.873, -1.559, 7.827],
			"to": [8.127, -1.405, 9.097],
			"rotation": {"angle": 0, "axis": "y", "origin": [-2.16, 0.6, 0.334]},
			"faces": {
				"north": {"uv": [5, 9.5, 5.0625, 9.5625], "texture": "#0"},
				"east": {"uv": [8, 1.5, 8.3125, 1.5625], "texture": "#0"},
				"south": {"uv": [9.5, 5, 9.5625, 5.0625], "texture": "#0"},
				"west": {"uv": [1.75, 8, 2.0625, 8.0625], "texture": "#0"},
				"up": {"uv": [0.5625, 8.3125, 0.5, 8], "texture": "#0"},
				"down": {"uv": [2.3125, 8, 2.25, 8.3125], "texture": "#0"}
			}
		},
		{
			"from": [7.873, 0.90242, 10.4386],
			"to": [8.127, 1.02942, 10.8196],
			"rotation": {"angle": 22.5, "axis": "x", "origin": [-2.16, 6.23642, 2.9456]},
			"faces": {
				"north": {"uv": [5.25, 9.5, 5.3125, 9.5625], "texture": "#0"},
				"east": {"uv": [1.25, 9, 1.375, 9.0625], "texture": "#0"},
				"south": {"uv": [9.5, 5.25, 9.5625, 5.3125], "texture": "#0"},
				"west": {"uv": [9, 1.25, 9.125, 1.3125], "texture": "#0"},
				"up": {"uv": [1.5625, 9.125, 1.5, 9], "texture": "#0"},
				"down": {"uv": [9.0625, 1.5, 9, 1.625], "texture": "#0"}
			}
		},
		{
			"from": [7.873, 3.31557, -0.31833],
			"to": [8.127, 3.95057, -0.06433],
			"rotation": {"angle": -45, "axis": "x", "origin": [-2.16, 11.31657, 10.60367]},
			"faces": {
				"north": {"uv": [8.25, 6, 8.3125, 6.1875], "texture": "#0"},
				"east": {"uv": [6.25, 8.25, 6.3125, 8.4375], "texture": "#0"},
				"south": {"uv": [8.25, 6.25, 8.3125, 6.4375], "texture": "#0"},
				"west": {"uv": [6.5, 8.25, 6.5625, 8.4375], "texture": "#0"},
				"up": {"uv": [5.5625, 9.5625, 5.5, 9.5], "texture": "#0"},
				"down": {"uv": [9.5625, 5.5, 9.5, 5.5625], "texture": "#0"}
			}
		},
		{
			"from": [7.873, -2.51941, 8.59081],
			"to": [8.127, -1.88441, 8.71781],
			"rotation": {"angle": 0, "axis": "x", "origin": [-2.16, 11.06959, 17.35381]},
			"faces": {
				"north": {"uv": [8.25, 6.5, 8.3125, 6.6875], "texture": "#0"},
				"east": {"uv": [6.75, 8.25, 6.8125, 8.4375], "texture": "#0"},
				"south": {"uv": [8.25, 6.75, 8.3125, 6.9375], "texture": "#0"},
				"west": {"uv": [7, 8.25, 7.0625, 8.4375], "texture": "#0"},
				"up": {"uv": [5.8125, 9.5625, 5.75, 9.5], "texture": "#0"},
				"down": {"uv": [9.5625, 5.75, 9.5, 5.8125], "texture": "#0"}
			}
		},
		{
			"from": [7.873, 0.92646, 2.77061],
			"to": [8.127, 1.18046, 2.89761],
			"rotation": {"angle": -22.5, "axis": "x", "origin": [-2.16, 14.00746, 13.69261]},
			"faces": {
				"north": {"uv": [6, 9.5, 6.0625, 9.5625], "texture": "#0"},
				"east": {"uv": [9.5, 6, 9.5625, 6.0625], "texture": "#0"},
				"south": {"uv": [6.25, 9.5, 6.3125, 9.5625], "texture": "#0"},
				"west": {"uv": [9.5, 6.25, 9.5625, 6.3125], "texture": "#0"},
				"up": {"uv": [6.5625, 9.5625, 6.5, 9.5], "texture": "#0"},
				"down": {"uv": [9.5625, 6.5, 9.5, 6.5625], "texture": "#0"}
			}
		},
		{
			"from": [7.873, -4.30217, 15.63793],
			"to": [8.127, -3.92117, 15.76493],
			"rotation": {"angle": 22.5, "axis": "x", "origin": [-2.16, 14.49383, 15.76493]},
			"faces": {
				"north": {"uv": [1.75, 9, 1.8125, 9.125], "texture": "#0"},
				"east": {"uv": [9, 1.75, 9.0625, 1.875], "texture": "#0"},
				"south": {"uv": [2, 9, 2.0625, 9.125], "texture": "#0"},
				"west": {"uv": [9, 2, 9.0625, 2.125], "texture": "#0"},
				"up": {"uv": [6.8125, 9.5625, 6.75, 9.5], "texture": "#0"},
				"down": {"uv": [9.5625, 6.75, 9.5, 6.8125], "texture": "#0"}
			}
		},
		{
			"from": [7.873, -3.03991, 22.90541],
			"to": [8.127, -2.75891, 23.03241],
			"rotation": {"angle": 45, "axis": "x", "origin": [-2.16, 14.64009, 15.66641]},
			"faces": {
				"north": {"uv": [7, 9.5, 7.0625, 9.5625], "texture": "#0"},
				"east": {"uv": [9.5, 7, 9.5625, 7.0625], "texture": "#0"},
				"south": {"uv": [7.25, 9.5, 7.3125, 9.5625], "texture": "#0"},
				"west": {"uv": [9.5, 7.25, 9.5625, 7.3125], "texture": "#0"},
				"up": {"uv": [7.5625, 9.5625, 7.5, 9.5], "texture": "#0"},
				"down": {"uv": [9.5625, 7.5, 9.5, 7.5625], "texture": "#0"}
			}
		},
		{
			"from": [7.8, 0.2, 6.8],
			"to": [8.2, 0.6, 7],
			"rotation": {"angle": 0, "axis": "y", "origin": [0, 0, 2.6]},
			"faces": {
				"north": {"uv": [8, 7.25, 8.125, 7.375], "texture": "#0"},
				"east": {"uv": [2.25, 9, 2.3125, 9.125], "texture": "#0"},
				"south": {"uv": [7.5, 8, 7.625, 8.125], "texture": "#0"},
				"west": {"uv": [9, 2.25, 9.0625, 2.375], "texture": "#0"},
				"up": {"uv": [2.625, 9.0625, 2.5, 9], "texture": "#0"},
				"down": {"uv": [9.125, 2.5, 9, 2.5625], "texture": "#0"}
			}
		},
		{
			"from": [7.8, 0.25789, 6.2637],
			"to": [8.2, 0.75789, 7.2637],
			"rotation": {"angle": -22.5, "axis": "x", "origin": [0, -0.94211, 3.4637]},
			"faces": {
				"north": {"uv": [8, 7.5, 8.125, 7.625], "texture": "#0"},
				"east": {"uv": [3.75, 7.5, 4, 7.625], "texture": "#0"},
				"south": {"uv": [8, 7.75, 8.125, 7.875], "texture": "#0"},
				"west": {"uv": [7.5, 3.75, 7.75, 3.875], "texture": "#0"},
				"up": {"uv": [4.125, 7.75, 4, 7.5], "texture": "#0"},
				"down": {"uv": [7.625, 4, 7.5, 4.25], "texture": "#0"}
			}
		},
		{
			"from": [7.8, 0.46378, 12.35473],
			"to": [8.2, 0.66378, 12.75473],
			"rotation": {"angle": 22.5, "axis": "x", "origin": [0, 17.46378, 6.45473]},
			"faces": {
				"north": {"uv": [2.75, 9, 2.875, 9.0625], "texture": "#0"},
				"east": {"uv": [9, 2.75, 9.125, 2.8125], "texture": "#0"},
				"south": {"uv": [3, 9, 3.125, 9.0625], "texture": "#0"},
				"west": {"uv": [9, 3, 9.125, 3.0625], "texture": "#0"},
				"up": {"uv": [8.125, 8.125, 8, 8], "texture": "#0"},
				"down": {"uv": [8.375, 0, 8.25, 0.125], "texture": "#0"}
			}
		},
		{
			"from": [7.8, 5.00343, 2.21767],
			"to": [8.2, 5.50343, 2.61767],
			"rotation": {"angle": -22.5, "axis": "x", "origin": [0, 11.30343, 19.21767]},
			"faces": {
				"north": {"uv": [8.25, 0.25, 8.375, 0.375], "texture": "#0"},
				"east": {"uv": [8.25, 0.5, 8.375, 0.625], "texture": "#0"},
				"south": {"uv": [0.75, 8.25, 0.875, 8.375], "texture": "#0"},
				"west": {"uv": [8.25, 0.75, 8.375, 0.875], "texture": "#0"},
				"up": {"uv": [1.125, 8.375, 1, 8.25], "texture": "#0"},
				"down": {"uv": [8.375, 1, 8.25, 1.125], "texture": "#0"}
			}
		},
		{
			"from": [7.8, -1.32263, 5.92263],
			"to": [8.2, -0.92263, 6.12263],
			"rotation": {"angle": 0, "axis": "x", "origin": [0, 4.87737, 22.92263]},
			"faces": {
				"north": {"uv": [1.25, 8.25, 1.375, 8.375], "texture": "#0"},
				"east": {"uv": [3.25, 9, 3.3125, 9.125], "texture": "#0"},
				"south": {"uv": [1.5, 8.25, 1.625, 8.375], "texture": "#0"},
				"west": {"uv": [9, 3.25, 9.0625, 3.375], "texture": "#0"},
				"up": {"uv": [3.625, 9.0625, 3.5, 9], "texture": "#0"},
				"down": {"uv": [9.125, 3.5, 9, 3.5625], "texture": "#0"}
			}
		},
		{
			"from": [7.7, -0.4, 4],
			"to": [8.3, -0.1, 5.4],
			"rotation": {"angle": 0, "axis": "y", "origin": [0, 0, 2.6]},
			"faces": {
				"north": {"uv": [3.75, 9, 3.875, 9.0625], "texture": "#0"},
				"east": {"uv": [7.75, 0.75, 8.125, 0.8125], "texture": "#0"},
				"south": {"uv": [9, 3.75, 9.125, 3.8125], "texture": "#0"},
				"west": {"uv": [7.75, 1, 8.125, 1.0625], "texture": "#0"},
				"up": {"uv": [4.125, 7.375, 4, 7], "texture": "#0"},
				"down": {"uv": [4.375, 7, 4.25, 7.375], "texture": "#0"}
			}
		},
		{
			"from": [7.9, -0.3, 3.3],
			"to": [8.1, -0.1, 4],
			"rotation": {"angle": 0, "axis": "y", "origin": [0, 0, 2.6]},
			"faces": {
				"north": {"uv": [7.75, 9.5, 7.8125, 9.5625], "texture": "#0"},
				"east": {"uv": [8.25, 7, 8.4375, 7.0625], "texture": "#0"},
				"south": {"uv": [9.5, 7.75, 9.5625, 7.8125], "texture": "#0"},
				"west": {"uv": [7.25, 8.25, 7.4375, 8.3125], "texture": "#0"},
				"up": {"uv": [8.3125, 7.4375, 8.25, 7.25], "texture": "#0"},
				"down": {"uv": [7.5625, 8.25, 7.5, 8.4375], "texture": "#0"}
			}
		},
		{
			"from": [7.8, -0.4, 2.7],
			"to": [8.2, 0, 3.3],
			"rotation": {"angle": 0, "axis": "y", "origin": [0, 0, 2.6]},
			"faces": {
				"north": {"uv": [1.75, 8.25, 1.875, 8.375], "texture": "#0"},
				"east": {"uv": [8.25, 1.75, 8.375, 1.875], "texture": "#0"},
				"south": {"uv": [2, 8.25, 2.125, 8.375], "texture": "#0"},
				"west": {"uv": [8.25, 2, 8.375, 2.125], "texture": "#0"},
				"up": {"uv": [8.375, 2.375, 8.25, 2.25], "texture": "#0"},
				"down": {"uv": [2.625, 8.25, 2.5, 8.375], "texture": "#0"}
			}
		},
		{
			"from": [7.6, -0.5, 5.2],
			"to": [8.4, 0, 5.4],
			"rotation": {"angle": 0, "axis": "y", "origin": [0, 0, 2.6]},
			"faces": {
				"north": {"uv": [7.75, 1.25, 7.9375, 1.375], "texture": "#0"},
				"east": {"uv": [4, 9, 4.0625, 9.125], "texture": "#0"},
				"south": {"uv": [7.75, 1.5, 7.9375, 1.625], "texture": "#0"},
				"west": {"uv": [9, 4, 9.0625, 4.125], "texture": "#0"},
				"up": {"uv": [8.4375, 7.5625, 8.25, 7.5], "texture": "#0"},
				"down": {"uv": [7.9375, 8.25, 7.75, 8.3125], "texture": "#0"}
			}
		},
		{
			"from": [7.4, 0.6, 4],
			"to": [8.6, 1.4, 5.4],
			"rotation": {"angle": 0, "axis": "y", "origin": [0, 0, 2.6]},
			"faces": {
				"north": {"uv": [6.5, 6.25, 6.8125, 6.4375], "texture": "#0"},
				"east": {"uv": [3.75, 6.25, 4.125, 6.4375], "texture": "#0"},
				"south": {"uv": [6.5, 6.5, 6.8125, 6.6875], "texture": "#0"},
				"west": {"uv": [6.25, 4.75, 6.625, 4.9375], "texture": "#0"},
				"up": {"uv": [5.8125, 3.375, 5.5, 3], "texture": "#0"},
				"down": {"uv": [5.0625, 5.5, 4.75, 5.875], "texture": "#0"}
			}
		},
		{
			"from": [4.05198, 8.34437, 4],
			"to": [4.35198, 8.54437, 5.4],
			"rotation": {"angle": -45, "axis": "z", "origin": [-2.14802, -0.15563, 2.6]},
			"faces": {
				"north": {"uv": [8, 9.5, 8.0625, 9.5625], "texture": "#0"},
				"east": {"uv": [7.75, 1.75, 8.125, 1.8125], "texture": "#0"},
				"south": {"uv": [9.5, 8, 9.5625, 8.0625], "texture": "#0"},
				"west": {"uv": [7.75, 2, 8.125, 2.0625], "texture": "#0"},
				"up": {"uv": [3.0625, 8.125, 3, 7.75], "texture": "#0"},
				"down": {"uv": [7.8125, 3, 7.75, 3.375], "texture": "#0"}
			}
		},
		{
			"from": [11.64802, 8.34437, 4],
			"to": [11.94802, 8.54437, 5.4],
			"rotation": {"angle": 45, "axis": "z", "origin": [18.14802, -0.15563, 2.6]},
			"faces": {
				"north": {"uv": [8.25, 9.5, 8.3125, 9.5625], "texture": "#0"},
				"east": {"uv": [7.75, 2.25, 8.125, 2.3125], "texture": "#0"},
				"south": {"uv": [9.5, 8.25, 9.5625, 8.3125], "texture": "#0"},
				"west": {"uv": [3.25, 7.75, 3.625, 7.8125], "texture": "#0"},
				"up": {"uv": [7.8125, 3.875, 7.75, 3.5], "texture": "#0"},
				"down": {"uv": [3.8125, 7.75, 3.75, 8.125], "texture": "#0"}
			}
		},
		{
			"from": [4.05198, -6.54437, 4],
			"to": [4.35198, -6.34437, 5.4],
			"rotation": {"angle": 45, "axis": "z", "origin": [-2.14802, 2.15563, 2.6]},
			"faces": {
				"north": {"uv": [8.5, 9.5, 8.5625, 9.5625], "texture": "#0"},
				"east": {"uv": [4, 7.75, 4.375, 7.8125], "texture": "#0"},
				"south": {"uv": [9.5, 8.5, 9.5625, 8.5625], "texture": "#0"},
				"west": {"uv": [7.75, 4, 8.125, 4.0625], "texture": "#0"},
				"up": {"uv": [4.5625, 8.125, 4.5, 7.75], "texture": "#0"},
				"down": {"uv": [4.8125, 7.75, 4.75, 8.125], "texture": "#0"}
			}
		},
		{
			"from": [11.64802, -6.54437, 4],
			"to": [11.94802, -6.34437, 5.4],
			"rotation": {"angle": -45, "axis": "z", "origin": [18.14802, 2.15563, 2.6]},
			"faces": {
				"north": {"uv": [8.75, 9.5, 8.8125, 9.5625], "texture": "#0"},
				"east": {"uv": [7.75, 4.25, 8.125, 4.3125], "texture": "#0"},
				"south": {"uv": [9.5, 8.75, 9.5625, 8.8125], "texture": "#0"},
				"west": {"uv": [7.75, 4.75, 8.125, 4.8125], "texture": "#0"},
				"up": {"uv": [7.8125, 5.375, 7.75, 5], "texture": "#0"},
				"down": {"uv": [5.5625, 7.75, 5.5, 8.125], "texture": "#0"}
			}
		},
		{
			"name": "hexadecagon",
			"from": [7.70163, -1.2, 7],
			"to": [8.29837, 1.8, 8.8],
			"rotation": {"angle": -45, "axis": "z", "origin": [8, 0.3, 7.5]},
			"faces": {
				"north": {"uv": [4.5, 5.75, 4.625, 6.5], "texture": "#0"},
				"east": {"uv": [2.25, 1.75, 2.6875, 2.5], "texture": "#0"},
				"south": {"uv": [5.75, 4.75, 5.875, 5.5], "texture": "#0"},
				"west": {"uv": [2, 2.5, 2.4375, 3.25], "texture": "#0"},
				"up": {"uv": [0.125, 7.1875, 0, 6.75], "texture": "#0"},
				"down": {"uv": [0.375, 6.75, 0.25, 7.1875], "texture": "#0"}
			}
		},
		{
			"name": "hexadecagon",
			"from": [7.70163, -1.1, 7],
			"to": [8.29837, 1.7, 8.8],
			"rotation": {"angle": -22.5, "axis": "z", "origin": [8, 0.3, 7.5]},
			"faces": {
				"north": {"uv": [6, 0.75, 6.125, 1.4375], "texture": "#0"},
				"east": {"uv": [3.25, 0.75, 3.6875, 1.4375], "texture": "#0"},
				"south": {"uv": [1.25, 6, 1.375, 6.6875], "texture": "#0"},
				"west": {"uv": [1.5, 3.25, 1.9375, 3.9375], "texture": "#0"},
				"up": {"uv": [0.875, 7.1875, 0.75, 6.75], "texture": "#0"},
				"down": {"uv": [6.875, 0.75, 6.75, 1.1875], "texture": "#0"}
			}
		},
		{
			"name": "hexadecagon",
			"from": [7.70163, 1.7, 8.6],
			"to": [8.29837, 1.8, 8.8],
			"rotation": {"angle": -22.5, "axis": "z", "origin": [8, 0.3, 7.1]},
			"faces": {
				"north": {"uv": [4.25, 9, 4.375, 9.0625], "texture": "#0"},
				"east": {"uv": [9, 9.5, 9.0625, 9.5625], "texture": "#0"},
				"south": {"uv": [9, 4.25, 9.125, 4.3125], "texture": "#0"},
				"west": {"uv": [9.5, 9, 9.5625, 9.0625], "texture": "#0"},
				"up": {"uv": [4.625, 9.0625, 4.5, 9], "texture": "#0"},
				"down": {"uv": [9.125, 4.5, 9, 4.5625], "texture": "#0"}
			}
		},
		{
			"name": "hexadecagon",
			"from": [7.70163, -1.2, 8.6],
			"to": [8.29837, -1.1, 8.8],
			"rotation": {"angle": -22.5, "axis": "z", "origin": [8, 0.3, 7.1]},
			"faces": {
				"north": {"uv": [5, 9, 5.125, 9.0625], "texture": "#0"},
				"east": {"uv": [9.25, 9.5, 9.3125, 9.5625], "texture": "#0"},
				"south": {"uv": [9, 5, 9.125, 5.0625], "texture": "#0"},
				"west": {"uv": [9.5, 9.25, 9.5625, 9.3125], "texture": "#0"},
				"up": {"uv": [5.375, 9.0625, 5.25, 9], "texture": "#0"},
				"down": {"uv": [9.125, 5.25, 9, 5.3125], "texture": "#0"}
			}
		},
		{
			"name": "hexadecagon",
			"from": [7.70163, -1.2, 7],
			"to": [8.29837, 1.8, 8.8],
			"rotation": {"angle": 0, "axis": "z", "origin": [8, 0.3, 7.5]},
			"faces": {
				"north": {"uv": [5.75, 5.5, 5.875, 6.25], "texture": "#0"},
				"east": {"uv": [2.5, 2.5, 2.9375, 3.25], "texture": "#0"},
				"south": {"uv": [0, 6, 0.125, 6.75], "texture": "#0"},
				"west": {"uv": [2.75, 0.75, 3.1875, 1.5], "texture": "#0"},
				"up": {"uv": [1.125, 7.1875, 1, 6.75], "texture": "#0"},
				"down": {"uv": [1.375, 6.75, 1.25, 7.1875], "texture": "#0"}
			}
		},
		{
			"name": "hexadecagon",
			"from": [7.70163, -1.1, 7],
			"to": [8.29837, 1.7, 8.8],
			"rotation": {"angle": 22.5, "axis": "z", "origin": [8, 0.3, 7.5]},
			"faces": {
				"north": {"uv": [1.5, 6, 1.625, 6.6875], "texture": "#0"},
				"east": {"uv": [3.25, 1.5, 3.6875, 2.1875], "texture": "#0"},
				"south": {"uv": [1.75, 6, 1.875, 6.6875], "texture": "#0"},
				"west": {"uv": [2, 3.25, 2.4375, 3.9375], "texture": "#0"},
				"up": {"uv": [6.875, 1.6875, 6.75, 1.25], "texture": "#0"},
				"down": {"uv": [1.625, 6.75, 1.5, 7.1875], "texture": "#0"}
			}
		},
		{
			"name": "hexadecagon",
			"from": [7.70163, 1.7, 8.6],
			"to": [8.29837, 1.8, 8.8],
			"rotation": {"angle": 22.5, "axis": "z", "origin": [8, 0.3, 7.1]},
			"faces": {
				"north": {"uv": [5.75, 9, 5.875, 9.0625], "texture": "#0"},
				"east": {"uv": [9.5, 9.5, 9.5625, 9.5625], "texture": "#0"},
				"south": {"uv": [9, 5.75, 9.125, 5.8125], "texture": "#0"},
				"west": {"uv": [0, 9.75, 0.0625, 9.8125], "texture": "#0"},
				"up": {"uv": [6.125, 9.0625, 6, 9], "texture": "#0"},
				"down": {"uv": [9.125, 6, 9, 6.0625], "texture": "#0"}
			}
		},
		{
			"name": "hexadecagon",
			"from": [7.70163, -1.2, 8.6],
			"to": [8.29837, -1.1, 8.8],
			"rotation": {"angle": 22.5, "axis": "z", "origin": [8, 0.3, 7.1]},
			"faces": {
				"north": {"uv": [6.75, 9, 6.875, 9.0625], "texture": "#0"},
				"east": {"uv": [9.75, 0, 9.8125, 0.0625], "texture": "#0"},
				"south": {"uv": [9, 6.75, 9.125, 6.8125], "texture": "#0"},
				"west": {"uv": [0.25, 9.75, 0.3125, 9.8125], "texture": "#0"},
				"up": {"uv": [7.125, 9.0625, 7, 9], "texture": "#0"},
				"down": {"uv": [9.125, 7, 9, 7.0625], "texture": "#0"}
			}
		},
		{
			"name": "hexadecagon",
			"from": [7.70163, -1.2, 7],
			"to": [8.29837, 1.8, 8.8],
			"rotation": {"angle": 45, "axis": "z", "origin": [8, 0.3, 7.5]},
			"faces": {
				"north": {"uv": [6, 0, 6.125, 0.75], "texture": "#0"},
				"east": {"uv": [2.75, 1.5, 3.1875, 2.25], "texture": "#0"},
				"south": {"uv": [0.25, 6, 0.375, 6.75], "texture": "#0"},
				"west": {"uv": [0, 3, 0.4375, 3.75], "texture": "#0"},
				"up": {"uv": [1.875, 7.1875, 1.75, 6.75], "texture": "#0"},
				"down": {"uv": [6.875, 1.75, 6.75, 2.1875], "texture": "#0"}
			}
		},
		{
			"name": "hexadecagon",
			"from": [6.6, 0.00163, 7],
			"to": [9.4, 0.59837, 8.8],
			"rotation": {"angle": -22.5, "axis": "z", "origin": [8, 0.3, 7.5]},
			"faces": {
				"north": {"uv": [6, 1.75, 6.6875, 1.875], "texture": "#0"},
				"east": {"uv": [2, 6.75, 2.4375, 6.875], "texture": "#0"},
				"south": {"uv": [2, 6, 2.6875, 6.125], "texture": "#0"},
				"west": {"uv": [6.75, 2.25, 7.1875, 2.375], "texture": "#0"},
				"up": {"uv": [3.9375, 2.9375, 3.25, 2.5], "texture": "#0"},
				"down": {"uv": [3.9375, 3, 3.25, 3.4375], "texture": "#0"}
			}
		},
		{
			"name": "hexadecagon",
			"from": [9.4, 0.00163, 8.6],
			"to": [9.5, 0.59837, 8.8],
			"rotation": {"angle": -22.5, "axis": "z", "origin": [8, 0.3, 7.1]},
			"faces": {
				"north": {"uv": [7.25, 9, 7.3125, 9.125], "texture": "#0"},
				"east": {"uv": [9, 7.25, 9.0625, 7.375], "texture": "#0"},
				"south": {"uv": [7.5, 9, 7.5625, 9.125], "texture": "#0"},
				"west": {"uv": [9, 7.5, 9.0625, 7.625], "texture": "#0"},
				"up": {"uv": [9.8125, 0.3125, 9.75, 0.25], "texture": "#0"},
				"down": {"uv": [0.5625, 9.75, 0.5, 9.8125], "texture": "#0"}
			}
		},
		{
			"name": "hexadecagon",
			"from": [6.5, 0.00163, 8.6],
			"to": [6.6, 0.59837, 8.8],
			"rotation": {"angle": -22.5, "axis": "z", "origin": [8, 0.3, 7.1]},
			"faces": {
				"north": {"uv": [8, 9, 8.0625, 9.125], "texture": "#0"},
				"east": {"uv": [9, 8, 9.0625, 8.125], "texture": "#0"},
				"south": {"uv": [8.25, 9, 8.3125, 9.125], "texture": "#0"},
				"west": {"uv": [9, 8.25, 9.0625, 8.375], "texture": "#0"},
				"up": {"uv": [9.8125, 0.5625, 9.75, 0.5], "texture": "#0"},
				"down": {"uv": [0.8125, 9.75, 0.75, 9.8125], "texture": "#0"}
			}
		},
		{
			"name": "hexadecagon",
			"from": [6.5, 0.00163, 7],
			"to": [9.5, 0.59837, 8.8],
			"rotation": {"angle": 0, "axis": "z", "origin": [8, 0.3, 7.5]},
			"faces": {
				"north": {"uv": [5.5, 1.5, 6.25, 1.625], "texture": "#0"},
				"east": {"uv": [3.75, 6.75, 4.1875, 6.875], "texture": "#0"},
				"south": {"uv": [0.5, 6, 1.25, 6.125], "texture": "#0"},
				"west": {"uv": [4.25, 6.75, 4.6875, 6.875], "texture": "#0"},
				"up": {"uv": [3.75, 0.4375, 3, 0], "texture": "#0"},
				"down": {"uv": [1.25, 3, 0.5, 3.4375], "texture": "#0"}
			}
		},
		{
			"name": "hexadecagon",
			"from": [6.6, 0.00163, 7],
			"to": [9.4, 0.59837, 8.8],
			"rotation": {"angle": 22.5, "axis": "z", "origin": [8, 0.3, 7.5]},
			"faces": {
				"north": {"uv": [6, 2, 6.6875, 2.125], "texture": "#0"},
				"east": {"uv": [6.75, 4.75, 7.1875, 4.875], "texture": "#0"},
				"south": {"uv": [6, 2.25, 6.6875, 2.375], "texture": "#0"},
				"west": {"uv": [5.75, 6.75, 6.1875, 6.875], "texture": "#0"},
				"up": {"uv": [1.1875, 3.9375, 0.5, 3.5], "texture": "#0"},
				"down": {"uv": [3.9375, 3.5, 3.25, 3.9375], "texture": "#0"}
			}
		},
		{
			"name": "hexadecagon",
			"from": [9.4, 0.00163, 8.6],
			"to": [9.5, 0.59837, 8.8],
			"rotation": {"angle": 22.5, "axis": "z", "origin": [8, 0.3, 7.1]},
			"faces": {
				"north": {"uv": [9, 9, 9.0625, 9.125], "texture": "#0"},
				"east": {"uv": [0, 9.25, 0.0625, 9.375], "texture": "#0"},
				"south": {"uv": [9.25, 0, 9.3125, 0.125], "texture": "#0"},
				"west": {"uv": [0.25, 9.25, 0.3125, 9.375], "texture": "#0"},
				"up": {"uv": [9.8125, 0.8125, 9.75, 0.75], "texture": "#0"},
				"down": {"uv": [1.0625, 9.75, 1, 9.8125], "texture": "#0"}
			}
		},
		{
			"name": "hexadecagon",
			"from": [6.5, 0.00163, 8.6],
			"to": [6.6, 0.59837, 8.8],
			"rotation": {"angle": 22.5, "axis": "z", "origin": [8, 0.3, 7.1]},
			"faces": {
				"north": {"uv": [9.25, 0.25, 9.3125, 0.375], "texture": "#0"},
				"east": {"uv": [0.5, 9.25, 0.5625, 9.375], "texture": "#0"},
				"south": {"uv": [9.25, 0.5, 9.3125, 0.625], "texture": "#0"},
				"west": {"uv": [0.75, 9.25, 0.8125, 9.375], "texture": "#0"},
				"up": {"uv": [9.8125, 1.0625, 9.75, 1], "texture": "#0"},
				"down": {"uv": [1.3125, 9.75, 1.25, 9.8125], "texture": "#0"}
			}
		},
		{
			"name": "hexadecagon",
			"from": [7.70163, 1.7, 7],
			"to": [8.29837, 1.8, 7.2],
			"rotation": {"angle": -22.5, "axis": "z", "origin": [8, 0.3, 5.5]},
			"faces": {
				"north": {"uv": [4.25, 9, 4.375, 9.0625], "texture": "#0"},
				"east": {"uv": [9, 9.5, 9.0625, 9.5625], "texture": "#0"},
				"south": {"uv": [9, 4.25, 9.125, 4.3125], "texture": "#0"},
				"west": {"uv": [9.5, 9, 9.5625, 9.0625], "texture": "#0"},
				"up": {"uv": [4.625, 9.0625, 4.5, 9], "texture": "#0"},
				"down": {"uv": [9.125, 4.5, 9, 4.5625], "texture": "#0"}
			}
		},
		{
			"name": "hexadecagon",
			"from": [9.4, 0.00163, 7],
			"to": [9.5, 0.59837, 7.2],
			"rotation": {"angle": 22.5, "axis": "z", "origin": [8, 0.3, 5.5]},
			"faces": {
				"north": {"uv": [9, 9, 9.0625, 9.125], "texture": "#0"},
				"east": {"uv": [0, 9.25, 0.0625, 9.375], "texture": "#0"},
				"south": {"uv": [9.25, 0, 9.3125, 0.125], "texture": "#0"},
				"west": {"uv": [0.25, 9.25, 0.3125, 9.375], "texture": "#0"},
				"up": {"uv": [9.8125, 0.8125, 9.75, 0.75], "texture": "#0"},
				"down": {"uv": [1.0625, 9.75, 1, 9.8125], "texture": "#0"}
			}
		},
		{
			"name": "hexadecagon",
			"from": [9.4, 0.00163, 7],
			"to": [9.5, 0.59837, 7.2],
			"rotation": {"angle": -22.5, "axis": "z", "origin": [8, 0.3, 5.5]},
			"faces": {
				"north": {"uv": [7.25, 9, 7.3125, 9.125], "texture": "#0"},
				"east": {"uv": [9, 7.25, 9.0625, 7.375], "texture": "#0"},
				"south": {"uv": [7.5, 9, 7.5625, 9.125], "texture": "#0"},
				"west": {"uv": [9, 7.5, 9.0625, 7.625], "texture": "#0"},
				"up": {"uv": [9.8125, 0.3125, 9.75, 0.25], "texture": "#0"},
				"down": {"uv": [0.5625, 9.75, 0.5, 9.8125], "texture": "#0"}
			}
		},
		{
			"name": "hexadecagon",
			"from": [7.70163, -1.2, 7],
			"to": [8.29837, -1.1, 7.2],
			"rotation": {"angle": 22.5, "axis": "z", "origin": [8, 0.3, 5.5]},
			"faces": {
				"north": {"uv": [6.75, 9, 6.875, 9.0625], "texture": "#0"},
				"east": {"uv": [9.75, 0, 9.8125, 0.0625], "texture": "#0"},
				"south": {"uv": [9, 6.75, 9.125, 6.8125], "texture": "#0"},
				"west": {"uv": [0.25, 9.75, 0.3125, 9.8125], "texture": "#0"},
				"up": {"uv": [7.125, 9.0625, 7, 9], "texture": "#0"},
				"down": {"uv": [9.125, 7, 9, 7.0625], "texture": "#0"}
			}
		},
		{
			"name": "hexadecagon",
			"from": [7.70163, -1.2, 7],
			"to": [8.29837, -1.1, 7.2],
			"rotation": {"angle": -22.5, "axis": "z", "origin": [8, 0.3, 5.5]},
			"faces": {
				"north": {"uv": [5, 9, 5.125, 9.0625], "texture": "#0"},
				"east": {"uv": [9.25, 9.5, 9.3125, 9.5625], "texture": "#0"},
				"south": {"uv": [9, 5, 9.125, 5.0625], "texture": "#0"},
				"west": {"uv": [9.5, 9.25, 9.5625, 9.3125], "texture": "#0"},
				"up": {"uv": [5.375, 9.0625, 5.25, 9], "texture": "#0"},
				"down": {"uv": [9.125, 5.25, 9, 5.3125], "texture": "#0"}
			}
		},
		{
			"name": "hexadecagon",
			"from": [6.5, 0.00163, 7],
			"to": [6.6, 0.59837, 7.2],
			"rotation": {"angle": 22.5, "axis": "z", "origin": [8, 0.3, 5.5]},
			"faces": {
				"north": {"uv": [9.25, 0.25, 9.3125, 0.375], "texture": "#0"},
				"east": {"uv": [0.5, 9.25, 0.5625, 9.375], "texture": "#0"},
				"south": {"uv": [9.25, 0.5, 9.3125, 0.625], "texture": "#0"},
				"west": {"uv": [0.75, 9.25, 0.8125, 9.375], "texture": "#0"},
				"up": {"uv": [9.8125, 1.0625, 9.75, 1], "texture": "#0"},
				"down": {"uv": [1.3125, 9.75, 1.25, 9.8125], "texture": "#0"}
			}
		},
		{
			"name": "hexadecagon",
			"from": [6.5, 0.00163, 7],
			"to": [6.6, 0.59837, 7.2],
			"rotation": {"angle": -22.5, "axis": "z", "origin": [8, 0.3, 5.5]},
			"faces": {
				"north": {"uv": [8, 9, 8.0625, 9.125], "texture": "#0"},
				"east": {"uv": [9, 8, 9.0625, 8.125], "texture": "#0"},
				"south": {"uv": [8.25, 9, 8.3125, 9.125], "texture": "#0"},
				"west": {"uv": [9, 8.25, 9.0625, 8.375], "texture": "#0"},
				"up": {"uv": [9.8125, 0.5625, 9.75, 0.5], "texture": "#0"},
				"down": {"uv": [0.8125, 9.75, 0.75, 9.8125], "texture": "#0"}
			}
		},
		{
			"name": "hexadecagon",
			"from": [7.70163, 1.7, 7],
			"to": [8.29837, 1.8, 7.2],
			"rotation": {"angle": 22.5, "axis": "z", "origin": [8, 0.3, 5.5]},
			"faces": {
				"north": {"uv": [5.75, 9, 5.875, 9.0625], "texture": "#0"},
				"east": {"uv": [9.5, 9.5, 9.5625, 9.5625], "texture": "#0"},
				"south": {"uv": [9, 5.75, 9.125, 5.8125], "texture": "#0"},
				"west": {"uv": [0, 9.75, 0.0625, 9.8125], "texture": "#0"},
				"up": {"uv": [6.125, 9.0625, 6, 9], "texture": "#0"},
				"down": {"uv": [9.125, 6, 9, 6.0625], "texture": "#0"}
			}
		},
		{
			"name": "hexadecagon",
			"from": [7.68174, -1.3, 8.8],
			"to": [8.31826, 1.9, 9.8],
			"rotation": {"angle": -45, "axis": "z", "origin": [8, 0.3, 9.3]},
			"faces": {
				"north": {"uv": [0, 5, 0.1875, 5.8125], "texture": "#0"},
				"east": {"uv": [3, 3.75, 3.25, 4.5625], "texture": "#0"},
				"south": {"uv": [0.25, 5, 0.4375, 5.8125], "texture": "#0"},
				"west": {"uv": [1, 4, 1.25, 4.8125], "texture": "#0"},
				"up": {"uv": [4.6875, 7.25, 4.5, 7], "texture": "#0"},
				"down": {"uv": [7.1875, 5.5, 7, 5.75], "texture": "#0"}
			}
		},
		{
			"name": "hexadecagon",
			"from": [7.68174, -1.2, 8.8],
			"to": [8.31826, 1.8, 9.8],
			"rotation": {"angle": -22.5, "axis": "z", "origin": [8, 0.3, 9.3]},
			"faces": {
				"north": {"uv": [3.25, 5, 3.4375, 5.75], "texture": "#0"},
				"east": {"uv": [1.25, 4.25, 1.5, 5], "texture": "#0"},
				"south": {"uv": [3.5, 5, 3.6875, 5.75], "texture": "#0"},
				"west": {"uv": [4, 4.5, 4.25, 5.25], "texture": "#0"},
				"up": {"uv": [5.9375, 7.25, 5.75, 7], "texture": "#0"},
				"down": {"uv": [7.1875, 5.75, 7, 6], "texture": "#0"}
			}
		},
		{
			"name": "hexadecagon",
			"from": [7.68174, -1.3, 8.8],
			"to": [8.31826, -1.2, 9],
			"rotation": {"angle": -22.5, "axis": "z", "origin": [8, 0.3, 9.3]},
			"faces": {
				"north": {"uv": [8.25, 7.75, 8.4375, 7.8125], "texture": "#0"},
				"east": {"uv": [9.75, 1.25, 9.8125, 1.3125], "texture": "#0"},
				"south": {"uv": [8, 8.25, 8.1875, 8.3125], "texture": "#0"},
				"west": {"uv": [1.5, 9.75, 1.5625, 9.8125], "texture": "#0"},
				"up": {"uv": [8.4375, 8.0625, 8.25, 8], "texture": "#0"},
				"down": {"uv": [8.4375, 8.25, 8.25, 8.3125], "texture": "#0"}
			}
		},
		{
			"name": "hexadecagon",
			"from": [7.68174, -1.3, 9.6],
			"to": [8.31826, -1.2, 9.8],
			"rotation": {"angle": -22.5, "axis": "z", "origin": [8, 0.3, 9.3]},
			"faces": {
				"north": {"uv": [0, 8.5, 0.1875, 8.5625], "texture": "#0"},
				"east": {"uv": [9.75, 1.5, 9.8125, 1.5625], "texture": "#0"},
				"south": {"uv": [8.5, 0, 8.6875, 0.0625], "texture": "#0"},
				"west": {"uv": [1.75, 9.75, 1.8125, 9.8125], "texture": "#0"},
				"up": {"uv": [0.4375, 8.5625, 0.25, 8.5], "texture": "#0"},
				"down": {"uv": [8.6875, 0.25, 8.5, 0.3125], "texture": "#0"}
			}
		},
		{
			"name": "hexadecagon",
			"from": [7.68174, 1.8, 9.6],
			"to": [8.31826, 1.9, 9.8],
			"rotation": {"angle": -22.5, "axis": "z", "origin": [8, 0.3, 9.3]},
			"faces": {
				"north": {"uv": [0.5, 8.5, 0.6875, 8.5625], "texture": "#0"},
				"east": {"uv": [9.75, 1.75, 9.8125, 1.8125], "texture": "#0"},
				"south": {"uv": [8.5, 0.5, 8.6875, 0.5625], "texture": "#0"},
				"west": {"uv": [2, 9.75, 2.0625, 9.8125], "texture": "#0"},
				"up": {"uv": [0.9375, 8.5625, 0.75, 8.5], "texture": "#0"},
				"down": {"uv": [8.6875, 0.75, 8.5, 0.8125], "texture": "#0"}
			}
		},
		{
			"name": "hexadecagon",
			"from": [7.68174, 1.8, 8.8],
			"to": [8.31826, 1.9, 9],
			"rotation": {"angle": -22.5, "axis": "z", "origin": [8, 0.3, 9.3]},
			"faces": {
				"north": {"uv": [1, 8.5, 1.1875, 8.5625], "texture": "#0"},
				"east": {"uv": [9.75, 2, 9.8125, 2.0625], "texture": "#0"},
				"south": {"uv": [8.5, 1, 8.6875, 1.0625], "texture": "#0"},
				"west": {"uv": [2.25, 9.75, 2.3125, 9.8125], "texture": "#0"},
				"up": {"uv": [1.4375, 8.5625, 1.25, 8.5], "texture": "#0"},
				"down": {"uv": [8.6875, 1.25, 8.5, 1.3125], "texture": "#0"}
			}
		},
		{
			"name": "hexadecagon",
			"from": [7.68174, -1.2, 8.8],
			"to": [8.31826, 1.8, 9.8],
			"rotation": {"angle": 0, "axis": "z", "origin": [8, 0.3, 9.3]},
			"faces": {
				"north": {"uv": [3.75, 5, 3.9375, 5.75], "texture": "#0"},
				"east": {"uv": [4.25, 4.5, 4.5, 5.25], "texture": "#0"},
				"south": {"uv": [5.25, 1, 5.4375, 1.75], "texture": "#0"},
				"west": {"uv": [4.5, 4.5, 4.75, 5.25], "texture": "#0"},
				"up": {"uv": [6.1875, 7.25, 6, 7], "texture": "#0"},
				"down": {"uv": [6.4375, 7, 6.25, 7.25], "texture": "#0"}
			}
		},
		{
			"name": "hexadecagon",
			"from": [7.68174, 1.8, 9.6],
			"to": [8.31826, 1.9, 9.8],
			"rotation": {"angle": 0, "axis": "z", "origin": [8, 0.3, 9.3]},
			"faces": {
				"north": {"uv": [1.5, 8.5, 1.6875, 8.5625], "texture": "#0"},
				"east": {"uv": [9.75, 2.25, 9.8125, 2.3125], "texture": "#0"},
				"south": {"uv": [8.5, 1.5, 8.6875, 1.5625], "texture": "#0"},
				"west": {"uv": [2.5, 9.75, 2.5625, 9.8125], "texture": "#0"},
				"up": {"uv": [1.9375, 8.5625, 1.75, 8.5], "texture": "#0"},
				"down": {"uv": [8.6875, 1.75, 8.5, 1.8125], "texture": "#0"}
			}
		},
		{
			"name": "hexadecagon",
			"from": [7.68174, 1.8, 8.8],
			"to": [8.31826, 1.9, 9],
			"rotation": {"angle": 0, "axis": "z", "origin": [8, 0.3, 9.3]},
			"faces": {
				"north": {"uv": [2, 8.5, 2.1875, 8.5625], "texture": "#0"},
				"east": {"uv": [9.75, 2.5, 9.8125, 2.5625], "texture": "#0"},
				"south": {"uv": [8.5, 2, 8.6875, 2.0625], "texture": "#0"},
				"west": {"uv": [2.75, 9.75, 2.8125, 9.8125], "texture": "#0"},
				"up": {"uv": [2.4375, 8.5625, 2.25, 8.5], "texture": "#0"},
				"down": {"uv": [8.6875, 2.25, 8.5, 2.3125], "texture": "#0"}
			}
		},
		{
			"name": "hexadecagon",
			"from": [7.68174, -1.3, 9.6],
			"to": [8.31826, -1.2, 9.8],
			"rotation": {"angle": 0, "axis": "z", "origin": [8, 0.3, 9.3]},
			"faces": {
				"north": {"uv": [2.5, 8.5, 2.6875, 8.5625], "texture": "#0"},
				"east": {"uv": [9.75, 2.75, 9.8125, 2.8125], "texture": "#0"},
				"south": {"uv": [8.5, 2.5, 8.6875, 2.5625], "texture": "#0"},
				"west": {"uv": [3, 9.75, 3.0625, 9.8125], "texture": "#0"},
				"up": {"uv": [2.9375, 8.5625, 2.75, 8.5], "texture": "#0"},
				"down": {"uv": [8.6875, 2.75, 8.5, 2.8125], "texture": "#0"}
			}
		},
		{
			"name": "hexadecagon",
			"from": [7.68174, -1.3, 8.8],
			"to": [8.31826, -1.2, 9],
			"rotation": {"angle": 0, "axis": "z", "origin": [8, 0.3, 9.3]},
			"faces": {
				"north": {"uv": [3, 8.5, 3.1875, 8.5625], "texture": "#0"},
				"east": {"uv": [9.75, 3, 9.8125, 3.0625], "texture": "#0"},
				"south": {"uv": [8.5, 3, 8.6875, 3.0625], "texture": "#0"},
				"west": {"uv": [3.25, 9.75, 3.3125, 9.8125], "texture": "#0"},
				"up": {"uv": [3.4375, 8.5625, 3.25, 8.5], "texture": "#0"},
				"down": {"uv": [8.6875, 3.25, 8.5, 3.3125], "texture": "#0"}
			}
		},
		{
			"name": "hexadecagon",
			"from": [7.68174, -1.3, 8.8],
			"to": [8.31826, 1.9, 9.8],
			"rotation": {"angle": 22.5, "axis": "z", "origin": [8, 0.3, 9.3]},
			"faces": {
				"north": {"uv": [0.5, 5, 0.6875, 5.8125], "texture": "#0"},
				"east": {"uv": [4, 3, 4.25, 3.8125], "texture": "#0"},
				"south": {"uv": [1, 5, 1.1875, 5.8125], "texture": "#0"},
				"west": {"uv": [3.25, 4, 3.5, 4.8125], "texture": "#0"},
				"up": {"uv": [7.1875, 6.5, 7, 6.25], "texture": "#0"},
				"down": {"uv": [6.6875, 7, 6.5, 7.25], "texture": "#0"}
			}
		},
		{
			"name": "hexadecagon",
			"from": [7.68174, -1.3, 8.8],
			"to": [8.31826, 1.9, 9.8],
			"rotation": {"angle": 45, "axis": "z", "origin": [8, 0.3, 9.3]},
			"faces": {
				"north": {"uv": [1.25, 5, 1.4375, 5.8125], "texture": "#0"},
				"east": {"uv": [3.5, 4, 3.75, 4.8125], "texture": "#0"},
				"south": {"uv": [2.5, 5, 2.6875, 5.8125], "texture": "#0"},
				"west": {"uv": [3.75, 4, 4, 4.8125], "texture": "#0"},
				"up": {"uv": [7.1875, 6.75, 7, 6.5], "texture": "#0"},
				"down": {"uv": [6.9375, 7, 6.75, 7.25], "texture": "#0"}
			}
		},
		{
			"name": "hexadecagon",
			"from": [6.5, -0.01826, 8.8],
			"to": [9.5, 0.61826, 9.8],
			"rotation": {"angle": -22.5, "axis": "z", "origin": [8, 0.3, 9.3]},
			"faces": {
				"north": {"uv": [5, 3.75, 5.75, 3.9375], "texture": "#0"},
				"east": {"uv": [7, 7, 7.25, 7.1875], "texture": "#0"},
				"south": {"uv": [5.25, 1.75, 6, 1.9375], "texture": "#0"},
				"west": {"uv": [0, 7.25, 0.25, 7.4375], "texture": "#0"},
				"up": {"uv": [5, 4, 4.25, 3.75], "texture": "#0"},
				"down": {"uv": [5.25, 2.5, 4.5, 2.75], "texture": "#0"}
			}
		},
		{
			"name": "hexadecagon",
			"from": [6.4, -0.01826, 9.6],
			"to": [6.5, 0.61826, 9.8],
			"rotation": {"angle": -22.5, "axis": "z", "origin": [8, 0.3, 9.3]},
			"faces": {
				"north": {"uv": [3.5, 8.5, 3.5625, 8.6875], "texture": "#0"},
				"east": {"uv": [8.5, 3.5, 8.5625, 3.6875], "texture": "#0"},
				"south": {"uv": [3.75, 8.5, 3.8125, 8.6875], "texture": "#0"},
				"west": {"uv": [8.5, 3.75, 8.5625, 3.9375], "texture": "#0"},
				"up": {"uv": [9.8125, 3.3125, 9.75, 3.25], "texture": "#0"},
				"down": {"uv": [3.5625, 9.75, 3.5, 9.8125], "texture": "#0"}
			}
		},
		{
			"name": "hexadecagon",
			"from": [6.4, -0.01826, 8.8],
			"to": [6.5, 0.61826, 9],
			"rotation": {"angle": -22.5, "axis": "z", "origin": [8, 0.3, 9.3]},
			"faces": {
				"north": {"uv": [4, 8.5, 4.0625, 8.6875], "texture": "#0"},
				"east": {"uv": [8.5, 4, 8.5625, 4.1875], "texture": "#0"},
				"south": {"uv": [4.25, 8.5, 4.3125, 8.6875], "texture": "#0"},
				"west": {"uv": [8.5, 4.25, 8.5625, 4.4375], "texture": "#0"},
				"up": {"uv": [9.8125, 3.5625, 9.75, 3.5], "texture": "#0"},
				"down": {"uv": [3.8125, 9.75, 3.75, 9.8125], "texture": "#0"}
			}
		},
		{
			"name": "hexadecagon",
			"from": [9.5, -0.01826, 8.8],
			"to": [9.6, 0.61826, 9],
			"rotation": {"angle": -22.5, "axis": "z", "origin": [8, 0.3, 9.3]},
			"faces": {
				"north": {"uv": [4.5, 8.5, 4.5625, 8.6875], "texture": "#0"},
				"east": {"uv": [8.5, 4.5, 8.5625, 4.6875], "texture": "#0"},
				"south": {"uv": [4.75, 8.5, 4.8125, 8.6875], "texture": "#0"},
				"west": {"uv": [8.5, 4.75, 8.5625, 4.9375], "texture": "#0"},
				"up": {"uv": [9.8125, 3.8125, 9.75, 3.75], "texture": "#0"},
				"down": {"uv": [4.0625, 9.75, 4, 9.8125], "texture": "#0"}
			}
		},
		{
			"name": "hexadecagon",
			"from": [9.5, -0.01826, 9.6],
			"to": [9.6, 0.61826, 9.8],
			"rotation": {"angle": -22.5, "axis": "z", "origin": [8, 0.3, 9.3]},
			"faces": {
				"north": {"uv": [5, 8.5, 5.0625, 8.6875], "texture": "#0"},
				"east": {"uv": [8.5, 5, 8.5625, 5.1875], "texture": "#0"},
				"south": {"uv": [5.25, 8.5, 5.3125, 8.6875], "texture": "#0"},
				"west": {"uv": [8.5, 5.25, 8.5625, 5.4375], "texture": "#0"},
				"up": {"uv": [9.8125, 4.0625, 9.75, 4], "texture": "#0"},
				"down": {"uv": [4.3125, 9.75, 4.25, 9.8125], "texture": "#0"}
			}
		},
		{
			"name": "hexadecagon",
			"from": [6.5, -0.01826, 8.8],
			"to": [9.5, 0.61826, 9.8],
			"rotation": {"angle": 0, "axis": "z", "origin": [8, 0.3, 9.3]},
			"faces": {
				"north": {"uv": [5.25, 2, 6, 2.1875], "texture": "#0"},
				"east": {"uv": [0.25, 7.25, 0.5, 7.4375], "texture": "#0"},
				"south": {"uv": [5.25, 2.25, 6, 2.4375], "texture": "#0"},
				"west": {"uv": [0.75, 7.25, 1, 7.4375], "texture": "#0"},
				"up": {"uv": [5.25, 3, 4.5, 2.75], "texture": "#0"},
				"down": {"uv": [0.75, 4.75, 0, 5], "texture": "#0"}
			}
		},
		{
			"name": "hexadecagon",
			"from": [6.4, -0.01826, 9.6],
			"to": [6.5, 0.61826, 9.8],
			"rotation": {"angle": 0, "axis": "z", "origin": [8, 0.3, 9.3]},
			"faces": {
				"north": {"uv": [5.5, 8.5, 5.5625, 8.6875], "texture": "#0"},
				"east": {"uv": [8.5, 5.5, 8.5625, 5.6875], "texture": "#0"},
				"south": {"uv": [5.75, 8.5, 5.8125, 8.6875], "texture": "#0"},
				"west": {"uv": [8.5, 5.75, 8.5625, 5.9375], "texture": "#0"},
				"up": {"uv": [9.8125, 4.3125, 9.75, 4.25], "texture": "#0"},
				"down": {"uv": [4.5625, 9.75, 4.5, 9.8125], "texture": "#0"}
			}
		},
		{
			"name": "hexadecagon",
			"from": [6.4, -0.01826, 8.8],
			"to": [6.5, 0.61826, 9],
			"rotation": {"angle": 0, "axis": "z", "origin": [8, 0.3, 9.3]},
			"faces": {
				"north": {"uv": [6, 8.5, 6.0625, 8.6875], "texture": "#0"},
				"east": {"uv": [8.5, 6, 8.5625, 6.1875], "texture": "#0"},
				"south": {"uv": [6.25, 8.5, 6.3125, 8.6875], "texture": "#0"},
				"west": {"uv": [8.5, 6.25, 8.5625, 6.4375], "texture": "#0"},
				"up": {"uv": [9.8125, 4.5625, 9.75, 4.5], "texture": "#0"},
				"down": {"uv": [4.8125, 9.75, 4.75, 9.8125], "texture": "#0"}
			}
		},
		{
			"name": "hexadecagon",
			"from": [9.5, -0.01826, 9.6],
			"to": [9.6, 0.61826, 9.8],
			"rotation": {"angle": 0, "axis": "z", "origin": [8, 0.3, 9.3]},
			"faces": {
				"north": {"uv": [6.5, 8.5, 6.5625, 8.6875], "texture": "#0"},
				"east": {"uv": [8.5, 6.5, 8.5625, 6.6875], "texture": "#0"},
				"south": {"uv": [6.75, 8.5, 6.8125, 8.6875], "texture": "#0"},
				"west": {"uv": [8.5, 6.75, 8.5625, 6.9375], "texture": "#0"},
				"up": {"uv": [9.8125, 4.8125, 9.75, 4.75], "texture": "#0"},
				"down": {"uv": [5.0625, 9.75, 5, 9.8125], "texture": "#0"}
			}
		},
		{
			"name": "hexadecagon",
			"from": [9.5, -0.01826, 8.8],
			"to": [9.6, 0.61826, 9],
			"rotation": {"angle": 0, "axis": "z", "origin": [8, 0.3, 9.3]},
			"faces": {
				"north": {"uv": [7, 8.5, 7.0625, 8.6875], "texture": "#0"},
				"east": {"uv": [8.5, 7, 8.5625, 7.1875], "texture": "#0"},
				"south": {"uv": [7.25, 8.5, 7.3125, 8.6875], "texture": "#0"},
				"west": {"uv": [8.5, 7.25, 8.5625, 7.4375], "texture": "#0"},
				"up": {"uv": [9.8125, 5.0625, 9.75, 5], "texture": "#0"},
				"down": {"uv": [5.3125, 9.75, 5.25, 9.8125], "texture": "#0"}
			}
		},
		{
			"name": "hexadecagon",
			"from": [6.4, -0.01826, 8.8],
			"to": [9.6, 0.61826, 9.8],
			"rotation": {"angle": 22.5, "axis": "z", "origin": [8, 0.3, 9.3]},
			"faces": {
				"north": {"uv": [5, 0.5, 5.8125, 0.6875], "texture": "#0"},
				"east": {"uv": [7.25, 0.75, 7.5, 0.9375], "texture": "#0"},
				"south": {"uv": [5, 0.75, 5.8125, 0.9375], "texture": "#0"},
				"west": {"uv": [1, 7.25, 1.25, 7.4375], "texture": "#0"},
				"up": {"uv": [4.5625, 0.25, 3.75, 0], "texture": "#0"},
				"down": {"uv": [4.5625, 0.25, 3.75, 0.5], "texture": "#0"}
			}
		}
	],
	"display": {
		"thirdperson_righthand": {
			"translation": [0, 10.25, -0.25]
		},
		"firstperson_righthand": {
			"translation": [0, 11.25, -0.5]
		},
		"firstperson_lefthand": {
			"translation": [-9, 13, 3.5]
		},
		"ground": {
			"rotation": [0, 0, -90],
			"translation": [9, -2.5, 0]
		},
		"gui": {
			"rotation": [32, 48, 0],
			"translation": [1.25, 8.5, 0]
		}
	},
	"groups": [
		0,
		1,
		2,
		3,
		4,
		5,
		6,
		7,
		8,
		9,
		10,
		11,
		12,
		13,
		14,
		15,
		16,
		17,
		18,
		19,
		20,
		21,
		22,
		23,
		24,
		25,
		26,
		27,
		28,
		29,
		30,
		31,
		32,
		33,
		34,
		35,
		36,
		37,
		38,
		39,
		40,
		41,
		42,
		43,
		44,
		45,
		46,
		47,
		48,
		49,
		50,
		51,
		52,
		53,
		54,
		55,
		56,
		57,
		58,
		59,
		60,
		61,
		62,
		63,
		64,
		65,
		66,
		67,
		68,
		69,
		70,
		71,
		72,
		73,
		74,
		75,
		76,
		77,
		78,
		79,
		80,
		81,
		82,
		83,
		84,
		85,
		86,
		87,
		88,
		89,
		90,
		91,
		92,
		93,
		94,
		95,
		96,
		97,
		98,
		99,
		100,
		{
			"name": "hexadecagon",
			"origin": [8, 8, 8],
			"color": 0,
			"children": [101, 102, 103, 104, 105, 106, 107, 108, 109, 110, 111, 112, 113, 114, 115, 116, 117, 118, 119, 120, 121, 122, 123, 124]
		},
		{
			"name": "hexadecagon",
			"origin": [8, 8, 8],
			"color": 0,
			"children": [125, 126, 127, 128, 129, 130, 131, 132, 133, 134, 135, 136, 137, 138, 139, 140, 141, 142, 143, 144, 145, 146, 147, 148]
		}
	]
}