{
	"credit": "Made with Blockbench",
	"texture_size": [32, 32],
	"textures": {
		"0": "item/gilz",
		"particle": "item/gilz"
	},
	"elements": [
		{
			"name": "hexadecagon",
			"from": [7.95147, 7.2955, 8.122],
			"to": [8.04853, 8.2545, 8.244],
			"rotation": {"angle": -22.5, "axis": "y", "origin": [8, 8.3495, 8]},
			"faces": {
				"north": {"uv": [3.5, 2.5, 3.625, 3], "texture": "#0"},
				"east": {"uv": [3, 3.5, 3.125, 4], "texture": "#0"},
				"south": {"uv": [3.5, 3, 3.625, 3.5], "texture": "#0"},
				"west": {"uv": [3.5, 3.5, 3.625, 4], "texture": "#0"},
				"up": {"uv": [3.625, 6.125, 3.5, 6], "texture": "#0"},
				"down": {"uv": [6.125, 3.5, 6, 3.625], "texture": "#0"}
			}
		},
		{
			"name": "hexadecagon",
			"from": [7.756, 7.2955, 7.95147],
			"to": [7.878, 8.2545, 8.04853],
			"rotation": {"angle": 45, "axis": "y", "origin": [8, 8.3495, 8]},
			"faces": {
				"north": {"uv": [3.5, 1.5, 3.625, 2], "texture": "#0"},
				"east": {"uv": [2, 3.5, 2.125, 4], "texture": "#0"},
				"south": {"uv": [3.5, 2, 3.625, 2.5], "texture": "#0"},
				"west": {"uv": [2.5, 3.5, 2.625, 4], "texture": "#0"},
				"up": {"uv": [3.125, 6.125, 3, 6], "texture": "#0"},
				"down": {"uv": [6.125, 3, 6, 3.125], "texture": "#0"}
			}
		},
		{
			"name": "hexadecagon",
			"from": [7.756, 7.2955, 7.95147],
			"to": [7.878, 8.2545, 8.04853],
			"rotation": {"angle": 22.5, "axis": "y", "origin": [8, 8.3495, 8]},
			"faces": {
				"north": {"uv": [3.5, 0.5, 3.625, 1], "texture": "#0"},
				"east": {"uv": [1, 3.5, 1.125, 4], "texture": "#0"},
				"south": {"uv": [3.5, 1, 3.625, 1.5], "texture": "#0"},
				"west": {"uv": [1.5, 3.5, 1.625, 4], "texture": "#0"},
				"up": {"uv": [2.625, 6.125, 2.5, 6], "texture": "#0"},
				"down": {"uv": [6.125, 2.5, 6, 2.625], "texture": "#0"}
			}
		},
		{
			"name": "hexadecagon",
			"from": [7.756, 7.2955, 7.95147],
			"to": [7.878, 8.2545, 8.04853],
			"rotation": {"angle": 0, "axis": "y", "origin": [8, 8.3495, 8]},
			"faces": {
				"north": {"uv": [3, 3, 3.125, 3.5], "texture": "#0"},
				"east": {"uv": [0, 3.5, 0.125, 4], "texture": "#0"},
				"south": {"uv": [3.5, 0, 3.625, 0.5], "texture": "#0"},
				"west": {"uv": [0.5, 3.5, 0.625, 4], "texture": "#0"},
				"up": {"uv": [2.125, 6.125, 2, 6], "texture": "#0"},
				"down": {"uv": [6.125, 2, 6, 2.125], "texture": "#0"}
			}
		},
		{
			"name": "hexadecagon",
			"from": [7.756, 7.2955, 7.95147],
			"to": [7.878, 8.2545, 8.04853],
			"rotation": {"angle": -22.5, "axis": "y", "origin": [8, 8.3495, 8]},
			"faces": {
				"north": {"uv": [2, 3, 2.125, 3.5], "texture": "#0"},
				"east": {"uv": [3, 2, 3.125, 2.5], "texture": "#0"},
				"south": {"uv": [2.5, 3, 2.625, 3.5], "texture": "#0"},
				"west": {"uv": [3, 2.5, 3.125, 3], "texture": "#0"},
				"up": {"uv": [1.625, 6.125, 1.5, 6], "texture": "#0"},
				"down": {"uv": [6.125, 1.5, 6, 1.625], "texture": "#0"}
			}
		},
		{
			"name": "hexadecagon",
			"from": [7.95147, 7.2955, 7.756],
			"to": [8.04853, 8.2545, 7.878],
			"rotation": {"angle": 22.5, "axis": "y", "origin": [8, 8.3495, 8]},
			"faces": {
				"north": {"uv": [1, 3, 1.125, 3.5], "texture": "#0"},
				"east": {"uv": [3, 1, 3.125, 1.5], "texture": "#0"},
				"south": {"uv": [1.5, 3, 1.625, 3.5], "texture": "#0"},
				"west": {"uv": [3, 1.5, 3.125, 2], "texture": "#0"},
				"up": {"uv": [1.125, 6.125, 1, 6], "texture": "#0"},
				"down": {"uv": [6.125, 1, 6, 1.125], "texture": "#0"}
			}
		},
		{
			"name": "hexadecagon",
			"from": [7.95147, 7.2955, 7.756],
			"to": [8.04853, 8.2545, 7.878],
			"rotation": {"angle": 45, "axis": "y", "origin": [8, 8.3495, 8]},
			"faces": {
				"north": {"uv": [0, 3, 0.125, 3.5], "texture": "#0"},
				"east": {"uv": [3, 0, 3.125, 0.5], "texture": "#0"},
				"south": {"uv": [0.5, 3, 0.625, 3.5], "texture": "#0"},
				"west": {"uv": [3, 0.5, 3.125, 1], "texture": "#0"},
				"up": {"uv": [0.625, 6.125, 0.5, 6], "texture": "#0"},
				"down": {"uv": [6.125, 0.5, 6, 0.625], "texture": "#0"}
			}
		},
		{
			"name": "hexadecagon",
			"from": [7.95147, 7.2955, 7.756],
			"to": [8.04853, 8.2545, 7.878],
			"rotation": {"angle": 0, "axis": "y", "origin": [8, 8.3495, 8]},
			"faces": {
				"north": {"uv": [2.5, 1.5, 2.625, 2], "texture": "#0"},
				"east": {"uv": [2, 2.5, 2.125, 3], "texture": "#0"},
				"south": {"uv": [2.5, 2, 2.625, 2.5], "texture": "#0"},
				"west": {"uv": [2.5, 2.5, 2.625, 3], "texture": "#0"},
				"up": {"uv": [0.125, 6.125, 0, 6], "texture": "#0"},
				"down": {"uv": [6.125, 0, 6, 0.125], "texture": "#0"}
			}
		},
		{
			"name": "hexadecagon",
			"from": [7.95147, 7.2955, 7.756],
			"to": [8.04853, 8.2545, 7.878],
			"rotation": {"angle": -22.5, "axis": "y", "origin": [8, 8.3495, 8]},
			"faces": {
				"north": {"uv": [2.5, 0.5, 2.625, 1], "texture": "#0"},
				"east": {"uv": [1, 2.5, 1.125, 3], "texture": "#0"},
				"south": {"uv": [2.5, 1, 2.625, 1.5], "texture": "#0"},
				"west": {"uv": [1.5, 2.5, 1.625, 3], "texture": "#0"},
				"up": {"uv": [5.625, 5.125, 5.5, 5], "texture": "#0"},
				"down": {"uv": [5.625, 5.5, 5.5, 5.625], "texture": "#0"}
			}
		},
		{
			"name": "hexadecagon",
			"from": [8.122, 7.2955, 7.95147],
			"to": [8.244, 8.2545, 8.04853],
			"rotation": {"angle": 45, "axis": "y", "origin": [8, 8.3495, 8]},
			"faces": {
				"north": {"uv": [2, 2, 2.125, 2.5], "texture": "#0"},
				"east": {"uv": [0, 2.5, 0.125, 3], "texture": "#0"},
				"south": {"uv": [2.5, 0, 2.625, 0.5], "texture": "#0"},
				"west": {"uv": [0.5, 2.5, 0.625, 3], "texture": "#0"},
				"up": {"uv": [5.625, 4.625, 5.5, 4.5], "texture": "#0"},
				"down": {"uv": [5.125, 5.5, 5, 5.625], "texture": "#0"}
			}
		},
		{
			"name": "hexadecagon",
			"from": [8.122, 7.2955, 7.95147],
			"to": [8.244, 8.2545, 8.04853],
			"rotation": {"angle": 0, "axis": "y", "origin": [8, 8.3495, 8]},
			"faces": {
				"north": {"uv": [1, 2, 1.125, 2.5], "texture": "#0"},
				"east": {"uv": [2, 1, 2.125, 1.5], "texture": "#0"},
				"south": {"uv": [1.5, 2, 1.625, 2.5], "texture": "#0"},
				"west": {"uv": [2, 1.5, 2.125, 2], "texture": "#0"},
				"up": {"uv": [5.625, 4.125, 5.5, 4], "texture": "#0"},
				"down": {"uv": [4.625, 5.5, 4.5, 5.625], "texture": "#0"}
			}
		},
		{
			"name": "hexadecagon",
			"from": [8.122, 7.2955, 7.95147],
			"to": [8.244, 8.2545, 8.04853],
			"rotation": {"angle": 22.5, "axis": "y", "origin": [8, 8.3495, 8]},
			"faces": {
				"north": {"uv": [0, 2, 0.125, 2.5], "texture": "#0"},
				"east": {"uv": [2, 0, 2.125, 0.5], "texture": "#0"},
				"south": {"uv": [0.5, 2, 0.625, 2.5], "texture": "#0"},
				"west": {"uv": [2, 0.5, 2.125, 1], "texture": "#0"},
				"up": {"uv": [5.625, 3.625, 5.5, 3.5], "texture": "#0"},
				"down": {"uv": [4.125, 5.5, 4, 5.625], "texture": "#0"}
			}
		},
		{
			"name": "hexadecagon",
			"from": [8.122, 7.2955, 7.95147],
			"to": [8.244, 8.2545, 8.04853],
			"rotation": {"angle": -22.5, "axis": "y", "origin": [8, 8.3495, 8]},
			"faces": {
				"north": {"uv": [1.5, 0.5, 1.625, 1], "texture": "#0"},
				"east": {"uv": [1, 1.5, 1.125, 2], "texture": "#0"},
				"south": {"uv": [1.5, 1, 1.625, 1.5], "texture": "#0"},
				"west": {"uv": [1.5, 1.5, 1.625, 2], "texture": "#0"},
				"up": {"uv": [5.625, 3.125, 5.5, 3], "texture": "#0"},
				"down": {"uv": [3.625, 5.5, 3.5, 5.625], "texture": "#0"}
			}
		},
		{
			"name": "hexadecagon",
			"from": [7.95147, 7.2955, 8.122],
			"to": [8.04853, 8.2545, 8.244],
			"rotation": {"angle": 45, "axis": "y", "origin": [8, 8.3495, 8]},
			"faces": {
				"north": {"uv": [1, 1, 1.125, 1.5], "texture": "#0"},
				"east": {"uv": [0, 1.5, 0.125, 2], "texture": "#0"},
				"south": {"uv": [1.5, 0, 1.625, 0.5], "texture": "#0"},
				"west": {"uv": [0.5, 1.5, 0.625, 2], "texture": "#0"},
				"up": {"uv": [5.625, 2.625, 5.5, 2.5], "texture": "#0"},
				"down": {"uv": [3.125, 5.5, 3, 5.625], "texture": "#0"}
			}
		},
		{
			"name": "hexadecagon",
			"from": [7.95147, 7.2955, 8.122],
			"to": [8.04853, 8.2545, 8.244],
			"rotation": {"angle": 22.5, "axis": "y", "origin": [8, 8.3495, 8]},
			"faces": {
				"north": {"uv": [0, 1, 0.125, 1.5], "texture": "#0"},
				"east": {"uv": [1, 0, 1.125, 0.5], "texture": "#0"},
				"south": {"uv": [0.5, 1, 0.625, 1.5], "texture": "#0"},
				"west": {"uv": [1, 0.5, 1.125, 1], "texture": "#0"},
				"up": {"uv": [5.625, 2.125, 5.5, 2], "texture": "#0"},
				"down": {"uv": [2.625, 5.5, 2.5, 5.625], "texture": "#0"}
			}
		},
		{
			"name": "hexadecagon",
			"from": [7.95147, 7.2955, 8.122],
			"to": [8.04853, 8.2545, 8.244],
			"rotation": {"angle": 0, "axis": "y", "origin": [8, 8.3495, 8]},
			"faces": {
				"north": {"uv": [0, 0, 0.125, 0.5], "texture": "#0"},
				"east": {"uv": [0, 0.5, 0.125, 1], "texture": "#0"},
				"south": {"uv": [0.5, 0, 0.625, 0.5], "texture": "#0"},
				"west": {"uv": [0.5, 0.5, 0.625, 1], "texture": "#0"},
				"up": {"uv": [5.625, 1.625, 5.5, 1.5], "texture": "#0"},
				"down": {"uv": [2.125, 5.5, 2, 5.625], "texture": "#0"}
			}
		},
		{
			"name": "hexadecagon",
			"from": [7.95681, 8.192, 8.10858],
			"to": [8.04319, 8.64551, 8.21716],
			"rotation": {"angle": 0, "axis": "y", "origin": [8, 8.73006, 8]},
			"faces": {
				"north": {"uv": [5.5, 0.5, 5.625, 0.75], "texture": "#0"},
				"east": {"uv": [1, 5.5, 1.125, 5.75], "texture": "#0"},
				"south": {"uv": [5.5, 1, 5.625, 1.25], "texture": "#0"},
				"west": {"uv": [1.5, 5.5, 1.625, 5.75], "texture": "#0"},
				"up": {"uv": [9.625, 5.125, 9.5, 5], "texture": "#0"},
				"down": {"uv": [5.625, 9.5, 5.5, 9.625], "texture": "#0"}
			}
		},
		{
			"name": "hexadecagon",
			"from": [7.95681, 8.192, 8.10858],
			"to": [8.04319, 8.64551, 8.21716],
			"rotation": {"angle": 22.5, "axis": "y", "origin": [8, 8.73006, 8]},
			"faces": {
				"north": {"uv": [5, 5, 5.125, 5.25], "texture": "#0"},
				"east": {"uv": [0, 5.5, 0.125, 5.75], "texture": "#0"},
				"south": {"uv": [5.5, 0, 5.625, 0.25], "texture": "#0"},
				"west": {"uv": [0.5, 5.5, 0.625, 5.75], "texture": "#0"},
				"up": {"uv": [9.625, 4.625, 9.5, 4.5], "texture": "#0"},
				"down": {"uv": [5.125, 9.5, 5, 9.625], "texture": "#0"}
			}
		},
		{
			"name": "hexadecagon",
			"from": [7.95681, 8.192, 8.10858],
			"to": [8.04319, 8.64551, 8.21716],
			"rotation": {"angle": 45, "axis": "y", "origin": [8, 8.73006, 8]},
			"faces": {
				"north": {"uv": [4, 5, 4.125, 5.25], "texture": "#0"},
				"east": {"uv": [5, 4, 5.125, 4.25], "texture": "#0"},
				"south": {"uv": [4.5, 5, 4.625, 5.25], "texture": "#0"},
				"west": {"uv": [5, 4.5, 5.125, 4.75], "texture": "#0"},
				"up": {"uv": [9.625, 4.125, 9.5, 4], "texture": "#0"},
				"down": {"uv": [4.625, 9.5, 4.5, 9.625], "texture": "#0"}
			}
		},
		{
			"name": "hexadecagon",
			"from": [8.10858, 8.192, 7.95681],
			"to": [8.21716, 8.64551, 8.04319],
			"rotation": {"angle": -22.5, "axis": "y", "origin": [8, 8.73006, 8]},
			"faces": {
				"north": {"uv": [3, 5, 3.125, 5.25], "texture": "#0"},
				"east": {"uv": [5, 3, 5.125, 3.25], "texture": "#0"},
				"south": {"uv": [3.5, 5, 3.625, 5.25], "texture": "#0"},
				"west": {"uv": [5, 3.5, 5.125, 3.75], "texture": "#0"},
				"up": {"uv": [9.625, 3.625, 9.5, 3.5], "texture": "#0"},
				"down": {"uv": [4.125, 9.5, 4, 9.625], "texture": "#0"}
			}
		},
		{
			"name": "hexadecagon",
			"from": [8.10858, 8.192, 7.95681],
			"to": [8.21716, 8.64551, 8.04319],
			"rotation": {"angle": 22.5, "axis": "y", "origin": [8, 8.73006, 8]},
			"faces": {
				"north": {"uv": [2, 5, 2.125, 5.25], "texture": "#0"},
				"east": {"uv": [5, 2, 5.125, 2.25], "texture": "#0"},
				"south": {"uv": [2.5, 5, 2.625, 5.25], "texture": "#0"},
				"west": {"uv": [5, 2.5, 5.125, 2.75], "texture": "#0"},
				"up": {"uv": [9.625, 3.125, 9.5, 3], "texture": "#0"},
				"down": {"uv": [3.625, 9.5, 3.5, 9.625], "texture": "#0"}
			}
		},
		{
			"name": "hexadecagon",
			"from": [8.10858, 8.192, 7.95681],
			"to": [8.21716, 8.64551, 8.04319],
			"rotation": {"angle": 0, "axis": "y", "origin": [8, 8.73006, 8]},
			"faces": {
				"north": {"uv": [1, 5, 1.125, 5.25], "texture": "#0"},
				"east": {"uv": [5, 1, 5.125, 1.25], "texture": "#0"},
				"south": {"uv": [1.5, 5, 1.625, 5.25], "texture": "#0"},
				"west": {"uv": [5, 1.5, 5.125, 1.75], "texture": "#0"},
				"up": {"uv": [9.625, 2.625, 9.5, 2.5], "texture": "#0"},
				"down": {"uv": [3.125, 9.5, 3, 9.625], "texture": "#0"}
			}
		},
		{
			"name": "hexadecagon",
			"from": [8.10858, 8.192, 7.95681],
			"to": [8.21716, 8.64551, 8.04319],
			"rotation": {"angle": 45, "axis": "y", "origin": [8, 8.73006, 8]},
			"faces": {
				"north": {"uv": [0, 5, 0.125, 5.25], "texture": "#0"},
				"east": {"uv": [5, 0, 5.125, 0.25], "texture": "#0"},
				"south": {"uv": [0.5, 5, 0.625, 5.25], "texture": "#0"},
				"west": {"uv": [5, 0.5, 5.125, 0.75], "texture": "#0"},
				"up": {"uv": [9.625, 2.125, 9.5, 2], "texture": "#0"},
				"down": {"uv": [2.625, 9.5, 2.5, 9.625], "texture": "#0"}
			}
		},
		{
			"name": "hexadecagon",
			"from": [7.95681, 8.192, 7.78284],
			"to": [8.04319, 8.64551, 7.89142],
			"rotation": {"angle": -22.5, "axis": "y", "origin": [8, 8.73006, 8]},
			"faces": {
				"north": {"uv": [4.5, 3.5, 4.625, 3.75], "texture": "#0"},
				"east": {"uv": [4, 4.5, 4.125, 4.75], "texture": "#0"},
				"south": {"uv": [4.5, 4, 4.625, 4.25], "texture": "#0"},
				"west": {"uv": [4.5, 4.5, 4.625, 4.75], "texture": "#0"},
				"up": {"uv": [9.625, 1.625, 9.5, 1.5], "texture": "#0"},
				"down": {"uv": [2.125, 9.5, 2, 9.625], "texture": "#0"}
			}
		},
		{
			"name": "hexadecagon",
			"from": [7.95681, 8.192, 7.78284],
			"to": [8.04319, 8.64551, 7.89142],
			"rotation": {"angle": 0, "axis": "y", "origin": [8, 8.73006, 8]},
			"faces": {
				"north": {"uv": [4.5, 2.5, 4.625, 2.75], "texture": "#0"},
				"east": {"uv": [3, 4.5, 3.125, 4.75], "texture": "#0"},
				"south": {"uv": [4.5, 3, 4.625, 3.25], "texture": "#0"},
				"west": {"uv": [3.5, 4.5, 3.625, 4.75], "texture": "#0"},
				"up": {"uv": [9.625, 1.125, 9.5, 1], "texture": "#0"},
				"down": {"uv": [1.625, 9.5, 1.5, 9.625], "texture": "#0"}
			}
		},
		{
			"name": "hexadecagon",
			"from": [7.95681, 8.192, 7.78284],
			"to": [8.04319, 8.64551, 7.89142],
			"rotation": {"angle": 45, "axis": "y", "origin": [8, 8.73006, 8]},
			"faces": {
				"north": {"uv": [4.5, 1.5, 4.625, 1.75], "texture": "#0"},
				"east": {"uv": [2, 4.5, 2.125, 4.75], "texture": "#0"},
				"south": {"uv": [4.5, 2, 4.625, 2.25], "texture": "#0"},
				"west": {"uv": [2.5, 4.5, 2.625, 4.75], "texture": "#0"},
				"up": {"uv": [9.625, 0.625, 9.5, 0.5], "texture": "#0"},
				"down": {"uv": [1.125, 9.5, 1, 9.625], "texture": "#0"}
			}
		},
		{
			"name": "hexadecagon",
			"from": [7.95681, 8.192, 7.78284],
			"to": [8.04319, 8.64551, 7.89142],
			"rotation": {"angle": 22.5, "axis": "y", "origin": [8, 8.73006, 8]},
			"faces": {
				"north": {"uv": [4.5, 0.5, 4.625, 0.75], "texture": "#0"},
				"east": {"uv": [1, 4.5, 1.125, 4.75], "texture": "#0"},
				"south": {"uv": [4.5, 1, 4.625, 1.25], "texture": "#0"},
				"west": {"uv": [1.5, 4.5, 1.625, 4.75], "texture": "#0"},
				"up": {"uv": [9.625, 0.125, 9.5, 0], "texture": "#0"},
				"down": {"uv": [0.625, 9.5, 0.5, 9.625], "texture": "#0"}
			}
		},
		{
			"name": "hexadecagon",
			"from": [7.78284, 8.192, 7.95681],
			"to": [7.89142, 8.64551, 8.04319],
			"rotation": {"angle": -22.5, "axis": "y", "origin": [8, 8.73006, 8]},
			"faces": {
				"north": {"uv": [4, 4, 4.125, 4.25], "texture": "#0"},
				"east": {"uv": [0, 4.5, 0.125, 4.75], "texture": "#0"},
				"south": {"uv": [4.5, 0, 4.625, 0.25], "texture": "#0"},
				"west": {"uv": [0.5, 4.5, 0.625, 4.75], "texture": "#0"},
				"up": {"uv": [9.125, 9.125, 9, 9], "texture": "#0"},
				"down": {"uv": [0.125, 9.5, 0, 9.625], "texture": "#0"}
			}
		},
		{
			"name": "hexadecagon",
			"from": [7.78284, 8.192, 7.95681],
			"to": [7.89142, 8.64551, 8.04319],
			"rotation": {"angle": 0, "axis": "y", "origin": [8, 8.73006, 8]},
			"faces": {
				"north": {"uv": [3, 4, 3.125, 4.25], "texture": "#0"},
				"east": {"uv": [4, 3, 4.125, 3.25], "texture": "#0"},
				"south": {"uv": [3.5, 4, 3.625, 4.25], "texture": "#0"},
				"west": {"uv": [4, 3.5, 4.125, 3.75], "texture": "#0"},
				"up": {"uv": [8.625, 9.125, 8.5, 9], "texture": "#0"},
				"down": {"uv": [9.125, 8.5, 9, 8.625], "texture": "#0"}
			}
		},
		{
			"name": "hexadecagon",
			"from": [7.78284, 8.192, 7.95681],
			"to": [7.89142, 8.64551, 8.04319],
			"rotation": {"angle": 22.5, "axis": "y", "origin": [8, 8.73006, 8]},
			"faces": {
				"north": {"uv": [2, 4, 2.125, 4.25], "texture": "#0"},
				"east": {"uv": [4, 2, 4.125, 2.25], "texture": "#0"},
				"south": {"uv": [2.5, 4, 2.625, 4.25], "texture": "#0"},
				"west": {"uv": [4, 2.5, 4.125, 2.75], "texture": "#0"},
				"up": {"uv": [8.125, 9.125, 8, 9], "texture": "#0"},
				"down": {"uv": [9.125, 8, 9, 8.125], "texture": "#0"}
			}
		},
		{
			"name": "hexadecagon",
			"from": [7.78284, 8.192, 7.95681],
			"to": [7.89142, 8.64551, 8.04319],
			"rotation": {"angle": 45, "axis": "y", "origin": [8, 8.73006, 8]},
			"faces": {
				"north": {"uv": [1, 4, 1.125, 4.25], "texture": "#0"},
				"east": {"uv": [4, 1, 4.125, 1.25], "texture": "#0"},
				"south": {"uv": [1.5, 4, 1.625, 4.25], "texture": "#0"},
				"west": {"uv": [4, 1.5, 4.125, 1.75], "texture": "#0"},
				"up": {"uv": [7.625, 9.125, 7.5, 9], "texture": "#0"},
				"down": {"uv": [9.125, 7.5, 9, 7.625], "texture": "#0"}
			}
		},
		{
			"name": "hexadecagon",
			"from": [7.95681, 8.192, 8.10858],
			"to": [8.04319, 8.64551, 8.21716],
			"rotation": {"angle": -22.5, "axis": "y", "origin": [8, 8.73006, 8]},
			"faces": {
				"north": {"uv": [0, 4, 0.125, 4.25], "texture": "#0"},
				"east": {"uv": [4, 0, 4.125, 0.25], "texture": "#0"},
				"south": {"uv": [0.5, 4, 0.625, 4.25], "texture": "#0"},
				"west": {"uv": [4, 0.5, 4.125, 0.75], "texture": "#0"},
				"up": {"uv": [7.125, 9.125, 7, 9], "texture": "#0"},
				"down": {"uv": [9.125, 7, 9, 7.125], "texture": "#0"}
			}
		},
		{
			"name": "hexadecagon",
			"from": [7.95147, 6.9955, 8.122],
			"to": [8.04853, 7.2545, 8.244],
			"rotation": {"angle": 0, "axis": "y", "origin": [8, 8.6495, 8]},
			"faces": {
				"north": {"uv": [7.5, 6, 7.625, 6.125], "texture": "#0"},
				"east": {"uv": [6.5, 7.5, 6.625, 7.625], "texture": "#0"},
				"south": {"uv": [7.5, 6.5, 7.625, 6.625], "texture": "#0"},
				"west": {"uv": [7, 7.5, 7.125, 7.625], "texture": "#0"},
				"up": {"uv": [7.625, 7.125, 7.5, 7], "texture": "#0"},
				"down": {"uv": [7.625, 7.5, 7.5, 7.625], "texture": "#0"}
			}
		},
		{
			"name": "hexadecagon",
			"from": [7.95147, 6.9955, 8.122],
			"to": [8.04853, 7.2545, 8.244],
			"rotation": {"angle": 22.5, "axis": "y", "origin": [8, 8.6495, 8]},
			"faces": {
				"north": {"uv": [7.5, 4.5, 7.625, 4.625], "texture": "#0"},
				"east": {"uv": [5, 7.5, 5.125, 7.625], "texture": "#0"},
				"south": {"uv": [7.5, 5, 7.625, 5.125], "texture": "#0"},
				"west": {"uv": [5.5, 7.5, 5.625, 7.625], "texture": "#0"},
				"up": {"uv": [7.625, 5.625, 7.5, 5.5], "texture": "#0"},
				"down": {"uv": [6.125, 7.5, 6, 7.625], "texture": "#0"}
			}
		},
		{
			"name": "hexadecagon",
			"from": [7.95147, 6.9955, 8.122],
			"to": [8.04853, 7.2545, 8.244],
			"rotation": {"angle": 45, "axis": "y", "origin": [8, 8.6495, 8]},
			"faces": {
				"north": {"uv": [7.5, 3, 7.625, 3.125], "texture": "#0"},
				"east": {"uv": [3.5, 7.5, 3.625, 7.625], "texture": "#0"},
				"south": {"uv": [7.5, 3.5, 7.625, 3.625], "texture": "#0"},
				"west": {"uv": [4, 7.5, 4.125, 7.625], "texture": "#0"},
				"up": {"uv": [7.625, 4.125, 7.5, 4], "texture": "#0"},
				"down": {"uv": [4.625, 7.5, 4.5, 7.625], "texture": "#0"}
			}
		},
		{
			"name": "hexadecagon",
			"from": [8.122, 6.9955, 7.95147],
			"to": [8.244, 7.2545, 8.04853],
			"rotation": {"angle": -22.5, "axis": "y", "origin": [8, 8.6495, 8]},
			"faces": {
				"north": {"uv": [7.5, 1.5, 7.625, 1.625], "texture": "#0"},
				"east": {"uv": [2, 7.5, 2.125, 7.625], "texture": "#0"},
				"south": {"uv": [7.5, 2, 7.625, 2.125], "texture": "#0"},
				"west": {"uv": [2.5, 7.5, 2.625, 7.625], "texture": "#0"},
				"up": {"uv": [7.625, 2.625, 7.5, 2.5], "texture": "#0"},
				"down": {"uv": [3.125, 7.5, 3, 7.625], "texture": "#0"}
			}
		},
		{
			"name": "hexadecagon",
			"from": [8.122, 6.9955, 7.95147],
			"to": [8.244, 7.2545, 8.04853],
			"rotation": {"angle": 22.5, "axis": "y", "origin": [8, 8.6495, 8]},
			"faces": {
				"north": {"uv": [7.5, 0, 7.625, 0.125], "texture": "#0"},
				"east": {"uv": [0.5, 7.5, 0.625, 7.625], "texture": "#0"},
				"south": {"uv": [7.5, 0.5, 7.625, 0.625], "texture": "#0"},
				"west": {"uv": [1, 7.5, 1.125, 7.625], "texture": "#0"},
				"up": {"uv": [7.625, 1.125, 7.5, 1], "texture": "#0"},
				"down": {"uv": [1.625, 7.5, 1.5, 7.625], "texture": "#0"}
			}
		},
		{
			"name": "hexadecagon",
			"from": [8.122, 6.9955, 7.95147],
			"to": [8.244, 7.2545, 8.04853],
			"rotation": {"angle": 0, "axis": "y", "origin": [8, 8.6495, 8]},
			"faces": {
				"north": {"uv": [6, 7, 6.125, 7.125], "texture": "#0"},
				"east": {"uv": [7, 6, 7.125, 6.125], "texture": "#0"},
				"south": {"uv": [6.5, 7, 6.625, 7.125], "texture": "#0"},
				"west": {"uv": [7, 6.5, 7.125, 6.625], "texture": "#0"},
				"up": {"uv": [7.125, 7.125, 7, 7], "texture": "#0"},
				"down": {"uv": [0.125, 7.5, 0, 7.625], "texture": "#0"}
			}
		},
		{
			"name": "hexadecagon",
			"from": [8.122, 6.9955, 7.95147],
			"to": [8.244, 7.2545, 8.04853],
			"rotation": {"angle": 45, "axis": "y", "origin": [8, 8.6495, 8]},
			"faces": {
				"north": {"uv": [4.5, 7, 4.625, 7.125], "texture": "#0"},
				"east": {"uv": [7, 4.5, 7.125, 4.625], "texture": "#0"},
				"south": {"uv": [5, 7, 5.125, 7.125], "texture": "#0"},
				"west": {"uv": [7, 5, 7.125, 5.125], "texture": "#0"},
				"up": {"uv": [5.625, 7.125, 5.5, 7], "texture": "#0"},
				"down": {"uv": [7.125, 5.5, 7, 5.625], "texture": "#0"}
			}
		},
		{
			"name": "hexadecagon",
			"from": [7.95147, 6.9955, 7.756],
			"to": [8.04853, 7.2545, 7.878],
			"rotation": {"angle": -22.5, "axis": "y", "origin": [8, 8.6495, 8]},
			"faces": {
				"north": {"uv": [3, 7, 3.125, 7.125], "texture": "#0"},
				"east": {"uv": [7, 3, 7.125, 3.125], "texture": "#0"},
				"south": {"uv": [3.5, 7, 3.625, 7.125], "texture": "#0"},
				"west": {"uv": [7, 3.5, 7.125, 3.625], "texture": "#0"},
				"up": {"uv": [4.125, 7.125, 4, 7], "texture": "#0"},
				"down": {"uv": [7.125, 4, 7, 4.125], "texture": "#0"}
			}
		},
		{
			"name": "hexadecagon",
			"from": [7.95147, 6.9955, 7.756],
			"to": [8.04853, 7.2545, 7.878],
			"rotation": {"angle": 0, "axis": "y", "origin": [8, 8.6495, 8]},
			"faces": {
				"north": {"uv": [1.5, 7, 1.625, 7.125], "texture": "#0"},
				"east": {"uv": [7, 1.5, 7.125, 1.625], "texture": "#0"},
				"south": {"uv": [2, 7, 2.125, 7.125], "texture": "#0"},
				"west": {"uv": [7, 2, 7.125, 2.125], "texture": "#0"},
				"up": {"uv": [2.625, 7.125, 2.5, 7], "texture": "#0"},
				"down": {"uv": [7.125, 2.5, 7, 2.625], "texture": "#0"}
			}
		},
		{
			"name": "hexadecagon",
			"from": [7.95147, 6.9955, 7.756],
			"to": [8.04853, 7.2545, 7.878],
			"rotation": {"angle": 45, "axis": "y", "origin": [8, 8.6495, 8]},
			"faces": {
				"north": {"uv": [0, 7, 0.125, 7.125], "texture": "#0"},
				"east": {"uv": [7, 0, 7.125, 0.125], "texture": "#0"},
				"south": {"uv": [0.5, 7, 0.625, 7.125], "texture": "#0"},
				"west": {"uv": [7, 0.5, 7.125, 0.625], "texture": "#0"},
				"up": {"uv": [1.125, 7.125, 1, 7], "texture": "#0"},
				"down": {"uv": [7.125, 1, 7, 1.125], "texture": "#0"}
			}
		},
		{
			"name": "hexadecagon",
			"from": [7.95147, 6.9955, 7.756],
			"to": [8.04853, 7.2545, 7.878],
			"rotation": {"angle": 22.5, "axis": "y", "origin": [8, 8.6495, 8]},
			"faces": {
				"north": {"uv": [6.5, 5, 6.625, 5.125], "texture": "#0"},
				"east": {"uv": [5.5, 6.5, 5.625, 6.625], "texture": "#0"},
				"south": {"uv": [6.5, 5.5, 6.625, 5.625], "texture": "#0"},
				"west": {"uv": [6, 6.5, 6.125, 6.625], "texture": "#0"},
				"up": {"uv": [6.625, 6.125, 6.5, 6], "texture": "#0"},
				"down": {"uv": [6.625, 6.5, 6.5, 6.625], "texture": "#0"}
			}
		},
		{
			"name": "hexadecagon",
			"from": [7.756, 6.9955, 7.95147],
			"to": [7.878, 7.2545, 8.04853],
			"rotation": {"angle": -22.5, "axis": "y", "origin": [8, 8.6495, 8]},
			"faces": {
				"north": {"uv": [6.5, 3.5, 6.625, 3.625], "texture": "#0"},
				"east": {"uv": [4, 6.5, 4.125, 6.625], "texture": "#0"},
				"south": {"uv": [6.5, 4, 6.625, 4.125], "texture": "#0"},
				"west": {"uv": [4.5, 6.5, 4.625, 6.625], "texture": "#0"},
				"up": {"uv": [6.625, 4.625, 6.5, 4.5], "texture": "#0"},
				"down": {"uv": [5.125, 6.5, 5, 6.625], "texture": "#0"}
			}
		},
		{
			"name": "hexadecagon",
			"from": [7.756, 6.9955, 7.95147],
			"to": [7.878, 7.2545, 8.04853],
			"rotation": {"angle": 0, "axis": "y", "origin": [8, 8.6495, 8]},
			"faces": {
				"north": {"uv": [6.5, 2, 6.625, 2.125], "texture": "#0"},
				"east": {"uv": [2.5, 6.5, 2.625, 6.625], "texture": "#0"},
				"south": {"uv": [6.5, 2.5, 6.625, 2.625], "texture": "#0"},
				"west": {"uv": [3, 6.5, 3.125, 6.625], "texture": "#0"},
				"up": {"uv": [6.625, 3.125, 6.5, 3], "texture": "#0"},
				"down": {"uv": [3.625, 6.5, 3.5, 6.625], "texture": "#0"}
			}
		},
		{
			"name": "hexadecagon",
			"from": [7.756, 6.9955, 7.95147],
			"to": [7.878, 7.2545, 8.04853],
			"rotation": {"angle": 22.5, "axis": "y", "origin": [8, 8.6495, 8]},
			"faces": {
				"north": {"uv": [6.5, 0.5, 6.625, 0.625], "texture": "#0"},
				"east": {"uv": [1, 6.5, 1.125, 6.625], "texture": "#0"},
				"south": {"uv": [6.5, 1, 6.625, 1.125], "texture": "#0"},
				"west": {"uv": [1.5, 6.5, 1.625, 6.625], "texture": "#0"},
				"up": {"uv": [6.625, 1.625, 6.5, 1.5], "texture": "#0"},
				"down": {"uv": [2.125, 6.5, 2, 6.625], "texture": "#0"}
			}
		},
		{
			"name": "hexadecagon",
			"from": [7.756, 6.9955, 7.95147],
			"to": [7.878, 7.2545, 8.04853],
			"rotation": {"angle": 45, "axis": "y", "origin": [8, 8.6495, 8]},
			"faces": {
				"north": {"uv": [5.5, 6, 5.625, 6.125], "texture": "#0"},
				"east": {"uv": [6, 5.5, 6.125, 5.625], "texture": "#0"},
				"south": {"uv": [6, 6, 6.125, 6.125], "texture": "#0"},
				"west": {"uv": [0, 6.5, 0.125, 6.625], "texture": "#0"},
				"up": {"uv": [6.625, 0.125, 6.5, 0], "texture": "#0"},
				"down": {"uv": [0.625, 6.5, 0.5, 6.625], "texture": "#0"}
			}
		},
		{
			"name": "hexadecagon",
			"from": [7.95147, 6.9955, 8.122],
			"to": [8.04853, 7.2545, 8.244],
			"rotation": {"angle": -22.5, "axis": "y", "origin": [8, 8.6495, 8]},
			"faces": {
				"north": {"uv": [4, 6, 4.125, 6.125], "texture": "#0"},
				"east": {"uv": [6, 4, 6.125, 4.125], "texture": "#0"},
				"south": {"uv": [4.5, 6, 4.625, 6.125], "texture": "#0"},
				"west": {"uv": [6, 4.5, 6.125, 4.625], "texture": "#0"},
				"up": {"uv": [5.125, 6.125, 5, 6], "texture": "#0"},
				"down": {"uv": [6.125, 5, 6, 5.125], "texture": "#0"}
			}
		},
		{
			"name": "hexadecagon",
			"from": [8.09028, 7.21267, 7.96409],
			"to": [8.18056, 7.40433, 8.03591],
			"rotation": {"angle": 45, "axis": "y", "origin": [8, 8.43663, 8]},
			"faces": {
				"north": {"uv": [5.5, 9, 5.625, 9.125], "texture": "#0"},
				"east": {"uv": [9, 5.5, 9.125, 5.625], "texture": "#0"},
				"south": {"uv": [6, 9, 6.125, 9.125], "texture": "#0"},
				"west": {"uv": [9, 6, 9.125, 6.125], "texture": "#0"},
				"up": {"uv": [6.625, 9.125, 6.5, 9], "texture": "#0"},
				"down": {"uv": [9.125, 6.5, 9, 6.625], "texture": "#0"}
			}
		},
		{
			"name": "hexadecagon",
			"from": [7.96409, 7.21267, 7.81944],
			"to": [8.03591, 7.40433, 7.90972],
			"rotation": {"angle": -22.5, "axis": "y", "origin": [8, 8.43663, 8]},
			"faces": {
				"north": {"uv": [4, 9, 4.125, 9.125], "texture": "#0"},
				"east": {"uv": [9, 4, 9.125, 4.125], "texture": "#0"},
				"south": {"uv": [4.5, 9, 4.625, 9.125], "texture": "#0"},
				"west": {"uv": [9, 4.5, 9.125, 4.625], "texture": "#0"},
				"up": {"uv": [5.125, 9.125, 5, 9], "texture": "#0"},
				"down": {"uv": [9.125, 5, 9, 5.125], "texture": "#0"}
			}
		},
		{
			"name": "hexadecagon",
			"from": [7.96409, 7.21267, 7.81944],
			"to": [8.03591, 7.40433, 7.90972],
			"rotation": {"angle": 0, "axis": "y", "origin": [8, 8.43663, 8]},
			"faces": {
				"north": {"uv": [2.5, 9, 2.625, 9.125], "texture": "#0"},
				"east": {"uv": [9, 2.5, 9.125, 2.625], "texture": "#0"},
				"south": {"uv": [3, 9, 3.125, 9.125], "texture": "#0"},
				"west": {"uv": [9, 3, 9.125, 3.125], "texture": "#0"},
				"up": {"uv": [3.625, 9.125, 3.5, 9], "texture": "#0"},
				"down": {"uv": [9.125, 3.5, 9, 3.625], "texture": "#0"}
			}
		},
		{
			"name": "hexadecagon",
			"from": [7.96409, 7.21267, 7.81944],
			"to": [8.03591, 7.40433, 7.90972],
			"rotation": {"angle": 22.5, "axis": "y", "origin": [8, 8.43663, 8]},
			"faces": {
				"north": {"uv": [1, 9, 1.125, 9.125], "texture": "#0"},
				"east": {"uv": [9, 1, 9.125, 1.125], "texture": "#0"},
				"south": {"uv": [1.5, 9, 1.625, 9.125], "texture": "#0"},
				"west": {"uv": [9, 1.5, 9.125, 1.625], "texture": "#0"},
				"up": {"uv": [2.125, 9.125, 2, 9], "texture": "#0"},
				"down": {"uv": [9.125, 2, 9, 2.125], "texture": "#0"}
			}
		},
		{
			"name": "hexadecagon",
			"from": [7.96409, 7.21267, 7.81944],
			"to": [8.03591, 7.40433, 7.90972],
			"rotation": {"angle": 45, "axis": "y", "origin": [8, 8.43663, 8]},
			"faces": {
				"north": {"uv": [8.5, 8, 8.625, 8.125], "texture": "#0"},
				"east": {"uv": [8.5, 8.5, 8.625, 8.625], "texture": "#0"},
				"south": {"uv": [0, 9, 0.125, 9.125], "texture": "#0"},
				"west": {"uv": [9, 0, 9.125, 0.125], "texture": "#0"},
				"up": {"uv": [0.625, 9.125, 0.5, 9], "texture": "#0"},
				"down": {"uv": [9.125, 0.5, 9, 0.625], "texture": "#0"}
			}
		},
		{
			"name": "hexadecagon",
			"from": [7.81944, 7.21267, 7.96409],
			"to": [7.90972, 7.40433, 8.03591],
			"rotation": {"angle": -22.5, "axis": "y", "origin": [8, 8.43663, 8]},
			"faces": {
				"north": {"uv": [8.5, 6.5, 8.625, 6.625], "texture": "#0"},
				"east": {"uv": [7, 8.5, 7.125, 8.625], "texture": "#0"},
				"south": {"uv": [8.5, 7, 8.625, 7.125], "texture": "#0"},
				"west": {"uv": [7.5, 8.5, 7.625, 8.625], "texture": "#0"},
				"up": {"uv": [8.625, 7.625, 8.5, 7.5], "texture": "#0"},
				"down": {"uv": [8.125, 8.5, 8, 8.625], "texture": "#0"}
			}
		},
		{
			"name": "hexadecagon",
			"from": [7.81944, 7.21267, 7.96409],
			"to": [7.90972, 7.40433, 8.03591],
			"rotation": {"angle": 0, "axis": "y", "origin": [8, 8.43663, 8]},
			"faces": {
				"north": {"uv": [8.5, 5, 8.625, 5.125], "texture": "#0"},
				"east": {"uv": [5.5, 8.5, 5.625, 8.625], "texture": "#0"},
				"south": {"uv": [8.5, 5.5, 8.625, 5.625], "texture": "#0"},
				"west": {"uv": [6, 8.5, 6.125, 8.625], "texture": "#0"},
				"up": {"uv": [8.625, 6.125, 8.5, 6], "texture": "#0"},
				"down": {"uv": [6.625, 8.5, 6.5, 8.625], "texture": "#0"}
			}
		},
		{
			"name": "hexadecagon",
			"from": [7.81944, 7.21267, 7.96409],
			"to": [7.90972, 7.40433, 8.03591],
			"rotation": {"angle": 45, "axis": "y", "origin": [8, 8.43663, 8]},
			"faces": {
				"north": {"uv": [8.5, 3.5, 8.625, 3.625], "texture": "#0"},
				"east": {"uv": [4, 8.5, 4.125, 8.625], "texture": "#0"},
				"south": {"uv": [8.5, 4, 8.625, 4.125], "texture": "#0"},
				"west": {"uv": [4.5, 8.5, 4.625, 8.625], "texture": "#0"},
				"up": {"uv": [8.625, 4.625, 8.5, 4.5], "texture": "#0"},
				"down": {"uv": [5.125, 8.5, 5, 8.625], "texture": "#0"}
			}
		},
		{
			"name": "hexadecagon",
			"from": [7.81944, 7.21267, 7.96409],
			"to": [7.90972, 7.40433, 8.03591],
			"rotation": {"angle": 22.5, "axis": "y", "origin": [8, 8.43663, 8]},
			"faces": {
				"north": {"uv": [8.5, 2, 8.625, 2.125], "texture": "#0"},
				"east": {"uv": [2.5, 8.5, 2.625, 8.625], "texture": "#0"},
				"south": {"uv": [8.5, 2.5, 8.625, 2.625], "texture": "#0"},
				"west": {"uv": [3, 8.5, 3.125, 8.625], "texture": "#0"},
				"up": {"uv": [8.625, 3.125, 8.5, 3], "texture": "#0"},
				"down": {"uv": [3.625, 8.5, 3.5, 8.625], "texture": "#0"}
			}
		},
		{
			"name": "hexadecagon",
			"from": [7.96409, 7.21267, 8.09028],
			"to": [8.03591, 7.40433, 8.18056],
			"rotation": {"angle": -22.5, "axis": "y", "origin": [8, 8.43663, 8]},
			"faces": {
				"north": {"uv": [8.5, 0.5, 8.625, 0.625], "texture": "#0"},
				"east": {"uv": [1, 8.5, 1.125, 8.625], "texture": "#0"},
				"south": {"uv": [8.5, 1, 8.625, 1.125], "texture": "#0"},
				"west": {"uv": [1.5, 8.5, 1.625, 8.625], "texture": "#0"},
				"up": {"uv": [8.625, 1.625, 8.5, 1.5], "texture": "#0"},
				"down": {"uv": [2.125, 8.5, 2, 8.625], "texture": "#0"}
			}
		},
		{
			"name": "hexadecagon",
			"from": [7.96409, 7.21267, 8.09028],
			"to": [8.03591, 7.40433, 8.18056],
			"rotation": {"angle": 0, "axis": "y", "origin": [8, 8.43663, 8]},
			"faces": {
				"north": {"uv": [7.5, 8, 7.625, 8.125], "texture": "#0"},
				"east": {"uv": [8, 7.5, 8.125, 7.625], "texture": "#0"},
				"south": {"uv": [8, 8, 8.125, 8.125], "texture": "#0"},
				"west": {"uv": [0, 8.5, 0.125, 8.625], "texture": "#0"},
				"up": {"uv": [8.625, 0.125, 8.5, 0], "texture": "#0"},
				"down": {"uv": [0.625, 8.5, 0.5, 8.625], "texture": "#0"}
			}
		},
		{
			"name": "hexadecagon",
			"from": [7.96409, 7.21267, 8.09028],
			"to": [8.03591, 7.40433, 8.18056],
			"rotation": {"angle": 22.5, "axis": "y", "origin": [8, 8.43663, 8]},
			"faces": {
				"north": {"uv": [6, 8, 6.125, 8.125], "texture": "#0"},
				"east": {"uv": [8, 6, 8.125, 6.125], "texture": "#0"},
				"south": {"uv": [6.5, 8, 6.625, 8.125], "texture": "#0"},
				"west": {"uv": [8, 6.5, 8.125, 6.625], "texture": "#0"},
				"up": {"uv": [7.125, 8.125, 7, 8], "texture": "#0"},
				"down": {"uv": [8.125, 7, 8, 7.125], "texture": "#0"}
			}
		},
		{
			"name": "hexadecagon",
			"from": [7.96409, 7.21267, 8.09028],
			"to": [8.03591, 7.40433, 8.18056],
			"rotation": {"angle": 45, "axis": "y", "origin": [8, 8.43663, 8]},
			"faces": {
				"north": {"uv": [4.5, 8, 4.625, 8.125], "texture": "#0"},
				"east": {"uv": [8, 4.5, 8.125, 4.625], "texture": "#0"},
				"south": {"uv": [5, 8, 5.125, 8.125], "texture": "#0"},
				"west": {"uv": [8, 5, 8.125, 5.125], "texture": "#0"},
				"up": {"uv": [5.625, 8.125, 5.5, 8], "texture": "#0"},
				"down": {"uv": [8.125, 5.5, 8, 5.625], "texture": "#0"}
			}
		},
		{
			"name": "hexadecagon",
			"from": [8.09028, 7.21267, 7.96409],
			"to": [8.18056, 7.40433, 8.03591],
			"rotation": {"angle": -22.5, "axis": "y", "origin": [8, 8.43663, 8]},
			"faces": {
				"north": {"uv": [3, 8, 3.125, 8.125], "texture": "#0"},
				"east": {"uv": [8, 3, 8.125, 3.125], "texture": "#0"},
				"south": {"uv": [3.5, 8, 3.625, 8.125], "texture": "#0"},
				"west": {"uv": [8, 3.5, 8.125, 3.625], "texture": "#0"},
				"up": {"uv": [4.125, 8.125, 4, 8], "texture": "#0"},
				"down": {"uv": [8.125, 4, 8, 4.125], "texture": "#0"}
			}
		},
		{
			"name": "hexadecagon",
			"from": [8.09028, 7.21267, 7.96409],
			"to": [8.18056, 7.40433, 8.03591],
			"rotation": {"angle": 22.5, "axis": "y", "origin": [8, 8.43663, 8]},
			"faces": {
				"north": {"uv": [1.5, 8, 1.625, 8.125], "texture": "#0"},
				"east": {"uv": [8, 1.5, 8.125, 1.625], "texture": "#0"},
				"south": {"uv": [2, 8, 2.125, 8.125], "texture": "#0"},
				"west": {"uv": [8, 2, 8.125, 2.125], "texture": "#0"},
				"up": {"uv": [2.625, 8.125, 2.5, 8], "texture": "#0"},
				"down": {"uv": [8.125, 2.5, 8, 2.625], "texture": "#0"}
			}
		},
		{
			"name": "hexadecagon",
			"from": [8.09028, 7.21267, 7.96409],
			"to": [8.18056, 7.40433, 8.03591],
			"rotation": {"angle": 0, "axis": "y", "origin": [8, 8.43663, 8]},
			"faces": {
				"north": {"uv": [0, 8, 0.125, 8.125], "texture": "#0"},
				"east": {"uv": [8, 0, 8.125, 0.125], "texture": "#0"},
				"south": {"uv": [0.5, 8, 0.625, 8.125], "texture": "#0"},
				"west": {"uv": [8, 0.5, 8.125, 0.625], "texture": "#0"},
				"up": {"uv": [1.125, 8.125, 1, 8], "texture": "#0"},
				"down": {"uv": [8.125, 1, 8, 1.125], "texture": "#0"}
			}
		}
	],
	"display": {
		"ground": {
			"rotation": [0, 0, -90],
			"translation": [0, -3.5, 0],
			"scale": [1.4, 1.4, 1.4]
		}
	}
}