{
  "parent": "item/generated",
  "textures": {
    "layer0": "item/phantom_membrane"
  },
  "overrides": [
    {
      "predicate": {
        "custom_model_data": 1
      },
      "model": "item/ammo/matchbox"
    },
    {
      "predicate": {
        "custom_model_data": 2
      },
      "model": "item/ammo/762mm"
    },
    {
      "predicate": {
        "custom_model_data": 3
      },
      "model": "item/ammo/musketball"
    },
    {
      "predicate": {
        "custom_model_data": 4
      },
      "model": "item/ammo/kartech"
    },
    {
      "predicate": {
        "custom_model_data": 5
      },
      "model": "item/ammo/45acp"
    },
    {
      "predicate": {
        "custom_model_data": 6
      },
      "model": "item/ammo/9mm"
    }
  ]
}