{
    "parent": "item/generated",
    "textures": {
        "layer0": "item/crossbow_standby"
    },
    "display": {
        "thirdperson_righthand": {
            "rotation": [ -90, 0, -60 ],
            "translation": [ 2, 0.1, -3 ],
            "scale": [ 0.9, 0.9, 0.9 ]
        },
        "thirdperson_lefthand": {
            "rotation": [ -90, 0, 30 ],
            "translation": [ 2, 0.1, -3 ],
            "scale": [ 0.9, 0.9, 0.9 ]
        },
        "firstperson_righthand": {
            "rotation": [ -90, 0, -55 ],
            "translation": [ 1.13, 3.2, 1.13],
            "scale": [ 0.68, 0.68, 0.68 ]
        },
        "firstperson_lefthand": {
            "rotation": [ -90, 0, 35 ],
            "translation": [ 1.13, 3.2, 1.13],
            "scale": [ 0.68, 0.68, 0.68 ]
        }
    },
    "overrides": [
        {
            "predicate": {
                "pulling": 1
            },
            "model": "item/crossbow_pulling_0"
        },
        {
            "predicate": {
                "pulling": 1,
                "pull": 0.58
            },
            "model": "item/crossbow_pulling_1"
        },
        {
            "predicate": {
                "pulling": 1,
                "pull": 1.0
            },
            "model": "item/crossbow_pulling_2"
        },
        {
            "predicate": {
                "charged": 1
            },
            "model": "item/crossbow_arrow"
        },
        {
            "predicate": {
                "charged": 1,
                "firework": 1
            },
            "model": "item/crossbow_firework"
        },
    {
      "predicate": {
        "custom_model_data": 2
      },
      "model": "item/guns/pkp"
    },
    {
      "predicate": {
        "custom_model_data": 9
      },
      "model": "item/guns/rpg"
    },   
    {
      "predicate": {
        "custom_model_data": 13
      },
      "model": "item/guns/enfield"
    },
    {
      "predicate": {
        "custom_model_data": 15
      },
      "model": "item/misc/grenade"
    },
    {
      "predicate": {
        "custom_model_data": 19
      },
      "model": "item/guns/magnum"
    },
    {
      "predicate": {
        "custom_model_data": 21
      },
      "model": "item/misc/smokegrenade"
    },
    {
      "predicate": {
        "custom_model_data": 22
      },
      "model": "item/misc/flashbang"
    },
    {
      "predicate": {
        "custom_model_data": 28
      },
      "model": "item/guns/dp27"
    },
    {
      "predicate": {
        "custom_model_data": 51
      },
      "model": "item/guns/sks"
    },
    {
      "predicate": {
        "custom_model_data": 53
      },
      "model": "item/guns/makarov"
    },
    {
      "predicate": {
        "custom_model_data": 54
      },
      "model": "item/guns/ppsh41"
    },
    {
      "predicate": {
        "custom_model_data": 60
      },
      "model": "item/guns/kar98k"
    },
    {
      "predicate": {
        "custom_model_data": 61
      },
      "model": "item/guns/mp40"
    },
    {
      "predicate": {
        "custom_model_data": 62
      },
      "model": "item/guns/stg44"
    },
    {
      "predicate": {
        "custom_model_data": 63
      },
      "model": "item/guns/sawshotgun"
    },
    {
      "predicate": {
        "custom_model_data": 68
      },
      "model": "item/misc/aiming"
    },
    {
      "predicate": {
        "custom_model_data": 82
      },
      "model": "item/guns/m1garand"
    }
	]
}
