{
    "parent": "item/generated",
    "textures": {
        "layer0": "item/spider_eye"
    },
    "overrides": [
      {
        "predicate": {
          "custom_model_data": 1
        },
        "model": "item/sleeve/762"
      },
      {
      "predicate": {
        "custom_model_data": 2
      },
      "model": "item/sleeve/45acp"
      },
      {
      "predicate": {
        "custom_model_data": 3
      },
      "model": "item/sleeve/11mm"
      },
      {
      "predicate": {
        "custom_model_data": 4
      },
      "model": "item/sleeve/9"
      },
      {
      "predicate": {
        "custom_model_data": 5
      },
      "model": "item/sleeve/kart"
    }
	]
}