{
	"credit": "Made with Blockbench",
	"texture_size": [32, 32],
	"textures": {
		"0": "item/ammo/45acp",
		"particle": "item/ammo/45acp"
	},
	"elements": [
		{
			"from": [6.98, -4.59, 4.77],
			"to": [9.02, -0.9, 4.94],
			"rotation": {"angle": 0, "axis": "y", "origin": [-5.6, -1.19, -5.6]},
			"faces": {
				"north": {"uv": [4.016, 0.016, 4.984, 1.875], "texture": "#0"},
				"east": {"uv": [6.516, 6.016, 6.625, 7.875], "texture": "#0"},
				"south": {"uv": [4.016, 2.016, 4.984, 3.875], "texture": "#0"},
				"west": {"uv": [2.016, 7.016, 2.125, 8.875], "texture": "#0"},
				"up": {"uv": [7.984, 7.625, 7.016, 7.516], "texture": "#0"},
				"down": {"uv": [8.484, 7.016, 7.516, 7.125], "texture": "#0"}
			}
		},
		{
			"from": [6.98, -10.89975, 7.56803],
			"to": [9.02, -10.38975, 7.73803],
			"rotation": {"angle": -22.5, "axis": "x", "origin": [-5.6, -5.11975, -6.71197]},
			"faces": {
				"north": {"uv": [6.516, 4.016, 7.484, 4.25], "texture": "#0"},
				"east": {"uv": [6.516, 10.016, 6.625, 10.25], "texture": "#0"},
				"south": {"uv": [6.516, 4.516, 7.484, 4.75], "texture": "#0"},
				"west": {"uv": [10.016, 6.516, 10.125, 6.75], "texture": "#0"},
				"up": {"uv": [8.484, 6.125, 7.516, 6.016], "texture": "#0"},
				"down": {"uv": [8.484, 6.516, 7.516, 6.625], "texture": "#0"}
			}
		},
		{
			"from": [6.98, -9.36975, 7.39803],
			"to": [9.02, -8.85975, 7.56803],
			"rotation": {"angle": -22.5, "axis": "x", "origin": [-5.6, -3.58975, -6.88197]},
			"faces": {
				"north": {"uv": [3.016, 6.516, 3.984, 6.75], "texture": "#0"},
				"east": {"uv": [6.016, 10.016, 6.125, 10.25], "texture": "#0"},
				"south": {"uv": [4.016, 6.516, 4.984, 6.75], "texture": "#0"},
				"west": {"uv": [10.016, 6.016, 10.125, 6.25], "texture": "#0"},
				"up": {"uv": [8.484, 5.125, 7.516, 5.016], "texture": "#0"},
				"down": {"uv": [8.484, 5.516, 7.516, 5.625], "texture": "#0"}
			}
		},
		{
			"from": [6.98, -7.31, 8.68],
			"to": [9.02, -4.93, 8.85],
			"rotation": {"angle": 0, "axis": "y", "origin": [-5.6, -1.19, -5.6]},
			"faces": {
				"north": {"uv": [5.016, 5.516, 5.984, 6.75], "texture": "#0"},
				"east": {"uv": [1.516, 7.516, 1.625, 8.75], "texture": "#0"},
				"south": {"uv": [0.016, 6.016, 0.984, 7.25], "texture": "#0"},
				"west": {"uv": [2.516, 7.516, 2.625, 8.75], "texture": "#0"},
				"up": {"uv": [8.484, 4.625, 7.516, 4.516], "texture": "#0"},
				"down": {"uv": [5.984, 7.516, 5.016, 7.625], "texture": "#0"}
			}
		},
		{
			"from": [6.98, -7.31, 8.51],
			"to": [9.02, -3.4, 8.68],
			"rotation": {"angle": 0, "axis": "y", "origin": [-5.6, -1.19, -5.6]},
			"faces": {
				"north": {"uv": [2.016, 3.016, 2.984, 4.984], "texture": "#0"},
				"east": {"uv": [6.016, 4.016, 6.125, 5.984], "texture": "#0"},
				"south": {"uv": [3.016, 3.016, 3.984, 4.984], "texture": "#0"},
				"west": {"uv": [6.016, 6.016, 6.125, 7.984], "texture": "#0"},
				"up": {"uv": [4.984, 7.625, 4.016, 7.516], "texture": "#0"},
				"down": {"uv": [8.484, 4.016, 7.516, 4.125], "texture": "#0"}
			}
		},
		{
			"from": [6.98, -8.58503, 3.56956],
			"to": [9.02, -8.07503, 3.73956],
			"rotation": {"angle": -22.5, "axis": "x", "origin": [-5.6, -3.31503, -4.59044]},
			"faces": {
				"north": {"uv": [6.016, 3.516, 6.984, 3.75], "texture": "#0"},
				"east": {"uv": [5.516, 10.016, 5.625, 10.25], "texture": "#0"},
				"south": {"uv": [4.016, 6.016, 4.984, 6.25], "texture": "#0"},
				"west": {"uv": [10.016, 5.516, 10.125, 5.75], "texture": "#0"},
				"up": {"uv": [8.484, 3.125, 7.516, 3.016], "texture": "#0"},
				"down": {"uv": [8.484, 3.516, 7.516, 3.625], "texture": "#0"}
			}
		},
		{
			"from": [6.98, -3.4, 4.6],
			"to": [9.02, -0.9, 4.77],
			"rotation": {"angle": 0, "axis": "y", "origin": [-5.6, -1.19, -5.6]},
			"faces": {
				"north": {"uv": [3.016, 5.016, 3.984, 6.25], "texture": "#0"},
				"east": {"uv": [1.016, 7.516, 1.125, 8.75], "texture": "#0"},
				"south": {"uv": [5.016, 4.016, 5.984, 5.25], "texture": "#0"},
				"west": {"uv": [7.516, 1.016, 7.625, 2.25], "texture": "#0"},
				"up": {"uv": [8.484, 2.625, 7.516, 2.516], "texture": "#0"},
				"down": {"uv": [3.984, 7.516, 3.016, 7.625], "texture": "#0"}
			}
		},
		{
			"from": [6.98, -6.97, 4.94],
			"to": [9.02, -0.9, 8.51],
			"rotation": {"angle": 0, "axis": "y", "origin": [-5.6, -1.19, -5.6]},
			"faces": {
				"north": {"uv": [0.016, 3.016, 0.984, 5.984], "texture": "#0"},
				"east": {"uv": [0.016, 0.016, 1.75, 2.984], "texture": "#0"},
				"south": {"uv": [1.016, 3.016, 1.984, 5.984], "texture": "#0"},
				"west": {"uv": [2.016, 0.016, 3.75, 2.984], "texture": "#0"},
				"up": {"uv": [2.984, 6.75, 2.016, 5.016], "texture": "#0"},
				"down": {"uv": [5.984, 2.016, 5.016, 3.75], "texture": "#0"}
			}
		},
		{
			"from": [6.98, -0.9, 6.04],
			"to": [9.02, 0.07, 8.51],
			"rotation": {"angle": 0, "axis": "y", "origin": [-5.6, -1.12, -5.6]},
			"faces": {
				"north": {"uv": [6.016, 2.516, 6.984, 2.984], "texture": "#0"},
				"east": {"uv": [6.016, 1.516, 7.25, 1.984], "texture": "#0"},
				"south": {"uv": [6.016, 3.016, 6.984, 3.484], "texture": "#0"},
				"west": {"uv": [6.016, 2.016, 7.25, 2.484], "texture": "#0"},
				"up": {"uv": [6.984, 1.25, 6.016, 0.016], "texture": "#0"},
				"down": {"uv": [1.984, 6.016, 1.016, 7.25], "texture": "#0"}
			}
		},
		{
			"from": [6.98, 3.24249, 4.75154],
			"to": [7.22, 4.31249, 5.12154],
			"rotation": {"angle": 22.5, "axis": "x", "origin": [-5.6, -1.04751, -5.26846]},
			"faces": {
				"north": {"uv": [3.016, 8.016, 3.125, 8.484], "texture": "#0"},
				"east": {"uv": [3.516, 8.016, 3.625, 8.484], "texture": "#0"},
				"south": {"uv": [4.016, 8.016, 4.125, 8.484], "texture": "#0"},
				"west": {"uv": [4.516, 8.016, 4.625, 8.484], "texture": "#0"},
				"up": {"uv": [7.625, 10.125, 7.516, 10.016], "texture": "#0"},
				"down": {"uv": [10.125, 7.516, 10.016, 7.625], "texture": "#0"}
			}
		},
		{
			"from": [8.78, 3.24249, 4.75154],
			"to": [9.02, 4.31249, 5.12154],
			"rotation": {"angle": 22.5, "axis": "x", "origin": [21.6, -1.04751, -5.26846]},
			"faces": {
				"north": {"uv": [3.125, 8.016, 3.016, 8.484], "texture": "#0"},
				"east": {"uv": [4.625, 8.016, 4.516, 8.484], "texture": "#0"},
				"south": {"uv": [4.125, 8.016, 4.016, 8.484], "texture": "#0"},
				"west": {"uv": [3.625, 8.016, 3.516, 8.484], "texture": "#0"},
				"up": {"uv": [7.516, 10.125, 7.625, 10.016], "texture": "#0"},
				"down": {"uv": [10.016, 7.516, 10.125, 7.625], "texture": "#0"}
			}
		},
		{
			"from": [6.98, -7.31, 4.88],
			"to": [9.02, -6.97, 8.51],
			"rotation": {"angle": 0, "axis": "y", "origin": [-5.6, -1.19, -5.26]},
			"faces": {
				"north": {"uv": [0.016, 8.016, 0.984, 8.125], "texture": "#0"},
				"east": {"uv": [7.016, 0.016, 8.875, 0.125], "texture": "#0"},
				"south": {"uv": [8.016, 1.016, 8.984, 1.125], "texture": "#0"},
				"west": {"uv": [7.016, 0.516, 8.875, 0.625], "texture": "#0"},
				"up": {"uv": [4.984, 5.875, 4.016, 4.016], "texture": "#0"},
				"down": {"uv": [5.984, 0.016, 5.016, 1.875], "texture": "#0"}
			}
		},
		{
			"from": [6.98, -7.31, 4.45],
			"to": [9.02, -7.17, 4.88],
			"rotation": {"angle": 0, "axis": "y", "origin": [-5.6, -1.19, -5.29]},
			"faces": {
				"north": {"uv": [8.016, 1.516, 8.984, 1.625], "texture": "#0"},
				"east": {"uv": [7.016, 10.016, 7.25, 10.125], "texture": "#0"},
				"south": {"uv": [8.016, 2.016, 8.984, 2.125], "texture": "#0"},
				"west": {"uv": [10.016, 7.016, 10.25, 7.125], "texture": "#0"},
				"up": {"uv": [7.484, 5.25, 6.516, 5.016], "texture": "#0"},
				"down": {"uv": [7.484, 5.516, 6.516, 5.75], "texture": "#0"}
			}
		},
		{
			"name": "hexadecagon",
			"from": [7.90054, -1, 5.3],
			"to": [8.09946, 0, 6.1],
			"rotation": {"angle": -45, "axis": "z", "origin": [8, -0.5, 5.6]},
			"faces": {
				"north": {"uv": [7.016, 8.016, 7.125, 8.484], "texture": "#0"},
				"east": {"uv": [7.016, 1.016, 7.375, 1.484], "texture": "#0"},
				"south": {"uv": [7.516, 8.016, 7.625, 8.484], "texture": "#0"},
				"west": {"uv": [2.516, 7.016, 2.875, 7.484], "texture": "#0"},
				"up": {"uv": [9.625, 3.375, 9.516, 3.016], "texture": "#0"},
				"down": {"uv": [3.625, 9.516, 3.516, 9.875], "texture": "#0"}
			}
		},
		{
			"name": "hexadecagon",
			"from": [7.90054, -1, 5.3],
			"to": [8.09946, 0, 6.1],
			"rotation": {"angle": -22.5, "axis": "z", "origin": [8, -0.5, 5.6]},
			"faces": {
				"north": {"uv": [8.016, 7.516, 8.125, 7.984], "texture": "#0"},
				"east": {"uv": [7.016, 2.516, 7.375, 2.984], "texture": "#0"},
				"south": {"uv": [8.016, 8.016, 8.125, 8.484], "texture": "#0"},
				"west": {"uv": [3.016, 7.016, 3.375, 7.484], "texture": "#0"},
				"up": {"uv": [9.625, 3.875, 9.516, 3.516], "texture": "#0"},
				"down": {"uv": [4.125, 9.516, 4.016, 9.875], "texture": "#0"}
			}
		},
		{
			"name": "hexadecagon",
			"from": [7.90054, -1, 5.3],
			"to": [8.09946, 0, 6.1],
			"rotation": {"angle": 0, "axis": "z", "origin": [8, -0.5, 5.6]},
			"faces": {
				"north": {"uv": [0.016, 8.516, 0.125, 8.984], "texture": "#0"},
				"east": {"uv": [7.016, 3.016, 7.375, 3.484], "texture": "#0"},
				"south": {"uv": [0.516, 8.516, 0.625, 8.984], "texture": "#0"},
				"west": {"uv": [3.516, 7.016, 3.875, 7.484], "texture": "#0"},
				"up": {"uv": [9.625, 4.375, 9.516, 4.016], "texture": "#0"},
				"down": {"uv": [4.625, 9.516, 4.516, 9.875], "texture": "#0"}
			}
		},
		{
			"name": "hexadecagon",
			"from": [7.90054, -1, 5.3],
			"to": [8.09946, 0, 6.1],
			"rotation": {"angle": 22.5, "axis": "z", "origin": [8, -0.5, 5.6]},
			"faces": {
				"north": {"uv": [8.516, 2.516, 8.625, 2.984], "texture": "#0"},
				"east": {"uv": [7.016, 3.516, 7.375, 3.984], "texture": "#0"},
				"south": {"uv": [3.016, 8.516, 3.125, 8.984], "texture": "#0"},
				"west": {"uv": [4.016, 7.016, 4.375, 7.484], "texture": "#0"},
				"up": {"uv": [9.625, 4.875, 9.516, 4.516], "texture": "#0"},
				"down": {"uv": [5.125, 9.516, 5.016, 9.875], "texture": "#0"}
			}
		},
		{
			"name": "hexadecagon",
			"from": [7.90054, -1, 5.3],
			"to": [8.09946, 0, 6.1],
			"rotation": {"angle": 45, "axis": "z", "origin": [8, -0.5, 5.6]},
			"faces": {
				"north": {"uv": [8.516, 3.016, 8.625, 3.484], "texture": "#0"},
				"east": {"uv": [4.516, 7.016, 4.875, 7.484], "texture": "#0"},
				"south": {"uv": [3.516, 8.516, 3.625, 8.984], "texture": "#0"},
				"west": {"uv": [5.016, 7.016, 5.375, 7.484], "texture": "#0"},
				"up": {"uv": [9.625, 5.375, 9.516, 5.016], "texture": "#0"},
				"down": {"uv": [5.625, 9.516, 5.516, 9.875], "texture": "#0"}
			}
		},
		{
			"name": "hexadecagon",
			"from": [7.5, -0.59946, 5.3],
			"to": [8.5, -0.40054, 6.1],
			"rotation": {"angle": -22.5, "axis": "z", "origin": [8, -0.5, 5.6]},
			"faces": {
				"north": {"uv": [8.516, 3.516, 8.984, 3.625], "texture": "#0"},
				"east": {"uv": [9.516, 5.516, 9.875, 5.625], "texture": "#0"},
				"south": {"uv": [4.016, 8.516, 4.484, 8.625], "texture": "#0"},
				"west": {"uv": [6.016, 9.516, 6.375, 9.625], "texture": "#0"},
				"up": {"uv": [5.984, 7.375, 5.516, 7.016], "texture": "#0"},
				"down": {"uv": [7.484, 6.016, 7.016, 6.375], "texture": "#0"}
			}
		},
		{
			"name": "hexadecagon",
			"from": [7.5, -0.59946, 5.3],
			"to": [8.5, -0.40054, 6.1],
			"rotation": {"angle": 0, "axis": "z", "origin": [8, -0.5, 5.6]},
			"faces": {
				"north": {"uv": [8.516, 4.016, 8.984, 4.125], "texture": "#0"},
				"east": {"uv": [9.516, 6.016, 9.875, 6.125], "texture": "#0"},
				"south": {"uv": [4.516, 8.516, 4.984, 8.625], "texture": "#0"},
				"west": {"uv": [6.516, 9.516, 6.875, 9.625], "texture": "#0"},
				"up": {"uv": [7.484, 6.875, 7.016, 6.516], "texture": "#0"},
				"down": {"uv": [7.484, 7.016, 7.016, 7.375], "texture": "#0"}
			}
		},
		{
			"name": "hexadecagon",
			"from": [7.5, -0.59946, 5.3],
			"to": [8.5, -0.40054, 6.1],
			"rotation": {"angle": 22.5, "axis": "z", "origin": [8, -0.5, 5.6]},
			"faces": {
				"north": {"uv": [8.516, 4.516, 8.984, 4.625], "texture": "#0"},
				"east": {"uv": [9.516, 6.516, 9.875, 6.625], "texture": "#0"},
				"south": {"uv": [5.016, 8.516, 5.484, 8.625], "texture": "#0"},
				"west": {"uv": [7.016, 9.516, 7.375, 9.625], "texture": "#0"},
				"up": {"uv": [0.484, 7.875, 0.016, 7.516], "texture": "#0"},
				"down": {"uv": [0.984, 7.516, 0.516, 7.875], "texture": "#0"}
			}
		},
		{
			"name": "hexadecagon",
			"from": [7.90651, -0.96, 5.062],
			"to": [8.09349, -0.02, 5.314],
			"rotation": {"angle": -45, "axis": "z", "origin": [8, -0.49, 4.844]},
			"faces": {
				"north": {"uv": [8.516, 5.016, 8.625, 5.484], "texture": "#0"},
				"east": {"uv": [5.516, 8.516, 5.625, 8.984], "texture": "#0"},
				"south": {"uv": [8.516, 5.516, 8.625, 5.984], "texture": "#0"},
				"west": {"uv": [6.016, 8.516, 6.125, 8.984], "texture": "#0"},
				"up": {"uv": [8.625, 10.125, 8.516, 10.016], "texture": "#0"},
				"down": {"uv": [10.125, 8.516, 10.016, 8.625], "texture": "#0"}
			}
		},
		{
			"name": "hexadecagon",
			"from": [7.90651, -0.96, 5.062],
			"to": [8.09349, -0.02, 5.314],
			"rotation": {"angle": -22.5, "axis": "z", "origin": [8, -0.49, 4.844]},
			"faces": {
				"north": {"uv": [8.516, 6.016, 8.625, 6.484], "texture": "#0"},
				"east": {"uv": [6.516, 8.516, 6.625, 8.984], "texture": "#0"},
				"south": {"uv": [8.516, 6.516, 8.625, 6.984], "texture": "#0"},
				"west": {"uv": [7.016, 8.516, 7.125, 8.984], "texture": "#0"},
				"up": {"uv": [9.125, 10.125, 9.016, 10.016], "texture": "#0"},
				"down": {"uv": [10.125, 9.016, 10.016, 9.125], "texture": "#0"}
			}
		},
		{
			"name": "hexadecagon",
			"from": [7.90651, -0.96, 5.062],
			"to": [8.09349, -0.02, 5.314],
			"rotation": {"angle": 0, "axis": "z", "origin": [8, -0.49, 4.844]},
			"faces": {
				"north": {"uv": [8.516, 7.016, 8.625, 7.484], "texture": "#0"},
				"east": {"uv": [7.516, 8.516, 7.625, 8.984], "texture": "#0"},
				"south": {"uv": [8.516, 7.516, 8.625, 7.984], "texture": "#0"},
				"west": {"uv": [8.016, 8.516, 8.125, 8.984], "texture": "#0"},
				"up": {"uv": [9.625, 10.125, 9.516, 10.016], "texture": "#0"},
				"down": {"uv": [10.125, 9.516, 10.016, 9.625], "texture": "#0"}
			}
		},
		{
			"name": "hexadecagon",
			"from": [7.90651, -0.96, 5.062],
			"to": [8.09349, -0.02, 5.314],
			"rotation": {"angle": 22.5, "axis": "z", "origin": [8, -0.49, 4.844]},
			"faces": {
				"north": {"uv": [8.516, 8.016, 8.625, 8.484], "texture": "#0"},
				"east": {"uv": [8.516, 8.516, 8.625, 8.984], "texture": "#0"},
				"south": {"uv": [0.016, 9.016, 0.125, 9.484], "texture": "#0"},
				"west": {"uv": [9.016, 0.016, 9.125, 0.484], "texture": "#0"},
				"up": {"uv": [10.125, 10.125, 10.016, 10.016], "texture": "#0"},
				"down": {"uv": [0.125, 10.516, 0.016, 10.625], "texture": "#0"}
			}
		},
		{
			"name": "hexadecagon",
			"from": [7.90651, -0.96, 5.062],
			"to": [8.09349, -0.02, 5.314],
			"rotation": {"angle": 45, "axis": "z", "origin": [8, -0.49, 4.844]},
			"faces": {
				"north": {"uv": [0.516, 9.016, 0.625, 9.484], "texture": "#0"},
				"east": {"uv": [9.016, 0.516, 9.125, 0.984], "texture": "#0"},
				"south": {"uv": [1.016, 9.016, 1.125, 9.484], "texture": "#0"},
				"west": {"uv": [9.016, 1.016, 9.125, 1.484], "texture": "#0"},
				"up": {"uv": [10.625, 0.125, 10.516, 0.016], "texture": "#0"},
				"down": {"uv": [0.625, 10.516, 0.516, 10.625], "texture": "#0"}
			}
		},
		{
			"name": "hexadecagon",
			"from": [7.53, -0.58349, 5.062],
			"to": [8.47, -0.39651, 5.314],
			"rotation": {"angle": -22.5, "axis": "z", "origin": [8, -0.49, 4.844]},
			"faces": {
				"north": {"uv": [1.516, 9.016, 1.984, 9.125], "texture": "#0"},
				"east": {"uv": [10.516, 0.516, 10.625, 0.625], "texture": "#0"},
				"south": {"uv": [9.016, 1.516, 9.484, 1.625], "texture": "#0"},
				"west": {"uv": [1.016, 10.516, 1.125, 10.625], "texture": "#0"},
				"up": {"uv": [2.484, 9.125, 2.016, 9.016], "texture": "#0"},
				"down": {"uv": [9.484, 2.016, 9.016, 2.125], "texture": "#0"}
			}
		},
		{
			"name": "hexadecagon",
			"from": [7.53, -0.58349, 5.062],
			"to": [8.47, -0.39651, 5.314],
			"rotation": {"angle": 0, "axis": "z", "origin": [8, -0.49, 4.844]},
			"faces": {
				"north": {"uv": [2.516, 9.016, 2.984, 9.125], "texture": "#0"},
				"east": {"uv": [10.516, 1.016, 10.625, 1.125], "texture": "#0"},
				"south": {"uv": [9.016, 2.516, 9.484, 2.625], "texture": "#0"},
				"west": {"uv": [1.516, 10.516, 1.625, 10.625], "texture": "#0"},
				"up": {"uv": [3.484, 9.125, 3.016, 9.016], "texture": "#0"},
				"down": {"uv": [9.484, 3.016, 9.016, 3.125], "texture": "#0"}
			}
		},
		{
			"name": "hexadecagon",
			"from": [7.53, -0.58349, 5.062],
			"to": [8.47, -0.39651, 5.314],
			"rotation": {"angle": 22.5, "axis": "z", "origin": [8, -0.49, 4.844]},
			"faces": {
				"north": {"uv": [3.516, 9.016, 3.984, 9.125], "texture": "#0"},
				"east": {"uv": [10.516, 1.516, 10.625, 1.625], "texture": "#0"},
				"south": {"uv": [9.016, 3.516, 9.484, 3.625], "texture": "#0"},
				"west": {"uv": [2.016, 10.516, 2.125, 10.625], "texture": "#0"},
				"up": {"uv": [4.484, 9.125, 4.016, 9.016], "texture": "#0"},
				"down": {"uv": [9.484, 4.016, 9.016, 4.125], "texture": "#0"}
			}
		},
		{
			"name": "hexadecagon",
			"from": [7.91212, -0.9224, 4.85628],
			"to": [8.08788, -0.0388, 5.09316],
			"rotation": {"angle": -45, "axis": "z", "origin": [8, -0.4806, 4.65136]},
			"faces": {
				"north": {"uv": [4.516, 9.016, 4.625, 9.484], "texture": "#0"},
				"east": {"uv": [9.016, 4.516, 9.125, 4.984], "texture": "#0"},
				"south": {"uv": [5.016, 9.016, 5.125, 9.484], "texture": "#0"},
				"west": {"uv": [9.016, 5.016, 9.125, 5.484], "texture": "#0"},
				"up": {"uv": [10.625, 2.125, 10.516, 2.016], "texture": "#0"},
				"down": {"uv": [2.625, 10.516, 2.516, 10.625], "texture": "#0"}
			}
		},
		{
			"name": "hexadecagon",
			"from": [7.91212, -0.9224, 4.85628],
			"to": [8.08788, -0.0388, 5.09316],
			"rotation": {"angle": -22.5, "axis": "z", "origin": [8, -0.4806, 4.65136]},
			"faces": {
				"north": {"uv": [5.516, 9.016, 5.625, 9.484], "texture": "#0"},
				"east": {"uv": [9.016, 5.516, 9.125, 5.984], "texture": "#0"},
				"south": {"uv": [6.016, 9.016, 6.125, 9.484], "texture": "#0"},
				"west": {"uv": [9.016, 6.016, 9.125, 6.484], "texture": "#0"},
				"up": {"uv": [10.625, 2.625, 10.516, 2.516], "texture": "#0"},
				"down": {"uv": [3.125, 10.516, 3.016, 10.625], "texture": "#0"}
			}
		},
		{
			"name": "hexadecagon",
			"from": [7.91212, -0.9224, 4.85628],
			"to": [8.08788, -0.0388, 5.09316],
			"rotation": {"angle": 0, "axis": "z", "origin": [8, -0.4806, 4.65136]},
			"faces": {
				"north": {"uv": [6.516, 9.016, 6.625, 9.484], "texture": "#0"},
				"east": {"uv": [9.016, 6.516, 9.125, 6.984], "texture": "#0"},
				"south": {"uv": [7.016, 9.016, 7.125, 9.484], "texture": "#0"},
				"west": {"uv": [9.016, 7.016, 9.125, 7.484], "texture": "#0"},
				"up": {"uv": [10.625, 3.125, 10.516, 3.016], "texture": "#0"},
				"down": {"uv": [3.625, 10.516, 3.516, 10.625], "texture": "#0"}
			}
		},
		{
			"name": "hexadecagon",
			"from": [7.91212, -0.9224, 4.85628],
			"to": [8.08788, -0.0388, 5.09316],
			"rotation": {"angle": 22.5, "axis": "z", "origin": [8, -0.4806, 4.65136]},
			"faces": {
				"north": {"uv": [7.516, 9.016, 7.625, 9.484], "texture": "#0"},
				"east": {"uv": [9.016, 7.516, 9.125, 7.984], "texture": "#0"},
				"south": {"uv": [8.016, 9.016, 8.125, 9.484], "texture": "#0"},
				"west": {"uv": [9.016, 8.016, 9.125, 8.484], "texture": "#0"},
				"up": {"uv": [10.625, 3.625, 10.516, 3.516], "texture": "#0"},
				"down": {"uv": [4.125, 10.516, 4.016, 10.625], "texture": "#0"}
			}
		},
		{
			"name": "hexadecagon",
			"from": [7.91212, -0.9224, 4.85628],
			"to": [8.08788, -0.0388, 5.09316],
			"rotation": {"angle": 45, "axis": "z", "origin": [8, -0.4806, 4.65136]},
			"faces": {
				"north": {"uv": [8.516, 9.016, 8.625, 9.484], "texture": "#0"},
				"east": {"uv": [9.016, 8.516, 9.125, 8.984], "texture": "#0"},
				"south": {"uv": [9.016, 9.016, 9.125, 9.484], "texture": "#0"},
				"west": {"uv": [0.016, 9.516, 0.125, 9.984], "texture": "#0"},
				"up": {"uv": [10.625, 4.125, 10.516, 4.016], "texture": "#0"},
				"down": {"uv": [4.625, 10.516, 4.516, 10.625], "texture": "#0"}
			}
		},
		{
			"name": "hexadecagon",
			"from": [7.5582, -0.56848, 4.85628],
			"to": [8.4418, -0.39272, 5.09316],
			"rotation": {"angle": -22.5, "axis": "z", "origin": [8, -0.4806, 4.65136]},
			"faces": {
				"north": {"uv": [9.516, 0.016, 9.984, 0.125], "texture": "#0"},
				"east": {"uv": [10.516, 4.516, 10.625, 4.625], "texture": "#0"},
				"south": {"uv": [0.516, 9.516, 0.984, 9.625], "texture": "#0"},
				"west": {"uv": [5.016, 10.516, 5.125, 10.625], "texture": "#0"},
				"up": {"uv": [9.984, 0.625, 9.516, 0.516], "texture": "#0"},
				"down": {"uv": [1.484, 9.516, 1.016, 9.625], "texture": "#0"}
			}
		},
		{
			"name": "hexadecagon",
			"from": [7.5582, -0.56848, 4.85628],
			"to": [8.4418, -0.39272, 5.09316],
			"rotation": {"angle": 0, "axis": "z", "origin": [8, -0.4806, 4.65136]},
			"faces": {
				"north": {"uv": [9.516, 1.016, 9.984, 1.125], "texture": "#0"},
				"east": {"uv": [10.516, 5.016, 10.625, 5.125], "texture": "#0"},
				"south": {"uv": [1.516, 9.516, 1.984, 9.625], "texture": "#0"},
				"west": {"uv": [5.516, 10.516, 5.625, 10.625], "texture": "#0"},
				"up": {"uv": [9.984, 1.625, 9.516, 1.516], "texture": "#0"},
				"down": {"uv": [2.484, 9.516, 2.016, 9.625], "texture": "#0"}
			}
		},
		{
			"name": "hexadecagon",
			"from": [7.5582, -0.56848, 4.85628],
			"to": [8.4418, -0.39272, 5.09316],
			"rotation": {"angle": 22.5, "axis": "z", "origin": [8, -0.4806, 4.65136]},
			"faces": {
				"north": {"uv": [9.516, 2.016, 9.984, 2.125], "texture": "#0"},
				"east": {"uv": [10.516, 5.516, 10.625, 5.625], "texture": "#0"},
				"south": {"uv": [2.516, 9.516, 2.984, 9.625], "texture": "#0"},
				"west": {"uv": [6.016, 10.516, 6.125, 10.625], "texture": "#0"},
				"up": {"uv": [9.984, 2.625, 9.516, 2.516], "texture": "#0"},
				"down": {"uv": [3.484, 9.516, 3.016, 9.625], "texture": "#0"}
			}
		},
		{
			"name": "hexadecagon",
			"from": [7.93673, -0.82413, 4.73652],
			"to": [8.06327, -0.18794, 4.90708],
			"rotation": {"angle": -45, "axis": "z", "origin": [8, -0.50603, 4.58898]},
			"faces": {
				"north": {"uv": [9.516, 7.016, 9.625, 7.375], "texture": "#0"},
				"east": {"uv": [7.516, 9.516, 7.625, 9.875], "texture": "#0"},
				"south": {"uv": [9.516, 7.516, 9.625, 7.875], "texture": "#0"},
				"west": {"uv": [8.016, 9.516, 8.125, 9.875], "texture": "#0"},
				"up": {"uv": [10.625, 6.125, 10.516, 6.016], "texture": "#0"},
				"down": {"uv": [6.625, 10.516, 6.516, 10.625], "texture": "#0"}
			}
		},
		{
			"name": "hexadecagon",
			"from": [7.93673, -0.82413, 4.73652],
			"to": [8.06327, -0.18794, 4.90708],
			"rotation": {"angle": -22.5, "axis": "z", "origin": [8, -0.50603, 4.58898]},
			"faces": {
				"north": {"uv": [9.516, 8.016, 9.625, 8.375], "texture": "#0"},
				"east": {"uv": [8.516, 9.516, 8.625, 9.875], "texture": "#0"},
				"south": {"uv": [9.516, 8.516, 9.625, 8.875], "texture": "#0"},
				"west": {"uv": [9.016, 9.516, 9.125, 9.875], "texture": "#0"},
				"up": {"uv": [10.625, 6.625, 10.516, 6.516], "texture": "#0"},
				"down": {"uv": [7.125, 10.516, 7.016, 10.625], "texture": "#0"}
			}
		},
		{
			"name": "hexadecagon",
			"from": [7.93673, -0.82413, 4.73652],
			"to": [8.06327, -0.18794, 4.90708],
			"rotation": {"angle": 0, "axis": "z", "origin": [8, -0.50603, 4.58898]},
			"faces": {
				"north": {"uv": [9.516, 9.016, 9.625, 9.375], "texture": "#0"},
				"east": {"uv": [9.516, 9.516, 9.625, 9.875], "texture": "#0"},
				"south": {"uv": [0.016, 10.016, 0.125, 10.375], "texture": "#0"},
				"west": {"uv": [10.016, 0.016, 10.125, 0.375], "texture": "#0"},
				"up": {"uv": [10.625, 7.125, 10.516, 7.016], "texture": "#0"},
				"down": {"uv": [7.625, 10.516, 7.516, 10.625], "texture": "#0"}
			}
		},
		{
			"name": "hexadecagon",
			"from": [7.93673, -0.82413, 4.73652],
			"to": [8.06327, -0.18794, 4.90708],
			"rotation": {"angle": 22.5, "axis": "z", "origin": [8, -0.50603, 4.58898]},
			"faces": {
				"north": {"uv": [0.516, 10.016, 0.625, 10.375], "texture": "#0"},
				"east": {"uv": [10.016, 0.516, 10.125, 0.875], "texture": "#0"},
				"south": {"uv": [1.016, 10.016, 1.125, 10.375], "texture": "#0"},
				"west": {"uv": [10.016, 1.016, 10.125, 1.375], "texture": "#0"},
				"up": {"uv": [10.625, 7.625, 10.516, 7.516], "texture": "#0"},
				"down": {"uv": [8.125, 10.516, 8.016, 10.625], "texture": "#0"}
			}
		},
		{
			"name": "hexadecagon",
			"from": [7.93673, -0.82413, 4.73652],
			"to": [8.06327, -0.18794, 4.90708],
			"rotation": {"angle": 45, "axis": "z", "origin": [8, -0.50603, 4.58898]},
			"faces": {
				"north": {"uv": [1.516, 10.016, 1.625, 10.375], "texture": "#0"},
				"east": {"uv": [10.016, 1.516, 10.125, 1.875], "texture": "#0"},
				"south": {"uv": [2.016, 10.016, 2.125, 10.375], "texture": "#0"},
				"west": {"uv": [10.016, 2.016, 10.125, 2.375], "texture": "#0"},
				"up": {"uv": [10.625, 8.125, 10.516, 8.016], "texture": "#0"},
				"down": {"uv": [8.625, 10.516, 8.516, 10.625], "texture": "#0"}
			}
		},
		{
			"name": "hexadecagon",
			"from": [7.6819, -0.56931, 4.73652],
			"to": [8.3181, -0.44276, 4.90708],
			"rotation": {"angle": -22.5, "axis": "z", "origin": [8, -0.50603, 4.58898]},
			"faces": {
				"north": {"uv": [2.516, 10.016, 2.875, 10.125], "texture": "#0"},
				"east": {"uv": [10.516, 8.516, 10.625, 8.625], "texture": "#0"},
				"south": {"uv": [10.016, 2.516, 10.375, 2.625], "texture": "#0"},
				"west": {"uv": [9.016, 10.516, 9.125, 10.625], "texture": "#0"},
				"up": {"uv": [3.375, 10.125, 3.016, 10.016], "texture": "#0"},
				"down": {"uv": [10.375, 3.016, 10.016, 3.125], "texture": "#0"}
			}
		},
		{
			"name": "hexadecagon",
			"from": [7.6819, -0.56931, 4.73652],
			"to": [8.3181, -0.44276, 4.90708],
			"rotation": {"angle": 0, "axis": "z", "origin": [8, -0.50603, 4.58898]},
			"faces": {
				"north": {"uv": [3.516, 10.016, 3.875, 10.125], "texture": "#0"},
				"east": {"uv": [10.516, 9.016, 10.625, 9.125], "texture": "#0"},
				"south": {"uv": [10.016, 3.516, 10.375, 3.625], "texture": "#0"},
				"west": {"uv": [9.516, 10.516, 9.625, 10.625], "texture": "#0"},
				"up": {"uv": [4.375, 10.125, 4.016, 10.016], "texture": "#0"},
				"down": {"uv": [10.375, 4.016, 10.016, 4.125], "texture": "#0"}
			}
		},
		{
			"name": "hexadecagon",
			"from": [7.6819, -0.56931, 4.73652],
			"to": [8.3181, -0.44276, 4.90708],
			"rotation": {"angle": 22.5, "axis": "z", "origin": [8, -0.50603, 4.58898]},
			"faces": {
				"north": {"uv": [4.516, 10.016, 4.875, 10.125], "texture": "#0"},
				"east": {"uv": [10.516, 9.516, 10.625, 9.625], "texture": "#0"},
				"south": {"uv": [10.016, 4.516, 10.375, 4.625], "texture": "#0"},
				"west": {"uv": [10.016, 10.516, 10.125, 10.625], "texture": "#0"},
				"up": {"uv": [5.375, 10.125, 5.016, 10.016], "texture": "#0"},
				"down": {"uv": [10.375, 5.016, 10.016, 5.125], "texture": "#0"}
			}
		}
	],
	"display": {
		"thirdperson_righthand": {
			"rotation": [44, 0, 0],
			"translation": [0, 5.5, 6.25],
			"scale": [0.6, 0.6, 0.6]
		},
		"thirdperson_lefthand": {
			"rotation": [44, 0, 0],
			"translation": [0, 5.5, 6.25],
			"scale": [0.6, 0.6, 0.6]
		},
		"firstperson_righthand": {
			"rotation": [0, 34, 0],
			"translation": [2.75, 8.75, 0.5],
			"scale": [0.6, 0.6, 0.6]
		},
		"firstperson_lefthand": {
			"rotation": [0, 34, 0],
			"translation": [2.75, 8.75, 0.5],
			"scale": [0.6, 0.6, 0.6]
		},
		"ground": {
			"rotation": [0, 0, 90],
			"translation": [-11.75, -2.5, 1.5]
		},
		"gui": {
			"rotation": [25, 102, 0],
			"translation": [1.75, 14, 0],
			"scale": [1, 1.3, 1]
		}
	},
	"groups": [
		0,
		1,
		2,
		3,
		4,
		5,
		6,
		7,
		8,
		9,
		10,
		11,
		12,
		{
			"name": "hexadecagon",
			"origin": [8, 8, 8],
			"color": 0,
			"children": [13, 14, 15, 16, 17, 18, 19, 20]
		},
		{
			"name": "hexadecagon",
			"origin": [8, 8, 8],
			"color": 0,
			"children": [21, 22, 23, 24, 25, 26, 27, 28]
		},
		{
			"name": "hexadecagon",
			"origin": [8, 8, 8],
			"color": 0,
			"children": [29, 30, 31, 32, 33, 34, 35, 36]
		},
		{
			"name": "hexadecagon",
			"origin": [8, 8, 8],
			"color": 0,
			"children": [37, 38, 39, 40, 41, 42, 43, 44]
		}
	]
}