{
	"credit": "Made with Blockbench",
	"texture_size": [32, 32],
	"textures": {
		"0": "item/ammo/9mm",
		"particle": "item/ammo/9mm"
	},
	"elements": [
		{
			"from": [7.5, -9.6, 4.3],
			"to": [8.5, -2.5, 5.8],
			"faces": {
				"north": {"uv": [2, 0, 2.5, 3.5], "texture": "#0"},
				"east": {"uv": [0, 0, 0.75, 3.5], "texture": "#0"},
				"south": {"uv": [2.5, 0, 3, 3.5], "texture": "#0"},
				"west": {"uv": [1, 0, 1.75, 3.5], "texture": "#0"},
				"up": {"uv": [6, 0.75, 5.5, 0], "texture": "#0"},
				"down": {"uv": [6, 1, 5.5, 1.75], "texture": "#0"}
			}
		},
		{
			"from": [7.4, -9.6, 5.5],
			"to": [7.5, -2.5, 5.7],
			"faces": {
				"north": {"uv": [3, 0, 3.125, 3.5], "texture": "#0"},
				"east": {"uv": [0, 3.5, 0.125, 7], "texture": "#0"},
				"south": {"uv": [3.5, 0, 3.625, 3.5], "texture": "#0"},
				"west": {"uv": [0.5, 3.5, 0.625, 7], "texture": "#0"},
				"up": {"uv": [8.625, 6.625, 8.5, 6.5], "texture": "#0"},
				"down": {"uv": [7.125, 8.5, 7, 8.625], "texture": "#0"}
			}
		},
		{
			"from": [7.4, -9.6, 4.8],
			"to": [7.5, -2.5, 5],
			"faces": {
				"north": {"uv": [1, 3.5, 1.125, 7], "texture": "#0"},
				"east": {"uv": [1.5, 3.5, 1.625, 7], "texture": "#0"},
				"south": {"uv": [2, 3.5, 2.125, 7], "texture": "#0"},
				"west": {"uv": [2.5, 3.5, 2.625, 7], "texture": "#0"},
				"up": {"uv": [8.625, 7.125, 8.5, 7], "texture": "#0"},
				"down": {"uv": [7.625, 8.5, 7.5, 8.625], "texture": "#0"}
			}
		},
		{
			"from": [8.5, -9.6, 4.8],
			"to": [8.6, -2.5, 5],
			"rotation": {"angle": 0, "axis": "y", "origin": [16, 0, 0]},
			"faces": {
				"north": {"uv": [3, 3.5, 3.125, 7], "texture": "#0"},
				"east": {"uv": [3.5, 3.5, 3.625, 7], "texture": "#0"},
				"south": {"uv": [4, 0, 4.125, 3.5], "texture": "#0"},
				"west": {"uv": [4, 3.5, 4.125, 7], "texture": "#0"},
				"up": {"uv": [8.625, 7.625, 8.5, 7.5], "texture": "#0"},
				"down": {"uv": [8.125, 8.5, 8, 8.625], "texture": "#0"}
			}
		},
		{
			"from": [8.5, -9.6, 5.5],
			"to": [8.6, -2.5, 5.7],
			"rotation": {"angle": 0, "axis": "y", "origin": [16, 0, 0]},
			"faces": {
				"north": {"uv": [4.5, 0, 4.625, 3.5], "texture": "#0"},
				"east": {"uv": [4.5, 3.5, 4.625, 7], "texture": "#0"},
				"south": {"uv": [5, 0, 5.125, 3.5], "texture": "#0"},
				"west": {"uv": [5, 3.5, 5.125, 7], "texture": "#0"},
				"up": {"uv": [8.625, 8.125, 8.5, 8], "texture": "#0"},
				"down": {"uv": [8.625, 8.5, 8.5, 8.625], "texture": "#0"}
			}
		},
		{
			"from": [7.5, -2.5, 5.3],
			"to": [8.5, -1.8, 5.8],
			"faces": {
				"north": {"uv": [5.5, 2, 6, 2.375], "texture": "#0"},
				"east": {"uv": [5.5, 4, 5.75, 4.375], "texture": "#0"},
				"south": {"uv": [5.5, 2.5, 6, 2.875], "texture": "#0"},
				"west": {"uv": [5.5, 4.5, 5.75, 4.875], "texture": "#0"},
				"up": {"uv": [6, 3.25, 5.5, 3], "texture": "#0"},
				"down": {"uv": [6, 3.5, 5.5, 3.75], "texture": "#0"}
			}
		},
		{
			"from": [7.5, -0.70879, 6.39227],
			"to": [7.6, 0.09121, 6.69227],
			"rotation": {"angle": 22.5, "axis": "x", "origin": [0, 1.89121, 1.09227]},
			"faces": {
				"north": {"uv": [6.5, 0, 6.625, 0.375], "texture": "#0"},
				"east": {"uv": [6.5, 0.5, 6.625, 0.875], "texture": "#0"},
				"south": {"uv": [6.5, 1, 6.625, 1.375], "texture": "#0"},
				"west": {"uv": [6.5, 1.5, 6.625, 1.875], "texture": "#0"},
				"up": {"uv": [0.125, 9.125, 0, 9], "texture": "#0"},
				"down": {"uv": [9.125, 0, 9, 0.125], "texture": "#0"}
			}
		},
		{
			"from": [8.4, -0.70879, 6.39227],
			"to": [8.5, 0.09121, 6.69227],
			"rotation": {"angle": 22.5, "axis": "x", "origin": [16, 1.89121, 1.09227]},
			"faces": {
				"north": {"uv": [6.5, 2, 6.625, 2.375], "texture": "#0"},
				"east": {"uv": [6.5, 2.5, 6.625, 2.875], "texture": "#0"},
				"south": {"uv": [6.5, 3, 6.625, 3.375], "texture": "#0"},
				"west": {"uv": [6.5, 3.5, 6.625, 3.875], "texture": "#0"},
				"up": {"uv": [0.625, 9.125, 0.5, 9], "texture": "#0"},
				"down": {"uv": [9.125, 0.5, 9, 0.625], "texture": "#0"}
			}
		},
		{
			"name": "hexadecagon",
			"from": [7.92044, -2.7, 4.8],
			"to": [8.07956, -1.9, 5.3],
			"rotation": {"angle": -45, "axis": "z", "origin": [8, -2.3, 4.8]},
			"faces": {
				"north": {"uv": [6.5, 4, 6.625, 4.375], "texture": "#0"},
				"east": {"uv": [5.5, 5, 5.75, 5.375], "texture": "#0"},
				"south": {"uv": [6.5, 4.5, 6.625, 4.875], "texture": "#0"},
				"west": {"uv": [5.5, 5.5, 5.75, 5.875], "texture": "#0"},
				"up": {"uv": [7.625, 2.75, 7.5, 2.5], "texture": "#0"},
				"down": {"uv": [3.125, 7.5, 3, 7.75], "texture": "#0"}
			}
		},
		{
			"name": "hexadecagon",
			"from": [7.92044, -2.7, 4.8],
			"to": [8.07956, -1.9, 5.3],
			"rotation": {"angle": -22.5, "axis": "z", "origin": [8, -2.3, 4.8]},
			"faces": {
				"north": {"uv": [6.5, 5, 6.625, 5.375], "texture": "#0"},
				"east": {"uv": [6, 0, 6.25, 0.375], "texture": "#0"},
				"south": {"uv": [5.5, 6.5, 5.625, 6.875], "texture": "#0"},
				"west": {"uv": [6, 0.5, 6.25, 0.875], "texture": "#0"},
				"up": {"uv": [7.625, 3.25, 7.5, 3], "texture": "#0"},
				"down": {"uv": [3.625, 7.5, 3.5, 7.75], "texture": "#0"}
			}
		},
		{
			"name": "hexadecagon",
			"from": [7.92044, -2.7, 4.8],
			"to": [8.07956, -1.9, 5.3],
			"rotation": {"angle": 0, "axis": "z", "origin": [8, -2.3, 4.8]},
			"faces": {
				"north": {"uv": [6.5, 5.5, 6.625, 5.875], "texture": "#0"},
				"east": {"uv": [6, 1, 6.25, 1.375], "texture": "#0"},
				"south": {"uv": [6, 6.5, 6.125, 6.875], "texture": "#0"},
				"west": {"uv": [6, 1.5, 6.25, 1.875], "texture": "#0"},
				"up": {"uv": [7.625, 3.75, 7.5, 3.5], "texture": "#0"},
				"down": {"uv": [4.125, 7.5, 4, 7.75], "texture": "#0"}
			}
		},
		{
			"name": "hexadecagon",
			"from": [7.92044, -2.7, 4.8],
			"to": [8.07956, -1.9, 5.3],
			"rotation": {"angle": 22.5, "axis": "z", "origin": [8, -2.3, 4.8]},
			"faces": {
				"north": {"uv": [6.5, 6, 6.625, 6.375], "texture": "#0"},
				"east": {"uv": [6, 2, 6.25, 2.375], "texture": "#0"},
				"south": {"uv": [6.5, 6.5, 6.625, 6.875], "texture": "#0"},
				"west": {"uv": [6, 2.5, 6.25, 2.875], "texture": "#0"},
				"up": {"uv": [7.625, 4.25, 7.5, 4], "texture": "#0"},
				"down": {"uv": [4.625, 7.5, 4.5, 7.75], "texture": "#0"}
			}
		},
		{
			"name": "hexadecagon",
			"from": [7.92044, -2.7, 4.8],
			"to": [8.07956, -1.9, 5.3],
			"rotation": {"angle": 45, "axis": "z", "origin": [8, -2.3, 4.8]},
			"faces": {
				"north": {"uv": [0, 7, 0.125, 7.375], "texture": "#0"},
				"east": {"uv": [6, 3, 6.25, 3.375], "texture": "#0"},
				"south": {"uv": [7, 0, 7.125, 0.375], "texture": "#0"},
				"west": {"uv": [6, 3.5, 6.25, 3.875], "texture": "#0"},
				"up": {"uv": [7.625, 4.75, 7.5, 4.5], "texture": "#0"},
				"down": {"uv": [5.125, 7.5, 5, 7.75], "texture": "#0"}
			}
		},
		{
			"name": "hexadecagon",
			"from": [7.6, -2.37956, 4.8],
			"to": [8.4, -2.22044, 5.3],
			"rotation": {"angle": -22.5, "axis": "z", "origin": [8, -2.3, 4.8]},
			"faces": {
				"north": {"uv": [0.5, 7, 0.875, 7.125], "texture": "#0"},
				"east": {"uv": [7.5, 5, 7.75, 5.125], "texture": "#0"},
				"south": {"uv": [7, 0.5, 7.375, 0.625], "texture": "#0"},
				"west": {"uv": [5.5, 7.5, 5.75, 7.625], "texture": "#0"},
				"up": {"uv": [6.375, 4.25, 6, 4], "texture": "#0"},
				"down": {"uv": [6.375, 4.5, 6, 4.75], "texture": "#0"}
			}
		},
		{
			"name": "hexadecagon",
			"from": [7.6, -2.37956, 4.8],
			"to": [8.4, -2.22044, 5.3],
			"rotation": {"angle": 0, "axis": "z", "origin": [8, -2.3, 4.8]},
			"faces": {
				"north": {"uv": [1, 7, 1.375, 7.125], "texture": "#0"},
				"east": {"uv": [7.5, 5.5, 7.75, 5.625], "texture": "#0"},
				"south": {"uv": [7, 1, 7.375, 1.125], "texture": "#0"},
				"west": {"uv": [6, 7.5, 6.25, 7.625], "texture": "#0"},
				"up": {"uv": [6.375, 5.25, 6, 5], "texture": "#0"},
				"down": {"uv": [5.875, 6, 5.5, 6.25], "texture": "#0"}
			}
		},
		{
			"name": "hexadecagon",
			"from": [7.6, -2.37956, 4.8],
			"to": [8.4, -2.22044, 5.3],
			"rotation": {"angle": 22.5, "axis": "z", "origin": [8, -2.3, 4.8]},
			"faces": {
				"north": {"uv": [1.5, 7, 1.875, 7.125], "texture": "#0"},
				"east": {"uv": [7.5, 6, 7.75, 6.125], "texture": "#0"},
				"south": {"uv": [7, 1.5, 7.375, 1.625], "texture": "#0"},
				"west": {"uv": [6.5, 7.5, 6.75, 7.625], "texture": "#0"},
				"up": {"uv": [6.375, 5.75, 6, 5.5], "texture": "#0"},
				"down": {"uv": [6.375, 6, 6, 6.25], "texture": "#0"}
			}
		},
		{
			"name": "hexadecagon",
			"from": [7.94033, -2.6, 4.4],
			"to": [8.05967, -2, 4.6],
			"rotation": {"angle": -45, "axis": "z", "origin": [8, -2.3, 4.5]},
			"faces": {
				"north": {"uv": [7.5, 6.5, 7.625, 6.75], "texture": "#0"},
				"east": {"uv": [7, 7.5, 7.125, 7.75], "texture": "#0"},
				"south": {"uv": [7.5, 7, 7.625, 7.25], "texture": "#0"},
				"west": {"uv": [7.5, 7.5, 7.625, 7.75], "texture": "#0"},
				"up": {"uv": [1.125, 9.125, 1, 9], "texture": "#0"},
				"down": {"uv": [9.125, 1, 9, 1.125], "texture": "#0"}
			}
		},
		{
			"name": "hexadecagon",
			"from": [7.94033, -2.6, 4.4],
			"to": [8.05967, -2, 4.6],
			"rotation": {"angle": -22.5, "axis": "z", "origin": [8, -2.3, 4.5]},
			"faces": {
				"north": {"uv": [0, 8, 0.125, 8.25], "texture": "#0"},
				"east": {"uv": [8, 0, 8.125, 0.25], "texture": "#0"},
				"south": {"uv": [0.5, 8, 0.625, 8.25], "texture": "#0"},
				"west": {"uv": [8, 0.5, 8.125, 0.75], "texture": "#0"},
				"up": {"uv": [1.625, 9.125, 1.5, 9], "texture": "#0"},
				"down": {"uv": [9.125, 1.5, 9, 1.625], "texture": "#0"}
			}
		},
		{
			"name": "hexadecagon",
			"from": [7.94033, -2.6, 4.4],
			"to": [8.05967, -2, 4.6],
			"rotation": {"angle": 0, "axis": "z", "origin": [8, -2.3, 4.5]},
			"faces": {
				"north": {"uv": [1, 8, 1.125, 8.25], "texture": "#0"},
				"east": {"uv": [8, 1, 8.125, 1.25], "texture": "#0"},
				"south": {"uv": [1.5, 8, 1.625, 8.25], "texture": "#0"},
				"west": {"uv": [8, 1.5, 8.125, 1.75], "texture": "#0"},
				"up": {"uv": [2.125, 9.125, 2, 9], "texture": "#0"},
				"down": {"uv": [9.125, 2, 9, 2.125], "texture": "#0"}
			}
		},
		{
			"name": "hexadecagon",
			"from": [7.94033, -2.6, 4.4],
			"to": [8.05967, -2, 4.6],
			"rotation": {"angle": 22.5, "axis": "z", "origin": [8, -2.3, 4.5]},
			"faces": {
				"north": {"uv": [2, 8, 2.125, 8.25], "texture": "#0"},
				"east": {"uv": [8, 2, 8.125, 2.25], "texture": "#0"},
				"south": {"uv": [2.5, 8, 2.625, 8.25], "texture": "#0"},
				"west": {"uv": [8, 2.5, 8.125, 2.75], "texture": "#0"},
				"up": {"uv": [2.625, 9.125, 2.5, 9], "texture": "#0"},
				"down": {"uv": [9.125, 2.5, 9, 2.625], "texture": "#0"}
			}
		},
		{
			"name": "hexadecagon",
			"from": [7.94033, -2.6, 4.4],
			"to": [8.05967, -2, 4.6],
			"rotation": {"angle": 45, "axis": "z", "origin": [8, -2.3, 4.5]},
			"faces": {
				"north": {"uv": [3, 8, 3.125, 8.25], "texture": "#0"},
				"east": {"uv": [8, 3, 8.125, 3.25], "texture": "#0"},
				"south": {"uv": [3.5, 8, 3.625, 8.25], "texture": "#0"},
				"west": {"uv": [8, 3.5, 8.125, 3.75], "texture": "#0"},
				"up": {"uv": [3.125, 9.125, 3, 9], "texture": "#0"},
				"down": {"uv": [9.125, 3, 9, 3.125], "texture": "#0"}
			}
		},
		{
			"name": "hexadecagon",
			"from": [7.7, -2.35967, 4.4],
			"to": [8.3, -2.24033, 4.6],
			"rotation": {"angle": -22.5, "axis": "z", "origin": [8, -2.3, 4.5]},
			"faces": {
				"north": {"uv": [4, 8, 4.25, 8.125], "texture": "#0"},
				"east": {"uv": [3.5, 9, 3.625, 9.125], "texture": "#0"},
				"south": {"uv": [8, 4, 8.25, 4.125], "texture": "#0"},
				"west": {"uv": [9, 3.5, 9.125, 3.625], "texture": "#0"},
				"up": {"uv": [4.75, 8.125, 4.5, 8], "texture": "#0"},
				"down": {"uv": [8.25, 4.5, 8, 4.625], "texture": "#0"}
			}
		},
		{
			"name": "hexadecagon",
			"from": [7.7, -2.35967, 4.4],
			"to": [8.3, -2.24033, 4.6],
			"rotation": {"angle": 0, "axis": "z", "origin": [8, -2.3, 4.5]},
			"faces": {
				"north": {"uv": [5, 8, 5.25, 8.125], "texture": "#0"},
				"east": {"uv": [4, 9, 4.125, 9.125], "texture": "#0"},
				"south": {"uv": [8, 5, 8.25, 5.125], "texture": "#0"},
				"west": {"uv": [9, 4, 9.125, 4.125], "texture": "#0"},
				"up": {"uv": [5.75, 8.125, 5.5, 8], "texture": "#0"},
				"down": {"uv": [8.25, 5.5, 8, 5.625], "texture": "#0"}
			}
		},
		{
			"name": "hexadecagon",
			"from": [7.7, -2.35967, 4.4],
			"to": [8.3, -2.24033, 4.6],
			"rotation": {"angle": 22.5, "axis": "z", "origin": [8, -2.3, 4.5]},
			"faces": {
				"north": {"uv": [6, 8, 6.25, 8.125], "texture": "#0"},
				"east": {"uv": [4.5, 9, 4.625, 9.125], "texture": "#0"},
				"south": {"uv": [8, 6, 8.25, 6.125], "texture": "#0"},
				"west": {"uv": [9, 4.5, 9.125, 4.625], "texture": "#0"},
				"up": {"uv": [6.75, 8.125, 6.5, 8], "texture": "#0"},
				"down": {"uv": [8.25, 6.5, 8, 6.625], "texture": "#0"}
			}
		},
		{
			"name": "hexadecagon",
			"from": [7.95027, -2.55, 4.35],
			"to": [8.04973, -2.05, 4.45],
			"rotation": {"angle": -45, "axis": "z", "origin": [8, -2.3, 4.4]},
			"faces": {
				"north": {"uv": [7, 8, 7.125, 8.25], "texture": "#0"},
				"east": {"uv": [8, 7, 8.125, 7.25], "texture": "#0"},
				"south": {"uv": [7.5, 8, 7.625, 8.25], "texture": "#0"},
				"west": {"uv": [8, 7.5, 8.125, 7.75], "texture": "#0"},
				"up": {"uv": [5.125, 9.125, 5, 9], "texture": "#0"},
				"down": {"uv": [9.125, 5, 9, 5.125], "texture": "#0"}
			}
		},
		{
			"name": "hexadecagon",
			"from": [7.95027, -2.55, 4.35],
			"to": [8.04973, -2.05, 4.45],
			"rotation": {"angle": -22.5, "axis": "z", "origin": [8, -2.3, 4.4]},
			"faces": {
				"north": {"uv": [8, 8, 8.125, 8.25], "texture": "#0"},
				"east": {"uv": [0, 8.5, 0.125, 8.75], "texture": "#0"},
				"south": {"uv": [8.5, 0, 8.625, 0.25], "texture": "#0"},
				"west": {"uv": [0.5, 8.5, 0.625, 8.75], "texture": "#0"},
				"up": {"uv": [5.625, 9.125, 5.5, 9], "texture": "#0"},
				"down": {"uv": [9.125, 5.5, 9, 5.625], "texture": "#0"}
			}
		},
		{
			"name": "hexadecagon",
			"from": [7.95027, -2.55, 4.35],
			"to": [8.04973, -2.05, 4.45],
			"rotation": {"angle": 0, "axis": "z", "origin": [8, -2.3, 4.4]},
			"faces": {
				"north": {"uv": [8.5, 0.5, 8.625, 0.75], "texture": "#0"},
				"east": {"uv": [1, 8.5, 1.125, 8.75], "texture": "#0"},
				"south": {"uv": [8.5, 1, 8.625, 1.25], "texture": "#0"},
				"west": {"uv": [1.5, 8.5, 1.625, 8.75], "texture": "#0"},
				"up": {"uv": [6.125, 9.125, 6, 9], "texture": "#0"},
				"down": {"uv": [9.125, 6, 9, 6.125], "texture": "#0"}
			}
		},
		{
			"name": "hexadecagon",
			"from": [7.95027, -2.55, 4.35],
			"to": [8.04973, -2.05, 4.45],
			"rotation": {"angle": 22.5, "axis": "z", "origin": [8, -2.3, 4.4]},
			"faces": {
				"north": {"uv": [8.5, 1.5, 8.625, 1.75], "texture": "#0"},
				"east": {"uv": [2, 8.5, 2.125, 8.75], "texture": "#0"},
				"south": {"uv": [8.5, 2, 8.625, 2.25], "texture": "#0"},
				"west": {"uv": [2.5, 8.5, 2.625, 8.75], "texture": "#0"},
				"up": {"uv": [6.625, 9.125, 6.5, 9], "texture": "#0"},
				"down": {"uv": [9.125, 6.5, 9, 6.625], "texture": "#0"}
			}
		},
		{
			"name": "hexadecagon",
			"from": [7.95027, -2.55, 4.35],
			"to": [8.04973, -2.05, 4.45],
			"rotation": {"angle": 45, "axis": "z", "origin": [8, -2.3, 4.4]},
			"faces": {
				"north": {"uv": [8.5, 2.5, 8.625, 2.75], "texture": "#0"},
				"east": {"uv": [3, 8.5, 3.125, 8.75], "texture": "#0"},
				"south": {"uv": [8.5, 3, 8.625, 3.25], "texture": "#0"},
				"west": {"uv": [3.5, 8.5, 3.625, 8.75], "texture": "#0"},
				"up": {"uv": [7.125, 9.125, 7, 9], "texture": "#0"},
				"down": {"uv": [9.125, 7, 9, 7.125], "texture": "#0"}
			}
		},
		{
			"name": "hexadecagon",
			"from": [7.75, -2.34973, 4.35],
			"to": [8.25, -2.25027, 4.45],
			"rotation": {"angle": -22.5, "axis": "z", "origin": [8, -2.3, 4.4]},
			"faces": {
				"north": {"uv": [8.5, 3.5, 8.75, 3.625], "texture": "#0"},
				"east": {"uv": [7.5, 9, 7.625, 9.125], "texture": "#0"},
				"south": {"uv": [4, 8.5, 4.25, 8.625], "texture": "#0"},
				"west": {"uv": [9, 7.5, 9.125, 7.625], "texture": "#0"},
				"up": {"uv": [8.75, 4.125, 8.5, 4], "texture": "#0"},
				"down": {"uv": [4.75, 8.5, 4.5, 8.625], "texture": "#0"}
			}
		},
		{
			"name": "hexadecagon",
			"from": [7.75, -2.34973, 4.35],
			"to": [8.25, -2.25027, 4.45],
			"rotation": {"angle": 0, "axis": "z", "origin": [8, -2.3, 4.4]},
			"faces": {
				"north": {"uv": [8.5, 4.5, 8.75, 4.625], "texture": "#0"},
				"east": {"uv": [8, 9, 8.125, 9.125], "texture": "#0"},
				"south": {"uv": [5, 8.5, 5.25, 8.625], "texture": "#0"},
				"west": {"uv": [9, 8, 9.125, 8.125], "texture": "#0"},
				"up": {"uv": [8.75, 5.125, 8.5, 5], "texture": "#0"},
				"down": {"uv": [5.75, 8.5, 5.5, 8.625], "texture": "#0"}
			}
		},
		{
			"name": "hexadecagon",
			"from": [7.75, -2.34973, 4.35],
			"to": [8.25, -2.25027, 4.45],
			"rotation": {"angle": 22.5, "axis": "z", "origin": [8, -2.3, 4.4]},
			"faces": {
				"north": {"uv": [8.5, 5.5, 8.75, 5.625], "texture": "#0"},
				"east": {"uv": [8.5, 9, 8.625, 9.125], "texture": "#0"},
				"south": {"uv": [6, 8.5, 6.25, 8.625], "texture": "#0"},
				"west": {"uv": [9, 8.5, 9.125, 8.625], "texture": "#0"},
				"up": {"uv": [8.75, 6.125, 8.5, 6], "texture": "#0"},
				"down": {"uv": [6.75, 8.5, 6.5, 8.625], "texture": "#0"}
			}
		},
		{
			"name": "hexadecagon",
			"from": [7.93038, -2.65, 4.6],
			"to": [8.06962, -1.95, 4.8],
			"rotation": {"angle": -45, "axis": "z", "origin": [8, -2.3, 4.7]},
			"faces": {
				"north": {"uv": [2, 7, 2.125, 7.375], "texture": "#0"},
				"east": {"uv": [7, 2, 7.125, 2.375], "texture": "#0"},
				"south": {"uv": [2.5, 7, 2.625, 7.375], "texture": "#0"},
				"west": {"uv": [7, 2.5, 7.125, 2.875], "texture": "#0"},
				"up": {"uv": [9.125, 9.125, 9, 9], "texture": "#0"},
				"down": {"uv": [0.125, 9.5, 0, 9.625], "texture": "#0"}
			}
		},
		{
			"name": "hexadecagon",
			"from": [7.93038, -2.65, 4.6],
			"to": [8.06962, -1.95, 4.8],
			"rotation": {"angle": -22.5, "axis": "z", "origin": [8, -2.3, 4.7]},
			"faces": {
				"north": {"uv": [3, 7, 3.125, 7.375], "texture": "#0"},
				"east": {"uv": [7, 3, 7.125, 3.375], "texture": "#0"},
				"south": {"uv": [3.5, 7, 3.625, 7.375], "texture": "#0"},
				"west": {"uv": [7, 3.5, 7.125, 3.875], "texture": "#0"},
				"up": {"uv": [9.625, 0.125, 9.5, 0], "texture": "#0"},
				"down": {"uv": [0.625, 9.5, 0.5, 9.625], "texture": "#0"}
			}
		},
		{
			"name": "hexadecagon",
			"from": [7.93038, -2.65, 4.6],
			"to": [8.06962, -1.95, 4.8],
			"rotation": {"angle": 0, "axis": "z", "origin": [8, -2.3, 4.7]},
			"faces": {
				"north": {"uv": [4, 7, 4.125, 7.375], "texture": "#0"},
				"east": {"uv": [7, 4, 7.125, 4.375], "texture": "#0"},
				"south": {"uv": [4.5, 7, 4.625, 7.375], "texture": "#0"},
				"west": {"uv": [7, 4.5, 7.125, 4.875], "texture": "#0"},
				"up": {"uv": [9.625, 0.625, 9.5, 0.5], "texture": "#0"},
				"down": {"uv": [1.125, 9.5, 1, 9.625], "texture": "#0"}
			}
		},
		{
			"name": "hexadecagon",
			"from": [7.93038, -2.65, 4.6],
			"to": [8.06962, -1.95, 4.8],
			"rotation": {"angle": 22.5, "axis": "z", "origin": [8, -2.3, 4.7]},
			"faces": {
				"north": {"uv": [5, 7, 5.125, 7.375], "texture": "#0"},
				"east": {"uv": [7, 5, 7.125, 5.375], "texture": "#0"},
				"south": {"uv": [5.5, 7, 5.625, 7.375], "texture": "#0"},
				"west": {"uv": [7, 5.5, 7.125, 5.875], "texture": "#0"},
				"up": {"uv": [9.625, 1.125, 9.5, 1], "texture": "#0"},
				"down": {"uv": [1.625, 9.5, 1.5, 9.625], "texture": "#0"}
			}
		},
		{
			"name": "hexadecagon",
			"from": [7.93038, -2.65, 4.6],
			"to": [8.06962, -1.95, 4.8],
			"rotation": {"angle": 45, "axis": "z", "origin": [8, -2.3, 4.7]},
			"faces": {
				"north": {"uv": [6, 7, 6.125, 7.375], "texture": "#0"},
				"east": {"uv": [7, 6, 7.125, 6.375], "texture": "#0"},
				"south": {"uv": [6.5, 7, 6.625, 7.375], "texture": "#0"},
				"west": {"uv": [7, 6.5, 7.125, 6.875], "texture": "#0"},
				"up": {"uv": [9.625, 1.625, 9.5, 1.5], "texture": "#0"},
				"down": {"uv": [2.125, 9.5, 2, 9.625], "texture": "#0"}
			}
		},
		{
			"name": "hexadecagon",
			"from": [7.65, -2.36962, 4.6],
			"to": [8.35, -2.23038, 4.8],
			"rotation": {"angle": -22.5, "axis": "z", "origin": [8, -2.3, 4.7]},
			"faces": {
				"north": {"uv": [7, 7, 7.375, 7.125], "texture": "#0"},
				"east": {"uv": [9.5, 2, 9.625, 2.125], "texture": "#0"},
				"south": {"uv": [0, 7.5, 0.375, 7.625], "texture": "#0"},
				"west": {"uv": [2.5, 9.5, 2.625, 9.625], "texture": "#0"},
				"up": {"uv": [7.875, 0.125, 7.5, 0], "texture": "#0"},
				"down": {"uv": [0.875, 7.5, 0.5, 7.625], "texture": "#0"}
			}
		},
		{
			"name": "hexadecagon",
			"from": [7.65, -2.36962, 4.6],
			"to": [8.35, -2.23038, 4.8],
			"rotation": {"angle": 0, "axis": "z", "origin": [8, -2.3, 4.7]},
			"faces": {
				"north": {"uv": [7.5, 0.5, 7.875, 0.625], "texture": "#0"},
				"east": {"uv": [9.5, 2.5, 9.625, 2.625], "texture": "#0"},
				"south": {"uv": [1, 7.5, 1.375, 7.625], "texture": "#0"},
				"west": {"uv": [3, 9.5, 3.125, 9.625], "texture": "#0"},
				"up": {"uv": [7.875, 1.125, 7.5, 1], "texture": "#0"},
				"down": {"uv": [1.875, 7.5, 1.5, 7.625], "texture": "#0"}
			}
		},
		{
			"name": "hexadecagon",
			"from": [7.65, -2.36962, 4.6],
			"to": [8.35, -2.23038, 4.8],
			"rotation": {"angle": 22.5, "axis": "z", "origin": [8, -2.3, 4.7]},
			"faces": {
				"north": {"uv": [7.5, 1.5, 7.875, 1.625], "texture": "#0"},
				"east": {"uv": [9.5, 3, 9.625, 3.125], "texture": "#0"},
				"south": {"uv": [2, 7.5, 2.375, 7.625], "texture": "#0"},
				"west": {"uv": [3.5, 9.5, 3.625, 9.625], "texture": "#0"},
				"up": {"uv": [7.875, 2.125, 7.5, 2], "texture": "#0"},
				"down": {"uv": [2.875, 7.5, 2.5, 7.625], "texture": "#0"}
			}
		}
	],
	"display": {
		"thirdperson_righthand": {
			"rotation": [34, 0, 0],
			"translation": [0, 10.75, 11]
		},
		"thirdperson_lefthand": {
			"rotation": [34, 0, 0],
			"translation": [0, 10.75, 11]
		},
		"firstperson_righthand": {
			"translation": [5.75, 14.5, 0]
		},
		"firstperson_lefthand": {
			"translation": [5.75, 14.5, 0]
		},
		"ground": {
			"rotation": [0, 0, 90],
			"translation": [-14.5, -2.75, 2.75]
		},
		"gui": {
			"rotation": [0, 129, 0],
			"translation": [3.5, 20.5, 0],
			"scale": [1.5, 1.5, 1.5]
		}
	},
	"groups": [
		0,
		1,
		2,
		3,
		4,
		5,
		6,
		7,
		{
			"name": "hexadecagon",
			"origin": [8, 8, 8],
			"color": 0,
			"children": [8, 9, 10, 11, 12, 13, 14, 15]
		},
		{
			"name": "hexadecagon",
			"origin": [8, 8, 8],
			"color": 0,
			"children": [16, 17, 18, 19, 20, 21, 22, 23]
		},
		{
			"name": "hexadecagon",
			"origin": [8, 8, 8],
			"color": 0,
			"children": [24, 25, 26, 27, 28, 29, 30, 31]
		},
		{
			"name": "hexadecagon",
			"origin": [8, 8, 8],
			"color": 0,
			"children": [32, 33, 34, 35, 36, 37, 38, 39]
		}
	]
}