{
	"credit": "Made with Blockbench",
	"textures": {
		"0": "item/ammo/musketball",
		"particle": "item/ammo/musketball"
	},
	"elements": [
		{
			"from": [7.27683, 8.44774, 6.44384],
			"to": [9.27683, 8.49774, 8.51884],
			"rotation": {"angle": 0, "axis": "y", "origin": [7.02683, 8.94774, 10.36884]},
			"faces": {
				"north": {"uv": [6, 5, 8, 5.125], "texture": "#0"},
				"east": {"uv": [6, 4, 8.125, 4.125], "texture": "#0"},
				"south": {"uv": [4, 7, 6, 7.125], "texture": "#0"},
				"west": {"uv": [5, 6, 7.125, 6.125], "texture": "#0"},
				"up": {"uv": [2, 2.125, 0, 0], "texture": "#0"},
				"down": {"uv": [4, 0, 2, 2.125], "texture": "#0"}
			}
		},
		{
			"from": [7.30183, 7.94774, 6.44384],
			"to": [9.25183, 8.44774, 6.46884],
			"rotation": {"angle": 0, "axis": "y", "origin": [6.52683, 9.04774, 10.36884]},
			"faces": {
				"north": {"uv": [2, 5, 4, 5.5], "texture": "#0"},
				"east": {"uv": [4, 8, 4.125, 8.5], "texture": "#0"},
				"south": {"uv": [6, 3, 8, 3.5], "texture": "#0"},
				"west": {"uv": [5, 8, 5.125, 8.5], "texture": "#0"},
				"up": {"uv": [8, 7.125, 6, 7], "texture": "#0"},
				"down": {"uv": [10, 3, 8, 3.125], "texture": "#0"}
			}
		},
		{
			"from": [7.27683, 7.94774, 6.44384],
			"to": [7.30183, 8.44774, 8.51884],
			"rotation": {"angle": 0, "axis": "y", "origin": [11.20183, 9.04774, 9.06884]},
			"faces": {
				"north": {"uv": [8, 5, 8.125, 5.5], "texture": "#0"},
				"east": {"uv": [6, 0, 8.125, 0.5], "texture": "#0"},
				"south": {"uv": [6, 8, 6.125, 8.5], "texture": "#0"},
				"west": {"uv": [6, 1, 8.125, 1.5], "texture": "#0"},
				"up": {"uv": [0.125, 9.125, 0, 7], "texture": "#0"},
				"down": {"uv": [1.125, 7, 1, 9.125], "texture": "#0"}
			}
		},
		{
			"from": [9.24817, 7.94774, 6.44384],
			"to": [9.27317, 8.44774, 8.51884],
			"rotation": {"angle": 0, "axis": "y", "origin": [5.34817, 9.04774, 9.06884]},
			"faces": {
				"north": {"uv": [8, 6, 8.125, 6.5], "texture": "#0"},
				"east": {"uv": [2, 6, 4.125, 6.5], "texture": "#0"},
				"south": {"uv": [7, 8, 7.125, 8.5], "texture": "#0"},
				"west": {"uv": [6, 2, 8.125, 2.5], "texture": "#0"},
				"up": {"uv": [2.125, 9.125, 2, 7], "texture": "#0"},
				"down": {"uv": [3.125, 7, 3, 9.125], "texture": "#0"}
			}
		},
		{
			"from": [7.32683, 6.84774, 6.51884],
			"to": [9.22683, 8.44774, 8.51884],
			"rotation": {"angle": 0, "axis": "y", "origin": [6.52683, 6.84774, 6.01884]},
			"faces": {
				"north": {"uv": [4, 4, 5.875, 5.625], "texture": "#0"},
				"east": {"uv": [4, 0, 6, 1.625], "texture": "#0"},
				"south": {"uv": [0, 5, 1.875, 6.625], "texture": "#0"},
				"west": {"uv": [4, 2, 6, 3.625], "texture": "#0"},
				"up": {"uv": [1.875, 5, 0, 3], "texture": "#0"},
				"down": {"uv": [3.875, 3, 2, 5], "texture": "#0"}
			}
		}
	],
	"display": {
		"thirdperson_righthand": {
			"rotation": [19, 153, 0],
			"translation": [1, 2, 1],
			"scale": [1.6, 1.6, 1.6]
		},
		"thirdperson_lefthand": {
			"rotation": [19, 153, 0],
			"translation": [0, 2.25, 0],
			"scale": [1.6, 1.6, 1.6]
		},
		"firstperson_righthand": {
			"rotation": [8, 124, 0],
			"translation": [-0.25, 4.75, 4.25],
			"scale": [1.2, 1.2, 1.2]
		},
		"firstperson_lefthand": {
			"rotation": [0, 124, 0],
			"translation": [-0.75, 4.25, 4],
			"scale": [1.2, 1.2, 1.2]
		},
		"ground": {
			"translation": [0, -6, 0],
			"scale": [2.5, 2.5, 2.5]
		},
		"gui": {
			"rotation": [37, 155, 0],
			"translation": [2.5, 1.75, 0],
			"scale": [4, 4, 4]
		},
		"fixed": {
			"translation": [-1.5, 0.25, 0],
			"scale": [4, 4, 4]
		}
	},
	"groups": [
		0,
		1,
		2,
		3,
		4,
		{
			"name": "hexadecagon",
			"origin": [8, 8, 8],
			"color": 0,
			"children": []
		},
		{
			"name": "hexadecagon",
			"origin": [8, 8, 8],
			"color": 0,
			"children": []
		},
		{
			"name": "hexadecagon",
			"origin": [8, 8, 8],
			"color": 0,
			"children": []
		}
	]
}