{
	"credit": "Made with Blockbench",
	"texture_size": [32, 32],
	"textures": {
		"2": "item/misc/rg42",
		"particle": "item/misc/rg42"
	},
	"elements": [
		{
			"name": "hexadecagon",
			"from": [7.70163, 7.5, 6.5],
			"to": [8.29837, 11.2, 9.5],
			"rotation": {"angle": -45, "axis": "y", "origin": [8, 8, 8]},
			"faces": {
				"north": {"uv": [6.5, 8, 6.75, 9.875], "texture": "#2"},
				"east": {"uv": [0, 0, 1.5, 1.875], "texture": "#2"},
				"south": {"uv": [8, 7, 8.25, 8.875], "texture": "#2"},
				"west": {"uv": [1.5, 0, 3, 1.875], "texture": "#2"},
				"up": {"uv": [7.75, 10.5, 7.5, 9], "texture": "#2"},
				"down": {"uv": [8.25, 9, 8, 10.5], "texture": "#2"}
			}
		},
		{
			"name": "hexadecagon",
			"from": [7.70163, 7.5, 6.5],
			"to": [8.29837, 11.2, 9.5],
			"rotation": {"angle": -22.5, "axis": "y", "origin": [8, 8, 8]},
			"faces": {
				"north": {"uv": [8.5, 0, 8.75, 1.875], "texture": "#2"},
				"east": {"uv": [0, 2, 1.5, 3.875], "texture": "#2"},
				"south": {"uv": [2.5, 8.5, 2.75, 10.375], "texture": "#2"},
				"west": {"uv": [1.5, 2, 3, 3.875], "texture": "#2"},
				"up": {"uv": [9.25, 9.5, 9, 8], "texture": "#2"},
				"down": {"uv": [8.75, 9, 8.5, 10.5], "texture": "#2"}
			}
		},
		{
			"name": "hexadecagon",
			"from": [7.70163, 7.5, 6.5],
			"to": [8.29837, 11.2, 9.5],
			"rotation": {"angle": 0, "axis": "y", "origin": [8, 8, 8]},
			"faces": {
				"north": {"uv": [3, 8.5, 3.25, 10.375], "texture": "#2"},
				"east": {"uv": [3, 0, 4.5, 1.875], "texture": "#2"},
				"south": {"uv": [3.5, 8.5, 3.75, 10.375], "texture": "#2"},
				"west": {"uv": [3, 2, 4.5, 3.875], "texture": "#2"},
				"up": {"uv": [9.75, 1.5, 9.5, 0], "texture": "#2"},
				"down": {"uv": [9.75, 4, 9.5, 5.5], "texture": "#2"}
			}
		},
		{
			"name": "hexadecagon",
			"from": [7.70163, 7.5, 6.5],
			"to": [8.29837, 11.2, 9.5],
			"rotation": {"angle": 22.5, "axis": "y", "origin": [8, 8, 8]},
			"faces": {
				"north": {"uv": [4, 8.5, 4.25, 10.375], "texture": "#2"},
				"east": {"uv": [0, 4, 1.5, 5.875], "texture": "#2"},
				"south": {"uv": [4.5, 8.5, 4.75, 10.375], "texture": "#2"},
				"west": {"uv": [1.5, 4, 3, 5.875], "texture": "#2"},
				"up": {"uv": [9.75, 7, 9.5, 5.5], "texture": "#2"},
				"down": {"uv": [9.75, 7, 9.5, 8.5], "texture": "#2"}
			}
		},
		{
			"name": "hexadecagon",
			"from": [7.70163, 7.5, 6.5],
			"to": [8.29837, 11.2, 9.5],
			"rotation": {"angle": 45, "axis": "y", "origin": [8, 8, 8]},
			"faces": {
				"north": {"uv": [5, 8.5, 5.25, 10.375], "texture": "#2"},
				"east": {"uv": [3, 4, 4.5, 5.875], "texture": "#2"},
				"south": {"uv": [5.5, 8.5, 5.75, 10.375], "texture": "#2"},
				"west": {"uv": [4.5, 0, 6, 1.875], "texture": "#2"},
				"up": {"uv": [9.75, 10, 9.5, 8.5], "texture": "#2"},
				"down": {"uv": [9.25, 9.5, 9, 11], "texture": "#2"}
			}
		},
		{
			"name": "hexadecagon",
			"from": [6.5, 7.5, 7.70163],
			"to": [9.5, 11.2, 8.29837],
			"rotation": {"angle": -22.5, "axis": "y", "origin": [8, 8, 8]},
			"faces": {
				"north": {"uv": [4.5, 2, 6, 3.875], "texture": "#2"},
				"east": {"uv": [6, 8.5, 6.25, 10.375], "texture": "#2"},
				"south": {"uv": [4.5, 4, 6, 5.875], "texture": "#2"},
				"west": {"uv": [8.5, 7, 8.75, 8.875], "texture": "#2"},
				"up": {"uv": [11, 1.75, 9.5, 1.5], "texture": "#2"},
				"down": {"uv": [1.5, 10, 0, 10.25], "texture": "#2"}
			}
		},
		{
			"name": "hexadecagon",
			"from": [6.5, 7.5, 7.70163],
			"to": [9.5, 11.2, 8.29837],
			"rotation": {"angle": 0, "axis": "y", "origin": [8, 8, 8]},
			"faces": {
				"north": {"uv": [0, 6, 1.5, 7.875], "texture": "#2"},
				"east": {"uv": [9, 0, 9.25, 1.875], "texture": "#2"},
				"south": {"uv": [6, 0, 7.5, 1.875], "texture": "#2"},
				"west": {"uv": [9, 4, 9.25, 5.875], "texture": "#2"},
				"up": {"uv": [11.5, 0.25, 10, 0], "texture": "#2"},
				"down": {"uv": [11.5, 0.5, 10, 0.75], "texture": "#2"}
			}
		},
		{
			"name": "hexadecagon",
			"from": [6.5, 7.5, 7.70163],
			"to": [9.5, 11.2, 8.29837],
			"rotation": {"angle": 22.5, "axis": "y", "origin": [8, 8, 8]},
			"faces": {
				"north": {"uv": [1.5, 6, 3, 7.875], "texture": "#2"},
				"east": {"uv": [9, 6, 9.25, 7.875], "texture": "#2"},
				"south": {"uv": [6, 2, 7.5, 3.875], "texture": "#2"},
				"west": {"uv": [7, 9, 7.25, 10.875], "texture": "#2"},
				"up": {"uv": [11.5, 1.25, 10, 1], "texture": "#2"},
				"down": {"uv": [11.5, 2, 10, 2.25], "texture": "#2"}
			}
		},
		{
			"name": "hexadecagon",
			"from": [7.90054, 11.3, 7.5],
			"to": [8.09946, 12, 8.5],
			"rotation": {"angle": -45, "axis": "y", "origin": [8, 11.8, 8]},
			"faces": {
				"north": {"uv": [0, 13, 0.125, 13.375], "texture": "#2"},
				"east": {"uv": [6, 10.5, 6.5, 10.875], "texture": "#2"},
				"south": {"uv": [0.5, 13, 0.625, 13.375], "texture": "#2"},
				"west": {"uv": [7.5, 10.5, 8, 10.875], "texture": "#2"},
				"up": {"uv": [1.125, 13, 1, 12.5], "texture": "#2"},
				"down": {"uv": [1.625, 12.5, 1.5, 13], "texture": "#2"}
			}
		},
		{
			"name": "hexadecagon",
			"from": [7.90054, 11.3, 7.5],
			"to": [8.09946, 12, 8.5],
			"rotation": {"angle": -22.5, "axis": "y", "origin": [8, 11.8, 8]},
			"faces": {
				"north": {"uv": [1, 13, 1.125, 13.375], "texture": "#2"},
				"east": {"uv": [8, 10.5, 8.5, 10.875], "texture": "#2"},
				"south": {"uv": [1.5, 13, 1.625, 13.375], "texture": "#2"},
				"west": {"uv": [8.5, 10.5, 9, 10.875], "texture": "#2"},
				"up": {"uv": [2.125, 13, 2, 12.5], "texture": "#2"},
				"down": {"uv": [2.625, 12.5, 2.5, 13], "texture": "#2"}
			}
		},
		{
			"name": "hexadecagon",
			"from": [7.90054, 11.3, 7.5],
			"to": [8.09946, 12, 8.5],
			"rotation": {"angle": 0, "axis": "y", "origin": [8, 11.8, 8]},
			"faces": {
				"north": {"uv": [13, 1.5, 13.125, 1.875], "texture": "#2"},
				"east": {"uv": [1.5, 11, 2, 11.375], "texture": "#2"},
				"south": {"uv": [2, 13, 2.125, 13.375], "texture": "#2"},
				"west": {"uv": [2, 11, 2.5, 11.375], "texture": "#2"},
				"up": {"uv": [12.625, 5, 12.5, 4.5], "texture": "#2"},
				"down": {"uv": [12.625, 5, 12.5, 5.5], "texture": "#2"}
			}
		},
		{
			"name": "hexadecagon",
			"from": [7.90054, 11.3, 7.5],
			"to": [8.09946, 12, 8.5],
			"rotation": {"angle": 22.5, "axis": "y", "origin": [8, 11.8, 8]},
			"faces": {
				"north": {"uv": [2.5, 13, 2.625, 13.375], "texture": "#2"},
				"east": {"uv": [10, 11.5, 10.5, 11.875], "texture": "#2"},
				"south": {"uv": [13, 2.5, 13.125, 2.875], "texture": "#2"},
				"west": {"uv": [10.5, 11.5, 11, 11.875], "texture": "#2"},
				"up": {"uv": [12.625, 6, 12.5, 5.5], "texture": "#2"},
				"down": {"uv": [12.625, 6, 12.5, 6.5], "texture": "#2"}
			}
		},
		{
			"name": "hexadecagon",
			"from": [7.90054, 11.3, 7.5],
			"to": [8.09946, 12, 8.5],
			"rotation": {"angle": 45, "axis": "y", "origin": [8, 11.8, 8]},
			"faces": {
				"north": {"uv": [3, 13, 3.125, 13.375], "texture": "#2"},
				"east": {"uv": [11, 11.5, 11.5, 11.875], "texture": "#2"},
				"south": {"uv": [13, 3, 13.125, 3.375], "texture": "#2"},
				"west": {"uv": [11.5, 11.5, 12, 11.875], "texture": "#2"},
				"up": {"uv": [12.625, 7, 12.5, 6.5], "texture": "#2"},
				"down": {"uv": [12.625, 7, 12.5, 7.5], "texture": "#2"}
			}
		},
		{
			"name": "hexadecagon",
			"from": [7.5, 11.3, 7.90054],
			"to": [8.5, 12, 8.09946],
			"rotation": {"angle": -22.5, "axis": "y", "origin": [8, 11.8, 8]},
			"faces": {
				"north": {"uv": [0, 12, 0.5, 12.375], "texture": "#2"},
				"east": {"uv": [3.5, 13, 3.625, 13.375], "texture": "#2"},
				"south": {"uv": [0.5, 12, 1, 12.375], "texture": "#2"},
				"west": {"uv": [13, 3.5, 13.125, 3.875], "texture": "#2"},
				"up": {"uv": [13, 7.625, 12.5, 7.5], "texture": "#2"},
				"down": {"uv": [13, 8, 12.5, 8.125], "texture": "#2"}
			}
		},
		{
			"name": "hexadecagon",
			"from": [7.5, 11.3, 7.90054],
			"to": [8.5, 12, 8.09946],
			"rotation": {"angle": 0, "axis": "y", "origin": [8, 11.8, 8]},
			"faces": {
				"north": {"uv": [1, 12, 1.5, 12.375], "texture": "#2"},
				"east": {"uv": [4, 13, 4.125, 13.375], "texture": "#2"},
				"south": {"uv": [1.5, 12, 2, 12.375], "texture": "#2"},
				"west": {"uv": [13, 4, 13.125, 4.375], "texture": "#2"},
				"up": {"uv": [13, 8.625, 12.5, 8.5], "texture": "#2"},
				"down": {"uv": [13, 9, 12.5, 9.125], "texture": "#2"}
			}
		},
		{
			"name": "hexadecagon",
			"from": [7.5, 11.3, 7.90054],
			"to": [8.5, 12, 8.09946],
			"rotation": {"angle": 22.5, "axis": "y", "origin": [8, 11.8, 8]},
			"faces": {
				"north": {"uv": [2, 12, 2.5, 12.375], "texture": "#2"},
				"east": {"uv": [4.5, 13, 4.625, 13.375], "texture": "#2"},
				"south": {"uv": [2.5, 12, 3, 12.375], "texture": "#2"},
				"west": {"uv": [13, 4.5, 13.125, 4.875], "texture": "#2"},
				"up": {"uv": [13, 9.625, 12.5, 9.5], "texture": "#2"},
				"down": {"uv": [13, 10, 12.5, 10.125], "texture": "#2"}
			}
		},
		{
			"name": "hexadecagon",
			"from": [7.93038, 12, 7.65],
			"to": [8.06962, 14, 8.35],
			"rotation": {"angle": -45, "axis": "y", "origin": [8, 12.5, 8]},
			"faces": {
				"north": {"uv": [3, 12, 3.125, 13], "texture": "#2"},
				"east": {"uv": [1.5, 10, 1.875, 11], "texture": "#2"},
				"south": {"uv": [3.5, 12, 3.625, 13], "texture": "#2"},
				"west": {"uv": [2, 10, 2.375, 11], "texture": "#2"},
				"up": {"uv": [5.125, 13.375, 5, 13], "texture": "#2"},
				"down": {"uv": [13.125, 5, 13, 5.375], "texture": "#2"}
			}
		},
		{
			"name": "hexadecagon",
			"from": [7.93038, 12, 7.65],
			"to": [8.06962, 14, 8.35],
			"rotation": {"angle": -22.5, "axis": "y", "origin": [8, 12.5, 8]},
			"faces": {
				"north": {"uv": [4, 12, 4.125, 13], "texture": "#2"},
				"east": {"uv": [10, 2.5, 10.375, 3.5], "texture": "#2"},
				"south": {"uv": [4.5, 12, 4.625, 13], "texture": "#2"},
				"west": {"uv": [10, 3.5, 10.375, 4.5], "texture": "#2"},
				"up": {"uv": [5.625, 13.375, 5.5, 13], "texture": "#2"},
				"down": {"uv": [13.125, 5.5, 13, 5.875], "texture": "#2"}
			}
		},
		{
			"name": "hexadecagon",
			"from": [7.93038, 12, 7.65],
			"to": [8.06962, 14, 8.35],
			"rotation": {"angle": 0, "axis": "y", "origin": [8, 12.5, 8]},
			"faces": {
				"north": {"uv": [5, 12, 5.125, 13], "texture": "#2"},
				"east": {"uv": [10, 4.5, 10.375, 5.5], "texture": "#2"},
				"south": {"uv": [5.5, 12, 5.625, 13], "texture": "#2"},
				"west": {"uv": [10, 5.5, 10.375, 6.5], "texture": "#2"},
				"up": {"uv": [6.125, 13.375, 6, 13], "texture": "#2"},
				"down": {"uv": [13.125, 6, 13, 6.375], "texture": "#2"}
			}
		},
		{
			"name": "hexadecagon",
			"from": [7.93038, 12, 7.65],
			"to": [8.06962, 14, 8.35],
			"rotation": {"angle": 22.5, "axis": "y", "origin": [8, 12.5, 8]},
			"faces": {
				"north": {"uv": [6, 12, 6.125, 13], "texture": "#2"},
				"east": {"uv": [6.5, 10, 6.875, 11], "texture": "#2"},
				"south": {"uv": [6.5, 12, 6.625, 13], "texture": "#2"},
				"west": {"uv": [10, 6.5, 10.375, 7.5], "texture": "#2"},
				"up": {"uv": [6.625, 13.375, 6.5, 13], "texture": "#2"},
				"down": {"uv": [13.125, 6.5, 13, 6.875], "texture": "#2"}
			}
		},
		{
			"name": "hexadecagon",
			"from": [7.93038, 12, 7.65],
			"to": [8.06962, 14, 8.35],
			"rotation": {"angle": 45, "axis": "y", "origin": [8, 12.5, 8]},
			"faces": {
				"north": {"uv": [7, 12, 7.125, 13], "texture": "#2"},
				"east": {"uv": [10, 7.5, 10.375, 8.5], "texture": "#2"},
				"south": {"uv": [7.5, 12, 7.625, 13], "texture": "#2"},
				"west": {"uv": [10, 8.5, 10.375, 9.5], "texture": "#2"},
				"up": {"uv": [7.125, 13.375, 7, 13], "texture": "#2"},
				"down": {"uv": [13.125, 7, 13, 7.375], "texture": "#2"}
			}
		},
		{
			"name": "hexadecagon",
			"from": [7.65, 12, 7.93038],
			"to": [8.35, 14, 8.06962],
			"rotation": {"angle": -22.5, "axis": "y", "origin": [8, 12.5, 8]},
			"faces": {
				"north": {"uv": [9.5, 10, 9.875, 11], "texture": "#2"},
				"east": {"uv": [8, 12, 8.125, 13], "texture": "#2"},
				"south": {"uv": [10, 9.5, 10.375, 10.5], "texture": "#2"},
				"west": {"uv": [8.5, 12, 8.625, 13], "texture": "#2"},
				"up": {"uv": [7.875, 13.125, 7.5, 13], "texture": "#2"},
				"down": {"uv": [13.375, 7.5, 13, 7.625], "texture": "#2"}
			}
		},
		{
			"name": "hexadecagon",
			"from": [7.65, 12, 7.93038],
			"to": [8.35, 14, 8.06962],
			"rotation": {"angle": 0, "axis": "y", "origin": [8, 12.5, 8]},
			"faces": {
				"north": {"uv": [0, 10.5, 0.375, 11.5], "texture": "#2"},
				"east": {"uv": [9, 12, 9.125, 13], "texture": "#2"},
				"south": {"uv": [0.5, 10.5, 0.875, 11.5], "texture": "#2"},
				"west": {"uv": [9.5, 12, 9.625, 13], "texture": "#2"},
				"up": {"uv": [8.375, 13.125, 8, 13], "texture": "#2"},
				"down": {"uv": [13.375, 8, 13, 8.125], "texture": "#2"}
			}
		},
		{
			"name": "hexadecagon",
			"from": [7.65, 12, 7.93038],
			"to": [8.35, 14, 8.06962],
			"rotation": {"angle": 22.5, "axis": "y", "origin": [8, 12.5, 8]},
			"faces": {
				"north": {"uv": [1, 10.5, 1.375, 11.5], "texture": "#2"},
				"east": {"uv": [10, 12, 10.125, 13], "texture": "#2"},
				"south": {"uv": [2.5, 10.5, 2.875, 11.5], "texture": "#2"},
				"west": {"uv": [10.5, 12, 10.625, 13], "texture": "#2"},
				"up": {"uv": [8.875, 13.125, 8.5, 13], "texture": "#2"},
				"down": {"uv": [13.375, 8.5, 13, 8.625], "texture": "#2"}
			}
		},
		{
			"name": "hexadecagon",
			"from": [7.94033, 14, 7.7],
			"to": [8.05967, 14.1, 8.3],
			"rotation": {"angle": -45, "axis": "y", "origin": [8, 14.5, 8]},
			"faces": {
				"north": {"uv": [3, 14, 3.125, 14.125], "texture": "#2"},
				"east": {"uv": [13.5, 4, 13.75, 4.125], "texture": "#2"},
				"south": {"uv": [14, 3, 14.125, 3.125], "texture": "#2"},
				"west": {"uv": [4.5, 13.5, 4.75, 13.625], "texture": "#2"},
				"up": {"uv": [13.625, 4.75, 13.5, 4.5], "texture": "#2"},
				"down": {"uv": [5.125, 13.5, 5, 13.75], "texture": "#2"}
			}
		},
		{
			"name": "hexadecagon",
			"from": [7.94033, 14, 7.7],
			"to": [8.05967, 14.1, 8.3],
			"rotation": {"angle": -22.5, "axis": "y", "origin": [8, 14.5, 8]},
			"faces": {
				"north": {"uv": [3.5, 14, 3.625, 14.125], "texture": "#2"},
				"east": {"uv": [13.5, 5, 13.75, 5.125], "texture": "#2"},
				"south": {"uv": [14, 3.5, 14.125, 3.625], "texture": "#2"},
				"west": {"uv": [5.5, 13.5, 5.75, 13.625], "texture": "#2"},
				"up": {"uv": [13.625, 5.75, 13.5, 5.5], "texture": "#2"},
				"down": {"uv": [6.125, 13.5, 6, 13.75], "texture": "#2"}
			}
		},
		{
			"name": "hexadecagon",
			"from": [7.94033, 14, 7.7],
			"to": [8.05967, 14.1, 8.3],
			"rotation": {"angle": 0, "axis": "y", "origin": [8, 14.5, 8]},
			"faces": {
				"north": {"uv": [4, 14, 4.125, 14.125], "texture": "#2"},
				"east": {"uv": [13.5, 6, 13.75, 6.125], "texture": "#2"},
				"south": {"uv": [14, 4, 14.125, 4.125], "texture": "#2"},
				"west": {"uv": [6.5, 13.5, 6.75, 13.625], "texture": "#2"},
				"up": {"uv": [13.625, 6.75, 13.5, 6.5], "texture": "#2"},
				"down": {"uv": [7.125, 13.5, 7, 13.75], "texture": "#2"}
			}
		},
		{
			"name": "hexadecagon",
			"from": [7.94033, 14, 7.7],
			"to": [8.05967, 14.1, 8.3],
			"rotation": {"angle": 22.5, "axis": "y", "origin": [8, 14.5, 8]},
			"faces": {
				"north": {"uv": [4.5, 14, 4.625, 14.125], "texture": "#2"},
				"east": {"uv": [13.5, 7, 13.75, 7.125], "texture": "#2"},
				"south": {"uv": [14, 4.5, 14.125, 4.625], "texture": "#2"},
				"west": {"uv": [7.5, 13.5, 7.75, 13.625], "texture": "#2"},
				"up": {"uv": [13.625, 7.75, 13.5, 7.5], "texture": "#2"},
				"down": {"uv": [8.125, 13.5, 8, 13.75], "texture": "#2"}
			}
		},
		{
			"name": "hexadecagon",
			"from": [7.94033, 14, 7.7],
			"to": [8.05967, 14.1, 8.3],
			"rotation": {"angle": 45, "axis": "y", "origin": [8, 14.5, 8]},
			"faces": {
				"north": {"uv": [5, 14, 5.125, 14.125], "texture": "#2"},
				"east": {"uv": [13.5, 8, 13.75, 8.125], "texture": "#2"},
				"south": {"uv": [14, 5, 14.125, 5.125], "texture": "#2"},
				"west": {"uv": [8.5, 13.5, 8.75, 13.625], "texture": "#2"},
				"up": {"uv": [13.625, 8.75, 13.5, 8.5], "texture": "#2"},
				"down": {"uv": [9.125, 13.5, 9, 13.75], "texture": "#2"}
			}
		},
		{
			"name": "hexadecagon",
			"from": [7.7, 14, 7.94033],
			"to": [8.3, 14.1, 8.05967],
			"rotation": {"angle": -22.5, "axis": "y", "origin": [8, 14.5, 8]},
			"faces": {
				"north": {"uv": [13.5, 9, 13.75, 9.125], "texture": "#2"},
				"east": {"uv": [5.5, 14, 5.625, 14.125], "texture": "#2"},
				"south": {"uv": [9.5, 13.5, 9.75, 13.625], "texture": "#2"},
				"west": {"uv": [14, 5.5, 14.125, 5.625], "texture": "#2"},
				"up": {"uv": [13.75, 9.625, 13.5, 9.5], "texture": "#2"},
				"down": {"uv": [10.25, 13.5, 10, 13.625], "texture": "#2"}
			}
		},
		{
			"name": "hexadecagon",
			"from": [7.7, 14, 7.94033],
			"to": [8.3, 14.1, 8.05967],
			"rotation": {"angle": 0, "axis": "y", "origin": [8, 14.5, 8]},
			"faces": {
				"north": {"uv": [13.5, 10, 13.75, 10.125], "texture": "#2"},
				"east": {"uv": [6, 14, 6.125, 14.125], "texture": "#2"},
				"south": {"uv": [10.5, 13.5, 10.75, 13.625], "texture": "#2"},
				"west": {"uv": [14, 6, 14.125, 6.125], "texture": "#2"},
				"up": {"uv": [13.75, 10.625, 13.5, 10.5], "texture": "#2"},
				"down": {"uv": [11.25, 13.5, 11, 13.625], "texture": "#2"}
			}
		},
		{
			"name": "hexadecagon",
			"from": [7.7, 14, 7.94033],
			"to": [8.3, 14.1, 8.05967],
			"rotation": {"angle": 22.5, "axis": "y", "origin": [8, 14.5, 8]},
			"faces": {
				"north": {"uv": [13.5, 11, 13.75, 11.125], "texture": "#2"},
				"east": {"uv": [6.5, 14, 6.625, 14.125], "texture": "#2"},
				"south": {"uv": [11.5, 13.5, 11.75, 13.625], "texture": "#2"},
				"west": {"uv": [14, 6.5, 14.125, 6.625], "texture": "#2"},
				"up": {"uv": [13.75, 11.625, 13.5, 11.5], "texture": "#2"},
				"down": {"uv": [12.25, 13.5, 12, 13.625], "texture": "#2"}
			}
		},
		{
			"name": "hexadecagon",
			"from": [7.7, 12.40054, 6.8],
			"to": [7.8, 12.59946, 6.9],
			"rotation": {"angle": -45, "axis": "x", "origin": [7.7, 12.5, 7.3]},
			"faces": {
				"north": {"uv": [7, 14, 7.125, 14.125], "texture": "#2"},
				"east": {"uv": [14, 7, 14.125, 7.125], "texture": "#2"},
				"south": {"uv": [7.5, 14, 7.625, 14.125], "texture": "#2"},
				"west": {"uv": [14, 7.5, 14.125, 7.625], "texture": "#2"},
				"up": {"uv": [8.125, 14.125, 8, 14], "texture": "#2"},
				"down": {"uv": [14.125, 8, 14, 8.125], "texture": "#2"}
			}
		},
		{
			"name": "hexadecagon",
			"from": [7.7, 12.40054, 6.8],
			"to": [7.8, 12.59946, 6.9],
			"rotation": {"angle": -22.5, "axis": "x", "origin": [7.7, 12.5, 7.3]},
			"faces": {
				"north": {"uv": [8.5, 14, 8.625, 14.125], "texture": "#2"},
				"east": {"uv": [14, 8.5, 14.125, 8.625], "texture": "#2"},
				"south": {"uv": [9, 14, 9.125, 14.125], "texture": "#2"},
				"west": {"uv": [14, 9, 14.125, 9.125], "texture": "#2"},
				"up": {"uv": [9.625, 14.125, 9.5, 14], "texture": "#2"},
				"down": {"uv": [14.125, 9.5, 14, 9.625], "texture": "#2"}
			}
		},
		{
			"name": "hexadecagon",
			"from": [7.7, 12.40054, 6.8],
			"to": [7.8, 12.59946, 6.9],
			"rotation": {"angle": 0, "axis": "x", "origin": [7.7, 12.5, 7.3]},
			"faces": {
				"north": {"uv": [10, 14, 10.125, 14.125], "texture": "#2"},
				"east": {"uv": [14, 10, 14.125, 10.125], "texture": "#2"},
				"south": {"uv": [10.5, 14, 10.625, 14.125], "texture": "#2"},
				"west": {"uv": [14, 10.5, 14.125, 10.625], "texture": "#2"},
				"up": {"uv": [11.125, 14.125, 11, 14], "texture": "#2"},
				"down": {"uv": [14.125, 11, 14, 11.125], "texture": "#2"}
			}
		},
		{
			"name": "hexadecagon",
			"from": [7.7, 12.40054, 6.8],
			"to": [7.8, 12.59946, 6.9],
			"rotation": {"angle": 22.5, "axis": "x", "origin": [7.7, 12.5, 7.3]},
			"faces": {
				"north": {"uv": [11.5, 14, 11.625, 14.125], "texture": "#2"},
				"east": {"uv": [14, 11.5, 14.125, 11.625], "texture": "#2"},
				"south": {"uv": [12, 14, 12.125, 14.125], "texture": "#2"},
				"west": {"uv": [14, 12, 14.125, 12.125], "texture": "#2"},
				"up": {"uv": [12.625, 14.125, 12.5, 14], "texture": "#2"},
				"down": {"uv": [14.125, 12.5, 14, 12.625], "texture": "#2"}
			}
		},
		{
			"name": "hexadecagon",
			"from": [7.7, 12.40054, 6.8],
			"to": [7.8, 12.59946, 6.9],
			"rotation": {"angle": 45, "axis": "x", "origin": [7.7, 12.5, 7.3]},
			"faces": {
				"north": {"uv": [13, 14, 13.125, 14.125], "texture": "#2"},
				"east": {"uv": [14, 13, 14.125, 13.125], "texture": "#2"},
				"south": {"uv": [13.5, 14, 13.625, 14.125], "texture": "#2"},
				"west": {"uv": [14, 13.5, 14.125, 13.625], "texture": "#2"},
				"up": {"uv": [14.125, 14.125, 14, 14], "texture": "#2"},
				"down": {"uv": [0.125, 14.5, 0, 14.625], "texture": "#2"}
			}
		},
		{
			"name": "hexadecagon",
			"from": [7.7, 12.40054, 7.7],
			"to": [7.8, 12.59946, 7.8],
			"rotation": {"angle": -45, "axis": "x", "origin": [7.7, 12.5, 7.3]},
			"faces": {
				"north": {"uv": [14.5, 0, 14.625, 0.125], "texture": "#2"},
				"east": {"uv": [0.5, 14.5, 0.625, 14.625], "texture": "#2"},
				"south": {"uv": [14.5, 0.5, 14.625, 0.625], "texture": "#2"},
				"west": {"uv": [1, 14.5, 1.125, 14.625], "texture": "#2"},
				"up": {"uv": [14.625, 1.125, 14.5, 1], "texture": "#2"},
				"down": {"uv": [1.625, 14.5, 1.5, 14.625], "texture": "#2"}
			}
		},
		{
			"name": "hexadecagon",
			"from": [7.7, 12.40054, 7.7],
			"to": [7.8, 12.59946, 7.8],
			"rotation": {"angle": -22.5, "axis": "x", "origin": [7.7, 12.5, 7.3]},
			"faces": {
				"north": {"uv": [14.5, 1.5, 14.625, 1.625], "texture": "#2"},
				"east": {"uv": [2, 14.5, 2.125, 14.625], "texture": "#2"},
				"south": {"uv": [14.5, 2, 14.625, 2.125], "texture": "#2"},
				"west": {"uv": [2.5, 14.5, 2.625, 14.625], "texture": "#2"},
				"up": {"uv": [14.625, 2.625, 14.5, 2.5], "texture": "#2"},
				"down": {"uv": [3.125, 14.5, 3, 14.625], "texture": "#2"}
			}
		},
		{
			"name": "hexadecagon",
			"from": [7.7, 12.40054, 7.7],
			"to": [7.8, 12.59946, 7.8],
			"rotation": {"angle": 0, "axis": "x", "origin": [7.7, 12.5, 7.3]},
			"faces": {
				"north": {"uv": [14.5, 3, 14.625, 3.125], "texture": "#2"},
				"east": {"uv": [3.5, 14.5, 3.625, 14.625], "texture": "#2"},
				"south": {"uv": [14.5, 3.5, 14.625, 3.625], "texture": "#2"},
				"west": {"uv": [4, 14.5, 4.125, 14.625], "texture": "#2"},
				"up": {"uv": [14.625, 4.125, 14.5, 4], "texture": "#2"},
				"down": {"uv": [4.625, 14.5, 4.5, 14.625], "texture": "#2"}
			}
		},
		{
			"name": "hexadecagon",
			"from": [7.7, 12.40054, 7.7],
			"to": [7.8, 12.59946, 7.8],
			"rotation": {"angle": 22.5, "axis": "x", "origin": [7.7, 12.5, 7.3]},
			"faces": {
				"north": {"uv": [14.5, 4.5, 14.625, 4.625], "texture": "#2"},
				"east": {"uv": [5, 14.5, 5.125, 14.625], "texture": "#2"},
				"south": {"uv": [14.5, 5, 14.625, 5.125], "texture": "#2"},
				"west": {"uv": [5.5, 14.5, 5.625, 14.625], "texture": "#2"},
				"up": {"uv": [14.625, 5.625, 14.5, 5.5], "texture": "#2"},
				"down": {"uv": [6.125, 14.5, 6, 14.625], "texture": "#2"}
			}
		},
		{
			"name": "hexadecagon",
			"from": [7.7, 12.40054, 7.7],
			"to": [7.8, 12.59946, 7.8],
			"rotation": {"angle": 45, "axis": "x", "origin": [7.7, 12.5, 7.3]},
			"faces": {
				"north": {"uv": [14.5, 6, 14.625, 6.125], "texture": "#2"},
				"east": {"uv": [6.5, 14.5, 6.625, 14.625], "texture": "#2"},
				"south": {"uv": [14.5, 6.5, 14.625, 6.625], "texture": "#2"},
				"west": {"uv": [7, 14.5, 7.125, 14.625], "texture": "#2"},
				"up": {"uv": [14.625, 7.125, 14.5, 7], "texture": "#2"},
				"down": {"uv": [7.625, 14.5, 7.5, 14.625], "texture": "#2"}
			}
		},
		{
			"name": "hexadecagon",
			"from": [7.7, 12, 7.20054],
			"to": [7.8, 12.1, 7.39946],
			"rotation": {"angle": -22.5, "axis": "x", "origin": [7.7, 12.5, 7.3]},
			"faces": {
				"north": {"uv": [14.5, 7.5, 14.625, 7.625], "texture": "#2"},
				"east": {"uv": [8, 14.5, 8.125, 14.625], "texture": "#2"},
				"south": {"uv": [14.5, 8, 14.625, 8.125], "texture": "#2"},
				"west": {"uv": [8.5, 14.5, 8.625, 14.625], "texture": "#2"},
				"up": {"uv": [14.625, 8.625, 14.5, 8.5], "texture": "#2"},
				"down": {"uv": [9.125, 14.5, 9, 14.625], "texture": "#2"}
			}
		},
		{
			"name": "hexadecagon",
			"from": [7.7, 12, 7.20054],
			"to": [7.8, 12.1, 7.39946],
			"rotation": {"angle": 0, "axis": "x", "origin": [7.7, 12.5, 7.3]},
			"faces": {
				"north": {"uv": [14.5, 9, 14.625, 9.125], "texture": "#2"},
				"east": {"uv": [9.5, 14.5, 9.625, 14.625], "texture": "#2"},
				"south": {"uv": [14.5, 9.5, 14.625, 9.625], "texture": "#2"},
				"west": {"uv": [10, 14.5, 10.125, 14.625], "texture": "#2"},
				"up": {"uv": [14.625, 10.125, 14.5, 10], "texture": "#2"},
				"down": {"uv": [10.625, 14.5, 10.5, 14.625], "texture": "#2"}
			}
		},
		{
			"name": "hexadecagon",
			"from": [7.7, 12, 7.20054],
			"to": [7.8, 12.1, 7.39946],
			"rotation": {"angle": 22.5, "axis": "x", "origin": [7.7, 12.5, 7.3]},
			"faces": {
				"north": {"uv": [14.5, 10.5, 14.625, 10.625], "texture": "#2"},
				"east": {"uv": [11, 14.5, 11.125, 14.625], "texture": "#2"},
				"south": {"uv": [14.5, 11, 14.625, 11.125], "texture": "#2"},
				"west": {"uv": [11.5, 14.5, 11.625, 14.625], "texture": "#2"},
				"up": {"uv": [14.625, 11.625, 14.5, 11.5], "texture": "#2"},
				"down": {"uv": [12.125, 14.5, 12, 14.625], "texture": "#2"}
			}
		},
		{
			"name": "hexadecagon",
			"from": [7.7, 12.9, 7.20054],
			"to": [7.8, 13, 7.39946],
			"rotation": {"angle": -22.5, "axis": "x", "origin": [7.7, 12.5, 7.3]},
			"faces": {
				"north": {"uv": [14.5, 12, 14.625, 12.125], "texture": "#2"},
				"east": {"uv": [12.5, 14.5, 12.625, 14.625], "texture": "#2"},
				"south": {"uv": [14.5, 12.5, 14.625, 12.625], "texture": "#2"},
				"west": {"uv": [13, 14.5, 13.125, 14.625], "texture": "#2"},
				"up": {"uv": [14.625, 13.125, 14.5, 13], "texture": "#2"},
				"down": {"uv": [13.625, 14.5, 13.5, 14.625], "texture": "#2"}
			}
		},
		{
			"name": "hexadecagon",
			"from": [7.7, 12.9, 7.20054],
			"to": [7.8, 13, 7.39946],
			"rotation": {"angle": 0, "axis": "x", "origin": [7.7, 12.5, 7.3]},
			"faces": {
				"north": {"uv": [14.5, 13.5, 14.625, 13.625], "texture": "#2"},
				"east": {"uv": [14, 14.5, 14.125, 14.625], "texture": "#2"},
				"south": {"uv": [14.5, 14, 14.625, 14.125], "texture": "#2"},
				"west": {"uv": [14.5, 14.5, 14.625, 14.625], "texture": "#2"},
				"up": {"uv": [0.125, 15.125, 0, 15], "texture": "#2"},
				"down": {"uv": [15.125, 0, 15, 0.125], "texture": "#2"}
			}
		},
		{
			"name": "hexadecagon",
			"from": [7.7, 12.9, 7.20054],
			"to": [7.8, 13, 7.39946],
			"rotation": {"angle": 22.5, "axis": "x", "origin": [7.7, 12.5, 7.3]},
			"faces": {
				"north": {"uv": [0.5, 15, 0.625, 15.125], "texture": "#2"},
				"east": {"uv": [15, 0.5, 15.125, 0.625], "texture": "#2"},
				"south": {"uv": [1, 15, 1.125, 15.125], "texture": "#2"},
				"west": {"uv": [15, 1, 15.125, 1.125], "texture": "#2"},
				"up": {"uv": [1.625, 15.125, 1.5, 15], "texture": "#2"},
				"down": {"uv": [15.125, 1.5, 15, 1.625], "texture": "#2"}
			}
		},
		{
			"from": [7.6, 12.4, 7.6],
			"to": [7.9, 12.6, 7.8],
			"faces": {
				"north": {"uv": [2, 15, 2.125, 15.125], "texture": "#2"},
				"east": {"uv": [15, 2, 15.125, 2.125], "texture": "#2"},
				"south": {"uv": [2.5, 15, 2.625, 15.125], "texture": "#2"},
				"west": {"uv": [15, 2.5, 15.125, 2.625], "texture": "#2"},
				"up": {"uv": [3.125, 15.125, 3, 15], "texture": "#2"},
				"down": {"uv": [15.125, 3, 15, 3.125], "texture": "#2"}
			}
		},
		{
			"from": [8.3, 12.3, 7.8],
			"to": [8.4, 14.1, 8.2],
			"rotation": {"angle": 0, "axis": "y", "origin": [0, 0, 0.3]},
			"faces": {
				"north": {"uv": [12, 10.5, 12.125, 11.375], "texture": "#2"},
				"east": {"uv": [10.5, 2.5, 10.75, 3.375], "texture": "#2"},
				"south": {"uv": [11, 12, 11.125, 12.875], "texture": "#2"},
				"west": {"uv": [3, 10.5, 3.25, 11.375], "texture": "#2"},
				"up": {"uv": [13.625, 12.25, 13.5, 12], "texture": "#2"},
				"down": {"uv": [12.625, 13.5, 12.5, 13.75], "texture": "#2"}
			}
		},
		{
			"from": [8.55355, 11.68787, 7.8],
			"to": [8.65355, 12.08787, 8.2],
			"rotation": {"angle": 0, "axis": "y", "origin": [0.25355, -0.91213, 0.3]},
			"faces": {
				"north": {"uv": [13.5, 12.5, 13.625, 12.75], "texture": "#2"},
				"east": {"uv": [12.5, 10.5, 12.75, 10.75], "texture": "#2"},
				"south": {"uv": [13, 13.5, 13.125, 13.75], "texture": "#2"},
				"west": {"uv": [12.5, 11, 12.75, 11.25], "texture": "#2"},
				"up": {"uv": [13.625, 13.25, 13.5, 13], "texture": "#2"},
				"down": {"uv": [13.625, 13.5, 13.5, 13.75], "texture": "#2"}
			}
		},
		{
			"from": [9.61549, 9.69653, 7.8],
			"to": [9.71549, 11.49653, 8.2],
			"rotation": {"angle": 0, "axis": "y", "origin": [0.21549, -0.90347, 0.3]},
			"faces": {
				"north": {"uv": [11.5, 12, 11.625, 12.875], "texture": "#2"},
				"east": {"uv": [3.5, 10.5, 3.75, 11.375], "texture": "#2"},
				"south": {"uv": [12, 11.5, 12.125, 12.375], "texture": "#2"},
				"west": {"uv": [10.5, 3.5, 10.75, 4.375], "texture": "#2"},
				"up": {"uv": [0.125, 14.25, 0, 14], "texture": "#2"},
				"down": {"uv": [14.125, 0, 14, 0.25], "texture": "#2"}
			}
		},
		{
			"from": [9.01549, 11.49653, 7.8],
			"to": [9.71549, 11.59653, 8.2],
			"rotation": {"angle": 0, "axis": "y", "origin": [0.21549, -0.90347, 0.3]},
			"faces": {
				"north": {"uv": [9, 13, 9.375, 13.125], "texture": "#2"},
				"east": {"uv": [0.5, 14, 0.75, 14.125], "texture": "#2"},
				"south": {"uv": [13, 9, 13.375, 9.125], "texture": "#2"},
				"west": {"uv": [14, 0.5, 14.25, 0.625], "texture": "#2"},
				"up": {"uv": [0.375, 12.75, 0, 12.5], "texture": "#2"},
				"down": {"uv": [0.875, 12.5, 0.5, 12.75], "texture": "#2"}
			}
		},
		{
			"from": [14.98543, 2.15995, 7.8],
			"to": [15.08543, 2.55995, 8.2],
			"rotation": {"angle": 45, "axis": "z", "origin": [-0.11457, -0.64005, 0.3]},
			"faces": {
				"north": {"uv": [1, 14, 1.125, 14.25], "texture": "#2"},
				"east": {"uv": [12.5, 11.5, 12.75, 11.75], "texture": "#2"},
				"south": {"uv": [14, 1, 14.125, 1.25], "texture": "#2"},
				"west": {"uv": [12, 12.5, 12.25, 12.75], "texture": "#2"},
				"up": {"uv": [1.625, 14.25, 1.5, 14], "texture": "#2"},
				"down": {"uv": [14.125, 1.5, 14, 1.75], "texture": "#2"}
			}
		},
		{
			"from": [3.07952, 14.36802, 7.8],
			"to": [3.57952, 14.46802, 8.2],
			"rotation": {"angle": -22.5, "axis": "z", "origin": [-0.92048, -0.73198, 0.3]},
			"faces": {
				"north": {"uv": [2, 14, 2.25, 14.125], "texture": "#2"},
				"east": {"uv": [14, 2, 14.25, 2.125], "texture": "#2"},
				"south": {"uv": [2.5, 14, 2.75, 14.125], "texture": "#2"},
				"west": {"uv": [14, 2.5, 14.25, 2.625], "texture": "#2"},
				"up": {"uv": [12.75, 12.25, 12.5, 12], "texture": "#2"},
				"down": {"uv": [12.75, 12.5, 12.5, 12.75], "texture": "#2"}
			}
		},
		{
			"name": "hexadecagon",
			"from": [7.68174, 7.2, 6.4],
			"to": [8.31826, 7.5, 9.6],
			"rotation": {"angle": -45, "axis": "y", "origin": [8, 7.8, 8]},
			"faces": {
				"north": {"uv": [9.5, 13, 9.875, 13.125], "texture": "#2"},
				"east": {"uv": [4, 10.5, 5.625, 10.625], "texture": "#2"},
				"south": {"uv": [13, 9.5, 13.375, 9.625], "texture": "#2"},
				"west": {"uv": [10.5, 4.5, 12.125, 4.625], "texture": "#2"},
				"up": {"uv": [3.375, 7.625, 3, 6], "texture": "#2"},
				"down": {"uv": [3.875, 6, 3.5, 7.625], "texture": "#2"}
			}
		},
		{
			"name": "hexadecagon",
			"from": [7.68174, 7.3, 6.4],
			"to": [8.31826, 7.5, 9.6],
			"rotation": {"angle": -22.5, "axis": "y", "origin": [8, 7.8, 8]},
			"faces": {
				"north": {"uv": [10, 13, 10.375, 13.125], "texture": "#2"},
				"east": {"uv": [10.5, 5, 12.125, 5.125], "texture": "#2"},
				"south": {"uv": [13, 10, 13.375, 10.125], "texture": "#2"},
				"west": {"uv": [10.5, 5.5, 12.125, 5.625], "texture": "#2"},
				"up": {"uv": [4.375, 7.625, 4, 6], "texture": "#2"},
				"down": {"uv": [6.375, 4, 6, 5.625], "texture": "#2"}
			}
		},
		{
			"name": "hexadecagon",
			"from": [7.68174, 7.2, 6.4],
			"to": [8.31826, 7.5, 9.6],
			"rotation": {"angle": 0, "axis": "y", "origin": [8, 7.8, 8]},
			"faces": {
				"north": {"uv": [10.5, 13, 10.875, 13.125], "texture": "#2"},
				"east": {"uv": [10.5, 6, 12.125, 6.125], "texture": "#2"},
				"south": {"uv": [13, 10.5, 13.375, 10.625], "texture": "#2"},
				"west": {"uv": [10.5, 6.5, 12.125, 6.625], "texture": "#2"},
				"up": {"uv": [4.875, 7.625, 4.5, 6], "texture": "#2"},
				"down": {"uv": [5.375, 6, 5, 7.625], "texture": "#2"}
			}
		},
		{
			"name": "hexadecagon",
			"from": [7.68174, 7.3, 6.4],
			"to": [8.31826, 7.5, 9.6],
			"rotation": {"angle": 22.5, "axis": "y", "origin": [8, 7.8, 8]},
			"faces": {
				"north": {"uv": [11, 13, 11.375, 13.125], "texture": "#2"},
				"east": {"uv": [10.5, 7, 12.125, 7.125], "texture": "#2"},
				"south": {"uv": [13, 11, 13.375, 11.125], "texture": "#2"},
				"west": {"uv": [10.5, 7.5, 12.125, 7.625], "texture": "#2"},
				"up": {"uv": [5.875, 7.625, 5.5, 6], "texture": "#2"},
				"down": {"uv": [6.375, 6, 6, 7.625], "texture": "#2"}
			}
		},
		{
			"name": "hexadecagon",
			"from": [7.68174, 7.2, 6.4],
			"to": [8.31826, 7.5, 9.6],
			"rotation": {"angle": 45, "axis": "y", "origin": [8, 7.8, 8]},
			"faces": {
				"north": {"uv": [11.5, 13, 11.875, 13.125], "texture": "#2"},
				"east": {"uv": [10.5, 8, 12.125, 8.125], "texture": "#2"},
				"south": {"uv": [13, 11.5, 13.375, 11.625], "texture": "#2"},
				"west": {"uv": [10.5, 8.5, 12.125, 8.625], "texture": "#2"},
				"up": {"uv": [6.875, 5.625, 6.5, 4], "texture": "#2"},
				"down": {"uv": [6.875, 6, 6.5, 7.625], "texture": "#2"}
			}
		},
		{
			"name": "hexadecagon",
			"from": [6.4, 7.3, 7.68174],
			"to": [9.6, 7.5, 8.31826],
			"rotation": {"angle": -22.5, "axis": "y", "origin": [8, 7.8, 8]},
			"faces": {
				"north": {"uv": [10.5, 9, 12.125, 9.125], "texture": "#2"},
				"east": {"uv": [12, 13, 12.375, 13.125], "texture": "#2"},
				"south": {"uv": [10.5, 9.5, 12.125, 9.625], "texture": "#2"},
				"west": {"uv": [13, 12, 13.375, 12.125], "texture": "#2"},
				"up": {"uv": [8.625, 4.375, 7, 4], "texture": "#2"},
				"down": {"uv": [8.625, 4.5, 7, 4.875], "texture": "#2"}
			}
		},
		{
			"name": "hexadecagon",
			"from": [6.4, 7.2, 7.68174],
			"to": [9.6, 7.5, 8.31826],
			"rotation": {"angle": 0, "axis": "y", "origin": [8, 7.8, 8]},
			"faces": {
				"north": {"uv": [10, 10.5, 11.625, 10.625], "texture": "#2"},
				"east": {"uv": [12.5, 13, 12.875, 13.125], "texture": "#2"},
				"south": {"uv": [10.5, 10, 12.125, 10.125], "texture": "#2"},
				"west": {"uv": [13, 12.5, 13.375, 12.625], "texture": "#2"},
				"up": {"uv": [8.625, 5.375, 7, 5], "texture": "#2"},
				"down": {"uv": [8.625, 5.5, 7, 5.875], "texture": "#2"}
			}
		},
		{
			"name": "hexadecagon",
			"from": [6.4, 7.3, 7.68174],
			"to": [9.6, 7.5, 8.31826],
			"rotation": {"angle": 22.5, "axis": "y", "origin": [8, 7.8, 8]},
			"faces": {
				"north": {"uv": [11, 1.5, 12.625, 1.625], "texture": "#2"},
				"east": {"uv": [13, 13, 13.375, 13.125], "texture": "#2"},
				"south": {"uv": [11, 2.5, 12.625, 2.625], "texture": "#2"},
				"west": {"uv": [0, 13.5, 0.375, 13.625], "texture": "#2"},
				"up": {"uv": [8.625, 6.375, 7, 6], "texture": "#2"},
				"down": {"uv": [8.625, 6.5, 7, 6.875], "texture": "#2"}
			}
		},
		{
			"name": "hexadecagon",
			"from": [7.68174, 11.2, 6.4],
			"to": [8.31826, 11.4, 9.6],
			"rotation": {"angle": -45, "axis": "y", "origin": [8, 11.7, 8]},
			"faces": {
				"north": {"uv": [13.5, 0, 13.875, 0.125], "texture": "#2"},
				"east": {"uv": [11, 3, 12.625, 3.125], "texture": "#2"},
				"south": {"uv": [0.5, 13.5, 0.875, 13.625], "texture": "#2"},
				"west": {"uv": [11, 3.5, 12.625, 3.625], "texture": "#2"},
				"up": {"uv": [7.375, 8.625, 7, 7], "texture": "#2"},
				"down": {"uv": [7.875, 0, 7.5, 1.625], "texture": "#2"}
			}
		},
		{
			"name": "hexadecagon",
			"from": [7.68174, 11.2, 6.4],
			"to": [8.31826, 11.5, 9.6],
			"rotation": {"angle": -22.5, "axis": "y", "origin": [8, 11.7, 8]},
			"faces": {
				"north": {"uv": [13.5, 0.5, 13.875, 0.625], "texture": "#2"},
				"east": {"uv": [4, 11, 5.625, 11.125], "texture": "#2"},
				"south": {"uv": [1, 13.5, 1.375, 13.625], "texture": "#2"},
				"west": {"uv": [11, 4, 12.625, 4.125], "texture": "#2"},
				"up": {"uv": [7.875, 3.625, 7.5, 2], "texture": "#2"},
				"down": {"uv": [7.875, 7, 7.5, 8.625], "texture": "#2"}
			}
		},
		{
			"name": "hexadecagon",
			"from": [7.68174, 11.2, 6.4],
			"to": [8.31826, 11.4, 9.6],
			"rotation": {"angle": 0, "axis": "y", "origin": [8, 11.7, 8]},
			"faces": {
				"north": {"uv": [13.5, 1, 13.875, 1.125], "texture": "#2"},
				"east": {"uv": [6, 11, 7.625, 11.125], "texture": "#2"},
				"south": {"uv": [1.5, 13.5, 1.875, 13.625], "texture": "#2"},
				"west": {"uv": [8, 11, 9.625, 11.125], "texture": "#2"},
				"up": {"uv": [0.375, 9.625, 0, 8], "texture": "#2"},
				"down": {"uv": [8.375, 0, 8, 1.625], "texture": "#2"}
			}
		},
		{
			"name": "hexadecagon",
			"from": [7.68174, 11.2, 6.4],
			"to": [8.31826, 11.5, 9.6],
			"rotation": {"angle": 22.5, "axis": "y", "origin": [8, 11.7, 8]},
			"faces": {
				"north": {"uv": [13.5, 1.5, 13.875, 1.625], "texture": "#2"},
				"east": {"uv": [10, 11, 11.625, 11.125], "texture": "#2"},
				"south": {"uv": [2, 13.5, 2.375, 13.625], "texture": "#2"},
				"west": {"uv": [0, 11.5, 1.625, 11.625], "texture": "#2"},
				"up": {"uv": [0.875, 9.625, 0.5, 8], "texture": "#2"},
				"down": {"uv": [1.375, 8, 1, 9.625], "texture": "#2"}
			}
		},
		{
			"name": "hexadecagon",
			"from": [7.68174, 11.2, 6.4],
			"to": [8.31826, 11.4, 9.6],
			"rotation": {"angle": 45, "axis": "y", "origin": [8, 11.7, 8]},
			"faces": {
				"north": {"uv": [13.5, 2, 13.875, 2.125], "texture": "#2"},
				"east": {"uv": [11.5, 0, 13.125, 0.125], "texture": "#2"},
				"south": {"uv": [2.5, 13.5, 2.875, 13.625], "texture": "#2"},
				"west": {"uv": [11.5, 0.5, 13.125, 0.625], "texture": "#2"},
				"up": {"uv": [1.875, 9.625, 1.5, 8], "texture": "#2"},
				"down": {"uv": [2.375, 8, 2, 9.625], "texture": "#2"}
			}
		},
		{
			"name": "hexadecagon",
			"from": [6.4, 11.2, 7.68174],
			"to": [9.6, 11.5, 8.31826],
			"rotation": {"angle": -22.5, "axis": "y", "origin": [8, 11.7, 8]},
			"faces": {
				"north": {"uv": [11.5, 1, 13.125, 1.125], "texture": "#2"},
				"east": {"uv": [13.5, 2.5, 13.875, 2.625], "texture": "#2"},
				"south": {"uv": [2, 11.5, 3.625, 11.625], "texture": "#2"},
				"west": {"uv": [3, 13.5, 3.375, 13.625], "texture": "#2"},
				"up": {"uv": [9.625, 2.375, 8, 2], "texture": "#2"},
				"down": {"uv": [4.125, 8, 2.5, 8.375], "texture": "#2"}
			}
		},
		{
			"name": "hexadecagon",
			"from": [6.4, 11.2, 7.68174],
			"to": [9.6, 11.4, 8.31826],
			"rotation": {"angle": 0, "axis": "y", "origin": [8, 11.7, 8]},
			"faces": {
				"north": {"uv": [11.5, 2, 13.125, 2.125], "texture": "#2"},
				"east": {"uv": [13.5, 3, 13.875, 3.125], "texture": "#2"},
				"south": {"uv": [4, 11.5, 5.625, 11.625], "texture": "#2"},
				"west": {"uv": [3.5, 13.5, 3.875, 13.625], "texture": "#2"},
				"up": {"uv": [9.625, 2.875, 8, 2.5], "texture": "#2"},
				"down": {"uv": [9.625, 3, 8, 3.375], "texture": "#2"}
			}
		},
		{
			"name": "hexadecagon",
			"from": [6.4, 11.2, 7.68174],
			"to": [9.6, 11.5, 8.31826],
			"rotation": {"angle": 22.5, "axis": "y", "origin": [8, 11.7, 8]},
			"faces": {
				"north": {"uv": [6, 11.5, 7.625, 11.625], "texture": "#2"},
				"east": {"uv": [13.5, 3.5, 13.875, 3.625], "texture": "#2"},
				"south": {"uv": [8, 11.5, 9.625, 11.625], "texture": "#2"},
				"west": {"uv": [4, 13.5, 4.375, 13.625], "texture": "#2"},
				"up": {"uv": [9.625, 3.875, 8, 3.5], "texture": "#2"},
				"down": {"uv": [6.125, 8, 4.5, 8.375], "texture": "#2"}
			}
		}
	],
	"gui_light": "front",
	"display": {
		"thirdperson_righthand": {
			"rotation": [54, 0, 0],
			"translation": [0, -0.5, -1]
		},
		"thirdperson_lefthand": {
			"rotation": [54, 0, 0],
			"translation": [0, -0.5, -1]
		},
		"firstperson_righthand": {
			"translation": [3.25, 1, 0.75]
		},
		"firstperson_lefthand": {
			"translation": [3.25, 1.5, 0]
		},
		"ground": {
			"rotation": [90, 0, 0],
			"translation": [0, -2.25, -0.75]
		},
		"gui": {
			"rotation": [27, 80, 7],
			"translation": [0.25, -3.5, 0],
			"scale": [1.5, 1.5, 1.5]
		}
	},
	"groups": [
		{
			"name": "hexadecagon",
			"origin": [8, 8, 8],
			"color": 0,
			"children": [0, 1, 2, 3, 4, 5, 6, 7]
		},
		{
			"name": "hexadecagon",
			"origin": [8, 8, 8],
			"color": 0,
			"children": []
		},
		{
			"name": "hexadecagon",
			"origin": [8, 8, 8],
			"color": 0,
			"children": [8, 9, 10, 11, 12, 13, 14, 15]
		},
		{
			"name": "hexadecagon",
			"origin": [8, 8, 8],
			"color": 0,
			"children": [16, 17, 18, 19, 20, 21, 22, 23]
		},
		{
			"name": "hexadecagon",
			"origin": [8, 8, 8],
			"color": 0,
			"children": [24, 25, 26, 27, 28, 29, 30, 31]
		},
		{
			"name": "hexadecagon",
			"origin": [8, 8, 8],
			"color": 0,
			"children": [32, 33, 34, 35, 36, 37, 38, 39, 40, 41, 42, 43, 44, 45, 46, 47, 48, 49, 50, 51, 52, 53, 54]
		},
		{
			"name": "hexadecagon",
			"origin": [8, 8, 8],
			"color": 0,
			"children": [55, 56, 57, 58, 59, 60, 61, 62]
		},
		{
			"name": "hexadecagon",
			"origin": [8, 8, 8],
			"color": 0,
			"children": [63, 64, 65, 66, 67, 68, 69, 70]
		}
	]
}