{
	"credit": "Made with Blockbench",
	"texture_size": [64, 64],
	"textures": {
		"0": "item/misc/stielhand-grenade",
		"particle": "item/misc/stielhand-grenade"
	},
	"elements": [
		{
			"name": "hexadecagon",
			"from": [7.90054, 11.2, 7.5],
			"to": [8.09946, 14.4, 8.5],
			"rotation": {"angle": -45, "axis": "y", "origin": [8, 8, 8]},
			"faces": {
				"north": {"uv": [4.258, 6.008, 4.3125, 6.8125], "texture": "#0"},
				"east": {"uv": [0.008, 4.008, 0.242, 4.8125], "texture": "#0"},
				"south": {"uv": [4.508, 6.008, 4.5625, 6.8125], "texture": "#0"},
				"west": {"uv": [4.008, 0.008, 4.242, 0.8125], "texture": "#0"},
				"up": {"uv": [1.8125, 7.242, 1.758, 7.008], "texture": "#0"},
				"down": {"uv": [2.0625, 7.008, 2.008, 7.242], "texture": "#0"}
			}
		},
		{
			"name": "hexadecagon",
			"from": [7.90054, 11.2, 7.5],
			"to": [8.09946, 14.4, 8.5],
			"rotation": {"angle": -22.5, "axis": "y", "origin": [8, 8, 8]},
			"faces": {
				"north": {"uv": [4.758, 6.008, 4.8125, 6.8125], "texture": "#0"},
				"east": {"uv": [0.258, 4.008, 0.492, 4.8125], "texture": "#0"},
				"south": {"uv": [6.008, 4.758, 6.0625, 5.5625], "texture": "#0"},
				"west": {"uv": [0.508, 4.008, 0.742, 4.8125], "texture": "#0"},
				"up": {"uv": [6.8125, 7.242, 6.758, 7.008], "texture": "#0"},
				"down": {"uv": [7.0625, 6.758, 7.008, 6.992], "texture": "#0"}
			}
		},
		{
			"name": "hexadecagon",
			"from": [7.90054, 11.2, 7.5],
			"to": [8.09946, 14.4, 8.5],
			"rotation": {"angle": 0, "axis": "y", "origin": [8, 8, 8]},
			"faces": {
				"north": {"uv": [5.008, 6.008, 5.0625, 6.8125], "texture": "#0"},
				"east": {"uv": [0.758, 4.008, 0.992, 4.8125], "texture": "#0"},
				"south": {"uv": [5.258, 6.008, 5.3125, 6.8125], "texture": "#0"},
				"west": {"uv": [1.008, 4.008, 1.242, 4.8125], "texture": "#0"},
				"up": {"uv": [7.0625, 7.242, 7.008, 7.008], "texture": "#0"},
				"down": {"uv": [0.0625, 7.258, 0.008, 7.492], "texture": "#0"}
			}
		},
		{
			"name": "hexadecagon",
			"from": [7.90054, 11.2, 7.5],
			"to": [8.09946, 14.4, 8.5],
			"rotation": {"angle": 22.5, "axis": "y", "origin": [8, 8, 8]},
			"faces": {
				"north": {"uv": [5.508, 6.008, 5.5625, 6.8125], "texture": "#0"},
				"east": {"uv": [4.008, 1.008, 4.242, 1.8125], "texture": "#0"},
				"south": {"uv": [6.008, 5.758, 6.0625, 6.5625], "texture": "#0"},
				"west": {"uv": [1.258, 4.008, 1.492, 4.8125], "texture": "#0"},
				"up": {"uv": [7.3125, 0.242, 7.258, 0.008], "texture": "#0"},
				"down": {"uv": [0.3125, 7.258, 0.258, 7.492], "texture": "#0"}
			}
		},
		{
			"name": "hexadecagon",
			"from": [7.90054, 11.2, 7.5],
			"to": [8.09946, 14.4, 8.5],
			"rotation": {"angle": 45, "axis": "y", "origin": [8, 8, 8]},
			"faces": {
				"north": {"uv": [6.258, 0.008, 6.3125, 0.8125], "texture": "#0"},
				"east": {"uv": [1.508, 4.008, 1.742, 4.8125], "texture": "#0"},
				"south": {"uv": [6.258, 1.008, 6.3125, 1.8125], "texture": "#0"},
				"west": {"uv": [1.758, 4.008, 1.992, 4.8125], "texture": "#0"},
				"up": {"uv": [0.5625, 7.492, 0.508, 7.258], "texture": "#0"},
				"down": {"uv": [0.8125, 7.258, 0.758, 7.492], "texture": "#0"}
			}
		},
		{
			"name": "hexadecagon",
			"from": [7.5, 11.2, 7.90054],
			"to": [8.5, 14.4, 8.09946],
			"rotation": {"angle": -22.5, "axis": "y", "origin": [8, 8, 8]},
			"faces": {
				"north": {"uv": [2.008, 4.008, 2.242, 4.8125], "texture": "#0"},
				"east": {"uv": [6.258, 2.008, 6.3125, 2.8125], "texture": "#0"},
				"south": {"uv": [4.008, 2.008, 4.242, 2.8125], "texture": "#0"},
				"west": {"uv": [6.258, 4.758, 6.3125, 5.5625], "texture": "#0"},
				"up": {"uv": [1.242, 7.3125, 1.008, 7.258], "texture": "#0"},
				"down": {"uv": [1.492, 7.258, 1.258, 7.3125], "texture": "#0"}
			}
		},
		{
			"name": "hexadecagon",
			"from": [7.5, 11.2, 7.90054],
			"to": [8.5, 14.4, 8.09946],
			"rotation": {"angle": 0, "axis": "y", "origin": [8, 8, 8]},
			"faces": {
				"north": {"uv": [2.258, 4.008, 2.492, 4.8125], "texture": "#0"},
				"east": {"uv": [6.258, 5.758, 6.3125, 6.5625], "texture": "#0"},
				"south": {"uv": [2.508, 4.008, 2.742, 4.8125], "texture": "#0"},
				"west": {"uv": [6.508, 0.008, 6.5625, 0.8125], "texture": "#0"},
				"up": {"uv": [1.742, 7.3125, 1.508, 7.258], "texture": "#0"},
				"down": {"uv": [1.992, 7.258, 1.758, 7.3125], "texture": "#0"}
			}
		},
		{
			"name": "hexadecagon",
			"from": [7.5, 11.2, 7.90054],
			"to": [8.5, 14.4, 8.09946],
			"rotation": {"angle": 22.5, "axis": "y", "origin": [8, 8, 8]},
			"faces": {
				"north": {"uv": [2.758, 4.008, 2.992, 4.8125], "texture": "#0"},
				"east": {"uv": [6.508, 1.008, 6.5625, 1.8125], "texture": "#0"},
				"south": {"uv": [3.008, 4.008, 3.242, 4.8125], "texture": "#0"},
				"west": {"uv": [6.508, 2.008, 6.5625, 2.8125], "texture": "#0"},
				"up": {"uv": [2.242, 7.3125, 2.008, 7.258], "texture": "#0"},
				"down": {"uv": [3.492, 7.258, 3.258, 7.3125], "texture": "#0"}
			}
		},
		{
			"name": "hexadecagon",
			"from": [7.70163, 14.4, 6.5],
			"to": [8.29837, 18.5, 9.5],
			"rotation": {"angle": -45, "axis": "y", "origin": [8, 14.9, 8]},
			"faces": {
				"north": {"uv": [4.758, 1.008, 4.875, 1.992], "texture": "#0"},
				"east": {"uv": [0.008, 0.008, 0.742, 0.992], "texture": "#0"},
				"south": {"uv": [4.758, 2.008, 4.875, 2.992], "texture": "#0"},
				"west": {"uv": [0.758, 0.008, 1.492, 0.992], "texture": "#0"},
				"up": {"uv": [2.375, 5.742, 2.258, 5.008], "texture": "#0"},
				"down": {"uv": [2.625, 5.008, 2.508, 5.742], "texture": "#0"}
			}
		},
		{
			"name": "hexadecagon",
			"from": [7.70163, 14.4, 6.5],
			"to": [8.29837, 18.4, 9.5],
			"rotation": {"angle": -22.5, "axis": "y", "origin": [8, 14.9, 8]},
			"faces": {
				"north": {"uv": [4.758, 3.008, 4.875, 3.992], "texture": "#0"},
				"east": {"uv": [0.008, 1.008, 0.742, 1.992], "texture": "#0"},
				"south": {"uv": [4.758, 4.008, 4.875, 4.992], "texture": "#0"},
				"west": {"uv": [0.758, 1.008, 1.492, 1.992], "texture": "#0"},
				"up": {"uv": [2.875, 5.742, 2.758, 5.008], "texture": "#0"},
				"down": {"uv": [3.125, 5.008, 3.008, 5.742], "texture": "#0"}
			}
		},
		{
			"name": "hexadecagon",
			"from": [7.70163, 14.4, 6.5],
			"to": [8.29837, 18.5, 9.5],
			"rotation": {"angle": 0, "axis": "y", "origin": [8, 14.9, 8]},
			"faces": {
				"north": {"uv": [0.008, 5.008, 0.125, 5.992], "texture": "#0"},
				"east": {"uv": [1.508, 0.008, 2.242, 0.992], "texture": "#0"},
				"south": {"uv": [5.008, 0.008, 5.125, 0.992], "texture": "#0"},
				"west": {"uv": [1.508, 1.008, 2.242, 1.992], "texture": "#0"},
				"up": {"uv": [5.125, 3.742, 5.008, 3.008], "texture": "#0"},
				"down": {"uv": [3.375, 5.008, 3.258, 5.742], "texture": "#0"}
			}
		},
		{
			"name": "hexadecagon",
			"from": [7.70163, 14.4, 6.5],
			"to": [8.29837, 18.4, 9.5],
			"rotation": {"angle": 22.5, "axis": "y", "origin": [8, 14.9, 8]},
			"faces": {
				"north": {"uv": [0.258, 5.008, 0.375, 5.992], "texture": "#0"},
				"east": {"uv": [0.008, 2.008, 0.742, 2.992], "texture": "#0"},
				"south": {"uv": [0.508, 5.008, 0.625, 5.992], "texture": "#0"},
				"west": {"uv": [0.758, 2.008, 1.492, 2.992], "texture": "#0"},
				"up": {"uv": [3.625, 5.742, 3.508, 5.008], "texture": "#0"},
				"down": {"uv": [3.875, 5.008, 3.758, 5.742], "texture": "#0"}
			}
		},
		{
			"name": "hexadecagon",
			"from": [7.70163, 14.4, 6.5],
			"to": [8.29837, 18.5, 9.5],
			"rotation": {"angle": 45, "axis": "y", "origin": [8, 14.9, 8]},
			"faces": {
				"north": {"uv": [0.758, 5.008, 0.875, 5.992], "texture": "#0"},
				"east": {"uv": [1.508, 2.008, 2.242, 2.992], "texture": "#0"},
				"south": {"uv": [1.008, 5.008, 1.125, 5.992], "texture": "#0"},
				"west": {"uv": [2.258, 0.008, 2.992, 0.992], "texture": "#0"},
				"up": {"uv": [5.125, 4.492, 5.008, 3.758], "texture": "#0"},
				"down": {"uv": [4.125, 5.008, 4.008, 5.742], "texture": "#0"}
			}
		},
		{
			"name": "hexadecagon",
			"from": [6.5, 14.4, 7.70163],
			"to": [9.5, 18.4, 8.29837],
			"rotation": {"angle": -22.5, "axis": "y", "origin": [8, 14.9, 8]},
			"faces": {
				"north": {"uv": [2.258, 1.008, 2.992, 1.992], "texture": "#0"},
				"east": {"uv": [5.008, 1.008, 5.125, 1.992], "texture": "#0"},
				"south": {"uv": [2.258, 2.008, 2.992, 2.992], "texture": "#0"},
				"west": {"uv": [1.258, 5.008, 1.375, 5.992], "texture": "#0"},
				"up": {"uv": [4.992, 5.125, 4.258, 5.008], "texture": "#0"},
				"down": {"uv": [5.742, 4.508, 5.008, 4.625], "texture": "#0"}
			}
		},
		{
			"name": "hexadecagon",
			"from": [6.5, 14.4, 7.70163],
			"to": [9.5, 18.5, 8.29837],
			"rotation": {"angle": 0, "axis": "y", "origin": [8, 14.9, 8]},
			"faces": {
				"north": {"uv": [0.008, 3.008, 0.742, 3.992], "texture": "#0"},
				"east": {"uv": [1.508, 5.008, 1.625, 5.992], "texture": "#0"},
				"south": {"uv": [3.008, 0.008, 3.742, 0.992], "texture": "#0"},
				"west": {"uv": [1.758, 5.008, 1.875, 5.992], "texture": "#0"},
				"up": {"uv": [5.742, 4.875, 5.008, 4.758], "texture": "#0"},
				"down": {"uv": [5.742, 5.008, 5.008, 5.125], "texture": "#0"}
			}
		},
		{
			"name": "hexadecagon",
			"from": [6.5, 14.4, 7.70163],
			"to": [9.5, 18.4, 8.29837],
			"rotation": {"angle": 22.5, "axis": "y", "origin": [8, 14.9, 8]},
			"faces": {
				"north": {"uv": [0.758, 3.008, 1.492, 3.992], "texture": "#0"},
				"east": {"uv": [2.008, 5.008, 2.125, 5.992], "texture": "#0"},
				"south": {"uv": [3.008, 1.008, 3.742, 1.992], "texture": "#0"},
				"west": {"uv": [5.008, 2.008, 5.125, 2.992], "texture": "#0"},
				"up": {"uv": [5.992, 0.125, 5.258, 0.008], "texture": "#0"},
				"down": {"uv": [5.992, 0.258, 5.258, 0.375], "texture": "#0"}
			}
		},
		{
			"name": "hexadecagon",
			"from": [7.91049, 7.4, 7.55],
			"to": [8.08951, 11.2, 8.45],
			"rotation": {"angle": -45, "axis": "y", "origin": [8, 8, 8]},
			"faces": {
				"north": {"uv": [4.008, 5.758, 4.0625, 6.6875], "texture": "#0"},
				"east": {"uv": [1.508, 3.008, 1.742, 3.9375], "texture": "#0"},
				"south": {"uv": [5.758, 4.758, 5.8125, 5.6875], "texture": "#0"},
				"west": {"uv": [1.758, 3.008, 1.992, 3.9375], "texture": "#0"},
				"up": {"uv": [3.5625, 7.492, 3.508, 7.258], "texture": "#0"},
				"down": {"uv": [3.8125, 7.258, 3.758, 7.492], "texture": "#0"}
			}
		},
		{
			"name": "hexadecagon",
			"from": [7.91049, 7.4, 7.55],
			"to": [8.08951, 11.2, 8.45],
			"rotation": {"angle": -22.5, "axis": "y", "origin": [8, 8, 8]},
			"faces": {
				"north": {"uv": [5.758, 5.758, 5.8125, 6.6875], "texture": "#0"},
				"east": {"uv": [2.008, 3.008, 2.242, 3.9375], "texture": "#0"},
				"south": {"uv": [0.008, 6.008, 0.0625, 6.9375], "texture": "#0"},
				"west": {"uv": [3.008, 2.008, 3.242, 2.9375], "texture": "#0"},
				"up": {"uv": [4.3125, 7.492, 4.258, 7.258], "texture": "#0"},
				"down": {"uv": [4.5625, 7.258, 4.508, 7.492], "texture": "#0"}
			}
		},
		{
			"name": "hexadecagon",
			"from": [7.91049, 7.4, 7.55],
			"to": [8.08951, 11.2, 8.45],
			"rotation": {"angle": 0, "axis": "y", "origin": [8, 8, 8]},
			"faces": {
				"north": {"uv": [0.258, 6.008, 0.3125, 6.9375], "texture": "#0"},
				"east": {"uv": [2.258, 3.008, 2.492, 3.9375], "texture": "#0"},
				"south": {"uv": [0.508, 6.008, 0.5625, 6.9375], "texture": "#0"},
				"west": {"uv": [2.508, 3.008, 2.742, 3.9375], "texture": "#0"},
				"up": {"uv": [4.8125, 7.492, 4.758, 7.258], "texture": "#0"},
				"down": {"uv": [5.0625, 7.258, 5.008, 7.492], "texture": "#0"}
			}
		},
		{
			"name": "hexadecagon",
			"from": [7.91049, 7.4, 7.55],
			"to": [8.08951, 11.2, 8.45],
			"rotation": {"angle": 22.5, "axis": "y", "origin": [8, 8, 8]},
			"faces": {
				"north": {"uv": [0.758, 6.008, 0.8125, 6.9375], "texture": "#0"},
				"east": {"uv": [2.758, 3.008, 2.992, 3.9375], "texture": "#0"},
				"south": {"uv": [1.008, 6.008, 1.0625, 6.9375], "texture": "#0"},
				"west": {"uv": [3.008, 3.008, 3.242, 3.9375], "texture": "#0"},
				"up": {"uv": [5.3125, 7.492, 5.258, 7.258], "texture": "#0"},
				"down": {"uv": [5.5625, 7.258, 5.508, 7.492], "texture": "#0"}
			}
		},
		{
			"name": "hexadecagon",
			"from": [7.91049, 7.4, 7.55],
			"to": [8.08951, 11.2, 8.45],
			"rotation": {"angle": 45, "axis": "y", "origin": [8, 8, 8]},
			"faces": {
				"north": {"uv": [1.258, 6.008, 1.3125, 6.9375], "texture": "#0"},
				"east": {"uv": [3.258, 2.008, 3.492, 2.9375], "texture": "#0"},
				"south": {"uv": [1.508, 6.008, 1.5625, 6.9375], "texture": "#0"},
				"west": {"uv": [3.258, 3.008, 3.492, 3.9375], "texture": "#0"},
				"up": {"uv": [6.0625, 7.492, 6.008, 7.258], "texture": "#0"},
				"down": {"uv": [6.3125, 7.258, 6.258, 7.492], "texture": "#0"}
			}
		},
		{
			"name": "hexadecagon",
			"from": [7.55, 7.4, 7.91049],
			"to": [8.45, 11.2, 8.08951],
			"rotation": {"angle": -22.5, "axis": "y", "origin": [8, 8, 8]},
			"faces": {
				"north": {"uv": [3.508, 2.008, 3.742, 2.9375], "texture": "#0"},
				"east": {"uv": [1.758, 6.008, 1.8125, 6.9375], "texture": "#0"},
				"south": {"uv": [3.508, 3.008, 3.742, 3.9375], "texture": "#0"},
				"west": {"uv": [6.008, 1.758, 6.0625, 2.6875], "texture": "#0"},
				"up": {"uv": [6.742, 7.3125, 6.508, 7.258], "texture": "#0"},
				"down": {"uv": [6.992, 7.258, 6.758, 7.3125], "texture": "#0"}
			}
		},
		{
			"name": "hexadecagon",
			"from": [7.55, 7.4, 7.91049],
			"to": [8.45, 11.2, 8.08951],
			"rotation": {"angle": 0, "axis": "y", "origin": [8, 8, 8]},
			"faces": {
				"north": {"uv": [3.758, 0.008, 3.992, 0.9375], "texture": "#0"},
				"east": {"uv": [2.008, 6.008, 2.0625, 6.9375], "texture": "#0"},
				"south": {"uv": [3.758, 1.008, 3.992, 1.9375], "texture": "#0"},
				"west": {"uv": [3.258, 6.008, 3.3125, 6.9375], "texture": "#0"},
				"up": {"uv": [7.492, 6.8125, 7.258, 6.758], "texture": "#0"},
				"down": {"uv": [7.242, 7.258, 7.008, 7.3125], "texture": "#0"}
			}
		},
		{
			"name": "hexadecagon",
			"from": [7.55, 7.4, 7.91049],
			"to": [8.45, 11.2, 8.08951],
			"rotation": {"angle": 22.5, "axis": "y", "origin": [8, 8, 8]},
			"faces": {
				"north": {"uv": [3.758, 2.008, 3.992, 2.9375], "texture": "#0"},
				"east": {"uv": [3.508, 6.008, 3.5625, 6.9375], "texture": "#0"},
				"south": {"uv": [3.758, 3.008, 3.992, 3.9375], "texture": "#0"},
				"west": {"uv": [3.758, 6.008, 3.8125, 6.9375], "texture": "#0"},
				"up": {"uv": [7.492, 7.0625, 7.258, 7.008], "texture": "#0"},
				"down": {"uv": [7.492, 7.258, 7.258, 7.3125], "texture": "#0"}
			}
		},
		{
			"name": "hexadecagon",
			"from": [7.90054, 4.2, 7.5],
			"to": [8.09946, 7.4, 8.5],
			"rotation": {"angle": -45, "axis": "y", "origin": [8, 1, 8]},
			"faces": {
				"north": {"uv": [2.258, 6.508, 2.3125, 7.3125], "texture": "#0"},
				"east": {"uv": [4.008, 3.008, 4.242, 3.8125], "texture": "#0"},
				"south": {"uv": [2.508, 6.508, 2.5625, 7.3125], "texture": "#0"},
				"west": {"uv": [3.258, 4.008, 3.492, 4.8125], "texture": "#0"},
				"up": {"uv": [0.0625, 7.742, 0.008, 7.508], "texture": "#0"},
				"down": {"uv": [7.5625, 0.008, 7.508, 0.242], "texture": "#0"}
			}
		},
		{
			"name": "hexadecagon",
			"from": [7.90054, 4.2, 7.5],
			"to": [8.09946, 7.4, 8.5],
			"rotation": {"angle": -22.5, "axis": "y", "origin": [8, 1, 8]},
			"faces": {
				"north": {"uv": [2.758, 6.508, 2.8125, 7.3125], "texture": "#0"},
				"east": {"uv": [3.508, 4.008, 3.742, 4.8125], "texture": "#0"},
				"south": {"uv": [3.008, 6.508, 3.0625, 7.3125], "texture": "#0"},
				"west": {"uv": [3.758, 4.008, 3.992, 4.8125], "texture": "#0"},
				"up": {"uv": [0.3125, 7.742, 0.258, 7.508], "texture": "#0"},
				"down": {"uv": [0.5625, 7.508, 0.508, 7.742], "texture": "#0"}
			}
		},
		{
			"name": "hexadecagon",
			"from": [7.90054, 4.2, 7.5],
			"to": [8.09946, 7.4, 8.5],
			"rotation": {"angle": 0, "axis": "y", "origin": [8, 1, 8]},
			"faces": {
				"north": {"uv": [6.508, 3.008, 6.5625, 3.8125], "texture": "#0"},
				"east": {"uv": [4.008, 4.008, 4.242, 4.8125], "texture": "#0"},
				"south": {"uv": [6.508, 4.008, 6.5625, 4.8125], "texture": "#0"},
				"west": {"uv": [4.258, 0.008, 4.492, 0.8125], "texture": "#0"},
				"up": {"uv": [0.8125, 7.742, 0.758, 7.508], "texture": "#0"},
				"down": {"uv": [1.0625, 7.508, 1.008, 7.742], "texture": "#0"}
			}
		},
		{
			"name": "hexadecagon",
			"from": [7.90054, 4.2, 7.5],
			"to": [8.09946, 7.4, 8.5],
			"rotation": {"angle": 22.5, "axis": "y", "origin": [8, 1, 8]},
			"faces": {
				"north": {"uv": [6.508, 5.008, 6.5625, 5.8125], "texture": "#0"},
				"east": {"uv": [4.258, 1.008, 4.492, 1.8125], "texture": "#0"},
				"south": {"uv": [6.508, 6.008, 6.5625, 6.8125], "texture": "#0"},
				"west": {"uv": [4.258, 2.008, 4.492, 2.8125], "texture": "#0"},
				"up": {"uv": [1.3125, 7.742, 1.258, 7.508], "texture": "#0"},
				"down": {"uv": [1.5625, 7.508, 1.508, 7.742], "texture": "#0"}
			}
		},
		{
			"name": "hexadecagon",
			"from": [7.90054, 4.2, 7.5],
			"to": [8.09946, 7.4, 8.5],
			"rotation": {"angle": 45, "axis": "y", "origin": [8, 1, 8]},
			"faces": {
				"north": {"uv": [6.758, 0.008, 6.8125, 0.8125], "texture": "#0"},
				"east": {"uv": [4.258, 3.008, 4.492, 3.8125], "texture": "#0"},
				"south": {"uv": [6.758, 1.008, 6.8125, 1.8125], "texture": "#0"},
				"west": {"uv": [4.258, 4.008, 4.492, 4.8125], "texture": "#0"},
				"up": {"uv": [1.8125, 7.742, 1.758, 7.508], "texture": "#0"},
				"down": {"uv": [2.0625, 7.508, 2.008, 7.742], "texture": "#0"}
			}
		},
		{
			"name": "hexadecagon",
			"from": [7.5, 4.2, 7.90054],
			"to": [8.5, 7.4, 8.09946],
			"rotation": {"angle": -22.5, "axis": "y", "origin": [8, 1, 8]},
			"faces": {
				"north": {"uv": [4.508, 0.008, 4.742, 0.8125], "texture": "#0"},
				"east": {"uv": [6.758, 2.008, 6.8125, 2.8125], "texture": "#0"},
				"south": {"uv": [4.508, 1.008, 4.742, 1.8125], "texture": "#0"},
				"west": {"uv": [6.758, 3.008, 6.8125, 3.8125], "texture": "#0"},
				"up": {"uv": [2.492, 7.5625, 2.258, 7.508], "texture": "#0"},
				"down": {"uv": [2.742, 7.508, 2.508, 7.5625], "texture": "#0"}
			}
		},
		{
			"name": "hexadecagon",
			"from": [7.5, 4.2, 7.90054],
			"to": [8.5, 7.4, 8.09946],
			"rotation": {"angle": 0, "axis": "y", "origin": [8, 1, 8]},
			"faces": {
				"north": {"uv": [4.508, 2.008, 4.742, 2.8125], "texture": "#0"},
				"east": {"uv": [4.008, 6.758, 4.0625, 7.5625], "texture": "#0"},
				"south": {"uv": [4.508, 3.008, 4.742, 3.8125], "texture": "#0"},
				"west": {"uv": [6.758, 4.008, 6.8125, 4.8125], "texture": "#0"},
				"up": {"uv": [2.992, 7.5625, 2.758, 7.508], "texture": "#0"},
				"down": {"uv": [3.242, 7.508, 3.008, 7.5625], "texture": "#0"}
			}
		},
		{
			"name": "hexadecagon",
			"from": [7.5, 4.2, 7.90054],
			"to": [8.5, 7.4, 8.09946],
			"rotation": {"angle": 22.5, "axis": "y", "origin": [8, 1, 8]},
			"faces": {
				"north": {"uv": [4.508, 4.008, 4.742, 4.8125], "texture": "#0"},
				"east": {"uv": [6.758, 5.008, 6.8125, 5.8125], "texture": "#0"},
				"south": {"uv": [4.758, 0.008, 4.992, 0.8125], "texture": "#0"},
				"west": {"uv": [5.758, 6.758, 5.8125, 7.5625], "texture": "#0"},
				"up": {"uv": [3.492, 7.5625, 3.258, 7.508], "texture": "#0"},
				"down": {"uv": [3.742, 7.508, 3.508, 7.5625], "texture": "#0"}
			}
		},
		{
			"name": "hexadecagon",
			"from": [7.93038, 3.1, 7.65],
			"to": [8.06962, 4.2, 8.35],
			"rotation": {"angle": -45, "axis": "y", "origin": [8, 3.7, 8]},
			"faces": {
				"north": {"uv": [3.758, 7.508, 3.8125, 7.742], "texture": "#0"},
				"east": {"uv": [6.008, 0.008, 6.1875, 0.242], "texture": "#0"},
				"south": {"uv": [4.258, 7.508, 4.3125, 7.742], "texture": "#0"},
				"west": {"uv": [6.008, 0.258, 6.1875, 0.492], "texture": "#0"},
				"up": {"uv": [7.8125, 3.9375, 7.758, 3.758], "texture": "#0"},
				"down": {"uv": [4.0625, 7.758, 4.008, 7.9375], "texture": "#0"}
			}
		},
		{
			"name": "hexadecagon",
			"from": [7.93038, 3.2, 7.65],
			"to": [8.06962, 4.2, 8.35],
			"rotation": {"angle": -22.5, "axis": "y", "origin": [8, 3.7, 8]},
			"faces": {
				"north": {"uv": [4.508, 7.508, 4.5625, 7.742], "texture": "#0"},
				"east": {"uv": [6.008, 2.758, 6.1875, 2.992], "texture": "#0"},
				"south": {"uv": [4.758, 7.508, 4.8125, 7.742], "texture": "#0"},
				"west": {"uv": [6.008, 3.008, 6.1875, 3.242], "texture": "#0"},
				"up": {"uv": [7.8125, 4.1875, 7.758, 4.008], "texture": "#0"},
				"down": {"uv": [4.3125, 7.758, 4.258, 7.9375], "texture": "#0"}
			}
		},
		{
			"name": "hexadecagon",
			"from": [7.93038, 3.1, 7.65],
			"to": [8.06962, 4.2, 8.35],
			"rotation": {"angle": 0, "axis": "y", "origin": [8, 3.7, 8]},
			"faces": {
				"north": {"uv": [5.008, 7.508, 5.0625, 7.742], "texture": "#0"},
				"east": {"uv": [6.008, 4.258, 6.1875, 4.492], "texture": "#0"},
				"south": {"uv": [5.258, 7.508, 5.3125, 7.742], "texture": "#0"},
				"west": {"uv": [6.258, 3.008, 6.4375, 3.242], "texture": "#0"},
				"up": {"uv": [7.8125, 4.4375, 7.758, 4.258], "texture": "#0"},
				"down": {"uv": [4.5625, 7.758, 4.508, 7.9375], "texture": "#0"}
			}
		},
		{
			"name": "hexadecagon",
			"from": [7.93038, 3.2, 7.65],
			"to": [8.06962, 4.2, 8.35],
			"rotation": {"angle": 22.5, "axis": "y", "origin": [8, 3.7, 8]},
			"faces": {
				"north": {"uv": [5.508, 7.508, 5.5625, 7.742], "texture": "#0"},
				"east": {"uv": [6.258, 4.008, 6.4375, 4.242], "texture": "#0"},
				"south": {"uv": [6.008, 7.508, 6.0625, 7.742], "texture": "#0"},
				"west": {"uv": [6.258, 4.258, 6.4375, 4.492], "texture": "#0"},
				"up": {"uv": [7.8125, 4.6875, 7.758, 4.508], "texture": "#0"},
				"down": {"uv": [4.8125, 7.758, 4.758, 7.9375], "texture": "#0"}
			}
		},
		{
			"name": "hexadecagon",
			"from": [7.93038, 3.1, 7.65],
			"to": [8.06962, 4.2, 8.35],
			"rotation": {"angle": 45, "axis": "y", "origin": [8, 3.7, 8]},
			"faces": {
				"north": {"uv": [6.258, 7.508, 6.3125, 7.742], "texture": "#0"},
				"east": {"uv": [6.008, 6.758, 6.1875, 6.992], "texture": "#0"},
				"south": {"uv": [6.508, 7.508, 6.5625, 7.742], "texture": "#0"},
				"west": {"uv": [6.758, 6.008, 6.9375, 6.242], "texture": "#0"},
				"up": {"uv": [7.8125, 4.9375, 7.758, 4.758], "texture": "#0"},
				"down": {"uv": [5.0625, 7.758, 5.008, 7.9375], "texture": "#0"}
			}
		},
		{
			"name": "hexadecagon",
			"from": [7.65, 3.2, 7.93038],
			"to": [8.35, 4.2, 8.06962],
			"rotation": {"angle": -22.5, "axis": "y", "origin": [8, 3.7, 8]},
			"faces": {
				"north": {"uv": [6.258, 6.758, 6.4375, 6.992], "texture": "#0"},
				"east": {"uv": [6.758, 7.508, 6.8125, 7.742], "texture": "#0"},
				"south": {"uv": [6.758, 6.258, 6.9375, 6.492], "texture": "#0"},
				"west": {"uv": [7.508, 6.758, 7.5625, 6.992], "texture": "#0"},
				"up": {"uv": [7.9375, 5.0625, 7.758, 5.008], "texture": "#0"},
				"down": {"uv": [5.4375, 7.758, 5.258, 7.8125], "texture": "#0"}
			}
		},
		{
			"name": "hexadecagon",
			"from": [7.65, 3.1, 7.93038],
			"to": [8.35, 4.2, 8.06962],
			"rotation": {"angle": 0, "axis": "y", "origin": [8, 3.7, 8]},
			"faces": {
				"north": {"uv": [6.758, 6.508, 6.9375, 6.742], "texture": "#0"},
				"east": {"uv": [7.008, 7.508, 7.0625, 7.742], "texture": "#0"},
				"south": {"uv": [6.758, 6.758, 6.9375, 6.992], "texture": "#0"},
				"west": {"uv": [7.508, 7.008, 7.5625, 7.242], "texture": "#0"},
				"up": {"uv": [7.9375, 5.3125, 7.758, 5.258], "texture": "#0"},
				"down": {"uv": [5.6875, 7.758, 5.508, 7.8125], "texture": "#0"}
			}
		},
		{
			"name": "hexadecagon",
			"from": [7.65, 3.2, 7.93038],
			"to": [8.35, 4.2, 8.06962],
			"rotation": {"angle": 22.5, "axis": "y", "origin": [8, 3.7, 8]},
			"faces": {
				"north": {"uv": [0.008, 7.008, 0.1875, 7.242], "texture": "#0"},
				"east": {"uv": [7.258, 7.508, 7.3125, 7.742], "texture": "#0"},
				"south": {"uv": [7.008, 0.008, 7.1875, 0.242], "texture": "#0"},
				"west": {"uv": [7.508, 7.258, 7.5625, 7.492], "texture": "#0"},
				"up": {"uv": [7.9375, 5.5625, 7.758, 5.508], "texture": "#0"},
				"down": {"uv": [5.9375, 7.758, 5.758, 7.8125], "texture": "#0"}
			}
		},
		{
			"name": "hexadecagon",
			"from": [7.69169, 14.6, 6.45],
			"to": [8.30831, 14.8, 9.55],
			"rotation": {"angle": -45, "axis": "y", "origin": [8, 15.1, 8]},
			"faces": {
				"north": {"uv": [2.008, 8.008, 2.125, 8.0625], "texture": "#0"},
				"east": {"uv": [0.258, 7.008, 0.992, 7.0625], "texture": "#0"},
				"south": {"uv": [8.008, 2.008, 8.125, 2.0625], "texture": "#0"},
				"west": {"uv": [7.008, 0.258, 7.742, 0.3125], "texture": "#0"},
				"up": {"uv": [5.375, 1.242, 5.258, 0.508], "texture": "#0"},
				"down": {"uv": [5.375, 1.258, 5.258, 1.992], "texture": "#0"}
			}
		},
		{
			"name": "hexadecagon",
			"from": [7.69169, 14.6, 6.45],
			"to": [8.30831, 14.8, 9.55],
			"rotation": {"angle": -22.5, "axis": "y", "origin": [8, 15.1, 8]},
			"faces": {
				"north": {"uv": [2.258, 8.008, 2.375, 8.0625], "texture": "#0"},
				"east": {"uv": [7.008, 0.508, 7.742, 0.5625], "texture": "#0"},
				"south": {"uv": [8.008, 2.258, 8.125, 2.3125], "texture": "#0"},
				"west": {"uv": [7.008, 0.758, 7.742, 0.8125], "texture": "#0"},
				"up": {"uv": [5.375, 2.742, 5.258, 2.008], "texture": "#0"},
				"down": {"uv": [5.375, 2.758, 5.258, 3.492], "texture": "#0"}
			}
		},
		{
			"name": "hexadecagon",
			"from": [7.69169, 14.6, 6.45],
			"to": [8.30831, 14.8, 9.55],
			"rotation": {"angle": 0, "axis": "y", "origin": [8, 15.1, 8]},
			"faces": {
				"north": {"uv": [2.508, 8.008, 2.625, 8.0625], "texture": "#0"},
				"east": {"uv": [1.008, 7.008, 1.742, 7.0625], "texture": "#0"},
				"south": {"uv": [8.008, 2.508, 8.125, 2.5625], "texture": "#0"},
				"west": {"uv": [7.008, 1.008, 7.742, 1.0625], "texture": "#0"},
				"up": {"uv": [5.375, 4.242, 5.258, 3.508], "texture": "#0"},
				"down": {"uv": [4.375, 5.258, 4.258, 5.992], "texture": "#0"}
			}
		},
		{
			"name": "hexadecagon",
			"from": [7.69169, 14.6, 6.45],
			"to": [8.30831, 14.8, 9.55],
			"rotation": {"angle": 22.5, "axis": "y", "origin": [8, 15.1, 8]},
			"faces": {
				"north": {"uv": [2.758, 8.008, 2.875, 8.0625], "texture": "#0"},
				"east": {"uv": [7.008, 1.258, 7.742, 1.3125], "texture": "#0"},
				"south": {"uv": [8.008, 2.758, 8.125, 2.8125], "texture": "#0"},
				"west": {"uv": [7.008, 1.508, 7.742, 1.5625], "texture": "#0"},
				"up": {"uv": [4.625, 5.992, 4.508, 5.258], "texture": "#0"},
				"down": {"uv": [4.875, 5.258, 4.758, 5.992], "texture": "#0"}
			}
		},
		{
			"name": "hexadecagon",
			"from": [7.69169, 14.6, 6.45],
			"to": [8.30831, 14.8, 9.55],
			"rotation": {"angle": 45, "axis": "y", "origin": [8, 15.1, 8]},
			"faces": {
				"north": {"uv": [3.008, 8.008, 3.125, 8.0625], "texture": "#0"},
				"east": {"uv": [7.008, 1.758, 7.742, 1.8125], "texture": "#0"},
				"south": {"uv": [8.008, 3.008, 8.125, 3.0625], "texture": "#0"},
				"west": {"uv": [7.008, 2.008, 7.742, 2.0625], "texture": "#0"},
				"up": {"uv": [5.125, 5.992, 5.008, 5.258], "texture": "#0"},
				"down": {"uv": [5.375, 5.258, 5.258, 5.992], "texture": "#0"}
			}
		},
		{
			"name": "hexadecagon",
			"from": [6.45, 14.6, 7.69169],
			"to": [9.55, 14.8, 8.30831],
			"rotation": {"angle": -22.5, "axis": "y", "origin": [8, 15.1, 8]},
			"faces": {
				"north": {"uv": [7.008, 2.258, 7.742, 2.3125], "texture": "#0"},
				"east": {"uv": [3.258, 8.008, 3.375, 8.0625], "texture": "#0"},
				"south": {"uv": [7.008, 2.508, 7.742, 2.5625], "texture": "#0"},
				"west": {"uv": [8.008, 3.258, 8.125, 3.3125], "texture": "#0"},
				"up": {"uv": [5.992, 4.375, 5.258, 4.258], "texture": "#0"},
				"down": {"uv": [6.242, 0.508, 5.508, 0.625], "texture": "#0"}
			}
		},
		{
			"name": "hexadecagon",
			"from": [6.45, 14.6, 7.69169],
			"to": [9.55, 14.8, 8.30831],
			"rotation": {"angle": 0, "axis": "y", "origin": [8, 15.1, 8]},
			"faces": {
				"north": {"uv": [7.008, 2.758, 7.742, 2.8125], "texture": "#0"},
				"east": {"uv": [3.508, 8.008, 3.625, 8.0625], "texture": "#0"},
				"south": {"uv": [7.008, 3.008, 7.742, 3.0625], "texture": "#0"},
				"west": {"uv": [8.008, 3.508, 8.125, 3.5625], "texture": "#0"},
				"up": {"uv": [6.242, 0.875, 5.508, 0.758], "texture": "#0"},
				"down": {"uv": [6.242, 1.008, 5.508, 1.125], "texture": "#0"}
			}
		},
		{
			"name": "hexadecagon",
			"from": [6.45, 14.6, 7.69169],
			"to": [9.55, 14.8, 8.30831],
			"rotation": {"angle": 22.5, "axis": "y", "origin": [8, 15.1, 8]},
			"faces": {
				"north": {"uv": [3.258, 7.008, 3.992, 7.0625], "texture": "#0"},
				"east": {"uv": [3.758, 8.008, 3.875, 8.0625], "texture": "#0"},
				"south": {"uv": [7.008, 3.258, 7.742, 3.3125], "texture": "#0"},
				"west": {"uv": [8.008, 3.758, 8.125, 3.8125], "texture": "#0"},
				"up": {"uv": [6.242, 1.375, 5.508, 1.258], "texture": "#0"},
				"down": {"uv": [6.242, 1.508, 5.508, 1.625], "texture": "#0"}
			}
		},
		{
			"name": "hexadecagon",
			"from": [7.73147, 14.3, 6.65],
			"to": [8.26853, 14.4, 9.35],
			"rotation": {"angle": -45, "axis": "y", "origin": [8, 13.9, 8]},
			"faces": {
				"north": {"uv": [4.008, 8.008, 4.125, 8.0625], "texture": "#0"},
				"east": {"uv": [7.008, 3.508, 7.6875, 3.5625], "texture": "#0"},
				"south": {"uv": [8.008, 4.008, 8.125, 4.0625], "texture": "#0"},
				"west": {"uv": [7.008, 3.758, 7.6875, 3.8125], "texture": "#0"},
				"up": {"uv": [5.625, 2.4375, 5.508, 1.758], "texture": "#0"},
				"down": {"uv": [5.625, 2.508, 5.508, 3.1875], "texture": "#0"}
			}
		},
		{
			"name": "hexadecagon",
			"from": [7.73147, 14.3, 6.65],
			"to": [8.26853, 14.4, 9.35],
			"rotation": {"angle": -22.5, "axis": "y", "origin": [8, 13.9, 8]},
			"faces": {
				"north": {"uv": [4.258, 8.008, 4.375, 8.0625], "texture": "#0"},
				"east": {"uv": [7.008, 4.008, 7.6875, 4.0625], "texture": "#0"},
				"south": {"uv": [8.008, 4.258, 8.125, 4.3125], "texture": "#0"},
				"west": {"uv": [4.258, 7.008, 4.9375, 7.0625], "texture": "#0"},
				"up": {"uv": [5.625, 3.9375, 5.508, 3.258], "texture": "#0"},
				"down": {"uv": [5.625, 5.258, 5.508, 5.9375], "texture": "#0"}
			}
		},
		{
			"name": "hexadecagon",
			"from": [7.73147, 14.3, 6.65],
			"to": [8.26853, 14.4, 9.35],
			"rotation": {"angle": 0, "axis": "y", "origin": [8, 13.9, 8]},
			"faces": {
				"north": {"uv": [4.508, 8.008, 4.625, 8.0625], "texture": "#0"},
				"east": {"uv": [7.008, 4.258, 7.6875, 4.3125], "texture": "#0"},
				"south": {"uv": [8.008, 4.508, 8.125, 4.5625], "texture": "#0"},
				"west": {"uv": [7.008, 4.508, 7.6875, 4.5625], "texture": "#0"},
				"up": {"uv": [5.875, 2.4375, 5.758, 1.758], "texture": "#0"},
				"down": {"uv": [2.375, 5.758, 2.258, 6.4375], "texture": "#0"}
			}
		},
		{
			"name": "hexadecagon",
			"from": [7.73147, 14.3, 6.65],
			"to": [8.26853, 14.4, 9.35],
			"rotation": {"angle": 22.5, "axis": "y", "origin": [8, 13.9, 8]},
			"faces": {
				"north": {"uv": [4.758, 8.008, 4.875, 8.0625], "texture": "#0"},
				"east": {"uv": [7.008, 4.758, 7.6875, 4.8125], "texture": "#0"},
				"south": {"uv": [8.008, 4.758, 8.125, 4.8125], "texture": "#0"},
				"west": {"uv": [5.008, 7.008, 5.6875, 7.0625], "texture": "#0"},
				"up": {"uv": [2.625, 6.4375, 2.508, 5.758], "texture": "#0"},
				"down": {"uv": [5.875, 2.508, 5.758, 3.1875], "texture": "#0"}
			}
		},
		{
			"name": "hexadecagon",
			"from": [7.73147, 14.3, 6.65],
			"to": [8.26853, 14.4, 9.35],
			"rotation": {"angle": 45, "axis": "y", "origin": [8, 13.9, 8]},
			"faces": {
				"north": {"uv": [5.008, 8.008, 5.125, 8.0625], "texture": "#0"},
				"east": {"uv": [7.008, 5.008, 7.6875, 5.0625], "texture": "#0"},
				"south": {"uv": [8.008, 5.008, 8.125, 5.0625], "texture": "#0"},
				"west": {"uv": [7.008, 5.258, 7.6875, 5.3125], "texture": "#0"},
				"up": {"uv": [2.875, 6.4375, 2.758, 5.758], "texture": "#0"},
				"down": {"uv": [3.125, 5.758, 3.008, 6.4375], "texture": "#0"}
			}
		},
		{
			"name": "hexadecagon",
			"from": [6.65, 14.3, 7.73147],
			"to": [9.35, 14.4, 8.26853],
			"rotation": {"angle": -22.5, "axis": "y", "origin": [8, 13.9, 8]},
			"faces": {
				"north": {"uv": [7.008, 5.508, 7.6875, 5.5625], "texture": "#0"},
				"east": {"uv": [5.258, 8.008, 5.375, 8.0625], "texture": "#0"},
				"south": {"uv": [7.008, 5.758, 7.6875, 5.8125], "texture": "#0"},
				"west": {"uv": [8.008, 5.258, 8.125, 5.3125], "texture": "#0"},
				"up": {"uv": [6.1875, 4.125, 5.508, 4.008], "texture": "#0"},
				"down": {"uv": [3.9375, 5.758, 3.258, 5.875], "texture": "#0"}
			}
		},
		{
			"name": "hexadecagon",
			"from": [6.65, 14.3, 7.73147],
			"to": [9.35, 14.4, 8.26853],
			"rotation": {"angle": 0, "axis": "y", "origin": [8, 13.9, 8]},
			"faces": {
				"north": {"uv": [6.008, 7.008, 6.6875, 7.0625], "texture": "#0"},
				"east": {"uv": [5.508, 8.008, 5.625, 8.0625], "texture": "#0"},
				"south": {"uv": [7.008, 6.008, 7.6875, 6.0625], "texture": "#0"},
				"west": {"uv": [8.008, 5.508, 8.125, 5.5625], "texture": "#0"},
				"up": {"uv": [6.4375, 3.375, 5.758, 3.258], "texture": "#0"},
				"down": {"uv": [6.4375, 3.508, 5.758, 3.625], "texture": "#0"}
			}
		},
		{
			"name": "hexadecagon",
			"from": [6.65, 14.3, 7.73147],
			"to": [9.35, 14.4, 8.26853],
			"rotation": {"angle": 22.5, "axis": "y", "origin": [8, 13.9, 8]},
			"faces": {
				"north": {"uv": [7.008, 6.258, 7.6875, 6.3125], "texture": "#0"},
				"east": {"uv": [5.758, 8.008, 5.875, 8.0625], "texture": "#0"},
				"south": {"uv": [7.008, 6.508, 7.6875, 6.5625], "texture": "#0"},
				"west": {"uv": [8.008, 5.758, 8.125, 5.8125], "texture": "#0"},
				"up": {"uv": [6.4375, 3.875, 5.758, 3.758], "texture": "#0"},
				"down": {"uv": [6.4375, 4.508, 5.758, 4.625], "texture": "#0"}
			}
		},
		{
			"name": "hexadecagon",
			"from": [7.92044, 3.7, 7.6],
			"to": [8.07956, 3.9, 8.4],
			"rotation": {"angle": -45, "axis": "y", "origin": [8, 3.8, 8]},
			"faces": {
				"north": {"uv": [6.008, 8.008, 6.0625, 8.0625], "texture": "#0"},
				"east": {"uv": [7.758, 5.758, 7.9375, 5.8125], "texture": "#0"},
				"south": {"uv": [8.008, 6.008, 8.0625, 6.0625], "texture": "#0"},
				"west": {"uv": [6.008, 7.758, 6.1875, 7.8125], "texture": "#0"},
				"up": {"uv": [7.8125, 6.1875, 7.758, 6.008], "texture": "#0"},
				"down": {"uv": [6.3125, 7.758, 6.258, 7.9375], "texture": "#0"}
			}
		},
		{
			"name": "hexadecagon",
			"from": [7.92044, 3.7, 7.6],
			"to": [8.07956, 3.9, 8.4],
			"rotation": {"angle": -22.5, "axis": "y", "origin": [8, 3.8, 8]},
			"faces": {
				"north": {"uv": [6.258, 8.008, 6.3125, 8.0625], "texture": "#0"},
				"east": {"uv": [7.758, 6.258, 7.9375, 6.3125], "texture": "#0"},
				"south": {"uv": [8.008, 6.258, 8.0625, 6.3125], "texture": "#0"},
				"west": {"uv": [6.508, 7.758, 6.6875, 7.8125], "texture": "#0"},
				"up": {"uv": [7.8125, 6.6875, 7.758, 6.508], "texture": "#0"},
				"down": {"uv": [6.8125, 7.758, 6.758, 7.9375], "texture": "#0"}
			}
		},
		{
			"name": "hexadecagon",
			"from": [7.92044, 3.7, 7.6],
			"to": [8.07956, 3.9, 8.4],
			"rotation": {"angle": 0, "axis": "y", "origin": [8, 3.8, 8]},
			"faces": {
				"north": {"uv": [6.508, 8.008, 6.5625, 8.0625], "texture": "#0"},
				"east": {"uv": [7.758, 6.758, 7.9375, 6.8125], "texture": "#0"},
				"south": {"uv": [8.008, 6.508, 8.0625, 6.5625], "texture": "#0"},
				"west": {"uv": [7.008, 7.758, 7.1875, 7.8125], "texture": "#0"},
				"up": {"uv": [7.8125, 7.1875, 7.758, 7.008], "texture": "#0"},
				"down": {"uv": [7.3125, 7.758, 7.258, 7.9375], "texture": "#0"}
			}
		},
		{
			"name": "hexadecagon",
			"from": [7.92044, 3.7, 7.6],
			"to": [8.07956, 3.9, 8.4],
			"rotation": {"angle": 22.5, "axis": "y", "origin": [8, 3.8, 8]},
			"faces": {
				"north": {"uv": [6.758, 8.008, 6.8125, 8.0625], "texture": "#0"},
				"east": {"uv": [7.758, 7.258, 7.9375, 7.3125], "texture": "#0"},
				"south": {"uv": [8.008, 6.758, 8.0625, 6.8125], "texture": "#0"},
				"west": {"uv": [7.508, 7.758, 7.6875, 7.8125], "texture": "#0"},
				"up": {"uv": [7.8125, 7.6875, 7.758, 7.508], "texture": "#0"},
				"down": {"uv": [7.8125, 7.758, 7.758, 7.9375], "texture": "#0"}
			}
		},
		{
			"name": "hexadecagon",
			"from": [7.92044, 3.7, 7.6],
			"to": [8.07956, 3.9, 8.4],
			"rotation": {"angle": 45, "axis": "y", "origin": [8, 3.8, 8]},
			"faces": {
				"north": {"uv": [7.008, 8.008, 7.0625, 8.0625], "texture": "#0"},
				"east": {"uv": [0.008, 8.008, 0.1875, 8.0625], "texture": "#0"},
				"south": {"uv": [8.008, 7.008, 8.0625, 7.0625], "texture": "#0"},
				"west": {"uv": [8.008, 0.008, 8.1875, 0.0625], "texture": "#0"},
				"up": {"uv": [0.3125, 8.1875, 0.258, 8.008], "texture": "#0"},
				"down": {"uv": [8.0625, 0.258, 8.008, 0.4375], "texture": "#0"}
			}
		},
		{
			"name": "hexadecagon",
			"from": [7.6, 3.7, 7.92044],
			"to": [8.4, 3.9, 8.07956],
			"rotation": {"angle": -22.5, "axis": "y", "origin": [8, 3.8, 8]},
			"faces": {
				"north": {"uv": [0.508, 8.008, 0.6875, 8.0625], "texture": "#0"},
				"east": {"uv": [7.258, 8.008, 7.3125, 8.0625], "texture": "#0"},
				"south": {"uv": [8.008, 0.508, 8.1875, 0.5625], "texture": "#0"},
				"west": {"uv": [8.008, 7.258, 8.0625, 7.3125], "texture": "#0"},
				"up": {"uv": [0.9375, 8.0625, 0.758, 8.008], "texture": "#0"},
				"down": {"uv": [8.1875, 0.758, 8.008, 0.8125], "texture": "#0"}
			}
		},
		{
			"name": "hexadecagon",
			"from": [7.6, 3.7, 7.92044],
			"to": [8.4, 3.9, 8.07956],
			"rotation": {"angle": 0, "axis": "y", "origin": [8, 3.8, 8]},
			"faces": {
				"north": {"uv": [1.008, 8.008, 1.1875, 8.0625], "texture": "#0"},
				"east": {"uv": [7.508, 8.008, 7.5625, 8.0625], "texture": "#0"},
				"south": {"uv": [8.008, 1.008, 8.1875, 1.0625], "texture": "#0"},
				"west": {"uv": [8.008, 7.508, 8.0625, 7.5625], "texture": "#0"},
				"up": {"uv": [1.4375, 8.0625, 1.258, 8.008], "texture": "#0"},
				"down": {"uv": [8.1875, 1.258, 8.008, 1.3125], "texture": "#0"}
			}
		},
		{
			"name": "hexadecagon",
			"from": [7.6, 3.7, 7.92044],
			"to": [8.4, 3.9, 8.07956],
			"rotation": {"angle": 22.5, "axis": "y", "origin": [8, 3.8, 8]},
			"faces": {
				"north": {"uv": [1.508, 8.008, 1.6875, 8.0625], "texture": "#0"},
				"east": {"uv": [7.758, 8.008, 7.8125, 8.0625], "texture": "#0"},
				"south": {"uv": [8.008, 1.508, 8.1875, 1.5625], "texture": "#0"},
				"west": {"uv": [8.008, 7.758, 8.0625, 7.8125], "texture": "#0"},
				"up": {"uv": [1.9375, 8.0625, 1.758, 8.008], "texture": "#0"},
				"down": {"uv": [8.1875, 1.758, 8.008, 1.8125], "texture": "#0"}
			}
		},
		{
			"name": "hexadecagon",
			"from": [7.8906, 13.5, 7.45],
			"to": [8.1094, 13.6, 8.55],
			"rotation": {"angle": -45, "axis": "y", "origin": [8, 14, 8]},
			"faces": {
				"north": {"uv": [8.008, 8.008, 8.0625, 8.0625], "texture": "#0"},
				"east": {"uv": [7.508, 7.508, 7.742, 7.5625], "texture": "#0"},
				"south": {"uv": [0.008, 8.258, 0.0625, 8.3125], "texture": "#0"},
				"west": {"uv": [0.008, 7.758, 0.242, 7.8125], "texture": "#0"},
				"up": {"uv": [7.8125, 0.242, 7.758, 0.008], "texture": "#0"},
				"down": {"uv": [0.3125, 7.758, 0.258, 7.992], "texture": "#0"}
			}
		},
		{
			"name": "hexadecagon",
			"from": [7.8906, 13.5, 7.45],
			"to": [8.1094, 13.6, 8.55],
			"rotation": {"angle": -22.5, "axis": "y", "origin": [8, 14, 8]},
			"faces": {
				"north": {"uv": [8.258, 0.008, 8.3125, 0.0625], "texture": "#0"},
				"east": {"uv": [7.758, 0.258, 7.992, 0.3125], "texture": "#0"},
				"south": {"uv": [0.258, 8.258, 0.3125, 8.3125], "texture": "#0"},
				"west": {"uv": [0.508, 7.758, 0.742, 7.8125], "texture": "#0"},
				"up": {"uv": [7.8125, 0.742, 7.758, 0.508], "texture": "#0"},
				"down": {"uv": [0.8125, 7.758, 0.758, 7.992], "texture": "#0"}
			}
		},
		{
			"name": "hexadecagon",
			"from": [7.8906, 13.5, 7.45],
			"to": [8.1094, 13.6, 8.55],
			"rotation": {"angle": 0, "axis": "y", "origin": [8, 14, 8]},
			"faces": {
				"north": {"uv": [8.258, 0.258, 8.3125, 0.3125], "texture": "#0"},
				"east": {"uv": [7.758, 0.758, 7.992, 0.8125], "texture": "#0"},
				"south": {"uv": [0.508, 8.258, 0.5625, 8.3125], "texture": "#0"},
				"west": {"uv": [1.008, 7.758, 1.242, 7.8125], "texture": "#0"},
				"up": {"uv": [7.8125, 1.242, 7.758, 1.008], "texture": "#0"},
				"down": {"uv": [1.3125, 7.758, 1.258, 7.992], "texture": "#0"}
			}
		},
		{
			"name": "hexadecagon",
			"from": [7.8906, 13.5, 7.45],
			"to": [8.1094, 13.6, 8.55],
			"rotation": {"angle": 22.5, "axis": "y", "origin": [8, 14, 8]},
			"faces": {
				"north": {"uv": [8.258, 0.508, 8.3125, 0.5625], "texture": "#0"},
				"east": {"uv": [7.758, 1.258, 7.992, 1.3125], "texture": "#0"},
				"south": {"uv": [0.758, 8.258, 0.8125, 8.3125], "texture": "#0"},
				"west": {"uv": [1.508, 7.758, 1.742, 7.8125], "texture": "#0"},
				"up": {"uv": [7.8125, 1.742, 7.758, 1.508], "texture": "#0"},
				"down": {"uv": [1.8125, 7.758, 1.758, 7.992], "texture": "#0"}
			}
		},
		{
			"name": "hexadecagon",
			"from": [7.8906, 13.5, 7.45],
			"to": [8.1094, 13.6, 8.55],
			"rotation": {"angle": 45, "axis": "y", "origin": [8, 14, 8]},
			"faces": {
				"north": {"uv": [8.258, 0.758, 8.3125, 0.8125], "texture": "#0"},
				"east": {"uv": [7.758, 1.758, 7.992, 1.8125], "texture": "#0"},
				"south": {"uv": [1.008, 8.258, 1.0625, 8.3125], "texture": "#0"},
				"west": {"uv": [2.008, 7.758, 2.242, 7.8125], "texture": "#0"},
				"up": {"uv": [7.8125, 2.242, 7.758, 2.008], "texture": "#0"},
				"down": {"uv": [2.3125, 7.758, 2.258, 7.992], "texture": "#0"}
			}
		},
		{
			"name": "hexadecagon",
			"from": [7.45, 13.5, 7.8906],
			"to": [8.55, 13.6, 8.1094],
			"rotation": {"angle": -22.5, "axis": "y", "origin": [8, 14, 8]},
			"faces": {
				"north": {"uv": [7.758, 2.258, 7.992, 2.3125], "texture": "#0"},
				"east": {"uv": [8.258, 1.008, 8.3125, 1.0625], "texture": "#0"},
				"south": {"uv": [2.508, 7.758, 2.742, 7.8125], "texture": "#0"},
				"west": {"uv": [1.258, 8.258, 1.3125, 8.3125], "texture": "#0"},
				"up": {"uv": [7.992, 2.5625, 7.758, 2.508], "texture": "#0"},
				"down": {"uv": [2.992, 7.758, 2.758, 7.8125], "texture": "#0"}
			}
		},
		{
			"name": "hexadecagon",
			"from": [7.45, 13.5, 7.8906],
			"to": [8.55, 13.6, 8.1094],
			"rotation": {"angle": 0, "axis": "y", "origin": [8, 14, 8]},
			"faces": {
				"north": {"uv": [7.758, 2.758, 7.992, 2.8125], "texture": "#0"},
				"east": {"uv": [8.258, 1.258, 8.3125, 1.3125], "texture": "#0"},
				"south": {"uv": [3.008, 7.758, 3.242, 7.8125], "texture": "#0"},
				"west": {"uv": [1.508, 8.258, 1.5625, 8.3125], "texture": "#0"},
				"up": {"uv": [7.992, 3.0625, 7.758, 3.008], "texture": "#0"},
				"down": {"uv": [3.492, 7.758, 3.258, 7.8125], "texture": "#0"}
			}
		},
		{
			"name": "hexadecagon",
			"from": [7.45, 13.5, 7.8906],
			"to": [8.55, 13.6, 8.1094],
			"rotation": {"angle": 22.5, "axis": "y", "origin": [8, 14, 8]},
			"faces": {
				"north": {"uv": [7.758, 3.258, 7.992, 3.3125], "texture": "#0"},
				"east": {"uv": [8.258, 1.508, 8.3125, 1.5625], "texture": "#0"},
				"south": {"uv": [3.508, 7.758, 3.742, 7.8125], "texture": "#0"},
				"west": {"uv": [1.758, 8.258, 1.8125, 8.3125], "texture": "#0"},
				"up": {"uv": [7.992, 3.5625, 7.758, 3.508], "texture": "#0"},
				"down": {"uv": [3.992, 7.758, 3.758, 7.8125], "texture": "#0"}
			}
		}
	],
	"gui_light": "front",
	"display": {
		"firstperson_righthand": {
			"translation": [-2.5, 0, 0]
		},
		"ground": {
			"rotation": [0, 0, 90],
			"translation": [0, -2.5, 0]
		},
		"gui": {
			"rotation": [30, 0, 21],
			"translation": [2.25, -2.75, 0]
		}
	},
	"groups": [
		{
			"name": "hexadecagon",
			"origin": [8, 8, 8],
			"color": 0,
			"children": [0, 1, 2, 3, 4, 5, 6, 7]
		},
		{
			"name": "hexadecagon",
			"origin": [8, 8, 8],
			"color": 0,
			"children": [8, 9, 10, 11, 12, 13, 14, 15]
		},
		{
			"name": "hexadecagon",
			"origin": [8, 8, 8],
			"color": 0,
			"children": [16, 17, 18, 19, 20, 21, 22, 23]
		},
		{
			"name": "hexadecagon",
			"origin": [8, 8, 8],
			"color": 0,
			"children": [24, 25, 26, 27, 28, 29, 30, 31]
		},
		{
			"name": "hexadecagon",
			"origin": [8, 8, 8],
			"color": 0,
			"children": [32, 33, 34, 35, 36, 37, 38, 39]
		},
		{
			"name": "hexadecagon",
			"origin": [8, 8, 8],
			"color": 0,
			"children": [40, 41, 42, 43, 44, 45, 46, 47]
		},
		{
			"name": "hexadecagon",
			"origin": [8, 8, 8],
			"color": 0,
			"children": [48, 49, 50, 51, 52, 53, 54, 55]
		},
		{
			"name": "hexadecagon",
			"origin": [8, 8, 8],
			"color": 0,
			"children": [56, 57, 58, 59, 60, 61, 62, 63]
		},
		{
			"name": "hexadecagon",
			"origin": [8, 8, 8],
			"color": 0,
			"children": [64, 65, 66, 67, 68, 69, 70, 71]
		}
	]
}