{
	"credit": "Made with Blockbench",
	"texture_size": [32, 32],
	"textures": {
		"0": "item/misc/grenada",
		"particle": "item/misc/grenada"
	},
	"elements": [
		{
			"from": [7, 5, 7],
			"to": [9, 11, 9],
			"rotation": {"angle": 0, "axis": "y", "origin": [7, 7, 7]},
			"faces": {
				"north": {"uv": [0, 0, 1, 3], "texture": "#0"},
				"east": {"uv": [1, 0, 2, 3], "texture": "#0"},
				"south": {"uv": [2, 0, 3, 3], "texture": "#0"},
				"west": {"uv": [0, 3, 1, 6], "texture": "#0"},
				"up": {"uv": [7, 11, 6, 10], "texture": "#0"},
				"down": {"uv": [8, 10, 7, 11], "texture": "#0"}
			}
		},
		{
			"from": [7.5, 11, 7.5],
			"to": [8.5, 12.475, 8.5],
			"rotation": {"angle": 0, "axis": "y", "origin": [7, 13, 7]},
			"faces": {
				"north": {"uv": [1, 11.5, 1.5, 12.25], "texture": "#0"},
				"east": {"uv": [11.5, 1, 12, 1.75], "texture": "#0"},
				"south": {"uv": [1.5, 11.5, 2, 12.25], "texture": "#0"},
				"west": {"uv": [2, 11.5, 2.5, 12.25], "texture": "#0"},
				"up": {"uv": [6.5, 9, 6, 8.5], "texture": "#0"},
				"down": {"uv": [7, 8.5, 6.5, 9], "texture": "#0"}
			}
		},
		{
			"from": [7.6, 12.475, 7.6],
			"to": [8.4, 12.725, 8.4],
			"rotation": {"angle": 0, "axis": "y", "origin": [7, 13.3, 7]},
			"faces": {
				"north": {"uv": [3, 9.5, 3.375, 9.625], "texture": "#0"},
				"east": {"uv": [3.5, 9.5, 3.875, 9.625], "texture": "#0"},
				"south": {"uv": [11.5, 9.5, 11.875, 9.625], "texture": "#0"},
				"west": {"uv": [3, 12, 3.375, 12.125], "texture": "#0"},
				"up": {"uv": [0.375, 9.375, 0, 9], "texture": "#0"},
				"down": {"uv": [0.875, 9, 0.5, 9.375], "texture": "#0"}
			}
		},
		{
			"from": [7.9, 12.725, 7.9],
			"to": [8.1, 14.975, 8.1],
			"rotation": {"angle": 0, "axis": "y", "origin": [7, 13.55, 7]},
			"faces": {
				"north": {"uv": [11.5, 2, 11.625, 3.125], "texture": "#0"},
				"east": {"uv": [2.5, 11.5, 2.625, 12.625], "texture": "#0"},
				"south": {"uv": [11.5, 3.5, 11.625, 4.625], "texture": "#0"},
				"west": {"uv": [11.5, 5, 11.625, 6.125], "texture": "#0"},
				"up": {"uv": [3.625, 12.125, 3.5, 12], "texture": "#0"},
				"down": {"uv": [4.125, 12, 4, 12.125], "texture": "#0"}
			}
		},
		{
			"from": [7.9, 14.49125, 7.66802],
			"to": [8.1, 16.74125, 7.86802],
			"rotation": {"angle": -22.5, "axis": "x", "origin": [7, 15.31625, 6.76802]},
			"faces": {
				"north": {"uv": [11.5, 6.5, 11.625, 7.625], "texture": "#0"},
				"east": {"uv": [11.5, 8, 11.625, 9.125], "texture": "#0"},
				"south": {"uv": [12, 1, 12.125, 2.125], "texture": "#0"},
				"west": {"uv": [12, 2.5, 12.125, 3.625], "texture": "#0"},
				"up": {"uv": [12.125, 4.125, 12, 4], "texture": "#0"},
				"down": {"uv": [4.625, 12, 4.5, 12.125], "texture": "#0"}
			}
		},
		{
			"from": [7, 7.93236, 10.41421],
			"to": [9, 10.75736, 12.41421],
			"rotation": {"angle": -45, "axis": "x", "origin": [7, 6.75736, 10.41421]},
			"faces": {
				"north": {"uv": [2, 5, 3, 6.375], "texture": "#0"},
				"east": {"uv": [3, 5, 4, 6.375], "texture": "#0"},
				"south": {"uv": [5, 4, 6, 5.375], "texture": "#0"},
				"west": {"uv": [5, 5.5, 6, 6.875], "texture": "#0"},
				"up": {"uv": [11.5, 1, 10.5, 0], "texture": "#0"},
				"down": {"uv": [2, 10.5, 1, 11.5], "texture": "#0"}
			}
		},
		{
			"from": [7, 7.93236, 3.58579],
			"to": [9, 10.75736, 5.58579],
			"rotation": {"angle": 45, "axis": "x", "origin": [7, 6.75736, 5.58579]},
			"faces": {
				"north": {"uv": [0, 6, 1, 7.375], "texture": "#0"},
				"east": {"uv": [6, 0, 7, 1.375], "texture": "#0"},
				"south": {"uv": [6, 1.5, 7, 2.875], "texture": "#0"},
				"west": {"uv": [6, 4, 7, 5.375], "texture": "#0"},
				"up": {"uv": [11.5, 2, 10.5, 1], "texture": "#0"},
				"down": {"uv": [3, 10.5, 2, 11.5], "texture": "#0"}
			}
		},
		{
			"from": [7, 5.24264, 3.58579],
			"to": [9, 8.06764, 5.58579],
			"rotation": {"angle": -45, "axis": "x", "origin": [7, 9.24264, 5.58579]},
			"faces": {
				"north": {"uv": [7, 1.5, 8, 2.875], "texture": "#0"},
				"east": {"uv": [7, 3, 8, 4.375], "texture": "#0"},
				"south": {"uv": [4, 7, 5, 8.375], "texture": "#0"},
				"west": {"uv": [7, 4.5, 8, 5.875], "texture": "#0"},
				"up": {"uv": [11.5, 5, 10.5, 4], "texture": "#0"},
				"down": {"uv": [11.5, 5, 10.5, 6], "texture": "#0"}
			}
		},
		{
			"from": [7, 5.24264, 10.41421],
			"to": [9, 8.06764, 12.41421],
			"rotation": {"angle": 45, "axis": "x", "origin": [7, 9.24264, 10.41421]},
			"faces": {
				"north": {"uv": [6, 5.5, 7, 6.875], "texture": "#0"},
				"east": {"uv": [2, 6.5, 3, 7.875], "texture": "#0"},
				"south": {"uv": [3, 6.5, 4, 7.875], "texture": "#0"},
				"west": {"uv": [7, 0, 8, 1.375], "texture": "#0"},
				"up": {"uv": [11.5, 3, 10.5, 2], "texture": "#0"},
				"down": {"uv": [11.5, 3, 10.5, 4], "texture": "#0"}
			}
		},
		{
			"from": [10.41421, 5.24264, 7],
			"to": [12.41421, 8.06764, 9],
			"rotation": {"angle": -45, "axis": "z", "origin": [10.41421, 9.24264, 7]},
			"faces": {
				"north": {"uv": [8, 6, 9, 7.375], "texture": "#0"},
				"east": {"uv": [8, 7.5, 9, 8.875], "texture": "#0"},
				"south": {"uv": [4, 8.5, 5, 9.875], "texture": "#0"},
				"west": {"uv": [5, 8.5, 6, 9.875], "texture": "#0"},
				"up": {"uv": [6, 12, 5, 11], "texture": "#0"},
				"down": {"uv": [7, 11, 6, 12], "texture": "#0"}
			}
		},
		{
			"from": [3.58579, 5.24264, 7],
			"to": [5.58579, 8.06764, 9],
			"rotation": {"angle": 45, "axis": "z", "origin": [5.58579, 9.24264, 7]},
			"faces": {
				"north": {"uv": [2, 8, 3, 9.375], "texture": "#0"},
				"east": {"uv": [3, 8, 4, 9.375], "texture": "#0"},
				"south": {"uv": [8, 3, 9, 4.375], "texture": "#0"},
				"west": {"uv": [8, 4.5, 9, 5.875], "texture": "#0"},
				"up": {"uv": [4, 12, 3, 11], "texture": "#0"},
				"down": {"uv": [5, 11, 4, 12], "texture": "#0"}
			}
		},
		{
			"from": [10.41421, 7.93236, 7],
			"to": [12.41421, 10.75736, 9],
			"rotation": {"angle": 45, "axis": "z", "origin": [10.41421, 6.75736, 7]},
			"faces": {
				"north": {"uv": [7, 7.5, 8, 8.875], "texture": "#0"},
				"east": {"uv": [8, 0, 9, 1.375], "texture": "#0"},
				"south": {"uv": [1, 8, 2, 9.375], "texture": "#0"},
				"west": {"uv": [8, 1.5, 9, 2.875], "texture": "#0"},
				"up": {"uv": [11.5, 9, 10.5, 8], "texture": "#0"},
				"down": {"uv": [11.5, 9, 10.5, 10], "texture": "#0"}
			}
		},
		{
			"from": [3.58579, 7.93236, 7],
			"to": [5.58579, 10.75736, 9],
			"rotation": {"angle": -45, "axis": "z", "origin": [5.58579, 6.75736, 7]},
			"faces": {
				"north": {"uv": [5, 7, 6, 8.375], "texture": "#0"},
				"east": {"uv": [6, 7, 7, 8.375], "texture": "#0"},
				"south": {"uv": [7, 6, 8, 7.375], "texture": "#0"},
				"west": {"uv": [0, 7.5, 1, 8.875], "texture": "#0"},
				"up": {"uv": [11.5, 7, 10.5, 6], "texture": "#0"},
				"down": {"uv": [11.5, 7, 10.5, 8], "texture": "#0"}
			}
		},
		{
			"from": [7, 7, 5],
			"to": [9, 9, 11],
			"rotation": {"angle": 0, "axis": "y", "origin": [7, 7, 7]},
			"faces": {
				"north": {"uv": [10, 10, 11, 11], "texture": "#0"},
				"east": {"uv": [1, 4, 4, 5], "texture": "#0"},
				"south": {"uv": [0, 10.5, 1, 11.5], "texture": "#0"},
				"west": {"uv": [4, 3, 7, 4], "texture": "#0"},
				"up": {"uv": [5, 7, 4, 4], "texture": "#0"},
				"down": {"uv": [2, 5, 1, 8], "texture": "#0"}
			}
		},
		{
			"from": [5, 7, 7],
			"to": [11, 9, 9],
			"rotation": {"angle": 0, "axis": "y", "origin": [7, 7, 7]},
			"faces": {
				"north": {"uv": [3, 0, 6, 1], "texture": "#0"},
				"east": {"uv": [8, 10, 9, 11], "texture": "#0"},
				"south": {"uv": [1, 3, 4, 4], "texture": "#0"},
				"west": {"uv": [9, 10, 10, 11], "texture": "#0"},
				"up": {"uv": [6, 2, 3, 1], "texture": "#0"},
				"down": {"uv": [6, 2, 3, 3], "texture": "#0"}
			}
		},
		{
			"from": [9.34657, 7, 4.17157],
			"to": [12.17157, 9, 6.17157],
			"rotation": {"angle": -45, "axis": "y", "origin": [8.17157, 7, 4.17157]},
			"faces": {
				"north": {"uv": [9, 0, 10.375, 1], "texture": "#0"},
				"east": {"uv": [7, 11, 8, 12], "texture": "#0"},
				"south": {"uv": [9, 1, 10.375, 2], "texture": "#0"},
				"west": {"uv": [8, 11, 9, 12], "texture": "#0"},
				"up": {"uv": [10.375, 3, 9, 2], "texture": "#0"},
				"down": {"uv": [10.375, 3, 9, 4], "texture": "#0"}
			}
		},
		{
			"from": [3.82843, 7, 4.17157],
			"to": [6.65343, 9, 6.17157],
			"rotation": {"angle": 45, "axis": "y", "origin": [7.82843, 7, 4.17157]},
			"faces": {
				"north": {"uv": [9, 4, 10.375, 5], "texture": "#0"},
				"east": {"uv": [9, 11, 10, 12], "texture": "#0"},
				"south": {"uv": [9, 5, 10.375, 6], "texture": "#0"},
				"west": {"uv": [10, 11, 11, 12], "texture": "#0"},
				"up": {"uv": [7.375, 10, 6, 9], "texture": "#0"},
				"down": {"uv": [10.375, 6, 9, 7], "texture": "#0"}
			}
		},
		{
			"from": [3.82843, 7, 9.82843],
			"to": [6.65343, 9, 11.82843],
			"rotation": {"angle": -45, "axis": "y", "origin": [7.82843, 7, 11.82843]},
			"faces": {
				"north": {"uv": [0, 9.5, 1.375, 10.5], "texture": "#0"},
				"east": {"uv": [0, 11.5, 1, 12.5], "texture": "#0"},
				"south": {"uv": [1.5, 9.5, 2.875, 10.5], "texture": "#0"},
				"west": {"uv": [11.5, 0, 12.5, 1], "texture": "#0"},
				"up": {"uv": [4.375, 11, 3, 10], "texture": "#0"},
				"down": {"uv": [5.875, 10, 4.5, 11], "texture": "#0"}
			}
		},
		{
			"from": [9.34657, 7, 9.82843],
			"to": [12.17157, 9, 11.82843],
			"rotation": {"angle": 45, "axis": "y", "origin": [8.17157, 7, 11.82843]},
			"faces": {
				"north": {"uv": [9, 7, 10.375, 8], "texture": "#0"},
				"east": {"uv": [11, 10, 12, 11], "texture": "#0"},
				"south": {"uv": [7.5, 9, 8.875, 10], "texture": "#0"},
				"west": {"uv": [11, 11, 12, 12], "texture": "#0"},
				"up": {"uv": [10.375, 9, 9, 8], "texture": "#0"},
				"down": {"uv": [10.375, 9, 9, 10], "texture": "#0"}
			}
		}
	],
	"display": {
		"thirdperson_righthand": {
			"translation": [0, 1, 0],
			"scale": [0.5, 0.5, 0.5]
		},
		"thirdperson_lefthand": {
			"scale": [0.5, 0.5, 0.5]
		},
		"firstperson_righthand": {
			"translation": [2.75, 1, -1.25]
		},
		"firstperson_lefthand": {
			"translation": [1.25, 2.25, 0]
		},
		"ground": {
			"rotation": [90, 0, 0],
			"translation": [0, -1, 0]
		},
		"gui": {
			"rotation": [39, -51, 31],
			"translation": [0.75, -3, 0],
			"scale": [1.2, 1.2, 1.2]
		}
	}
}