{
	"credit": "Made with Blockbench",
	"texture_size": [64, 64],
	"textures": {
		"0": "item/guns/mus-rifle",
		"particle": "item/guns/mus-rifle"
	},
	"elements": [
		{
			"from": [7.575, 0.2, 4],
			"to": [8.425, 1, 7.5],
			"rotation": {"angle": 0, "axis": "y", "origin": [0, 0, 7.5]},
			"faces": {
				"north": {"uv": [2.508, 11.008, 2.71875, 11.1875], "texture": "#0"},
				"east": {"uv": [8.758, 8.008, 9.625, 8.1875], "texture": "#0"},
				"south": {"uv": [11.008, 3.008, 11.21875, 3.1875], "texture": "#0"},
				"west": {"uv": [8.758, 8.258, 9.625, 8.4375], "texture": "#0"},
				"up": {"uv": [8.21875, 8.875, 8.008, 8.008], "texture": "#0"},
				"down": {"uv": [3.21875, 8.258, 3.008, 9.125], "texture": "#0"}
			}
		},
		{
			"from": [7.575, 0.3, -1.3],
			"to": [8.425, 1, 4],
			"rotation": {"angle": 0, "axis": "y", "origin": [0, 0, 7.5]},
			"faces": {
				"north": {"uv": [11.008, 8.508, 11.21875, 8.6875], "texture": "#0"},
				"east": {"uv": [2.758, 0.508, 4.0625, 0.6875], "texture": "#0"},
				"south": {"uv": [11.008, 8.758, 11.21875, 8.9375], "texture": "#0"},
				"west": {"uv": [2.758, 0.758, 4.0625, 0.9375], "texture": "#0"},
				"up": {"uv": [1.46875, 3.8125, 1.258, 2.508], "texture": "#0"},
				"down": {"uv": [1.71875, 2.508, 1.508, 3.8125], "texture": "#0"}
			}
		},
		{
			"from": [7.575, 0.4, -8.1],
			"to": [8.425, 1, -1.3],
			"rotation": {"angle": 0, "axis": "y", "origin": [0, 0, 7.5]},
			"faces": {
				"north": {"uv": [11.008, 10.758, 11.21875, 10.90625], "texture": "#0"},
				"east": {"uv": [2.758, 0.008, 4.4375, 0.15625], "texture": "#0"},
				"south": {"uv": [11.008, 11.008, 11.21875, 11.15625], "texture": "#0"},
				"west": {"uv": [2.758, 0.258, 4.4375, 0.40625], "texture": "#0"},
				"up": {"uv": [2.71875, 1.6875, 2.508, 0.008], "texture": "#0"},
				"down": {"uv": [0.71875, 2.508, 0.508, 4.1875], "texture": "#0"}
			}
		},
		{
			"from": [8.375, 0.8, -10.125],
			"to": [8.775, 1.05, -9.875],
			"rotation": {"angle": 0, "axis": "y", "origin": [0.575, 0.025, 0.9]},
			"faces": {
				"north": {"uv": [11.758, 0.258, 11.84375, 0.3125], "texture": "#0"},
				"east": {"uv": [11.758, 3.758, 11.8125, 3.8125], "texture": "#0"},
				"south": {"uv": [0.508, 11.758, 0.59375, 11.8125], "texture": "#0"},
				"west": {"uv": [4.008, 11.758, 4.0625, 11.8125], "texture": "#0"},
				"up": {"uv": [11.84375, 0.5625, 11.758, 0.508], "texture": "#0"},
				"down": {"uv": [0.84375, 11.758, 0.758, 11.8125], "texture": "#0"}
			}
		},
		{
			"from": [8.775, 0.8, -10.675],
			"to": [9.05, 1.05, -9.875],
			"rotation": {"angle": 0, "axis": "y", "origin": [0.975, 0.025, 0.9]},
			"faces": {
				"north": {"uv": [11.758, 9.758, 11.8125, 9.8125], "texture": "#0"},
				"east": {"uv": [11.258, 10.508, 11.4375, 10.5625], "texture": "#0"},
				"south": {"uv": [11.758, 10.008, 11.8125, 10.0625], "texture": "#0"},
				"west": {"uv": [11.258, 10.758, 11.4375, 10.8125], "texture": "#0"},
				"up": {"uv": [11.0625, 11.4375, 11.008, 11.258], "texture": "#0"},
				"down": {"uv": [11.3125, 11.008, 11.258, 11.1875], "texture": "#0"}
			}
		},
		{
			"from": [8.775, 0.8, -14.375],
			"to": [8.775, 1.225, -10.675],
			"rotation": {"angle": 0, "axis": "y", "origin": [0.975, 0.025, 0.1]},
			"faces": {
				"north": {"uv": [0.008, 0.008, 0.008, 0.09375], "texture": "#0"},
				"east": {"uv": [10.258, 1.758, 11.1875, 1.84375], "texture": "#0"},
				"south": {"uv": [0.008, 0.008, 0.008, 0.09375], "texture": "#0"},
				"west": {"uv": [11.1875, 1.758, 10.258, 1.84375], "texture": "#0"},
				"up": {"uv": [0.008, 0.9375, 0.008, 0.008], "texture": "#0"},
				"down": {"uv": [0.008, 0.008, 0.008, 0.9375], "texture": "#0"}
			}
		},
		{
			"from": [8.775, 0.8, -14.375],
			"to": [9.2, 0.8, -10.675],
			"rotation": {"angle": 0, "axis": "y", "origin": [8, 8.725, 0.1]},
			"faces": {
				"north": {"uv": [0.008, 0.008, 0.09375, 0.008], "texture": "#0"},
				"east": {"uv": [0.008, 0.008, 0.9375, 0.008], "texture": "#0"},
				"south": {"uv": [0.008, 0.008, 0.09375, 0.008], "texture": "#0"},
				"west": {"uv": [0.008, 0.008, 0.9375, 0.008], "texture": "#0"},
				"up": {"uv": [0.09375, 11.4375, 0.008, 10.508], "texture": "#0"},
				"down": {"uv": [0.09375, 10.508, 0.008, 11.4375], "texture": "#0"}
			}
		},
		{
			"from": [7.9, 0.2, -8.7],
			"to": [8.1, 0.4, -8.075],
			"rotation": {"angle": 0, "axis": "y", "origin": [0, 0, 2]},
			"faces": {
				"north": {"uv": [11.758, 4.008, 11.8125, 4.0625], "texture": "#0"},
				"east": {"uv": [11.508, 0.258, 11.65625, 0.3125], "texture": "#0"},
				"south": {"uv": [4.258, 11.758, 4.3125, 11.8125], "texture": "#0"},
				"west": {"uv": [11.508, 0.508, 11.65625, 0.5625], "texture": "#0"},
				"up": {"uv": [0.8125, 11.65625, 0.758, 11.508], "texture": "#0"},
				"down": {"uv": [11.5625, 0.758, 11.508, 0.90625], "texture": "#0"}
			}
		},
		{
			"from": [7.85, 0.15, -9.5],
			"to": [8.15, 0.45, -8.7],
			"rotation": {"angle": 0, "axis": "y", "origin": [0, 0, 2.6]},
			"faces": {
				"north": {"uv": [11.758, 4.258, 11.8125, 4.3125], "texture": "#0"},
				"east": {"uv": [11.258, 8.508, 11.4375, 8.5625], "texture": "#0"},
				"south": {"uv": [4.508, 11.758, 4.5625, 11.8125], "texture": "#0"},
				"west": {"uv": [11.258, 8.758, 11.4375, 8.8125], "texture": "#0"},
				"up": {"uv": [11.3125, 9.6875, 11.258, 9.508], "texture": "#0"},
				"down": {"uv": [11.3125, 10.008, 11.258, 10.1875], "texture": "#0"}
			}
		},
		{
			"from": [7.575, 0, 7.5],
			"to": [8.425, 1, 16.5],
			"rotation": {"angle": 0, "axis": "y", "origin": [0, 0, 7.5]},
			"faces": {
				"north": {"uv": [2.508, 10.758, 2.71875, 10.992], "texture": "#0"},
				"east": {"uv": [0.008, 1.008, 2.242, 1.242], "texture": "#0"},
				"south": {"uv": [10.758, 3.008, 10.96875, 3.242], "texture": "#0"},
				"west": {"uv": [0.008, 1.258, 2.242, 1.492], "texture": "#0"},
				"up": {"uv": [0.21875, 3.742, 0.008, 1.508], "texture": "#0"},
				"down": {"uv": [0.46875, 1.508, 0.258, 3.742], "texture": "#0"}
			}
		},
		{
			"from": [7.55, 0.98701, 16.10709],
			"to": [8.5, 1.23701, 16.33209],
			"rotation": {"angle": 0, "axis": "y", "origin": [0.025, 0.38701, 7.33209]},
			"faces": {
				"north": {"uv": [11.258, 1.758, 11.492, 1.8125], "texture": "#0"},
				"east": {"uv": [3.008, 12.008, 3.0625, 12.0625], "texture": "#0"},
				"south": {"uv": [2.008, 11.258, 2.242, 11.3125], "texture": "#0"},
				"west": {"uv": [12.008, 3.008, 12.0625, 3.0625], "texture": "#0"},
				"up": {"uv": [2.742, 11.3125, 2.508, 11.258], "texture": "#0"},
				"down": {"uv": [2.992, 11.258, 2.758, 11.3125], "texture": "#0"}
			}
		},
		{
			"from": [7.7, 1.23701, 16.10709],
			"to": [8.325, 1.38701, 16.33209],
			"rotation": {"angle": 0, "axis": "y", "origin": [0.025, 0.63701, 7.33209]},
			"faces": {
				"north": {"uv": [11.758, 3.258, 11.90625, 3.28125], "texture": "#0"},
				"east": {"uv": [12.258, 8.258, 12.3125, 8.28125], "texture": "#0"},
				"south": {"uv": [11.758, 3.508, 11.90625, 3.53125], "texture": "#0"},
				"west": {"uv": [8.508, 12.258, 8.5625, 12.28125], "texture": "#0"},
				"up": {"uv": [1.15625, 11.5625, 1.008, 11.508], "texture": "#0"},
				"down": {"uv": [1.40625, 11.508, 1.258, 11.5625], "texture": "#0"}
			}
		},
		{
			"from": [10.33561, -4.13804, 16.13209],
			"to": [10.56061, -3.98804, 16.33209],
			"rotation": {"angle": 45, "axis": "z", "origin": [2.63561, -4.73804, 7.33209]},
			"faces": {
				"north": {"uv": [12.258, 8.508, 12.3125, 8.53125], "texture": "#0"},
				"east": {"uv": [8.758, 12.258, 8.8125, 12.28125], "texture": "#0"},
				"south": {"uv": [12.258, 8.758, 12.3125, 8.78125], "texture": "#0"},
				"west": {"uv": [9.008, 12.258, 9.0625, 12.28125], "texture": "#0"},
				"up": {"uv": [3.3125, 12.0625, 3.258, 12.008], "texture": "#0"},
				"down": {"uv": [12.0625, 3.258, 12.008, 3.3125], "texture": "#0"}
			}
		},
		{
			"from": [5.43939, -4.13804, 16.13209],
			"to": [5.66439, -3.98804, 16.33209],
			"rotation": {"angle": -45, "axis": "z", "origin": [13.36439, -4.73804, 7.33209]},
			"faces": {
				"north": {"uv": [12.258, 9.008, 12.3125, 9.03125], "texture": "#0"},
				"east": {"uv": [9.258, 12.258, 9.3125, 12.28125], "texture": "#0"},
				"south": {"uv": [12.258, 9.258, 12.3125, 9.28125], "texture": "#0"},
				"west": {"uv": [9.508, 12.258, 9.5625, 12.28125], "texture": "#0"},
				"up": {"uv": [3.5625, 12.0625, 3.508, 12.008], "texture": "#0"},
				"down": {"uv": [12.0625, 3.508, 12.008, 3.5625], "texture": "#0"}
			}
		},
		{
			"from": [7.775, -0.2, 7.5],
			"to": [8.225, 0, 16.5],
			"rotation": {"angle": 0, "axis": "y", "origin": [0, -0.2, 7.5]},
			"faces": {
				"north": {"uv": [2.758, 11.508, 2.875, 11.5625], "texture": "#0"},
				"east": {"uv": [8.758, 8.508, 10.992, 8.5625], "texture": "#0"},
				"south": {"uv": [3.008, 11.508, 3.125, 11.5625], "texture": "#0"},
				"west": {"uv": [8.758, 8.758, 10.992, 8.8125], "texture": "#0"},
				"up": {"uv": [1.875, 4.742, 1.758, 2.508], "texture": "#0"},
				"down": {"uv": [2.625, 1.758, 2.508, 3.992], "texture": "#0"}
			}
		},
		{
			"from": [7.775, -0.25, 13.9],
			"to": [8.225, -0.2, 15.45],
			"rotation": {"angle": 0, "axis": "y", "origin": [0, -0.4, 7.5]},
			"faces": {
				"north": {"uv": [11.758, 11.258, 11.875, 11.28125], "texture": "#0"},
				"east": {"uv": [11.508, 0.008, 11.875, 0.03125], "texture": "#0"},
				"south": {"uv": [11.508, 11.758, 11.625, 11.78125], "texture": "#0"},
				"west": {"uv": [0.258, 11.508, 0.625, 11.53125], "texture": "#0"},
				"up": {"uv": [0.625, 11.375, 0.508, 11.008], "texture": "#0"},
				"down": {"uv": [11.125, 0.508, 11.008, 0.875], "texture": "#0"}
			}
		},
		{
			"from": [9.86689, 5.53311, 7.525],
			"to": [10.14189, 5.73311, 16.5],
			"rotation": {"angle": -45, "axis": "z", "origin": [2.04189, 5.53311, 7.5]},
			"faces": {
				"north": {"uv": [11.758, 4.508, 11.8125, 4.5625], "texture": "#0"},
				"east": {"uv": [8.008, 9.008, 10.242, 9.0625], "texture": "#0"},
				"south": {"uv": [4.758, 11.758, 4.8125, 11.8125], "texture": "#0"},
				"west": {"uv": [8.008, 9.258, 10.242, 9.3125], "texture": "#0"},
				"up": {"uv": [3.0625, 11.492, 3.008, 9.258], "texture": "#0"},
				"down": {"uv": [8.0625, 9.508, 8.008, 11.742], "texture": "#0"}
			}
		},
		{
			"from": [5.85811, 5.53311, 7.525],
			"to": [6.13311, 5.73311, 16.5],
			"rotation": {"angle": 45, "axis": "z", "origin": [13.95811, 5.53311, 7.5]},
			"faces": {
				"north": {"uv": [11.758, 4.758, 11.8125, 4.8125], "texture": "#0"},
				"east": {"uv": [8.258, 9.508, 10.492, 9.5625], "texture": "#0"},
				"south": {"uv": [11.758, 5.008, 11.8125, 5.0625], "texture": "#0"},
				"west": {"uv": [9.758, 1.008, 11.992, 1.0625], "texture": "#0"},
				"up": {"uv": [3.3125, 11.992, 3.258, 9.758], "texture": "#0"},
				"down": {"uv": [3.8125, 9.758, 3.758, 11.992], "texture": "#0"}
			}
		},
		{
			"from": [5.85811, 5.73311, 4.025],
			"to": [6.13311, 5.93311, 7.5],
			"rotation": {"angle": 45, "axis": "z", "origin": [13.95811, 5.73311, 4]},
			"faces": {
				"north": {"uv": [11.758, 8.008, 11.8125, 8.0625], "texture": "#0"},
				"east": {"uv": [10.758, 4.258, 11.625, 4.3125], "texture": "#0"},
				"south": {"uv": [8.258, 11.758, 8.3125, 11.8125], "texture": "#0"},
				"west": {"uv": [10.758, 9.758, 11.625, 9.8125], "texture": "#0"},
				"up": {"uv": [8.8125, 11.625, 8.758, 10.758], "texture": "#0"},
				"down": {"uv": [10.8125, 10.508, 10.758, 11.375], "texture": "#0"}
			}
		},
		{
			"from": [9.86689, 5.73311, 4.025],
			"to": [10.14189, 5.93311, 7.5],
			"rotation": {"angle": -45, "axis": "z", "origin": [2.04189, 5.73311, 4]},
			"faces": {
				"north": {"uv": [11.758, 5.258, 11.8125, 5.3125], "texture": "#0"},
				"east": {"uv": [10.758, 3.758, 11.625, 3.8125], "texture": "#0"},
				"south": {"uv": [8.008, 11.758, 8.0625, 11.8125], "texture": "#0"},
				"west": {"uv": [10.758, 4.008, 11.625, 4.0625], "texture": "#0"},
				"up": {"uv": [8.3125, 11.625, 8.258, 10.758], "texture": "#0"},
				"down": {"uv": [8.5625, 10.758, 8.508, 11.625], "texture": "#0"}
			}
		},
		{
			"from": [7.775, 0, 4],
			"to": [8.225, 0.2, 7.5],
			"rotation": {"angle": 0, "axis": "y", "origin": [0, 0, 4]},
			"faces": {
				"north": {"uv": [11.508, 3.008, 11.625, 3.0625], "texture": "#0"},
				"east": {"uv": [10.758, 3.258, 11.625, 3.3125], "texture": "#0"},
				"south": {"uv": [4.008, 11.508, 4.125, 11.5625], "texture": "#0"},
				"west": {"uv": [10.758, 3.508, 11.625, 3.5625], "texture": "#0"},
				"up": {"uv": [8.625, 10.625, 8.508, 9.758], "texture": "#0"},
				"down": {"uv": [8.875, 9.758, 8.758, 10.625], "texture": "#0"}
			}
		},
		{
			"from": [7.775, 0.1, -1.3],
			"to": [8.225, 0.3, 4],
			"rotation": {"angle": 0, "axis": "y", "origin": [0, 0.1, 0.5]},
			"faces": {
				"north": {"uv": [4.258, 11.508, 4.375, 11.5625], "texture": "#0"},
				"east": {"uv": [10.508, 9.008, 11.8125, 9.0625], "texture": "#0"},
				"south": {"uv": [4.508, 11.508, 4.625, 11.5625], "texture": "#0"},
				"west": {"uv": [10.508, 9.258, 11.8125, 9.3125], "texture": "#0"},
				"up": {"uv": [3.375, 9.5625, 3.258, 8.258], "texture": "#0"},
				"down": {"uv": [3.625, 8.758, 3.508, 10.0625], "texture": "#0"}
			}
		},
		{
			"from": [5.85811, 5.83311, -1.275],
			"to": [6.13311, 6.03311, 4],
			"rotation": {"angle": 45, "axis": "z", "origin": [13.95811, 5.83311, 0.5]},
			"faces": {
				"north": {"uv": [11.758, 8.508, 11.8125, 8.5625], "texture": "#0"},
				"east": {"uv": [10.508, 2.508, 11.8125, 2.5625], "texture": "#0"},
				"south": {"uv": [8.758, 11.758, 8.8125, 11.8125], "texture": "#0"},
				"west": {"uv": [10.508, 2.758, 11.8125, 2.8125], "texture": "#0"},
				"up": {"uv": [10.0625, 11.8125, 10.008, 10.508], "texture": "#0"},
				"down": {"uv": [10.3125, 10.508, 10.258, 11.8125], "texture": "#0"}
			}
		},
		{
			"from": [9.86689, 5.83311, -1.275],
			"to": [10.14189, 6.03311, 4],
			"rotation": {"angle": -45, "axis": "z", "origin": [2.04189, 5.83311, 0.5]},
			"faces": {
				"north": {"uv": [11.758, 8.258, 11.8125, 8.3125], "texture": "#0"},
				"east": {"uv": [10.508, 2.008, 11.8125, 2.0625], "texture": "#0"},
				"south": {"uv": [8.508, 11.758, 8.5625, 11.8125], "texture": "#0"},
				"west": {"uv": [10.508, 2.258, 11.8125, 2.3125], "texture": "#0"},
				"up": {"uv": [9.5625, 11.8125, 9.508, 10.508], "texture": "#0"},
				"down": {"uv": [9.8125, 10.508, 9.758, 11.8125], "texture": "#0"}
			}
		},
		{
			"from": [5.85811, 5.93311, -8.05],
			"to": [6.13311, 6.13311, -1.3],
			"rotation": {"angle": 45, "axis": "z", "origin": [13.95811, 5.93311, -4.8]},
			"faces": {
				"north": {"uv": [9.258, 11.758, 9.3125, 11.8125], "texture": "#0"},
				"east": {"uv": [9.508, 10.008, 11.1875, 10.0625], "texture": "#0"},
				"south": {"uv": [11.758, 9.508, 11.8125, 9.5625], "texture": "#0"},
				"west": {"uv": [10.258, 1.508, 11.9375, 1.5625], "texture": "#0"},
				"up": {"uv": [2.3125, 11.9375, 2.258, 10.258], "texture": "#0"},
				"down": {"uv": [3.5625, 10.258, 3.508, 11.9375], "texture": "#0"}
			}
		},
		{
			"from": [7.775, 0.2, -8.075],
			"to": [8.225, 0.4, -1.3],
			"rotation": {"angle": 0, "axis": "y", "origin": [0, 0.2, -4.8]},
			"faces": {
				"north": {"uv": [11.508, 4.508, 11.625, 4.5625], "texture": "#0"},
				"east": {"uv": [10.008, 8.008, 11.6875, 8.0625], "texture": "#0"},
				"south": {"uv": [11.508, 4.758, 11.625, 4.8125], "texture": "#0"},
				"west": {"uv": [10.008, 8.258, 11.6875, 8.3125], "texture": "#0"},
				"up": {"uv": [2.875, 2.6875, 2.758, 1.008], "texture": "#0"},
				"down": {"uv": [2.875, 2.758, 2.758, 4.4375], "texture": "#0"}
			}
		},
		{
			"from": [9.86689, 5.93311, -8.05],
			"to": [10.14189, 6.13311, -1.3],
			"rotation": {"angle": -45, "axis": "z", "origin": [2.04189, 5.93311, -4.8]},
			"faces": {
				"north": {"uv": [11.758, 8.758, 11.8125, 8.8125], "texture": "#0"},
				"east": {"uv": [9.758, 1.258, 11.4375, 1.3125], "texture": "#0"},
				"south": {"uv": [9.008, 11.758, 9.0625, 11.8125], "texture": "#0"},
				"west": {"uv": [9.008, 9.758, 10.6875, 9.8125], "texture": "#0"},
				"up": {"uv": [9.0625, 11.6875, 9.008, 10.008], "texture": "#0"},
				"down": {"uv": [9.3125, 10.008, 9.258, 11.6875], "texture": "#0"}
			}
		},
		{
			"from": [7.925, 3.075, 15.875],
			"to": [8.075, 3.425, 15.975],
			"rotation": {"angle": 22.5, "axis": "x", "origin": [0, 0.25, 7.375]},
			"faces": {
				"north": {"uv": [3.758, 12.008, 3.78125, 12.09375], "texture": "#0"},
				"east": {"uv": [12.008, 3.758, 12.03125, 3.84375], "texture": "#0"},
				"south": {"uv": [4.008, 12.008, 4.03125, 12.09375], "texture": "#0"},
				"west": {"uv": [12.008, 4.008, 12.03125, 4.09375], "texture": "#0"},
				"up": {"uv": [12.28125, 9.53125, 12.258, 9.508], "texture": "#0"},
				"down": {"uv": [9.78125, 12.258, 9.758, 12.28125], "texture": "#0"}
			}
		},
		{
			"from": [7.9, -0.83252, 16.30546],
			"to": [8.1, -0.10752, 16.40546],
			"rotation": {"angle": 0, "axis": "y", "origin": [0, -3.20752, 7.80546]},
			"faces": {
				"north": {"uv": [11.258, 10.258, 11.3125, 10.4375], "texture": "#0"},
				"east": {"uv": [11.758, 0.758, 11.78125, 0.9375], "texture": "#0"},
				"south": {"uv": [10.508, 11.258, 10.5625, 11.4375], "texture": "#0"},
				"west": {"uv": [1.008, 11.758, 1.03125, 11.9375], "texture": "#0"},
				"up": {"uv": [11.8125, 12.03125, 11.758, 12.008], "texture": "#0"},
				"down": {"uv": [12.0625, 11.758, 12.008, 11.78125], "texture": "#0"}
			}
		},
		{
			"from": [7.85, -5.50584, 20.83702],
			"to": [8.15, -5.38084, 21.68702],
			"rotation": {"angle": -45, "axis": "x", "origin": [0, -8.10584, 13.58702]},
			"faces": {
				"north": {"uv": [12.008, 12.008, 12.0625, 12.03125], "texture": "#0"},
				"east": {"uv": [11.508, 11.258, 11.71875, 11.28125], "texture": "#0"},
				"south": {"uv": [0.008, 12.258, 0.0625, 12.28125], "texture": "#0"},
				"west": {"uv": [11.508, 11.508, 11.71875, 11.53125], "texture": "#0"},
				"up": {"uv": [11.3125, 3.21875, 11.258, 3.008], "texture": "#0"},
				"down": {"uv": [4.0625, 11.258, 4.008, 11.46875], "texture": "#0"}
			}
		},
		{
			"from": [7.85, -3.92786, 17.91378],
			"to": [8.15, -3.80286, 18.46378],
			"rotation": {"angle": -22.5, "axis": "x", "origin": [0, -6.52786, 10.66378]},
			"faces": {
				"north": {"uv": [12.258, 0.258, 12.3125, 0.28125], "texture": "#0"},
				"east": {"uv": [11.758, 10.258, 11.875, 10.28125], "texture": "#0"},
				"south": {"uv": [0.508, 12.258, 0.5625, 12.28125], "texture": "#0"},
				"west": {"uv": [10.508, 11.758, 10.625, 11.78125], "texture": "#0"},
				"up": {"uv": [11.5625, 8.625, 11.508, 8.508], "texture": "#0"},
				"down": {"uv": [11.5625, 8.758, 11.508, 8.875], "texture": "#0"}
			}
		},
		{
			"from": [7.85, -2.55735, 12.65604],
			"to": [8.15, -2.00735, 12.78104],
			"rotation": {"angle": -22.5, "axis": "x", "origin": [0, 5.24265, 10.05604]},
			"faces": {
				"north": {"uv": [11.508, 9.508, 11.5625, 9.625], "texture": "#0"},
				"east": {"uv": [11.758, 10.758, 11.78125, 10.875], "texture": "#0"},
				"south": {"uv": [11.508, 10.008, 11.5625, 10.125], "texture": "#0"},
				"west": {"uv": [11.008, 11.758, 11.03125, 11.875], "texture": "#0"},
				"up": {"uv": [12.3125, 0.53125, 12.258, 0.508], "texture": "#0"},
				"down": {"uv": [0.8125, 12.258, 0.758, 12.28125], "texture": "#0"}
			}
		},
		{
			"from": [7.85, -0.4605, 15.23258],
			"to": [8.15, 0.0895, 15.35758],
			"rotation": {"angle": 0, "axis": "y", "origin": [0, 7.3395, 12.63258]},
			"faces": {
				"north": {"uv": [11.508, 10.258, 11.5625, 10.375], "texture": "#0"},
				"east": {"uv": [11.758, 11.008, 11.78125, 11.125], "texture": "#0"},
				"south": {"uv": [10.508, 11.508, 10.5625, 11.625], "texture": "#0"},
				"west": {"uv": [11.258, 11.758, 11.28125, 11.875], "texture": "#0"},
				"up": {"uv": [12.3125, 0.78125, 12.258, 0.758], "texture": "#0"},
				"down": {"uv": [1.0625, 12.258, 1.008, 12.28125], "texture": "#0"}
			}
		},
		{
			"from": [7.95, -0.4355, 14.70758],
			"to": [8.05, -0.2355, 14.98258],
			"rotation": {"angle": 0, "axis": "y", "origin": [0, 7.3395, 12.28258]},
			"faces": {
				"north": {"uv": [12.258, 1.008, 12.28125, 1.0625], "texture": "#0"},
				"east": {"uv": [11.758, 11.508, 11.8125, 11.5625], "texture": "#0"},
				"south": {"uv": [1.258, 12.258, 1.28125, 12.3125], "texture": "#0"},
				"west": {"uv": [11.758, 11.758, 11.8125, 11.8125], "texture": "#0"},
				"up": {"uv": [12.28125, 1.3125, 12.258, 1.258], "texture": "#0"},
				"down": {"uv": [1.53125, 12.258, 1.508, 12.3125], "texture": "#0"}
			}
		},
		{
			"from": [8.05, -0.5605, 14.78258],
			"to": [8.075, -0.3355, 14.90758],
			"rotation": {"angle": 0, "axis": "y", "origin": [0.025, 7.2395, 12.28258]},
			"faces": {
				"north": {"uv": [12.258, 1.508, 12.28125, 1.5625], "texture": "#0"},
				"east": {"uv": [1.758, 12.258, 1.78125, 12.3125], "texture": "#0"},
				"south": {"uv": [12.258, 1.758, 12.28125, 1.8125], "texture": "#0"},
				"west": {"uv": [2.008, 12.258, 2.03125, 12.3125], "texture": "#0"},
				"up": {"uv": [2.28125, 12.53125, 2.258, 12.508], "texture": "#0"},
				"down": {"uv": [12.53125, 2.258, 12.508, 2.28125], "texture": "#0"}
			}
		},
		{
			"from": [7.775, -0.5355, 14.80758],
			"to": [8.225, -0.4605, 14.88258],
			"rotation": {"angle": 0, "axis": "y", "origin": [0.025, 7.2395, 12.28258]},
			"faces": {
				"north": {"uv": [0.008, 12.008, 0.125, 12.03125], "texture": "#0"},
				"east": {"uv": [2.758, 12.508, 2.78125, 12.53125], "texture": "#0"},
				"south": {"uv": [12.008, 0.008, 12.125, 0.03125], "texture": "#0"},
				"west": {"uv": [12.508, 2.758, 12.53125, 2.78125], "texture": "#0"},
				"up": {"uv": [0.375, 12.03125, 0.258, 12.008], "texture": "#0"},
				"down": {"uv": [12.125, 0.258, 12.008, 0.28125], "texture": "#0"}
			}
		},
		{
			"from": [7.775, -0.8355, 14.80758],
			"to": [8.225, -0.7605, 14.88258],
			"rotation": {"angle": 0, "axis": "y", "origin": [0.025, 6.9395, 12.28258]},
			"faces": {
				"north": {"uv": [0.508, 12.008, 0.625, 12.03125], "texture": "#0"},
				"east": {"uv": [3.008, 12.508, 3.03125, 12.53125], "texture": "#0"},
				"south": {"uv": [12.008, 0.508, 12.125, 0.53125], "texture": "#0"},
				"west": {"uv": [12.508, 3.008, 12.53125, 3.03125], "texture": "#0"},
				"up": {"uv": [0.875, 12.03125, 0.758, 12.008], "texture": "#0"},
				"down": {"uv": [12.125, 0.758, 12.008, 0.78125], "texture": "#0"}
			}
		},
		{
			"from": [7.7, -0.8355, 14.80758],
			"to": [7.775, -0.4605, 14.88258],
			"rotation": {"angle": 0, "axis": "y", "origin": [-0.05, 6.9395, 12.28258]},
			"faces": {
				"north": {"uv": [4.508, 12.008, 4.53125, 12.09375], "texture": "#0"},
				"east": {"uv": [12.008, 4.508, 12.03125, 4.59375], "texture": "#0"},
				"south": {"uv": [4.758, 12.008, 4.78125, 12.09375], "texture": "#0"},
				"west": {"uv": [12.008, 4.758, 12.03125, 4.84375], "texture": "#0"},
				"up": {"uv": [3.28125, 12.53125, 3.258, 12.508], "texture": "#0"},
				"down": {"uv": [12.53125, 3.258, 12.508, 3.28125], "texture": "#0"}
			}
		},
		{
			"from": [8.225, -0.8355, 14.80758],
			"to": [8.3, -0.4605, 14.88258],
			"rotation": {"angle": 0, "axis": "y", "origin": [16.05, 6.9395, 12.28258]},
			"faces": {
				"north": {"uv": [12.008, 5.008, 12.03125, 5.09375], "texture": "#0"},
				"east": {"uv": [12.008, 5.258, 12.03125, 5.34375], "texture": "#0"},
				"south": {"uv": [8.008, 12.008, 8.03125, 12.09375], "texture": "#0"},
				"west": {"uv": [12.008, 8.008, 12.03125, 8.09375], "texture": "#0"},
				"up": {"uv": [3.53125, 12.53125, 3.508, 12.508], "texture": "#0"},
				"down": {"uv": [12.53125, 3.508, 12.508, 3.53125], "texture": "#0"}
			}
		},
		{
			"from": [7.925, -0.5605, 14.78258],
			"to": [7.95, -0.3355, 14.90758],
			"rotation": {"angle": 0, "axis": "y", "origin": [15.975, 7.2395, 12.28258]},
			"faces": {
				"north": {"uv": [12.258, 2.008, 12.28125, 2.0625], "texture": "#0"},
				"east": {"uv": [2.258, 12.258, 2.28125, 12.3125], "texture": "#0"},
				"south": {"uv": [12.258, 2.258, 12.28125, 2.3125], "texture": "#0"},
				"west": {"uv": [2.508, 12.258, 2.53125, 12.3125], "texture": "#0"},
				"up": {"uv": [2.53125, 12.53125, 2.508, 12.508], "texture": "#0"},
				"down": {"uv": [12.53125, 2.508, 12.508, 2.53125], "texture": "#0"}
			}
		},
		{
			"from": [8.225, -0.4855, -0.94242],
			"to": [8.3, -0.1105, -0.86742],
			"rotation": {"angle": 0, "axis": "y", "origin": [16.05, 7.2895, -3.46742]},
			"faces": {
				"north": {"uv": [8.758, 12.008, 8.78125, 12.09375], "texture": "#0"},
				"east": {"uv": [12.008, 8.758, 12.03125, 8.84375], "texture": "#0"},
				"south": {"uv": [9.008, 12.008, 9.03125, 12.09375], "texture": "#0"},
				"west": {"uv": [12.008, 9.008, 12.03125, 9.09375], "texture": "#0"},
				"up": {"uv": [5.03125, 12.53125, 5.008, 12.508], "texture": "#0"},
				"down": {"uv": [12.53125, 5.008, 12.508, 5.03125], "texture": "#0"}
			}
		},
		{
			"from": [7.775, -0.1855, -0.94242],
			"to": [8.225, -0.1105, -0.86742],
			"rotation": {"angle": 0, "axis": "y", "origin": [0.025, 7.5895, -3.46742]},
			"faces": {
				"north": {"uv": [1.758, 12.008, 1.875, 12.03125], "texture": "#0"},
				"east": {"uv": [4.758, 12.508, 4.78125, 12.53125], "texture": "#0"},
				"south": {"uv": [12.008, 1.758, 12.125, 1.78125], "texture": "#0"},
				"west": {"uv": [12.508, 4.758, 12.53125, 4.78125], "texture": "#0"},
				"up": {"uv": [2.125, 12.03125, 2.008, 12.008], "texture": "#0"},
				"down": {"uv": [12.125, 2.008, 12.008, 2.03125], "texture": "#0"}
			}
		},
		{
			"from": [7.925, -0.2105, -0.96742],
			"to": [7.95, 0.0145, -0.84242],
			"rotation": {"angle": 0, "axis": "y", "origin": [15.975, 7.5895, -3.46742]},
			"faces": {
				"north": {"uv": [12.258, 3.508, 12.28125, 3.5625], "texture": "#0"},
				"east": {"uv": [3.758, 12.258, 3.78125, 12.3125], "texture": "#0"},
				"south": {"uv": [12.258, 3.758, 12.28125, 3.8125], "texture": "#0"},
				"west": {"uv": [4.008, 12.258, 4.03125, 12.3125], "texture": "#0"},
				"up": {"uv": [4.53125, 12.53125, 4.508, 12.508], "texture": "#0"},
				"down": {"uv": [12.53125, 4.508, 12.508, 4.53125], "texture": "#0"}
			}
		},
		{
			"from": [8.05, -0.2105, -0.96742],
			"to": [8.075, 0.0145, -0.84242],
			"rotation": {"angle": 0, "axis": "y", "origin": [0.025, 7.5895, -3.46742]},
			"faces": {
				"north": {"uv": [12.258, 3.008, 12.28125, 3.0625], "texture": "#0"},
				"east": {"uv": [3.258, 12.258, 3.28125, 12.3125], "texture": "#0"},
				"south": {"uv": [12.258, 3.258, 12.28125, 3.3125], "texture": "#0"},
				"west": {"uv": [3.508, 12.258, 3.53125, 12.3125], "texture": "#0"},
				"up": {"uv": [4.28125, 12.53125, 4.258, 12.508], "texture": "#0"},
				"down": {"uv": [12.53125, 4.258, 12.508, 4.28125], "texture": "#0"}
			}
		},
		{
			"from": [7.775, -0.4855, -0.94242],
			"to": [8.225, -0.4105, -0.86742],
			"rotation": {"angle": 0, "axis": "y", "origin": [0.025, 7.2895, -3.46742]},
			"faces": {
				"north": {"uv": [1.258, 12.008, 1.375, 12.03125], "texture": "#0"},
				"east": {"uv": [4.008, 12.508, 4.03125, 12.53125], "texture": "#0"},
				"south": {"uv": [12.008, 1.258, 12.125, 1.28125], "texture": "#0"},
				"west": {"uv": [12.508, 4.008, 12.53125, 4.03125], "texture": "#0"},
				"up": {"uv": [1.625, 12.03125, 1.508, 12.008], "texture": "#0"},
				"down": {"uv": [12.125, 1.508, 12.008, 1.53125], "texture": "#0"}
			}
		},
		{
			"from": [7.7, -0.4855, -0.94242],
			"to": [7.775, -0.1105, -0.86742],
			"rotation": {"angle": 0, "axis": "y", "origin": [-0.05, 7.2895, -3.46742]},
			"faces": {
				"north": {"uv": [8.258, 12.008, 8.28125, 12.09375], "texture": "#0"},
				"east": {"uv": [12.008, 8.258, 12.03125, 8.34375], "texture": "#0"},
				"south": {"uv": [8.508, 12.008, 8.53125, 12.09375], "texture": "#0"},
				"west": {"uv": [12.008, 8.508, 12.03125, 8.59375], "texture": "#0"},
				"up": {"uv": [3.78125, 12.53125, 3.758, 12.508], "texture": "#0"},
				"down": {"uv": [12.53125, 3.758, 12.508, 3.78125], "texture": "#0"}
			}
		},
		{
			"from": [7.95, -0.0855, -1.04242],
			"to": [8.05, 0.1145, -0.76742],
			"rotation": {"angle": 0, "axis": "y", "origin": [0, 7.6895, -3.46742]},
			"faces": {
				"north": {"uv": [12.258, 2.508, 12.28125, 2.5625], "texture": "#0"},
				"east": {"uv": [1.008, 12.008, 1.0625, 12.0625], "texture": "#0"},
				"south": {"uv": [2.758, 12.258, 2.78125, 12.3125], "texture": "#0"},
				"west": {"uv": [12.008, 1.008, 12.0625, 1.0625], "texture": "#0"},
				"up": {"uv": [12.28125, 2.8125, 12.258, 2.758], "texture": "#0"},
				"down": {"uv": [3.03125, 12.258, 3.008, 12.3125], "texture": "#0"}
			}
		},
		{
			"from": [7.85, 1.63174, 14.17009],
			"to": [8.15, 1.75674, 15.17009],
			"rotation": {"angle": 22.5, "axis": "x", "origin": [0, -2.86826, 8.27009]},
			"faces": {
				"north": {"uv": [12.258, 0.008, 12.3125, 0.03125], "texture": "#0"},
				"east": {"uv": [2.008, 11.508, 2.242, 11.53125], "texture": "#0"},
				"south": {"uv": [0.258, 12.258, 0.3125, 12.28125], "texture": "#0"},
				"west": {"uv": [2.508, 11.508, 2.742, 11.53125], "texture": "#0"},
				"up": {"uv": [1.3125, 11.492, 1.258, 11.258], "texture": "#0"},
				"down": {"uv": [1.5625, 11.258, 1.508, 11.492], "texture": "#0"}
			}
		},
		{
			"from": [7.6, -0.19888, 15.89232],
			"to": [8.4, 1.17612, 25.94232],
			"rotation": {"angle": 22.5, "axis": "x", "origin": [0, 0.17612, 16.64232]},
			"faces": {
				"north": {"uv": [1.508, 10.758, 1.6875, 11.09375], "texture": "#0"},
				"east": {"uv": [0.008, 0.008, 2.492, 0.34375], "texture": "#0"},
				"south": {"uv": [2.008, 10.758, 2.1875, 11.09375], "texture": "#0"},
				"west": {"uv": [0.008, 0.508, 2.492, 0.84375], "texture": "#0"},
				"up": {"uv": [2.1875, 3.992, 2.008, 1.508], "texture": "#0"},
				"down": {"uv": [2.4375, 1.008, 2.258, 3.492], "texture": "#0"}
			}
		},
		{
			"from": [7.825, 1.17612, 15.89232],
			"to": [8.175, 1.20112, 16.94232],
			"rotation": {"angle": 22.5, "axis": "x", "origin": [0, 0.17612, 16.64232]},
			"faces": {
				"north": {"uv": [11.508, 12.008, 11.59375, 12.03125], "texture": "#0"},
				"east": {"uv": [11.508, 11.008, 11.742, 11.03125], "texture": "#0"},
				"south": {"uv": [12.008, 11.508, 12.09375, 11.53125], "texture": "#0"},
				"west": {"uv": [11.258, 11.508, 11.492, 11.53125], "texture": "#0"},
				"up": {"uv": [11.34375, 0.992, 11.258, 0.758], "texture": "#0"},
				"down": {"uv": [1.09375, 11.258, 1.008, 11.492], "texture": "#0"}
			}
		},
		{
			"from": [7.825, -0.07388, 17.29232],
			"to": [8.175, -0.02388, 17.76732],
			"rotation": {"angle": 22.5, "axis": "x", "origin": [0, 0.17612, 16.19232]},
			"faces": {
				"north": {"uv": [4.258, 12.008, 4.34375, 12.03125], "texture": "#0"},
				"east": {"uv": [11.758, 10.508, 11.875, 10.53125], "texture": "#0"},
				"south": {"uv": [12.008, 4.258, 12.09375, 4.28125], "texture": "#0"},
				"west": {"uv": [10.758, 11.758, 10.875, 11.78125], "texture": "#0"},
				"up": {"uv": [11.34375, 11.375, 11.258, 11.258], "texture": "#0"},
				"down": {"uv": [0.09375, 11.508, 0.008, 11.625], "texture": "#0"}
			}
		},
		{
			"from": [7.575, -1.02388, 20.04232],
			"to": [8.425, 0.37612, 25.64232],
			"rotation": {"angle": 0, "axis": "y", "origin": [0, 0.17612, 16.64232]},
			"faces": {
				"north": {"uv": [1.008, 10.758, 1.21875, 11.09375], "texture": "#0"},
				"east": {"uv": [0.508, 1.508, 1.90625, 1.84375], "texture": "#0"},
				"south": {"uv": [1.258, 10.758, 1.46875, 11.09375], "texture": "#0"},
				"west": {"uv": [0.508, 2.008, 1.90625, 2.34375], "texture": "#0"},
				"up": {"uv": [0.96875, 3.90625, 0.758, 2.508], "texture": "#0"},
				"down": {"uv": [1.21875, 2.508, 1.008, 3.90625], "texture": "#0"}
			}
		},
		{
			"from": [8.4, 0.92612, 14.74232],
			"to": [8.675, 1.02612, 15.16732],
			"rotation": {"angle": 0, "axis": "y", "origin": [0, 0.72612, 7.66732]},
			"faces": {
				"north": {"uv": [12.258, 4.008, 12.3125, 4.03125], "texture": "#0"},
				"east": {"uv": [9.258, 12.008, 9.34375, 12.03125], "texture": "#0"},
				"south": {"uv": [4.258, 12.258, 4.3125, 12.28125], "texture": "#0"},
				"west": {"uv": [12.008, 9.258, 12.09375, 9.28125], "texture": "#0"},
				"up": {"uv": [1.3125, 11.84375, 1.258, 11.758], "texture": "#0"},
				"down": {"uv": [11.8125, 1.258, 11.758, 1.34375], "texture": "#0"}
			}
		},
		{
			"from": [8.4, 0.77612, 14.84232],
			"to": [8.725, 0.92612, 15.19232],
			"rotation": {"angle": 0, "axis": "y", "origin": [0, 0.62612, 7.66732]},
			"faces": {
				"north": {"uv": [11.008, 12.008, 11.09375, 12.03125], "texture": "#0"},
				"east": {"uv": [12.008, 11.008, 12.09375, 11.03125], "texture": "#0"},
				"south": {"uv": [11.258, 12.008, 11.34375, 12.03125], "texture": "#0"},
				"west": {"uv": [12.008, 11.258, 12.09375, 11.28125], "texture": "#0"},
				"up": {"uv": [1.84375, 11.59375, 1.758, 11.508], "texture": "#0"},
				"down": {"uv": [11.59375, 1.758, 11.508, 1.84375], "texture": "#0"}
			}
		},
		{
			"from": [8.4, 0.37612, 15.76732],
			"to": [8.5, 0.77612, 16.16732],
			"rotation": {"angle": 0, "axis": "y", "origin": [0, 0.32612, 8.66732]},
			"faces": {
				"north": {"uv": [9.508, 12.008, 9.53125, 12.09375], "texture": "#0"},
				"east": {"uv": [11.508, 1.258, 11.59375, 1.34375], "texture": "#0"},
				"south": {"uv": [12.008, 9.508, 12.03125, 9.59375], "texture": "#0"},
				"west": {"uv": [1.508, 11.508, 1.59375, 11.59375], "texture": "#0"},
				"up": {"uv": [9.78125, 12.09375, 9.758, 12.008], "texture": "#0"},
				"down": {"uv": [12.03125, 9.758, 12.008, 9.84375], "texture": "#0"}
			}
		},
		{
			"from": [8.4, 0.77612, 15.74232],
			"to": [8.5, 0.95112, 16.11732],
			"rotation": {"angle": 0, "axis": "y", "origin": [0, 0.72612, 8.66732]},
			"faces": {
				"north": {"uv": [8.258, 12.508, 8.28125, 12.53125], "texture": "#0"},
				"east": {"uv": [10.008, 12.008, 10.09375, 12.03125], "texture": "#0"},
				"south": {"uv": [12.508, 8.258, 12.53125, 8.28125], "texture": "#0"},
				"west": {"uv": [12.008, 10.008, 12.09375, 10.03125], "texture": "#0"},
				"up": {"uv": [10.28125, 12.09375, 10.258, 12.008], "texture": "#0"},
				"down": {"uv": [12.03125, 10.258, 12.008, 10.34375], "texture": "#0"}
			}
		},
		{
			"from": [8.375, 1.12612, 15.71732],
			"to": [8.525, 1.25112, 16.11732],
			"rotation": {"angle": 0, "axis": "y", "origin": [0, 1.07612, 8.66732]},
			"faces": {
				"north": {"uv": [10.008, 12.508, 10.03125, 12.53125], "texture": "#0"},
				"east": {"uv": [10.508, 12.008, 10.59375, 12.03125], "texture": "#0"},
				"south": {"uv": [12.508, 10.008, 12.53125, 10.03125], "texture": "#0"},
				"west": {"uv": [12.008, 10.508, 12.09375, 10.53125], "texture": "#0"},
				"up": {"uv": [10.78125, 12.09375, 10.758, 12.008], "texture": "#0"},
				"down": {"uv": [12.03125, 10.758, 12.008, 10.84375], "texture": "#0"}
			}
		},
		{
			"from": [8.3, 1.25112, 15.56732],
			"to": [8.6, 1.35112, 16.14232],
			"rotation": {"angle": 0, "axis": "y", "origin": [0, 1.20112, 8.66732]},
			"faces": {
				"north": {"uv": [12.258, 4.508, 12.3125, 4.53125], "texture": "#0"},
				"east": {"uv": [2.258, 12.008, 2.375, 12.03125], "texture": "#0"},
				"south": {"uv": [4.758, 12.258, 4.8125, 12.28125], "texture": "#0"},
				"west": {"uv": [12.008, 2.258, 12.125, 2.28125], "texture": "#0"},
				"up": {"uv": [11.5625, 10.625, 11.508, 10.508], "texture": "#0"},
				"down": {"uv": [10.8125, 11.508, 10.758, 11.625], "texture": "#0"}
			}
		},
		{
			"from": [8.325, 1.35112, 15.49232],
			"to": [8.575, 1.50112, 15.76732],
			"rotation": {"angle": 0, "axis": "y", "origin": [0, 1.30112, 8.66732]},
			"faces": {
				"north": {"uv": [12.258, 5.758, 12.3125, 5.78125], "texture": "#0"},
				"east": {"uv": [8.008, 12.258, 8.0625, 12.28125], "texture": "#0"},
				"south": {"uv": [12.258, 8.008, 12.3125, 8.03125], "texture": "#0"},
				"west": {"uv": [8.258, 12.258, 8.3125, 12.28125], "texture": "#0"},
				"up": {"uv": [2.8125, 12.0625, 2.758, 12.008], "texture": "#0"},
				"down": {"uv": [12.0625, 2.758, 12.008, 2.8125], "texture": "#0"}
			}
		},
		{
			"from": [8.3, 1.50112, 15.56732],
			"to": [8.6, 1.60112, 16.14232],
			"rotation": {"angle": 0, "axis": "y", "origin": [0, 1.45112, 8.66732]},
			"faces": {
				"north": {"uv": [12.258, 4.758, 12.3125, 4.78125], "texture": "#0"},
				"east": {"uv": [2.508, 12.008, 2.625, 12.03125], "texture": "#0"},
				"south": {"uv": [5.008, 12.258, 5.0625, 12.28125], "texture": "#0"},
				"west": {"uv": [12.008, 2.508, 12.125, 2.53125], "texture": "#0"},
				"up": {"uv": [11.5625, 10.875, 11.508, 10.758], "texture": "#0"},
				"down": {"uv": [11.0625, 11.508, 11.008, 11.625], "texture": "#0"}
			}
		},
		{
			"from": [8.4, 0.95112, 16.01732],
			"to": [8.525, 1.12612, 16.11732],
			"rotation": {"angle": 0, "axis": "y", "origin": [0, 0.90112, 8.66732]},
			"faces": {
				"north": {"uv": [8.508, 12.508, 8.53125, 12.53125], "texture": "#0"},
				"east": {"uv": [12.508, 8.508, 12.53125, 8.53125], "texture": "#0"},
				"south": {"uv": [8.758, 12.508, 8.78125, 12.53125], "texture": "#0"},
				"west": {"uv": [12.508, 8.758, 12.53125, 8.78125], "texture": "#0"},
				"up": {"uv": [9.03125, 12.53125, 9.008, 12.508], "texture": "#0"},
				"down": {"uv": [12.53125, 9.008, 12.508, 9.03125], "texture": "#0"}
			}
		},
		{
			"from": [8.425, 1.35112, 16.01732],
			"to": [8.5, 1.95112, 16.11732],
			"rotation": {"angle": 0, "axis": "y", "origin": [0, 1.30112, 8.66732]},
			"faces": {
				"north": {"uv": [1.508, 11.758, 1.53125, 11.90625], "texture": "#0"},
				"east": {"uv": [1.758, 11.758, 1.78125, 11.90625], "texture": "#0"},
				"south": {"uv": [11.758, 1.758, 11.78125, 1.90625], "texture": "#0"},
				"west": {"uv": [2.008, 11.758, 2.03125, 11.90625], "texture": "#0"},
				"up": {"uv": [10.28125, 12.53125, 10.258, 12.508], "texture": "#0"},
				"down": {"uv": [12.53125, 10.258, 12.508, 10.28125], "texture": "#0"}
			}
		},
		{
			"from": [8.425, 1.05112, 15.89232],
			"to": [8.5, 1.67612, 15.96732],
			"rotation": {"angle": 0, "axis": "y", "origin": [0, 1.30112, 8.51732]},
			"faces": {
				"north": {"uv": [2.508, 11.758, 2.53125, 11.90625], "texture": "#0"},
				"east": {"uv": [2.758, 11.758, 2.78125, 11.90625], "texture": "#0"},
				"south": {"uv": [3.008, 11.758, 3.03125, 11.90625], "texture": "#0"},
				"west": {"uv": [11.758, 3.008, 11.78125, 3.15625], "texture": "#0"},
				"up": {"uv": [10.53125, 12.53125, 10.508, 12.508], "texture": "#0"},
				"down": {"uv": [12.53125, 10.508, 12.508, 10.53125], "texture": "#0"}
			}
		},
		{
			"from": [8.4, 1.67612, 15.86732],
			"to": [8.525, 1.87612, 15.99232],
			"rotation": {"angle": 0, "axis": "y", "origin": [0, 1.45112, 8.51732]},
			"faces": {
				"north": {"uv": [12.258, 5.008, 12.28125, 5.0625], "texture": "#0"},
				"east": {"uv": [5.258, 12.258, 5.28125, 12.3125], "texture": "#0"},
				"south": {"uv": [12.258, 5.258, 12.28125, 5.3125], "texture": "#0"},
				"west": {"uv": [12.258, 5.508, 12.28125, 5.5625], "texture": "#0"},
				"up": {"uv": [10.78125, 12.53125, 10.758, 12.508], "texture": "#0"},
				"down": {"uv": [12.53125, 10.758, 12.508, 10.78125], "texture": "#0"}
			}
		},
		{
			"from": [8.4, 0.95112, 15.71732],
			"to": [8.525, 1.12612, 15.76732],
			"rotation": {"angle": 0, "axis": "y", "origin": [0, 0.90112, 8.36732]},
			"faces": {
				"north": {"uv": [9.258, 12.508, 9.28125, 12.53125], "texture": "#0"},
				"east": {"uv": [12.508, 9.258, 12.53125, 9.28125], "texture": "#0"},
				"south": {"uv": [9.508, 12.508, 9.53125, 12.53125], "texture": "#0"},
				"west": {"uv": [12.508, 9.508, 12.53125, 9.53125], "texture": "#0"},
				"up": {"uv": [9.78125, 12.53125, 9.758, 12.508], "texture": "#0"},
				"down": {"uv": [12.53125, 9.758, 12.508, 9.78125], "texture": "#0"}
			}
		},
		{
			"from": [8.425, 0.52612, 15.91732],
			"to": [8.55, 0.62612, 16.01732],
			"rotation": {"angle": 0, "axis": "y", "origin": [0.025, 0.32612, 8.66732]},
			"faces": {
				"north": {"uv": [5.258, 12.508, 5.28125, 12.53125], "texture": "#0"},
				"east": {"uv": [12.508, 5.258, 12.53125, 5.28125], "texture": "#0"},
				"south": {"uv": [12.508, 5.508, 12.53125, 5.53125], "texture": "#0"},
				"west": {"uv": [12.508, 5.758, 12.53125, 5.78125], "texture": "#0"},
				"up": {"uv": [8.03125, 12.53125, 8.008, 12.508], "texture": "#0"},
				"down": {"uv": [12.53125, 8.008, 12.508, 8.03125], "texture": "#0"}
			}
		},
		{
			"from": [8.4, 1.38814, 12.34461],
			"to": [8.675, 2.21314, 12.44461],
			"rotation": {"angle": 22.5, "axis": "x", "origin": [0, -5.68686, 12.64461]},
			"faces": {
				"north": {"uv": [4.258, 11.258, 4.3125, 11.46875], "texture": "#0"},
				"east": {"uv": [0.008, 11.758, 0.03125, 11.96875], "texture": "#0"},
				"south": {"uv": [4.508, 11.258, 4.5625, 11.46875], "texture": "#0"},
				"west": {"uv": [0.258, 11.758, 0.28125, 11.96875], "texture": "#0"},
				"up": {"uv": [12.3125, 4.28125, 12.258, 4.258], "texture": "#0"},
				"down": {"uv": [4.5625, 12.258, 4.508, 12.28125], "texture": "#0"}
			}
		},
		{
			"from": [7.625, -3.55281, 20.10394],
			"to": [8.375, -3.05281, 20.80394],
			"rotation": {"angle": -22.5, "axis": "x", "origin": [0, -3.25281, 11.80394]},
			"faces": {
				"north": {"uv": [11.258, 0.008, 11.4375, 0.125], "texture": "#0"},
				"east": {"uv": [11.258, 0.258, 11.4375, 0.375], "texture": "#0"},
				"south": {"uv": [11.258, 0.508, 11.4375, 0.625], "texture": "#0"},
				"west": {"uv": [0.758, 11.258, 0.9375, 11.375], "texture": "#0"},
				"up": {"uv": [11.1875, 9.6875, 11.008, 9.508], "texture": "#0"},
				"down": {"uv": [11.1875, 10.258, 11.008, 10.4375], "texture": "#0"}
			}
		},
		{
			"from": [7.5, -2.52388, 23.74232],
			"to": [8.5, -1.02388, 25.64232],
			"rotation": {"angle": 0, "axis": "y", "origin": [0, 0.07612, 16.64232]},
			"faces": {
				"north": {"uv": [8.258, 10.258, 8.492, 10.625], "texture": "#0"},
				"east": {"uv": [8.258, 8.008, 8.71875, 8.375], "texture": "#0"},
				"south": {"uv": [10.258, 9.008, 10.492, 9.375], "texture": "#0"},
				"west": {"uv": [8.258, 8.508, 8.71875, 8.875], "texture": "#0"},
				"up": {"uv": [9.992, 8.46875, 9.758, 8.008], "texture": "#0"},
				"down": {"uv": [8.492, 9.758, 8.258, 10.21875], "texture": "#0"}
			}
		},
		{
			"from": [7.625, -1.72388, 22.14232],
			"to": [8.375, -1.02388, 23.74232],
			"rotation": {"angle": 0, "axis": "y", "origin": [0, 0.07612, 16.64232]},
			"faces": {
				"north": {"uv": [10.508, 11.008, 10.6875, 11.1875], "texture": "#0"},
				"east": {"uv": [10.508, 9.508, 10.90625, 9.6875], "texture": "#0"},
				"south": {"uv": [11.008, 10.508, 11.1875, 10.6875], "texture": "#0"},
				"west": {"uv": [10.508, 10.258, 10.90625, 10.4375], "texture": "#0"},
				"up": {"uv": [10.6875, 10.90625, 10.508, 10.508], "texture": "#0"},
				"down": {"uv": [0.9375, 10.758, 0.758, 11.15625], "texture": "#0"}
			}
		},
		{
			"name": "hexadecagon",
			"from": [7.92044, 0.55, -10.525],
			"to": [8.07956, 0.65, 16.325],
			"rotation": {"angle": -45, "axis": "z", "origin": [8, 0.95, 1.575]},
			"faces": {
				"north": {"uv": [12.258, 9.758, 12.28125, 9.78125], "texture": "#0"},
				"east": {"uv": [3.008, 1.008, 9.71875, 1.03125], "texture": "#0"},
				"south": {"uv": [10.008, 12.258, 10.03125, 12.28125], "texture": "#0"},
				"west": {"uv": [3.008, 1.258, 9.71875, 1.28125], "texture": "#0"},
				"up": {"uv": [3.03125, 8.21875, 3.008, 1.508], "texture": "#0"},
				"down": {"uv": [3.28125, 1.508, 3.258, 8.21875], "texture": "#0"}
			}
		},
		{
			"name": "hexadecagon",
			"from": [7.92044, 0.55, -10.525],
			"to": [8.07956, 0.65, 16.325],
			"rotation": {"angle": -22.5, "axis": "z", "origin": [8, 0.95, 1.575]},
			"faces": {
				"north": {"uv": [12.258, 10.008, 12.28125, 10.03125], "texture": "#0"},
				"east": {"uv": [3.508, 1.508, 10.21875, 1.53125], "texture": "#0"},
				"south": {"uv": [10.258, 12.258, 10.28125, 12.28125], "texture": "#0"},
				"west": {"uv": [3.508, 1.758, 10.21875, 1.78125], "texture": "#0"},
				"up": {"uv": [3.53125, 8.71875, 3.508, 2.008], "texture": "#0"},
				"down": {"uv": [2.28125, 3.508, 2.258, 10.21875], "texture": "#0"}
			}
		},
		{
			"name": "hexadecagon",
			"from": [7.92044, 0.55, -10.525],
			"to": [8.07956, 0.65, 16.325],
			"rotation": {"angle": 0, "axis": "y", "origin": [8, 0.95, 1.575]},
			"faces": {
				"north": {"uv": [12.258, 10.258, 12.28125, 10.28125], "texture": "#0"},
				"east": {"uv": [3.758, 2.008, 10.46875, 2.03125], "texture": "#0"},
				"south": {"uv": [10.508, 12.258, 10.53125, 12.28125], "texture": "#0"},
				"west": {"uv": [3.758, 2.258, 10.46875, 2.28125], "texture": "#0"},
				"up": {"uv": [0.03125, 10.46875, 0.008, 3.758], "texture": "#0"},
				"down": {"uv": [0.28125, 3.758, 0.258, 10.46875], "texture": "#0"}
			}
		},
		{
			"name": "hexadecagon",
			"from": [7.92044, 0.55, -10.525],
			"to": [8.07956, 0.65, 16.325],
			"rotation": {"angle": 22.5, "axis": "z", "origin": [8, 0.95, 1.575]},
			"faces": {
				"north": {"uv": [12.258, 10.508, 12.28125, 10.53125], "texture": "#0"},
				"east": {"uv": [3.758, 2.508, 10.46875, 2.53125], "texture": "#0"},
				"south": {"uv": [10.758, 12.258, 10.78125, 12.28125], "texture": "#0"},
				"west": {"uv": [3.758, 2.758, 10.46875, 2.78125], "texture": "#0"},
				"up": {"uv": [3.78125, 9.71875, 3.758, 3.008], "texture": "#0"},
				"down": {"uv": [0.78125, 4.008, 0.758, 10.71875], "texture": "#0"}
			}
		},
		{
			"name": "hexadecagon",
			"from": [7.92044, 0.55, -10.525],
			"to": [8.07956, 0.65, 16.325],
			"rotation": {"angle": 45, "axis": "z", "origin": [8, 0.95, 1.575]},
			"faces": {
				"north": {"uv": [12.258, 10.758, 12.28125, 10.78125], "texture": "#0"},
				"east": {"uv": [4.008, 3.008, 10.71875, 3.03125], "texture": "#0"},
				"south": {"uv": [11.008, 12.258, 11.03125, 12.28125], "texture": "#0"},
				"west": {"uv": [4.008, 3.258, 10.71875, 3.28125], "texture": "#0"},
				"up": {"uv": [1.03125, 10.71875, 1.008, 4.008], "texture": "#0"},
				"down": {"uv": [1.28125, 4.008, 1.258, 10.71875], "texture": "#0"}
			}
		},
		{
			"name": "hexadecagon",
			"from": [7.92044, 1.25, -10.525],
			"to": [8.07956, 1.35, 16.325],
			"rotation": {"angle": -45, "axis": "z", "origin": [8, 0.95, 1.575]},
			"faces": {
				"north": {"uv": [12.258, 11.008, 12.28125, 11.03125], "texture": "#0"},
				"east": {"uv": [4.008, 3.508, 10.71875, 3.53125], "texture": "#0"},
				"south": {"uv": [11.258, 12.258, 11.28125, 12.28125], "texture": "#0"},
				"west": {"uv": [4.008, 3.758, 10.71875, 3.78125], "texture": "#0"},
				"up": {"uv": [1.53125, 10.71875, 1.508, 4.008], "texture": "#0"},
				"down": {"uv": [2.03125, 4.008, 2.008, 10.71875], "texture": "#0"}
			}
		},
		{
			"name": "hexadecagon",
			"from": [7.92044, 1.25, -10.525],
			"to": [8.07956, 1.35, 16.325],
			"rotation": {"angle": -22.5, "axis": "z", "origin": [8, 0.95, 1.575]},
			"faces": {
				"north": {"uv": [12.258, 11.258, 12.28125, 11.28125], "texture": "#0"},
				"east": {"uv": [4.008, 4.008, 10.71875, 4.03125], "texture": "#0"},
				"south": {"uv": [11.508, 12.258, 11.53125, 12.28125], "texture": "#0"},
				"west": {"uv": [4.258, 0.508, 10.96875, 0.53125], "texture": "#0"},
				"up": {"uv": [2.53125, 10.71875, 2.508, 4.008], "texture": "#0"},
				"down": {"uv": [0.53125, 4.258, 0.508, 10.96875], "texture": "#0"}
			}
		},
		{
			"name": "hexadecagon",
			"from": [7.92044, 1.25, -10.525],
			"to": [8.07956, 1.35, 16.325],
			"rotation": {"angle": 0, "axis": "y", "origin": [8, 0.95, 1.575]},
			"faces": {
				"north": {"uv": [12.258, 11.508, 12.28125, 11.53125], "texture": "#0"},
				"east": {"uv": [4.258, 0.758, 10.96875, 0.78125], "texture": "#0"},
				"south": {"uv": [11.758, 12.258, 11.78125, 12.28125], "texture": "#0"},
				"west": {"uv": [4.008, 4.258, 10.71875, 4.28125], "texture": "#0"},
				"up": {"uv": [2.78125, 11.21875, 2.758, 4.508], "texture": "#0"},
				"down": {"uv": [4.03125, 4.508, 4.008, 11.21875], "texture": "#0"}
			}
		},
		{
			"name": "hexadecagon",
			"from": [7.92044, 1.35, -8.625],
			"to": [8.07956, 1.525, -8.45],
			"rotation": {"angle": 0, "axis": "y", "origin": [8, 1.075, -0.425]},
			"faces": {
				"north": {"uv": [1.508, 12.508, 1.53125, 12.53125], "texture": "#0"},
				"east": {"uv": [12.508, 1.508, 12.53125, 1.53125], "texture": "#0"},
				"south": {"uv": [1.758, 12.508, 1.78125, 12.53125], "texture": "#0"},
				"west": {"uv": [12.508, 1.758, 12.53125, 1.78125], "texture": "#0"},
				"up": {"uv": [2.03125, 12.53125, 2.008, 12.508], "texture": "#0"},
				"down": {"uv": [12.53125, 2.008, 12.508, 2.03125], "texture": "#0"}
			}
		},
		{
			"name": "hexadecagon",
			"from": [7.92044, 1.25, -10.525],
			"to": [8.07956, 1.35, 16.325],
			"rotation": {"angle": 22.5, "axis": "z", "origin": [8, 0.95, 1.575]},
			"faces": {
				"north": {"uv": [12.258, 11.758, 12.28125, 11.78125], "texture": "#0"},
				"east": {"uv": [4.508, 0.008, 11.21875, 0.03125], "texture": "#0"},
				"south": {"uv": [12.008, 12.258, 12.03125, 12.28125], "texture": "#0"},
				"west": {"uv": [4.508, 0.258, 11.21875, 0.28125], "texture": "#0"},
				"up": {"uv": [4.28125, 11.21875, 4.258, 4.508], "texture": "#0"},
				"down": {"uv": [4.53125, 4.508, 4.508, 11.21875], "texture": "#0"}
			}
		},
		{
			"name": "hexadecagon",
			"from": [7.92044, 1.25, -10.525],
			"to": [8.07956, 1.35, 16.325],
			"rotation": {"angle": 45, "axis": "z", "origin": [8, 0.95, 1.575]},
			"faces": {
				"north": {"uv": [12.258, 12.008, 12.28125, 12.03125], "texture": "#0"},
				"east": {"uv": [4.758, 4.508, 11.46875, 4.53125], "texture": "#0"},
				"south": {"uv": [12.258, 12.258, 12.28125, 12.28125], "texture": "#0"},
				"west": {"uv": [4.758, 4.758, 11.46875, 4.78125], "texture": "#0"},
				"up": {"uv": [1.78125, 11.46875, 1.758, 4.758], "texture": "#0"},
				"down": {"uv": [4.78125, 5.008, 4.758, 11.71875], "texture": "#0"}
			}
		},
		{
			"name": "hexadecagon",
			"from": [7.6, 0.87044, -10.525],
			"to": [7.7, 1.02956, 16.325],
			"rotation": {"angle": -22.5, "axis": "z", "origin": [8, 0.95, 1.575]},
			"faces": {
				"north": {"uv": [0.008, 12.508, 0.03125, 12.53125], "texture": "#0"},
				"east": {"uv": [5.008, 5.008, 11.71875, 5.03125], "texture": "#0"},
				"south": {"uv": [12.508, 0.008, 12.53125, 0.03125], "texture": "#0"},
				"west": {"uv": [5.008, 5.258, 11.71875, 5.28125], "texture": "#0"},
				"up": {"uv": [5.03125, 12.21875, 5.008, 5.508], "texture": "#0"},
				"down": {"uv": [5.28125, 5.508, 5.258, 12.21875], "texture": "#0"}
			}
		},
		{
			"name": "hexadecagon",
			"from": [7.6, 0.87044, -10.525],
			"to": [7.7, 1.02956, 16.325],
			"rotation": {"angle": 0, "axis": "y", "origin": [8, 0.95, 1.575]},
			"faces": {
				"north": {"uv": [0.258, 12.508, 0.28125, 12.53125], "texture": "#0"},
				"east": {"uv": [5.508, 5.508, 12.21875, 5.53125], "texture": "#0"},
				"south": {"uv": [12.508, 0.258, 12.53125, 0.28125], "texture": "#0"},
				"west": {"uv": [5.508, 5.758, 12.21875, 5.78125], "texture": "#0"},
				"up": {"uv": [5.53125, 12.71875, 5.508, 6.008], "texture": "#0"},
				"down": {"uv": [5.78125, 6.008, 5.758, 12.71875], "texture": "#0"}
			}
		},
		{
			"name": "hexadecagon",
			"from": [7.6, 0.87044, -10.525],
			"to": [7.7, 1.02956, 16.325],
			"rotation": {"angle": 22.5, "axis": "z", "origin": [8, 0.95, 1.575]},
			"faces": {
				"north": {"uv": [0.508, 12.508, 0.53125, 12.53125], "texture": "#0"},
				"east": {"uv": [6.008, 6.008, 12.71875, 6.03125], "texture": "#0"},
				"south": {"uv": [12.508, 0.508, 12.53125, 0.53125], "texture": "#0"},
				"west": {"uv": [6.008, 6.258, 12.71875, 6.28125], "texture": "#0"},
				"up": {"uv": [6.03125, 13.21875, 6.008, 6.508], "texture": "#0"},
				"down": {"uv": [6.28125, 6.508, 6.258, 13.21875], "texture": "#0"}
			}
		},
		{
			"name": "hexadecagon",
			"from": [8.3, 0.87044, -10.525],
			"to": [8.4, 1.02956, 16.325],
			"rotation": {"angle": -22.5, "axis": "z", "origin": [8, 0.95, 1.575]},
			"faces": {
				"north": {"uv": [0.758, 12.508, 0.78125, 12.53125], "texture": "#0"},
				"east": {"uv": [6.508, 6.508, 13.21875, 6.53125], "texture": "#0"},
				"south": {"uv": [12.508, 0.758, 12.53125, 0.78125], "texture": "#0"},
				"west": {"uv": [6.508, 6.758, 13.21875, 6.78125], "texture": "#0"},
				"up": {"uv": [6.53125, 13.71875, 6.508, 7.008], "texture": "#0"},
				"down": {"uv": [6.78125, 7.008, 6.758, 13.71875], "texture": "#0"}
			}
		},
		{
			"name": "hexadecagon",
			"from": [8.3, 0.87044, -10.525],
			"to": [8.4, 1.02956, 16.325],
			"rotation": {"angle": 0, "axis": "y", "origin": [8, 0.95, 1.575]},
			"faces": {
				"north": {"uv": [1.008, 12.508, 1.03125, 12.53125], "texture": "#0"},
				"east": {"uv": [7.008, 7.008, 13.71875, 7.03125], "texture": "#0"},
				"south": {"uv": [12.508, 1.008, 12.53125, 1.03125], "texture": "#0"},
				"west": {"uv": [7.008, 7.258, 13.71875, 7.28125], "texture": "#0"},
				"up": {"uv": [7.03125, 14.21875, 7.008, 7.508], "texture": "#0"},
				"down": {"uv": [7.28125, 7.508, 7.258, 14.21875], "texture": "#0"}
			}
		},
		{
			"name": "hexadecagon",
			"from": [8.3, 0.87044, -10.525],
			"to": [8.4, 1.02956, 16.325],
			"rotation": {"angle": 22.5, "axis": "z", "origin": [8, 0.95, 1.575]},
			"faces": {
				"north": {"uv": [1.258, 12.508, 1.28125, 12.53125], "texture": "#0"},
				"east": {"uv": [7.508, 7.508, 14.21875, 7.53125], "texture": "#0"},
				"south": {"uv": [12.508, 1.258, 12.53125, 1.28125], "texture": "#0"},
				"west": {"uv": [7.508, 7.758, 14.21875, 7.78125], "texture": "#0"},
				"up": {"uv": [7.53125, 14.71875, 7.508, 8.008], "texture": "#0"},
				"down": {"uv": [7.78125, 8.008, 7.758, 14.71875], "texture": "#0"}
			}
		}
	],
	"display": {
		"thirdperson_righthand": {
			"translation": [0, 8.25, -6.5]
		},
		"thirdperson_lefthand": {
			"translation": [0, 8.25, -6.5]
		},
		"firstperson_righthand": {
			"translation": [8, 8.75, -15],
			"scale": [1.3, 1.3, 1.3]
		},
		"firstperson_lefthand": {
			"rotation": [-3, 0, 0],
			"translation": [-9, 14, 0.25],
			"scale": [1.2, 1.02, 1]
		},
		"ground": {
			"rotation": [0, 0, 90.5],
			"translation": [-7.75, -2.5, 0.25]
		},
		"gui": {
			"rotation": [75, 47, -52],
			"translation": [2.75, 3, 0],
			"scale": [0.5, 0.5, 0.5]
		},
		"fixed": {
			"rotation": [0, 90, 0],
			"translation": [1.75, 8, 0]
		}
	},
	"groups": [
		0,
		1,
		2,
		3,
		4,
		5,
		6,
		7,
		8,
		9,
		10,
		11,
		12,
		13,
		14,
		15,
		16,
		17,
		18,
		19,
		20,
		21,
		22,
		23,
		24,
		25,
		26,
		27,
		28,
		29,
		30,
		31,
		32,
		33,
		34,
		35,
		36,
		37,
		38,
		39,
		40,
		41,
		42,
		43,
		44,
		45,
		46,
		47,
		48,
		49,
		50,
		51,
		52,
		53,
		54,
		55,
		56,
		57,
		58,
		59,
		60,
		61,
		62,
		63,
		64,
		65,
		66,
		67,
		68,
		69,
		{
			"name": "hexadecagon",
			"origin": [8, 8, 8],
			"color": 0,
			"children": [70, 71, 72, 73, 74, 75, 76, 77, 78, 79, 80, 81, 82, 83, 84, 85, 86]
		}
	]
}