{
	"credit": "Made with Blockbench",
	"texture_size": [64, 64],
	"textures": {
		"0": "item/guns/remington1889",
		"particle": "item/guns/remington1889"
	},
	"elements": [
		{
			"from": [7.50165, 11, 20.125],
			"to": [8.50165, 12.35, 22.55],
			"rotation": {"angle": 0, "axis": "y", "origin": [7.00165, 10.575, 19]},
			"faces": {
				"north": {"uv": [6.25, 7.75, 6.5, 8.09375], "texture": "#0"},
				"east": {"uv": [5.5, 5.75, 6.09375, 6.09375], "texture": "#0"},
				"south": {"uv": [7.75, 7, 8, 7.34375], "texture": "#0"},
				"west": {"uv": [0.5, 6, 1.09375, 6.34375], "texture": "#0"},
				"up": {"uv": [2, 6.59375, 1.75, 6], "texture": "#0"},
				"down": {"uv": [6.25, 5, 6, 5.59375], "texture": "#0"}
			}
		},
		{
			"from": [7.55165, 11, 18.6],
			"to": [8.45165, 12.35, 20.125],
			"rotation": {"angle": 0, "axis": "y", "origin": [7.00165, 10.575, 19]},
			"faces": {
				"north": {"uv": [8.25, 5.75, 8.46875, 6.09375], "texture": "#0"},
				"east": {"uv": [6.25, 5, 6.625, 5.34375], "texture": "#0"},
				"south": {"uv": [6.25, 8.25, 6.46875, 8.59375], "texture": "#0"},
				"west": {"uv": [5.5, 6.25, 5.875, 6.59375], "texture": "#0"},
				"up": {"uv": [0.71875, 8.625, 0.5, 8.25], "texture": "#0"},
				"down": {"uv": [0.96875, 8.25, 0.75, 8.625], "texture": "#0"}
			}
		},
		{
			"from": [8.50165, 11.1, 21.025],
			"to": [8.55165, 11.95, 22.475],
			"rotation": {"angle": 0, "axis": "y", "origin": [7.05165, 10.575, 19]},
			"faces": {
				"north": {"uv": [0.75, 9.5, 0.78125, 9.71875], "texture": "#0"},
				"east": {"uv": [7.75, 4.75, 8.125, 4.96875], "texture": "#0"},
				"south": {"uv": [9.5, 1.5, 9.53125, 1.71875], "texture": "#0"},
				"west": {"uv": [8, 8, 8.375, 8.21875], "texture": "#0"},
				"up": {"uv": [4.78125, 9.375, 4.75, 9], "texture": "#0"},
				"down": {"uv": [5.03125, 9, 5, 9.375], "texture": "#0"}
			}
		},
		{
			"from": [8.50165, 11.95, 20.425],
			"to": [8.55165, 12.275, 22.15],
			"rotation": {"angle": 0, "axis": "y", "origin": [7.05165, 11.425, 19]},
			"faces": {
				"north": {"uv": [7, 10, 7.03125, 10.09375], "texture": "#0"},
				"east": {"uv": [8.75, 2, 9.1875, 2.09375], "texture": "#0"},
				"south": {"uv": [10, 7, 10.03125, 7.09375], "texture": "#0"},
				"west": {"uv": [2.25, 8.75, 2.6875, 8.84375], "texture": "#0"},
				"up": {"uv": [3.28125, 9.4375, 3.25, 9], "texture": "#0"},
				"down": {"uv": [3.53125, 9, 3.5, 9.4375], "texture": "#0"}
			}
		},
		{
			"from": [8.50165, 14.06599, 22.33193],
			"to": [8.52665, 14.39099, 22.78193],
			"rotation": {"angle": 45, "axis": "x", "origin": [7.05165, 13.54099, 19.68193]},
			"faces": {
				"north": {"uv": [7.25, 10, 7.28125, 10.09375], "texture": "#0"},
				"east": {"uv": [9, 5.5, 9.125, 5.59375], "texture": "#0"},
				"south": {"uv": [10, 7.25, 10.03125, 7.34375], "texture": "#0"},
				"west": {"uv": [5.75, 9, 5.875, 9.09375], "texture": "#0"},
				"up": {"uv": [9.78125, 7.625, 9.75, 7.5], "texture": "#0"},
				"down": {"uv": [7.78125, 9.75, 7.75, 9.875], "texture": "#0"}
			}
		},
		{
			"from": [8.50165, 11.1, 20.425],
			"to": [8.55165, 11.275, 21.025],
			"rotation": {"angle": 0, "axis": "y", "origin": [7.05165, 10.575, 19.5]},
			"faces": {
				"north": {"uv": [10.5, 1, 10.53125, 1.03125], "texture": "#0"},
				"east": {"uv": [0, 9.75, 0.15625, 9.78125], "texture": "#0"},
				"south": {"uv": [1.25, 10.5, 1.28125, 10.53125], "texture": "#0"},
				"west": {"uv": [0.25, 9.75, 0.40625, 9.78125], "texture": "#0"},
				"up": {"uv": [0.53125, 9.90625, 0.5, 9.75], "texture": "#0"},
				"down": {"uv": [9.78125, 0.5, 9.75, 0.65625], "texture": "#0"}
			}
		},
		{
			"from": [7.44835, 11.95, 20.425],
			"to": [7.49835, 12.275, 22.15],
			"rotation": {"angle": 0, "axis": "y", "origin": [8.94835, 11.425, 19]},
			"faces": {
				"north": {"uv": [7.75, 10, 7.78125, 10.09375], "texture": "#0"},
				"east": {"uv": [8.75, 2.5, 9.1875, 2.59375], "texture": "#0"},
				"south": {"uv": [10, 7.75, 10.03125, 7.84375], "texture": "#0"},
				"west": {"uv": [2.75, 8.75, 3.1875, 8.84375], "texture": "#0"},
				"up": {"uv": [3.78125, 9.4375, 3.75, 9], "texture": "#0"},
				"down": {"uv": [4.03125, 9, 4, 9.4375], "texture": "#0"}
			}
		},
		{
			"from": [7.47335, 14.06599, 22.33193],
			"to": [7.49835, 14.39099, 22.78193],
			"rotation": {"angle": 45, "axis": "x", "origin": [8.94835, 13.54099, 19.68193]},
			"faces": {
				"north": {"uv": [7.5, 10, 7.53125, 10.09375], "texture": "#0"},
				"east": {"uv": [9, 6.25, 9.125, 6.34375], "texture": "#0"},
				"south": {"uv": [10, 7.5, 10.03125, 7.59375], "texture": "#0"},
				"west": {"uv": [9, 6.5, 9.125, 6.59375], "texture": "#0"},
				"up": {"uv": [9.78125, 7.875, 9.75, 7.75], "texture": "#0"},
				"down": {"uv": [8.03125, 9.75, 8, 9.875], "texture": "#0"}
			}
		},
		{
			"from": [7.44835, 11.1, 21.025],
			"to": [7.49835, 11.95, 22.475],
			"rotation": {"angle": 0, "axis": "y", "origin": [8.94835, 10.575, 19]},
			"faces": {
				"north": {"uv": [9.5, 1.75, 9.53125, 1.96875], "texture": "#0"},
				"east": {"uv": [8.25, 4.75, 8.625, 4.96875], "texture": "#0"},
				"south": {"uv": [9.5, 2, 9.53125, 2.21875], "texture": "#0"},
				"west": {"uv": [8.25, 5.5, 8.625, 5.71875], "texture": "#0"},
				"up": {"uv": [9.03125, 6.125, 9, 5.75], "texture": "#0"},
				"down": {"uv": [6.28125, 9, 6.25, 9.375], "texture": "#0"}
			}
		},
		{
			"from": [7.44835, 11.1, 20.425],
			"to": [7.49835, 11.275, 21.025],
			"rotation": {"angle": 0, "axis": "y", "origin": [8.94835, 10.575, 19.5]},
			"faces": {
				"north": {"uv": [10.5, 1.25, 10.53125, 1.28125], "texture": "#0"},
				"east": {"uv": [0.75, 9.75, 0.90625, 9.78125], "texture": "#0"},
				"south": {"uv": [1.5, 10.5, 1.53125, 10.53125], "texture": "#0"},
				"west": {"uv": [9.75, 0.75, 9.90625, 0.78125], "texture": "#0"},
				"up": {"uv": [9.78125, 1.15625, 9.75, 1], "texture": "#0"},
				"down": {"uv": [9.78125, 1.25, 9.75, 1.40625], "texture": "#0"}
			}
		},
		{
			"from": [7.72665, 12.35, 20.225],
			"to": [8.27665, 12.6, 22.55],
			"rotation": {"angle": 0, "axis": "y", "origin": [7.00165, 11.925, 19]},
			"faces": {
				"north": {"uv": [8.75, 9.25, 8.875, 9.3125], "texture": "#0"},
				"east": {"uv": [8.75, 2.75, 9.34375, 2.8125], "texture": "#0"},
				"south": {"uv": [9.25, 8.75, 9.375, 8.8125], "texture": "#0"},
				"west": {"uv": [8.75, 3, 9.34375, 3.0625], "texture": "#0"},
				"up": {"uv": [8.375, 6.84375, 8.25, 6.25], "texture": "#0"},
				"down": {"uv": [8.375, 7, 8.25, 7.59375], "texture": "#0"}
			}
		},
		{
			"from": [7.92665, 12.275, 22.55],
			"to": [8.07665, 12.5, 22.775],
			"rotation": {"angle": 0, "axis": "y", "origin": [7.00165, 11.925, 19.2]},
			"faces": {
				"north": {"uv": [4.75, 10.25, 4.78125, 10.3125], "texture": "#0"},
				"east": {"uv": [10, 5, 10.0625, 5.0625], "texture": "#0"},
				"south": {"uv": [10.25, 4.75, 10.28125, 4.8125], "texture": "#0"},
				"west": {"uv": [5.25, 10, 5.3125, 10.0625], "texture": "#0"},
				"up": {"uv": [5.03125, 10.3125, 5, 10.25], "texture": "#0"},
				"down": {"uv": [10.28125, 5, 10.25, 5.0625], "texture": "#0"}
			}
		},
		{
			"from": [7.90165, 12.375, 18.925],
			"to": [8.10165, 12.525, 20.225],
			"rotation": {"angle": 0, "axis": "y", "origin": [7.00165, 11.9, 19]},
			"faces": {
				"north": {"uv": [10.25, 1, 10.3125, 1.03125], "texture": "#0"},
				"east": {"uv": [9.25, 0.5, 9.5625, 0.53125], "texture": "#0"},
				"south": {"uv": [1.25, 10.25, 1.3125, 10.28125], "texture": "#0"},
				"west": {"uv": [9.25, 0.75, 9.5625, 0.78125], "texture": "#0"},
				"up": {"uv": [8.8125, 6.8125, 8.75, 6.5], "texture": "#0"},
				"down": {"uv": [7.8125, 8.75, 7.75, 9.0625], "texture": "#0"}
			}
		},
		{
			"from": [7.72665, 12.35, 18.6],
			"to": [8.27665, 12.6, 18.925],
			"rotation": {"angle": 0, "axis": "y", "origin": [7.00165, 11.925, 17.4]},
			"faces": {
				"north": {"uv": [9, 9.25, 9.125, 9.3125], "texture": "#0"},
				"east": {"uv": [3, 9.5, 3.09375, 9.5625], "texture": "#0"},
				"south": {"uv": [9.25, 9, 9.375, 9.0625], "texture": "#0"},
				"west": {"uv": [9.5, 3, 9.59375, 3.0625], "texture": "#0"},
				"up": {"uv": [9.125, 4.84375, 9, 4.75], "texture": "#0"},
				"down": {"uv": [5.375, 9, 5.25, 9.09375], "texture": "#0"}
			}
		},
		{
			"from": [7.62747, 13.14623, 18.6],
			"to": [7.95247, 13.39623, 22.55],
			"rotation": {"angle": 45, "axis": "z", "origin": [8.82747, 12.72123, 19]},
			"faces": {
				"north": {"uv": [2.75, 9.5, 2.84375, 9.5625], "texture": "#0"},
				"east": {"uv": [8.5, 7.25, 9.5, 7.3125], "texture": "#0"},
				"south": {"uv": [9.5, 2.75, 9.59375, 2.8125], "texture": "#0"},
				"west": {"uv": [8.5, 7.5, 9.5, 7.5625], "texture": "#0"},
				"up": {"uv": [5.84375, 7.75, 5.75, 6.75], "texture": "#0"},
				"down": {"uv": [7.09375, 6, 7, 7], "texture": "#0"}
			}
		},
		{
			"from": [8.05082, 13.14623, 18.625],
			"to": [8.37582, 13.39623, 22.55],
			"rotation": {"angle": -45, "axis": "z", "origin": [7.17582, 12.72123, 19]},
			"faces": {
				"north": {"uv": [2.5, 9.5, 2.59375, 9.5625], "texture": "#0"},
				"east": {"uv": [8.5, 8, 9.46875, 8.0625], "texture": "#0"},
				"south": {"uv": [9.5, 2.5, 9.59375, 2.5625], "texture": "#0"},
				"west": {"uv": [8.5, 8.25, 9.46875, 8.3125], "texture": "#0"},
				"up": {"uv": [5.84375, 8.71875, 5.75, 7.75], "texture": "#0"},
				"down": {"uv": [7.84375, 6, 7.75, 6.96875], "texture": "#0"}
			}
		},
		{
			"from": [7.60165, 11.3, 11.575],
			"to": [8.40165, 12.075, 18.625],
			"rotation": {"angle": 0, "axis": "y", "origin": [7.00165, 10.575, 15.05]},
			"faces": {
				"north": {"uv": [3.25, 8.75, 3.4375, 8.9375], "texture": "#0"},
				"east": {"uv": [2, 3, 3.75, 3.1875], "texture": "#0"},
				"south": {"uv": [8.75, 3.25, 8.9375, 3.4375], "texture": "#0"},
				"west": {"uv": [2, 3.25, 3.75, 3.4375], "texture": "#0"},
				"up": {"uv": [3.6875, 2.25, 3.5, 0.5], "texture": "#0"},
				"down": {"uv": [2.1875, 3.5, 2, 5.25], "texture": "#0"}
			}
		},
		{
			"from": [7.72665, 11, 11.575],
			"to": [8.27665, 11.3, 18.625],
			"rotation": {"angle": 0, "axis": "y", "origin": [7.00165, 10.275, 15.05]},
			"faces": {
				"north": {"uv": [9.25, 9.25, 9.375, 9.3125], "texture": "#0"},
				"east": {"uv": [6.25, 5.5, 8, 5.5625], "texture": "#0"},
				"south": {"uv": [0, 9.5, 0.125, 9.5625], "texture": "#0"},
				"west": {"uv": [6.25, 5.75, 8, 5.8125], "texture": "#0"},
				"up": {"uv": [5.625, 5.75, 5.5, 4], "texture": "#0"},
				"down": {"uv": [5.875, 4, 5.75, 5.75], "texture": "#0"}
			}
		},
		{
			"from": [7.89313, 11.47398, 11.55],
			"to": [8.09313, 11.79898, 18.625],
			"rotation": {"angle": -22.5, "axis": "z", "origin": [6.99313, 10.77398, 15.05]},
			"faces": {
				"north": {"uv": [3.25, 9.5, 3.3125, 9.59375], "texture": "#0"},
				"east": {"uv": [6, 4, 7.75, 4.09375], "texture": "#0"},
				"south": {"uv": [9.5, 3.25, 9.5625, 3.34375], "texture": "#0"},
				"west": {"uv": [6, 4.25, 7.75, 4.34375], "texture": "#0"},
				"up": {"uv": [6.0625, 8, 6, 6.25], "texture": "#0"},
				"down": {"uv": [6.3125, 6, 6.25, 7.75], "texture": "#0"}
			}
		},
		{
			"from": [7.91016, 11.47398, 11.55],
			"to": [8.11016, 11.79898, 18.625],
			"rotation": {"angle": 22.5, "axis": "z", "origin": [9.01016, 10.77398, 15.05]},
			"faces": {
				"north": {"uv": [3.5, 9.5, 3.5625, 9.59375], "texture": "#0"},
				"east": {"uv": [6, 4.5, 7.75, 4.59375], "texture": "#0"},
				"south": {"uv": [3.75, 9.5, 3.8125, 9.59375], "texture": "#0"},
				"west": {"uv": [6, 4.75, 7.75, 4.84375], "texture": "#0"},
				"up": {"uv": [0.5625, 8.25, 0.5, 6.5], "texture": "#0"},
				"down": {"uv": [0.8125, 6.5, 0.75, 8.25], "texture": "#0"}
			}
		},
		{
			"from": [7.87017, 12.33, -0.745],
			"to": [8.13417, 12.528, 18.632],
			"rotation": {"angle": 0, "axis": "y", "origin": [6.68217, 11.406, 13.946]},
			"faces": {
				"north": {"uv": [9.75, 7.25, 9.8125, 7.3125], "texture": "#0"},
				"east": {"uv": [2.25, 3.5, 7.09375, 3.5625], "texture": "#0"},
				"south": {"uv": [7.5, 9.75, 7.5625, 9.8125], "texture": "#0"},
				"west": {"uv": [3.5, 2.25, 8.34375, 2.3125], "texture": "#0"},
				"up": {"uv": [2.3125, 8.59375, 2.25, 3.75], "texture": "#0"},
				"down": {"uv": [2.5625, 3.75, 2.5, 8.59375], "texture": "#0"}
			}
		},
		{
			"from": [7.75698, 12.4, -0.2],
			"to": [8.24698, 12.58, 0.32],
			"rotation": {"angle": 0, "axis": "y", "origin": [6.80198, 11.685, 14.36]},
			"faces": {
				"north": {"uv": [10, 2.75, 10.125, 2.78125], "texture": "#0"},
				"east": {"uv": [3, 10, 3.125, 10.03125], "texture": "#0"},
				"south": {"uv": [10, 3, 10.125, 3.03125], "texture": "#0"},
				"west": {"uv": [3.25, 10, 3.375, 10.03125], "texture": "#0"},
				"up": {"uv": [0.875, 9.125, 0.75, 9], "texture": "#0"},
				"down": {"uv": [9.125, 1, 9, 1.125], "texture": "#0"}
			}
		},
		{
			"from": [7.85698, 12.575, 15.57],
			"to": [8.14698, 12.755, 15.62],
			"rotation": {"angle": 0, "axis": "y", "origin": [6.80198, 11.86, 29.66]},
			"faces": {
				"north": {"uv": [9.25, 10.25, 9.3125, 10.28125], "texture": "#0"},
				"east": {"uv": [6, 10.5, 6.03125, 10.53125], "texture": "#0"},
				"south": {"uv": [10.25, 9.25, 10.3125, 9.28125], "texture": "#0"},
				"west": {"uv": [10.5, 6, 10.53125, 6.03125], "texture": "#0"},
				"up": {"uv": [9.5625, 10.28125, 9.5, 10.25], "texture": "#0"},
				"down": {"uv": [10.3125, 9.5, 10.25, 9.53125], "texture": "#0"}
			}
		},
		{
			"from": [7.81698, 12.63, 15.57],
			"to": [7.85698, 12.83, 15.62],
			"rotation": {"angle": 0, "axis": "y", "origin": [6.76198, 11.985, 29.66]},
			"faces": {
				"north": {"uv": [10, 10.25, 10.03125, 10.3125], "texture": "#0"},
				"east": {"uv": [10.25, 10, 10.28125, 10.0625], "texture": "#0"},
				"south": {"uv": [10.25, 10.25, 10.28125, 10.3125], "texture": "#0"},
				"west": {"uv": [0, 10.5, 0.03125, 10.5625], "texture": "#0"},
				"up": {"uv": [6.28125, 10.53125, 6.25, 10.5], "texture": "#0"},
				"down": {"uv": [10.53125, 6.25, 10.5, 6.28125], "texture": "#0"}
			}
		},
		{
			"from": [7.85698, 12.755, 15.57],
			"to": [7.90698, 12.83, 15.62],
			"rotation": {"angle": 0, "axis": "y", "origin": [6.81198, 11.985, 29.66]},
			"faces": {
				"north": {"uv": [6.5, 10.5, 6.53125, 10.53125], "texture": "#0"},
				"east": {"uv": [10.5, 6.5, 10.53125, 6.53125], "texture": "#0"},
				"south": {"uv": [6.75, 10.5, 6.78125, 10.53125], "texture": "#0"},
				"west": {"uv": [10.5, 6.75, 10.53125, 6.78125], "texture": "#0"},
				"up": {"uv": [7.03125, 10.53125, 7, 10.5], "texture": "#0"},
				"down": {"uv": [10.53125, 7, 10.5, 7.03125], "texture": "#0"}
			}
		},
		{
			"from": [7.90698, 12.755, 15.57],
			"to": [7.95698, 12.805, 15.62],
			"rotation": {"angle": 0, "axis": "y", "origin": [6.86198, 11.985, 29.66]},
			"faces": {
				"north": {"uv": [7.25, 10.5, 7.28125, 10.53125], "texture": "#0"},
				"east": {"uv": [10.5, 7.25, 10.53125, 7.28125], "texture": "#0"},
				"south": {"uv": [7.5, 10.5, 7.53125, 10.53125], "texture": "#0"},
				"west": {"uv": [10.5, 7.5, 10.53125, 7.53125], "texture": "#0"},
				"up": {"uv": [7.78125, 10.53125, 7.75, 10.5], "texture": "#0"},
				"down": {"uv": [10.53125, 7.75, 10.5, 7.78125], "texture": "#0"}
			}
		},
		{
			"from": [8.04302, 12.755, 15.57],
			"to": [8.09302, 12.805, 15.62],
			"rotation": {"angle": 0, "axis": "y", "origin": [9.13802, 11.985, 29.66]},
			"faces": {
				"north": {"uv": [9, 10.5, 9.03125, 10.53125], "texture": "#0"},
				"east": {"uv": [10.5, 9, 10.53125, 9.03125], "texture": "#0"},
				"south": {"uv": [9.25, 10.5, 9.28125, 10.53125], "texture": "#0"},
				"west": {"uv": [10.5, 9.25, 10.53125, 9.28125], "texture": "#0"},
				"up": {"uv": [9.53125, 10.53125, 9.5, 10.5], "texture": "#0"},
				"down": {"uv": [10.53125, 9.5, 10.5, 9.53125], "texture": "#0"}
			}
		},
		{
			"from": [8.09302, 12.755, 15.57],
			"to": [8.14302, 12.83, 15.62],
			"rotation": {"angle": 0, "axis": "y", "origin": [9.18802, 11.985, 29.66]},
			"faces": {
				"north": {"uv": [8.25, 10.5, 8.28125, 10.53125], "texture": "#0"},
				"east": {"uv": [10.5, 8.25, 10.53125, 8.28125], "texture": "#0"},
				"south": {"uv": [8.5, 10.5, 8.53125, 10.53125], "texture": "#0"},
				"west": {"uv": [10.5, 8.5, 10.53125, 8.53125], "texture": "#0"},
				"up": {"uv": [8.78125, 10.53125, 8.75, 10.5], "texture": "#0"},
				"down": {"uv": [10.53125, 8.75, 10.5, 8.78125], "texture": "#0"}
			}
		},
		{
			"from": [8.14302, 12.63, 15.57],
			"to": [8.18302, 12.83, 15.62],
			"rotation": {"angle": 0, "axis": "y", "origin": [9.23802, 11.985, 29.66]},
			"faces": {
				"north": {"uv": [10.5, 0, 10.53125, 0.0625], "texture": "#0"},
				"east": {"uv": [0.25, 10.5, 0.28125, 10.5625], "texture": "#0"},
				"south": {"uv": [10.5, 0.25, 10.53125, 0.3125], "texture": "#0"},
				"west": {"uv": [0.5, 10.5, 0.53125, 10.5625], "texture": "#0"},
				"up": {"uv": [8.03125, 10.53125, 8, 10.5], "texture": "#0"},
				"down": {"uv": [10.53125, 8, 10.5, 8.03125], "texture": "#0"}
			}
		},
		{
			"from": [7.85698, 12.4, 14.5],
			"to": [8.14698, 12.58, 15.62],
			"rotation": {"angle": 0, "axis": "y", "origin": [6.80198, 11.685, 29.66]},
			"faces": {
				"north": {"uv": [9.75, 10.25, 9.8125, 10.28125], "texture": "#0"},
				"east": {"uv": [7.75, 9.25, 8.03125, 9.28125], "texture": "#0"},
				"south": {"uv": [10.25, 9.75, 10.3125, 9.78125], "texture": "#0"},
				"west": {"uv": [9.25, 7.75, 9.53125, 7.78125], "texture": "#0"},
				"up": {"uv": [8.5625, 9.03125, 8.5, 8.75], "texture": "#0"},
				"down": {"uv": [8.8125, 8.5, 8.75, 8.78125], "texture": "#0"}
			}
		},
		{
			"from": [7.75698, 12.4, 14.175],
			"to": [8.24698, 12.58, 14.495],
			"rotation": {"angle": 0, "axis": "y", "origin": [6.80198, 11.685, 28.535]},
			"faces": {
				"north": {"uv": [6.75, 10, 6.875, 10.03125], "texture": "#0"},
				"east": {"uv": [10.25, 0.5, 10.34375, 0.53125], "texture": "#0"},
				"south": {"uv": [10, 6.75, 10.125, 6.78125], "texture": "#0"},
				"west": {"uv": [0.75, 10.25, 0.84375, 10.28125], "texture": "#0"},
				"up": {"uv": [9.125, 9.09375, 9, 9], "texture": "#0"},
				"down": {"uv": [0.125, 9.25, 0, 9.34375], "texture": "#0"}
			}
		},
		{
			"from": [7.95698, 12.575, -0.125],
			"to": [8.04698, 12.805, 0.245],
			"rotation": {"angle": 0, "axis": "y", "origin": [6.80198, 11.86, 14.36]},
			"faces": {
				"north": {"uv": [10.25, 0.75, 10.28125, 0.8125], "texture": "#0"},
				"east": {"uv": [4, 9.5, 4.09375, 9.5625], "texture": "#0"},
				"south": {"uv": [1, 10.25, 1.03125, 10.3125], "texture": "#0"},
				"west": {"uv": [4.25, 9.5, 4.34375, 9.5625], "texture": "#0"},
				"up": {"uv": [8.03125, 10.09375, 8, 10], "texture": "#0"},
				"down": {"uv": [10.03125, 8, 10, 8.09375], "texture": "#0"}
			}
		},
		{
			"from": [7.87017, 11.901, -0.745],
			"to": [8.13417, 12.099, 18.632],
			"rotation": {"angle": 0, "axis": "y", "origin": [6.68217, 10.977, 13.946]},
			"faces": {
				"north": {"uv": [9.75, 9.5, 9.8125, 9.5625], "texture": "#0"},
				"east": {"uv": [5.25, 0, 10.09375, 0.0625], "texture": "#0"},
				"south": {"uv": [9.75, 9.75, 9.8125, 9.8125], "texture": "#0"},
				"west": {"uv": [5.25, 0.25, 10.09375, 0.3125], "texture": "#0"},
				"up": {"uv": [2.0625, 10.09375, 2, 5.25], "texture": "#0"},
				"down": {"uv": [5.3125, 4, 5.25, 8.84375], "texture": "#0"}
			}
		},
		{
			"from": [7.68876, 13.49867, -0.77],
			"to": [7.95276, 13.69667, 18.632],
			"rotation": {"angle": -45, "axis": "z", "origin": [6.50076, 12.57467, 13.946]},
			"faces": {
				"north": {"uv": [9.75, 8, 9.8125, 8.0625], "texture": "#0"},
				"east": {"uv": [3.5, 2.5, 8.34375, 2.5625], "texture": "#0"},
				"south": {"uv": [8.25, 9.75, 8.3125, 9.8125], "texture": "#0"},
				"west": {"uv": [3.5, 2.75, 8.34375, 2.8125], "texture": "#0"},
				"up": {"uv": [2.8125, 8.59375, 2.75, 3.75], "texture": "#0"},
				"down": {"uv": [3.0625, 3.75, 3, 8.59375], "texture": "#0"}
			}
		},
		{
			"from": [8.12285, 12.07732, -0.745],
			"to": [8.32085, 12.34132, 18.632],
			"rotation": {"angle": 0, "axis": "y", "origin": [7.19885, 13.52932, 13.946]},
			"faces": {
				"north": {"uv": [9.75, 8.5, 9.8125, 8.5625], "texture": "#0"},
				"east": {"uv": [3.75, 1, 8.59375, 1.0625], "texture": "#0"},
				"south": {"uv": [8.75, 9.75, 8.8125, 9.8125], "texture": "#0"},
				"west": {"uv": [3.75, 1.25, 8.59375, 1.3125], "texture": "#0"},
				"up": {"uv": [3.8125, 8.59375, 3.75, 3.75], "texture": "#0"},
				"down": {"uv": [4.0625, 3.75, 4, 8.59375], "texture": "#0"}
			}
		},
		{
			"from": [7.67915, 12.07732, -0.745],
			"to": [7.87715, 12.34132, 18.632],
			"rotation": {"angle": 0, "axis": "y", "origin": [8.80115, 13.52932, 13.946]},
			"faces": {
				"north": {"uv": [9.75, 8.75, 9.8125, 8.8125], "texture": "#0"},
				"east": {"uv": [3.75, 1.5, 8.59375, 1.5625], "texture": "#0"},
				"south": {"uv": [9, 9.75, 9.0625, 9.8125], "texture": "#0"},
				"west": {"uv": [3.75, 1.75, 8.59375, 1.8125], "texture": "#0"},
				"up": {"uv": [0.0625, 9.09375, 0, 4.25], "texture": "#0"},
				"down": {"uv": [0.3125, 4.25, 0.25, 9.09375], "texture": "#0"}
			}
		},
		{
			"from": [8.04724, 13.49867, -0.77],
			"to": [8.31124, 13.69667, 18.632],
			"rotation": {"angle": 45, "axis": "z", "origin": [9.49924, 12.57467, 13.946]},
			"faces": {
				"north": {"uv": [9.75, 8.25, 9.8125, 8.3125], "texture": "#0"},
				"east": {"uv": [3.75, 0.5, 8.59375, 0.5625], "texture": "#0"},
				"south": {"uv": [8.5, 9.75, 8.5625, 9.8125], "texture": "#0"},
				"west": {"uv": [3.75, 0.75, 8.59375, 0.8125], "texture": "#0"},
				"up": {"uv": [3.3125, 8.59375, 3.25, 3.75], "texture": "#0"},
				"down": {"uv": [3.5625, 3.75, 3.5, 8.59375], "texture": "#0"}
			}
		},
		{
			"from": [7.68876, 10.72198, -0.77],
			"to": [7.95276, 10.91998, 18.632],
			"rotation": {"angle": 45, "axis": "z", "origin": [6.50076, 11.84398, 13.946]},
			"faces": {
				"north": {"uv": [9.75, 9.25, 9.8125, 9.3125], "texture": "#0"},
				"east": {"uv": [3.75, 3.25, 8.59375, 3.3125], "texture": "#0"},
				"south": {"uv": [9.5, 9.75, 9.5625, 9.8125], "texture": "#0"},
				"west": {"uv": [4.75, 3.75, 9.59375, 3.8125], "texture": "#0"},
				"up": {"uv": [4.8125, 8.84375, 4.75, 4], "texture": "#0"},
				"down": {"uv": [5.0625, 4, 5, 8.84375], "texture": "#0"}
			}
		},
		{
			"from": [8.04724, 10.72198, -0.77],
			"to": [8.31124, 10.91998, 18.632],
			"rotation": {"angle": -45, "axis": "z", "origin": [9.49924, 11.84398, 13.946]},
			"faces": {
				"north": {"uv": [9.75, 9, 9.8125, 9.0625], "texture": "#0"},
				"east": {"uv": [3.75, 2, 8.59375, 2.0625], "texture": "#0"},
				"south": {"uv": [9.25, 9.75, 9.3125, 9.8125], "texture": "#0"},
				"west": {"uv": [3.75, 3, 8.59375, 3.0625], "texture": "#0"},
				"up": {"uv": [4.3125, 8.59375, 4.25, 3.75], "texture": "#0"},
				"down": {"uv": [4.5625, 3.75, 4.5, 8.59375], "texture": "#0"}
			}
		},
		{
			"from": [7.52665, 11.18373, 21.75609],
			"to": [8.47665, 12.35873, 23.15609],
			"rotation": {"angle": 22.5, "axis": "x", "origin": [7.00165, 10.35873, 22.13109]},
			"faces": {
				"north": {"uv": [8, 8.25, 8.25, 8.53125], "texture": "#0"},
				"east": {"uv": [1, 6.75, 1.34375, 7.03125], "texture": "#0"},
				"south": {"uv": [8.25, 8.25, 8.5, 8.53125], "texture": "#0"},
				"west": {"uv": [1.5, 6.75, 1.84375, 7.03125], "texture": "#0"},
				"up": {"uv": [8, 7.84375, 7.75, 7.5], "texture": "#0"},
				"down": {"uv": [8.25, 5.5, 8, 5.84375], "texture": "#0"}
			}
		},
		{
			"from": [7.875, 14.32592, 24.09766],
			"to": [8.125, 14.54467, 24.19141],
			"rotation": {"angle": 45, "axis": "x", "origin": [6.75, 14.95092, 21.91016]},
			"faces": {
				"north": {"uv": [3.75, 10, 3.8125, 10.0625], "texture": "#0"},
				"east": {"uv": [10.25, 2, 10.28125, 2.0625], "texture": "#0"},
				"south": {"uv": [10, 3.75, 10.0625, 3.8125], "texture": "#0"},
				"west": {"uv": [2.25, 10.25, 2.28125, 10.3125], "texture": "#0"},
				"up": {"uv": [10.3125, 2.28125, 10.25, 2.25], "texture": "#0"},
				"down": {"uv": [2.5625, 10.25, 2.5, 10.28125], "texture": "#0"}
			}
		},
		{
			"from": [7.875, 11.67295, 23.32774],
			"to": [8.125, 11.9542, 23.42149],
			"rotation": {"angle": -22.5, "axis": "x", "origin": [6.75, 11.61045, 21.07774]},
			"faces": {
				"north": {"uv": [10, 3.25, 10.0625, 3.3125], "texture": "#0"},
				"east": {"uv": [10.25, 1.5, 10.28125, 1.5625], "texture": "#0"},
				"south": {"uv": [3.5, 10, 3.5625, 10.0625], "texture": "#0"},
				"west": {"uv": [1.75, 10.25, 1.78125, 10.3125], "texture": "#0"},
				"up": {"uv": [10.3125, 1.78125, 10.25, 1.75], "texture": "#0"},
				"down": {"uv": [2.0625, 10.25, 2, 10.28125], "texture": "#0"}
			}
		},
		{
			"from": [7.875, 11.64795, 23.27774],
			"to": [8.125, 11.8542, 23.34649],
			"rotation": {"angle": -22.5, "axis": "x", "origin": [6.75, 11.61045, 21.07774]},
			"faces": {
				"north": {"uv": [4, 10, 4.0625, 10.0625], "texture": "#0"},
				"east": {"uv": [10.25, 2.5, 10.28125, 2.5625], "texture": "#0"},
				"south": {"uv": [4.25, 10, 4.3125, 10.0625], "texture": "#0"},
				"west": {"uv": [2.75, 10.25, 2.78125, 10.3125], "texture": "#0"},
				"up": {"uv": [10.3125, 2.78125, 10.25, 2.75], "texture": "#0"},
				"down": {"uv": [3.0625, 10.25, 3, 10.28125], "texture": "#0"}
			}
		},
		{
			"from": [7.875, 12.42557, 21.40765],
			"to": [8.125, 12.55057, 21.7889],
			"rotation": {"angle": 45, "axis": "x", "origin": [6.75, 10.39432, 22.00765]},
			"faces": {
				"north": {"uv": [10.25, 1.25, 10.3125, 1.28125], "texture": "#0"},
				"east": {"uv": [8.5, 10, 8.59375, 10.03125], "texture": "#0"},
				"south": {"uv": [1.5, 10.25, 1.5625, 10.28125], "texture": "#0"},
				"west": {"uv": [10, 8.5, 10.09375, 8.53125], "texture": "#0"},
				"up": {"uv": [9.5625, 4.84375, 9.5, 4.75], "texture": "#0"},
				"down": {"uv": [5.0625, 9.5, 5, 9.59375], "texture": "#0"}
			}
		},
		{
			"from": [7.875, 12.40057, 21.50765],
			"to": [8.125, 12.42557, 21.7889],
			"rotation": {"angle": 45, "axis": "x", "origin": [6.75, 10.39432, 22.00765]},
			"faces": {
				"north": {"uv": [10.25, 3, 10.3125, 3.03125], "texture": "#0"},
				"east": {"uv": [3.25, 10.25, 3.3125, 10.28125], "texture": "#0"},
				"south": {"uv": [10.25, 3.25, 10.3125, 3.28125], "texture": "#0"},
				"west": {"uv": [3.5, 10.25, 3.5625, 10.28125], "texture": "#0"},
				"up": {"uv": [4.5625, 10.0625, 4.5, 10], "texture": "#0"},
				"down": {"uv": [4.8125, 10, 4.75, 10.0625], "texture": "#0"}
			}
		},
		{
			"from": [7.8125, 12.11842, 23.01501],
			"to": [8.1875, 12.96218, 23.10876],
			"rotation": {"angle": 0, "axis": "y", "origin": [6.75, 12.74343, 20.82751]},
			"faces": {
				"north": {"uv": [6.25, 8.75, 6.34375, 8.96875], "texture": "#0"},
				"east": {"uv": [2.25, 9.5, 2.28125, 9.71875], "texture": "#0"},
				"south": {"uv": [8.75, 6.25, 8.84375, 6.46875], "texture": "#0"},
				"west": {"uv": [9.5, 2.25, 9.53125, 2.46875], "texture": "#0"},
				"up": {"uv": [8.34375, 10.03125, 8.25, 10], "texture": "#0"},
				"down": {"uv": [10.09375, 8.25, 10, 8.28125], "texture": "#0"}
			}
		},
		{
			"from": [7.8125, 13.39342, 23.09001],
			"to": [8.1875, 13.81218, 23.18376],
			"rotation": {"angle": 22.5, "axis": "x", "origin": [6.75, 13.59343, 20.90251]},
			"faces": {
				"north": {"uv": [4.5, 9.25, 4.59375, 9.34375], "texture": "#0"},
				"east": {"uv": [8.75, 10, 8.78125, 10.09375], "texture": "#0"},
				"south": {"uv": [9.25, 4.75, 9.34375, 4.84375], "texture": "#0"},
				"west": {"uv": [10, 8.75, 10.03125, 8.84375], "texture": "#0"},
				"up": {"uv": [9.09375, 10.03125, 9, 10], "texture": "#0"},
				"down": {"uv": [10.09375, 9, 10, 9.03125], "texture": "#0"}
			}
		},
		{
			"from": [7.8375, 13.34342, 23.18376],
			"to": [8.1625, 13.61218, 23.28376],
			"rotation": {"angle": 22.5, "axis": "x", "origin": [6.75, 13.59343, 20.90251]},
			"faces": {
				"north": {"uv": [5.75, 9.5, 5.84375, 9.5625], "texture": "#0"},
				"east": {"uv": [10.25, 3.5, 10.28125, 3.5625], "texture": "#0"},
				"south": {"uv": [9.5, 5.75, 9.59375, 5.8125], "texture": "#0"},
				"west": {"uv": [3.75, 10.25, 3.78125, 10.3125], "texture": "#0"},
				"up": {"uv": [9.34375, 10.03125, 9.25, 10], "texture": "#0"},
				"down": {"uv": [10.09375, 9.25, 10, 9.28125], "texture": "#0"}
			}
		},
		{
			"from": [7.8625, 13.79405, 23.3533],
			"to": [8.1375, 14.23781, 23.67205],
			"rotation": {"angle": 45, "axis": "x", "origin": [6.75, 13.99406, 21.1658]},
			"faces": {
				"north": {"uv": [0.25, 9.5, 0.3125, 9.625], "texture": "#0"},
				"east": {"uv": [9, 7.75, 9.09375, 7.875], "texture": "#0"},
				"south": {"uv": [0.5, 9.5, 0.5625, 9.625], "texture": "#0"},
				"west": {"uv": [9, 8.5, 9.09375, 8.625], "texture": "#0"},
				"up": {"uv": [5.3125, 9.59375, 5.25, 9.5], "texture": "#0"},
				"down": {"uv": [9.5625, 5.5, 9.5, 5.59375], "texture": "#0"}
			}
		},
		{
			"from": [7.8625, 13.84405, 23.67205],
			"to": [8.1375, 14.11281, 23.79705],
			"rotation": {"angle": 45, "axis": "x", "origin": [6.75, 13.99406, 21.1658]},
			"faces": {
				"north": {"uv": [10, 4.75, 10.0625, 4.8125], "texture": "#0"},
				"east": {"uv": [10.25, 3.75, 10.28125, 3.8125], "texture": "#0"},
				"south": {"uv": [5, 10, 5.0625, 10.0625], "texture": "#0"},
				"west": {"uv": [4, 10.25, 4.03125, 10.3125], "texture": "#0"},
				"up": {"uv": [4.3125, 10.28125, 4.25, 10.25], "texture": "#0"},
				"down": {"uv": [4.5625, 10.25, 4.5, 10.28125], "texture": "#0"}
			}
		},
		{
			"from": [7.84375, 12.55057, 21.2889],
			"to": [8.15625, 12.80058, 21.88265],
			"rotation": {"angle": 45, "axis": "x", "origin": [6.75, 10.39432, 22.00765]},
			"faces": {
				"north": {"uv": [4.5, 9.5, 4.59375, 9.5625], "texture": "#0"},
				"east": {"uv": [0.25, 9.25, 0.40625, 9.3125], "texture": "#0"},
				"south": {"uv": [4.75, 9.5, 4.84375, 9.5625], "texture": "#0"},
				"west": {"uv": [0.75, 9.25, 0.90625, 9.3125], "texture": "#0"},
				"up": {"uv": [9.09375, 1.40625, 9, 1.25], "texture": "#0"},
				"down": {"uv": [9.09375, 1.5, 9, 1.65625], "texture": "#0"}
			}
		},
		{
			"from": [7.87665, 11.10873, 23.23109],
			"to": [8.12665, 11.50873, 23.60609],
			"rotation": {"angle": -22.5, "axis": "x", "origin": [7.00165, 12.33373, 22.40609]},
			"faces": {
				"north": {"uv": [9.25, 2, 9.34375, 2.09375], "texture": "#0"},
				"east": {"uv": [2.25, 9.25, 2.34375, 9.34375], "texture": "#0"},
				"south": {"uv": [9.25, 2.25, 9.34375, 2.34375], "texture": "#0"},
				"west": {"uv": [2.5, 9.25, 2.59375, 9.34375], "texture": "#0"},
				"up": {"uv": [9.34375, 2.59375, 9.25, 2.5], "texture": "#0"},
				"down": {"uv": [2.84375, 9.25, 2.75, 9.34375], "texture": "#0"}
			}
		},
		{
			"from": [7.82665, 10.82343, 22.84072],
			"to": [8.17665, 11.22343, 23.31572],
			"rotation": {"angle": -45, "axis": "x", "origin": [7.00165, 12.04843, 22.11572]},
			"faces": {
				"north": {"uv": [3, 9.25, 3.09375, 9.34375], "texture": "#0"},
				"east": {"uv": [9, 6.75, 9.125, 6.84375], "texture": "#0"},
				"south": {"uv": [4.25, 9.25, 4.34375, 9.34375], "texture": "#0"},
				"west": {"uv": [9, 7, 9.125, 7.09375], "texture": "#0"},
				"up": {"uv": [7.34375, 9.125, 7.25, 9], "texture": "#0"},
				"down": {"uv": [7.59375, 9, 7.5, 9.125], "texture": "#0"}
			}
		},
		{
			"from": [7.52665, 10.88373, 21.95609],
			"to": [8.47665, 11.15873, 22.85609],
			"rotation": {"angle": -22.5, "axis": "x", "origin": [7.00165, 10.05873, 22.33109]},
			"faces": {
				"north": {"uv": [8.75, 7, 9, 7.0625], "texture": "#0"},
				"east": {"uv": [9, 1.75, 9.21875, 1.8125], "texture": "#0"},
				"south": {"uv": [8.75, 7.75, 9, 7.8125], "texture": "#0"},
				"west": {"uv": [2.25, 9, 2.46875, 9.0625], "texture": "#0"},
				"up": {"uv": [1, 8.96875, 0.75, 8.75], "texture": "#0"},
				"down": {"uv": [9, 0.75, 8.75, 0.96875], "texture": "#0"}
			}
		},
		{
			"from": [7.85165, 10.45873, 21.55609],
			"to": [8.15165, 10.85873, 21.85609],
			"rotation": {"angle": 0, "axis": "y", "origin": [7.00165, 9.93373, 22.03109]},
			"faces": {
				"north": {"uv": [5.25, 9.25, 5.34375, 9.34375], "texture": "#0"},
				"east": {"uv": [6, 9.5, 6.0625, 9.59375], "texture": "#0"},
				"south": {"uv": [9.25, 5.5, 9.34375, 5.59375], "texture": "#0"},
				"west": {"uv": [9.5, 6, 9.5625, 6.09375], "texture": "#0"},
				"up": {"uv": [6.34375, 9.5625, 6.25, 9.5], "texture": "#0"},
				"down": {"uv": [9.59375, 6.25, 9.5, 6.3125], "texture": "#0"}
			}
		},
		{
			"from": [7.82665, 10.31092, 21.87391],
			"to": [8.17665, 10.71092, 22.14891],
			"rotation": {"angle": -22.5, "axis": "x", "origin": [7.00165, 9.78592, 22.34891]},
			"faces": {
				"north": {"uv": [5.75, 9.25, 5.84375, 9.34375], "texture": "#0"},
				"east": {"uv": [9.5, 6.5, 9.5625, 6.59375], "texture": "#0"},
				"south": {"uv": [9.25, 5.75, 9.34375, 5.84375], "texture": "#0"},
				"west": {"uv": [9.5, 6.75, 9.5625, 6.84375], "texture": "#0"},
				"up": {"uv": [9.59375, 7.0625, 9.5, 7], "texture": "#0"},
				"down": {"uv": [7.34375, 9.5, 7.25, 9.5625], "texture": "#0"}
			}
		},
		{
			"from": [7.85165, 10.29598, 22.22411],
			"to": [8.15165, 10.69598, 22.47411],
			"rotation": {"angle": -45, "axis": "x", "origin": [7.00165, 9.77098, 22.69911]},
			"faces": {
				"north": {"uv": [6, 9.25, 6.09375, 9.34375], "texture": "#0"},
				"east": {"uv": [9.5, 7.25, 9.5625, 7.34375], "texture": "#0"},
				"south": {"uv": [9.25, 6, 9.34375, 6.09375], "texture": "#0"},
				"west": {"uv": [7.5, 9.5, 7.5625, 9.59375], "texture": "#0"},
				"up": {"uv": [9.59375, 7.5625, 9.5, 7.5], "texture": "#0"},
				"down": {"uv": [7.84375, 9.5, 7.75, 9.5625], "texture": "#0"}
			}
		},
		{
			"from": [7.82665, 9.4162, 22.10337],
			"to": [8.17665, 9.6412, 22.50337],
			"rotation": {"angle": 22.5, "axis": "x", "origin": [7.00165, 9.8912, 23.02837]},
			"faces": {
				"north": {"uv": [8, 9.5, 8.09375, 9.5625], "texture": "#0"},
				"east": {"uv": [9.5, 8, 9.59375, 8.0625], "texture": "#0"},
				"south": {"uv": [8.25, 9.5, 8.34375, 9.5625], "texture": "#0"},
				"west": {"uv": [9.5, 8.25, 9.59375, 8.3125], "texture": "#0"},
				"up": {"uv": [9.34375, 6.34375, 9.25, 6.25], "texture": "#0"},
				"down": {"uv": [9.34375, 6.5, 9.25, 6.59375], "texture": "#0"}
			}
		},
		{
			"from": [7.85165, 9.65327, 22.36156],
			"to": [8.15165, 9.85327, 22.76156],
			"rotation": {"angle": 0, "axis": "y", "origin": [7.00165, 10.12827, 23.28656]},
			"faces": {
				"north": {"uv": [8.5, 9.5, 8.59375, 9.5625], "texture": "#0"},
				"east": {"uv": [8.75, 9.5, 8.84375, 9.5625], "texture": "#0"},
				"south": {"uv": [9.5, 8.75, 9.59375, 8.8125], "texture": "#0"},
				"west": {"uv": [9, 9.5, 9.09375, 9.5625], "texture": "#0"},
				"up": {"uv": [9.34375, 6.84375, 9.25, 6.75], "texture": "#0"},
				"down": {"uv": [9.34375, 7, 9.25, 7.09375], "texture": "#0"}
			}
		},
		{
			"from": [7.82665, 9.97109, 22.50937],
			"to": [8.17665, 10.14609, 22.90937],
			"rotation": {"angle": -22.5, "axis": "x", "origin": [7.00165, 10.44609, 23.43437]},
			"faces": {
				"north": {"uv": [9.5, 10, 9.59375, 10.03125], "texture": "#0"},
				"east": {"uv": [10, 9.5, 10.09375, 9.53125], "texture": "#0"},
				"south": {"uv": [9.75, 10, 9.84375, 10.03125], "texture": "#0"},
				"west": {"uv": [10, 9.75, 10.09375, 9.78125], "texture": "#0"},
				"up": {"uv": [7.34375, 9.34375, 7.25, 9.25], "texture": "#0"},
				"down": {"uv": [7.59375, 9.25, 7.5, 9.34375], "texture": "#0"}
			}
		},
		{
			"from": [7.85165, 9.9177, 23.34625],
			"to": [8.15165, 10.6927, 23.44625],
			"rotation": {"angle": 22.5, "axis": "x", "origin": [7.00165, 10.8427, 23.04625]},
			"faces": {
				"north": {"uv": [8.75, 9, 8.8125, 9.1875], "texture": "#0"},
				"east": {"uv": [9.5, 9, 9.53125, 9.1875], "texture": "#0"},
				"south": {"uv": [9, 8.75, 9.0625, 8.9375], "texture": "#0"},
				"west": {"uv": [9.25, 9.5, 9.28125, 9.6875], "texture": "#0"},
				"up": {"uv": [5.3125, 10.28125, 5.25, 10.25], "texture": "#0"},
				"down": {"uv": [10.3125, 5.25, 10.25, 5.28125], "texture": "#0"}
			}
		},
		{
			"from": [7.95165, 10.3177, 22.84625],
			"to": [8.05165, 10.6927, 22.94625],
			"rotation": {"angle": 22.5, "axis": "x", "origin": [7.00165, 10.8427, 22.54625]},
			"faces": {
				"north": {"uv": [10.25, 0, 10.28125, 0.09375], "texture": "#0"},
				"east": {"uv": [0.25, 10.25, 0.28125, 10.34375], "texture": "#0"},
				"south": {"uv": [10.25, 0.25, 10.28125, 0.34375], "texture": "#0"},
				"west": {"uv": [0.5, 10.25, 0.53125, 10.34375], "texture": "#0"},
				"up": {"uv": [10.53125, 3.78125, 10.5, 3.75], "texture": "#0"},
				"down": {"uv": [4.03125, 10.5, 4, 10.53125], "texture": "#0"}
			}
		},
		{
			"from": [7.95165, 10.55105, 22.7584],
			"to": [8.05165, 10.72605, 22.8584],
			"rotation": {"angle": 0, "axis": "y", "origin": [7.00165, 11.07605, 22.4584]},
			"faces": {
				"north": {"uv": [4.25, 10.5, 4.28125, 10.53125], "texture": "#0"},
				"east": {"uv": [4.5, 10.5, 4.53125, 10.53125], "texture": "#0"},
				"south": {"uv": [4.75, 10.5, 4.78125, 10.53125], "texture": "#0"},
				"west": {"uv": [10.5, 4.75, 10.53125, 4.78125], "texture": "#0"},
				"up": {"uv": [5.03125, 10.53125, 5, 10.5], "texture": "#0"},
				"down": {"uv": [10.53125, 5, 10.5, 5.03125], "texture": "#0"}
			}
		},
		{
			"from": [7.92665, 10.85105, 22.6584],
			"to": [8.07665, 11.05105, 22.8584],
			"rotation": {"angle": 0, "axis": "y", "origin": [7.00165, 11.37605, 22.4584]},
			"faces": {
				"north": {"uv": [8.75, 10.25, 8.78125, 10.3125], "texture": "#0"},
				"east": {"uv": [6.5, 10, 6.5625, 10.0625], "texture": "#0"},
				"south": {"uv": [10.25, 8.75, 10.28125, 8.8125], "texture": "#0"},
				"west": {"uv": [10, 6.5, 10.0625, 6.5625], "texture": "#0"},
				"up": {"uv": [9.03125, 10.3125, 9, 10.25], "texture": "#0"},
				"down": {"uv": [10.28125, 9, 10.25, 9.0625], "texture": "#0"}
			}
		},
		{
			"from": [7.95165, 10.53301, 22.58794],
			"to": [8.05165, 10.70801, 22.68794],
			"rotation": {"angle": -22.5, "axis": "x", "origin": [7.00165, 11.05801, 22.28794]},
			"faces": {
				"north": {"uv": [5.25, 10.5, 5.28125, 10.53125], "texture": "#0"},
				"east": {"uv": [10.5, 5.25, 10.53125, 5.28125], "texture": "#0"},
				"south": {"uv": [5.5, 10.5, 5.53125, 10.53125], "texture": "#0"},
				"west": {"uv": [10.5, 5.5, 10.53125, 5.53125], "texture": "#0"},
				"up": {"uv": [5.78125, 10.53125, 5.75, 10.5], "texture": "#0"},
				"down": {"uv": [10.53125, 5.75, 10.5, 5.78125], "texture": "#0"}
			}
		},
		{
			"from": [7.85165, 10.3177, 24.94625],
			"to": [8.15165, 10.6927, 25.04625],
			"rotation": {"angle": 22.5, "axis": "x", "origin": [7.00165, 10.8427, 23.04625]},
			"faces": {
				"north": {"uv": [9.5, 9.25, 9.5625, 9.34375], "texture": "#0"},
				"east": {"uv": [10, 10, 10.03125, 10.09375], "texture": "#0"},
				"south": {"uv": [9.5, 9.5, 9.5625, 9.59375], "texture": "#0"},
				"west": {"uv": [0, 10.25, 0.03125, 10.34375], "texture": "#0"},
				"up": {"uv": [5.8125, 10.28125, 5.75, 10.25], "texture": "#0"},
				"down": {"uv": [10.3125, 5.75, 10.25, 5.78125], "texture": "#0"}
			}
		},
		{
			"from": [7.85165, 9.4332, 24.309],
			"to": [8.15165, 9.5332, 24.534],
			"rotation": {"angle": 0, "axis": "y", "origin": [7.00165, 11.4332, 24.684]},
			"faces": {
				"north": {"uv": [7, 10.25, 7.0625, 10.28125], "texture": "#0"},
				"east": {"uv": [10.25, 7, 10.3125, 7.03125], "texture": "#0"},
				"south": {"uv": [7.25, 10.25, 7.3125, 10.28125], "texture": "#0"},
				"west": {"uv": [10.25, 7.25, 10.3125, 7.28125], "texture": "#0"},
				"up": {"uv": [6.0625, 10.0625, 6, 10], "texture": "#0"},
				"down": {"uv": [10.0625, 6, 10, 6.0625], "texture": "#0"}
			}
		},
		{
			"from": [7.87665, 9.4582, 21.609],
			"to": [8.12665, 9.5582, 21.759],
			"rotation": {"angle": -45, "axis": "x", "origin": [7.00165, 11.4582, 21.959]},
			"faces": {
				"north": {"uv": [8.25, 10.25, 8.3125, 10.28125], "texture": "#0"},
				"east": {"uv": [10.5, 3.5, 10.53125, 3.53125], "texture": "#0"},
				"south": {"uv": [10.25, 8.25, 10.3125, 8.28125], "texture": "#0"},
				"west": {"uv": [3.75, 10.5, 3.78125, 10.53125], "texture": "#0"},
				"up": {"uv": [8.5625, 10.28125, 8.5, 10.25], "texture": "#0"},
				"down": {"uv": [10.3125, 8.5, 10.25, 8.53125], "texture": "#0"}
			}
		},
		{
			"from": [7.85165, 10.73758, 25.28495],
			"to": [8.15165, 10.96258, 25.38495],
			"rotation": {"angle": 45, "axis": "x", "origin": [7.00165, 11.11258, 23.38495]},
			"faces": {
				"north": {"uv": [6.25, 10, 6.3125, 10.0625], "texture": "#0"},
				"east": {"uv": [7.5, 10.25, 7.53125, 10.3125], "texture": "#0"},
				"south": {"uv": [10, 6.25, 10.0625, 6.3125], "texture": "#0"},
				"west": {"uv": [10.25, 7.5, 10.28125, 7.5625], "texture": "#0"},
				"up": {"uv": [7.8125, 10.28125, 7.75, 10.25], "texture": "#0"},
				"down": {"uv": [10.3125, 7.75, 10.25, 7.78125], "texture": "#0"}
			}
		},
		{
			"from": [7.85165, 10.20489, 23.29867],
			"to": [8.15165, 10.30489, 25.04867],
			"rotation": {"angle": 22.5, "axis": "x", "origin": [7.00165, 10.60489, 24.27367]},
			"faces": {
				"north": {"uv": [5.5, 10.25, 5.5625, 10.28125], "texture": "#0"},
				"east": {"uv": [9, 3.25, 9.4375, 3.28125], "texture": "#0"},
				"south": {"uv": [10.25, 5.5, 10.3125, 5.53125], "texture": "#0"},
				"west": {"uv": [4.25, 9, 4.6875, 9.03125], "texture": "#0"},
				"up": {"uv": [8.8125, 6.1875, 8.75, 5.75], "texture": "#0"},
				"down": {"uv": [6.0625, 8.75, 6, 9.1875], "texture": "#0"}
			}
		},
		{
			"from": [7.85165, 9.52989, 23.44867],
			"to": [8.15165, 9.62989, 24.74867],
			"rotation": {"angle": 22.5, "axis": "x", "origin": [7.00165, 10.60489, 24.27367]},
			"faces": {
				"north": {"uv": [8, 10.25, 8.0625, 10.28125], "texture": "#0"},
				"east": {"uv": [9.25, 1, 9.5625, 1.03125], "texture": "#0"},
				"south": {"uv": [10.25, 8, 10.3125, 8.03125], "texture": "#0"},
				"west": {"uv": [9.25, 1.25, 9.5625, 1.28125], "texture": "#0"},
				"up": {"uv": [8.0625, 9.0625, 8, 8.75], "texture": "#0"},
				"down": {"uv": [8.3125, 8.75, 8.25, 9.0625], "texture": "#0"}
			}
		},
		{
			"from": [7.85165, 9.93875, 24.8366],
			"to": [8.15165, 10.03875, 25.0866],
			"rotation": {"angle": 0, "axis": "y", "origin": [7.00165, 10.33875, 25.8116]},
			"faces": {
				"north": {"uv": [6.5, 10.25, 6.5625, 10.28125], "texture": "#0"},
				"east": {"uv": [10.25, 6.5, 10.3125, 6.53125], "texture": "#0"},
				"south": {"uv": [6.75, 10.25, 6.8125, 10.28125], "texture": "#0"},
				"west": {"uv": [10.25, 6.75, 10.3125, 6.78125], "texture": "#0"},
				"up": {"uv": [5.8125, 10.0625, 5.75, 10], "texture": "#0"},
				"down": {"uv": [10.0625, 5.75, 10, 5.8125], "texture": "#0"}
			}
		},
		{
			"from": [7.87665, 10.00489, 24.67367],
			"to": [8.12665, 10.20489, 24.77367],
			"rotation": {"angle": -22.5, "axis": "x", "origin": [7.00165, 10.00489, 25.07367]},
			"faces": {
				"north": {"uv": [10, 5.25, 10.0625, 5.3125], "texture": "#0"},
				"east": {"uv": [6, 10.25, 6.03125, 10.3125], "texture": "#0"},
				"south": {"uv": [10, 5.5, 10.0625, 5.5625], "texture": "#0"},
				"west": {"uv": [10.25, 6, 10.28125, 6.0625], "texture": "#0"},
				"up": {"uv": [6.3125, 10.28125, 6.25, 10.25], "texture": "#0"},
				"down": {"uv": [10.3125, 6.25, 10.25, 6.28125], "texture": "#0"}
			}
		},
		{
			"from": [7.55165, 11.2903, 20.33933],
			"to": [8.45165, 11.5653, 21.23933],
			"rotation": {"angle": 45, "axis": "x", "origin": [7.00165, 10.4653, 20.71433]},
			"faces": {
				"north": {"uv": [9, 2.25, 9.21875, 2.3125], "texture": "#0"},
				"east": {"uv": [2.5, 9, 2.71875, 9.0625], "texture": "#0"},
				"south": {"uv": [2.75, 9, 2.96875, 9.0625], "texture": "#0"},
				"west": {"uv": [3, 9, 3.21875, 9.0625], "texture": "#0"},
				"up": {"uv": [8.96875, 1.71875, 8.75, 1.5], "texture": "#0"},
				"down": {"uv": [8.96875, 1.75, 8.75, 1.96875], "texture": "#0"}
			}
		},
		{
			"from": [7.57665, 11.26943, 22.29629],
			"to": [8.42665, 12.14443, 22.87129],
			"rotation": {"angle": 45, "axis": "x", "origin": [7.00165, 10.14443, 22.67129]},
			"faces": {
				"north": {"uv": [8.75, 1, 8.96875, 1.21875], "texture": "#0"},
				"east": {"uv": [3.5, 8.75, 3.65625, 8.96875], "texture": "#0"},
				"south": {"uv": [8.75, 1.25, 8.96875, 1.46875], "texture": "#0"},
				"west": {"uv": [3.75, 8.75, 3.90625, 8.96875], "texture": "#0"},
				"up": {"uv": [4.21875, 8.90625, 4, 8.75], "texture": "#0"},
				"down": {"uv": [4.46875, 8.75, 4.25, 8.90625], "texture": "#0"}
			}
		},
		{
			"from": [7.85165, 12.14443, 22.29629],
			"to": [8.15165, 12.16943, 22.87129],
			"rotation": {"angle": 45, "axis": "x", "origin": [7.00165, 10.14443, 22.67129]},
			"faces": {
				"north": {"uv": [10.5, 0.5, 10.5625, 0.53125], "texture": "#0"},
				"east": {"uv": [9.75, 7, 9.90625, 7.03125], "texture": "#0"},
				"south": {"uv": [0.75, 10.5, 0.8125, 10.53125], "texture": "#0"},
				"west": {"uv": [7.25, 9.75, 7.40625, 9.78125], "texture": "#0"},
				"up": {"uv": [9.3125, 1.65625, 9.25, 1.5], "texture": "#0"},
				"down": {"uv": [9.3125, 1.75, 9.25, 1.90625], "texture": "#0"}
			}
		},
		{
			"from": [7.55165, 11.18373, 23.15609],
			"to": [8.45165, 12.20873, 31.78109],
			"rotation": {"angle": 22.5, "axis": "x", "origin": [7.00165, 10.35873, 22.13109]},
			"faces": {
				"north": {"uv": [7.75, 8.5, 7.96875, 8.75], "texture": "#0"},
				"east": {"uv": [0, 0, 2.15625, 0.25], "texture": "#0"},
				"south": {"uv": [8.5, 8.5, 8.71875, 8.75], "texture": "#0"},
				"west": {"uv": [0, 0.25, 2.15625, 0.5], "texture": "#0"},
				"up": {"uv": [0.21875, 2.65625, 0, 0.5], "texture": "#0"},
				"down": {"uv": [0.46875, 0.5, 0.25, 2.65625], "texture": "#0"}
			}
		},
		{
			"from": [7.85165, 12.20873, 23.15609],
			"to": [8.15165, 12.23373, 24.25609],
			"rotation": {"angle": 22.5, "axis": "x", "origin": [7.00165, 10.35873, 22.13109]},
			"faces": {
				"north": {"uv": [10.5, 0.75, 10.5625, 0.78125], "texture": "#0"},
				"east": {"uv": [8.25, 9.25, 8.53125, 9.28125], "texture": "#0"},
				"south": {"uv": [1, 10.5, 1.0625, 10.53125], "texture": "#0"},
				"west": {"uv": [9.25, 8.5, 9.53125, 8.53125], "texture": "#0"},
				"up": {"uv": [0.5625, 9.28125, 0.5, 9], "texture": "#0"},
				"down": {"uv": [9.0625, 0.5, 9, 0.78125], "texture": "#0"}
			}
		},
		{
			"from": [7.52665, 12.20873, 27.58109],
			"to": [8.47665, 13.60873, 30.63109],
			"rotation": {"angle": 22.5, "axis": "x", "origin": [7.00165, 10.35873, 22.13109]},
			"faces": {
				"north": {"uv": [8, 7.5, 8.25, 7.84375], "texture": "#0"},
				"east": {"uv": [0.5, 5.5, 1.25, 5.84375], "texture": "#0"},
				"south": {"uv": [7.75, 8, 8, 8.34375], "texture": "#0"},
				"west": {"uv": [1.25, 5.5, 2, 5.84375], "texture": "#0"},
				"up": {"uv": [1.5, 6.75, 1.25, 6], "texture": "#0"},
				"down": {"uv": [1.75, 6, 1.5, 6.75], "texture": "#0"}
			}
		},
		{
			"from": [7.52665, 12.20873, 26.70609],
			"to": [8.47665, 12.65873, 27.58109],
			"rotation": {"angle": 22.5, "axis": "x", "origin": [7.00165, 10.35873, 22.13109]},
			"faces": {
				"north": {"uv": [4.5, 8.75, 4.75, 8.875], "texture": "#0"},
				"east": {"uv": [8.75, 5.5, 8.96875, 5.625], "texture": "#0"},
				"south": {"uv": [8.75, 4.75, 9, 4.875], "texture": "#0"},
				"west": {"uv": [5.75, 8.75, 5.96875, 8.875], "texture": "#0"},
				"up": {"uv": [0.75, 8.96875, 0.5, 8.75], "texture": "#0"},
				"down": {"uv": [9, 0.5, 8.75, 0.71875], "texture": "#0"}
			}
		},
		{
			"from": [7.50165, 10.28373, 26.55609],
			"to": [8.50165, 11.30873, 31.80609],
			"rotation": {"angle": 0, "axis": "y", "origin": [7.00165, 9.45873, 22.13109]},
			"faces": {
				"north": {"uv": [1, 6.5, 1.25, 6.75], "texture": "#0"},
				"east": {"uv": [2, 2.5, 3.3125, 2.75], "texture": "#0"},
				"south": {"uv": [8.5, 2.5, 8.75, 2.75], "texture": "#0"},
				"west": {"uv": [2, 2.75, 3.3125, 3], "texture": "#0"},
				"up": {"uv": [0.25, 4.0625, 0, 2.75], "texture": "#0"},
				"down": {"uv": [0.5, 2.75, 0.25, 4.0625], "texture": "#0"}
			}
		},
		{
			"from": [7.55165, 9.22949, 27.01583],
			"to": [8.45165, 10.70449, 28.04083],
			"rotation": {"angle": 22.5, "axis": "x", "origin": [7.00165, 1.02949, 28.86583]},
			"faces": {
				"north": {"uv": [6.5, 6, 6.78125, 6.375], "texture": "#0"},
				"east": {"uv": [6.75, 5, 7, 5.375], "texture": "#0"},
				"south": {"uv": [6.5, 6.5, 6.78125, 6.875], "texture": "#0"},
				"west": {"uv": [5.5, 6.75, 5.75, 7.125], "texture": "#0"},
				"up": {"uv": [8.53125, 8, 8.25, 7.75], "texture": "#0"},
				"down": {"uv": [8.78125, 2.25, 8.5, 2.5], "texture": "#0"}
			}
		},
		{
			"from": [7.57665, 7.95427, 26.96423],
			"to": [8.42665, 9.32927, 27.98923],
			"rotation": {"angle": -22.5, "axis": "x", "origin": [7.00165, 17.62927, 28.81423]},
			"faces": {
				"north": {"uv": [6, 8, 6.25, 8.34375], "texture": "#0"},
				"east": {"uv": [8, 6, 8.25, 6.34375], "texture": "#0"},
				"south": {"uv": [8, 6.5, 8.25, 6.84375], "texture": "#0"},
				"west": {"uv": [8, 7, 8.25, 7.34375], "texture": "#0"},
				"up": {"uv": [8.75, 7, 8.5, 6.75], "texture": "#0"},
				"down": {"uv": [8.75, 7, 8.5, 7.25], "texture": "#0"}
			}
		},
		{
			"from": [7.52665, 4.17878, 29.64243],
			"to": [8.47665, 5.20378, 30.61743],
			"rotation": {"angle": -45, "axis": "x", "origin": [7.00165, 3.35378, 21.21743]},
			"faces": {
				"north": {"uv": [8.5, 2.75, 8.75, 3], "texture": "#0"},
				"east": {"uv": [8.5, 5.75, 8.75, 6], "texture": "#0"},
				"south": {"uv": [6, 8.5, 6.25, 8.75], "texture": "#0"},
				"west": {"uv": [8.5, 6, 8.75, 6.25], "texture": "#0"},
				"up": {"uv": [8.75, 6.5, 8.5, 6.25], "texture": "#0"},
				"down": {"uv": [8.75, 6.5, 8.5, 6.75], "texture": "#0"}
			}
		},
		{
			"name": "hexadecagon",
			"from": [7.94629, 11.2975, -0.25],
			"to": [8.05371, 11.8375, 11.595],
			"rotation": {"angle": -45, "axis": "z", "origin": [8, 11.5675, 7.4]},
			"faces": {
				"north": {"uv": [0, 10, 0.03125, 10.125], "texture": "#0"},
				"east": {"uv": [0.5, 0.5, 3.46875, 0.625], "texture": "#0"},
				"south": {"uv": [0.25, 10, 0.28125, 10.125], "texture": "#0"},
				"west": {"uv": [0.5, 0.75, 3.46875, 0.875], "texture": "#0"},
				"up": {"uv": [6.53125, 9.96875, 6.5, 7], "texture": "#0"},
				"down": {"uv": [6.78125, 7, 6.75, 9.96875], "texture": "#0"}
			}
		},
		{
			"name": "hexadecagon",
			"from": [7.94629, 11.2975, -0.25],
			"to": [8.05371, 11.8375, 11.595],
			"rotation": {"angle": -22.5, "axis": "z", "origin": [8, 11.5675, 7.4]},
			"faces": {
				"north": {"uv": [0.5, 10, 0.53125, 10.125], "texture": "#0"},
				"east": {"uv": [0.5, 1, 3.46875, 1.125], "texture": "#0"},
				"south": {"uv": [10, 0.5, 10.03125, 0.625], "texture": "#0"},
				"west": {"uv": [0.5, 1.25, 3.46875, 1.375], "texture": "#0"},
				"up": {"uv": [7.03125, 9.96875, 7, 7], "texture": "#0"},
				"down": {"uv": [1.03125, 7.25, 1, 10.21875], "texture": "#0"}
			}
		},
		{
			"name": "hexadecagon",
			"from": [7.94629, 11.2975, -0.25],
			"to": [8.05371, 11.8375, 11.595],
			"rotation": {"angle": 0, "axis": "y", "origin": [8, 11.5675, 7.4]},
			"faces": {
				"north": {"uv": [0.75, 10, 0.78125, 10.125], "texture": "#0"},
				"east": {"uv": [0.5, 1.5, 3.46875, 1.625], "texture": "#0"},
				"south": {"uv": [10, 0.75, 10.03125, 0.875], "texture": "#0"},
				"west": {"uv": [0.5, 1.75, 3.46875, 1.875], "texture": "#0"},
				"up": {"uv": [1.28125, 10.21875, 1.25, 7.25], "texture": "#0"},
				"down": {"uv": [1.53125, 7.25, 1.5, 10.21875], "texture": "#0"}
			}
		},
		{
			"name": "hexadecagon",
			"from": [7.94629, 11.2975, -0.25],
			"to": [8.05371, 11.8375, 11.595],
			"rotation": {"angle": 22.5, "axis": "z", "origin": [8, 11.5675, 7.4]},
			"faces": {
				"north": {"uv": [10, 1, 10.03125, 1.125], "texture": "#0"},
				"east": {"uv": [0.5, 2, 3.46875, 2.125], "texture": "#0"},
				"south": {"uv": [10, 1.25, 10.03125, 1.375], "texture": "#0"},
				"west": {"uv": [2.25, 0, 5.21875, 0.125], "texture": "#0"},
				"up": {"uv": [1.78125, 10.21875, 1.75, 7.25], "texture": "#0"},
				"down": {"uv": [5.53125, 7.25, 5.5, 10.21875], "texture": "#0"}
			}
		},
		{
			"name": "hexadecagon",
			"from": [7.94629, 11.2975, -0.25],
			"to": [8.05371, 11.8375, 11.595],
			"rotation": {"angle": 45, "axis": "z", "origin": [8, 11.5675, 7.4]},
			"faces": {
				"north": {"uv": [10, 1.5, 10.03125, 1.625], "texture": "#0"},
				"east": {"uv": [2.25, 0.25, 5.21875, 0.375], "texture": "#0"},
				"south": {"uv": [10, 1.75, 10.03125, 1.875], "texture": "#0"},
				"west": {"uv": [0.5, 2.25, 3.46875, 2.375], "texture": "#0"},
				"up": {"uv": [7.28125, 8.96875, 7.25, 6], "texture": "#0"},
				"down": {"uv": [7.53125, 6, 7.5, 8.96875], "texture": "#0"}
			}
		},
		{
			"name": "hexadecagon",
			"from": [7.73, 11.51379, -0.25],
			"to": [8.27, 11.62121, 11.595],
			"rotation": {"angle": -22.5, "axis": "z", "origin": [8, 11.5675, 7.4]},
			"faces": {
				"north": {"uv": [10, 2, 10.125, 2.03125], "texture": "#0"},
				"east": {"uv": [7, 5, 9.96875, 5.03125], "texture": "#0"},
				"south": {"uv": [2.25, 10, 2.375, 10.03125], "texture": "#0"},
				"west": {"uv": [7, 5.25, 9.96875, 5.28125], "texture": "#0"},
				"up": {"uv": [0.625, 5.46875, 0.5, 2.5], "texture": "#0"},
				"down": {"uv": [0.875, 2.5, 0.75, 5.46875], "texture": "#0"}
			}
		},
		{
			"name": "hexadecagon",
			"from": [7.73, 11.51379, -0.25],
			"to": [8.27, 11.62121, 11.595],
			"rotation": {"angle": 0, "axis": "y", "origin": [8, 11.5675, 7.4]},
			"faces": {
				"north": {"uv": [10, 2.25, 10.125, 2.28125], "texture": "#0"},
				"east": {"uv": [7.25, 3.5, 10.21875, 3.53125], "texture": "#0"},
				"south": {"uv": [2.5, 10, 2.625, 10.03125], "texture": "#0"},
				"west": {"uv": [7.75, 4, 10.71875, 4.03125], "texture": "#0"},
				"up": {"uv": [1.125, 5.46875, 1, 2.5], "texture": "#0"},
				"down": {"uv": [1.375, 2.5, 1.25, 5.46875], "texture": "#0"}
			}
		},
		{
			"name": "hexadecagon",
			"from": [7.73, 11.51379, -0.25],
			"to": [8.27, 11.62121, 11.595],
			"rotation": {"angle": 22.5, "axis": "z", "origin": [8, 11.5675, 7.4]},
			"faces": {
				"north": {"uv": [10, 2.5, 10.125, 2.53125], "texture": "#0"},
				"east": {"uv": [7.75, 4.25, 10.71875, 4.28125], "texture": "#0"},
				"south": {"uv": [2.75, 10, 2.875, 10.03125], "texture": "#0"},
				"west": {"uv": [7.75, 4.5, 10.71875, 4.53125], "texture": "#0"},
				"up": {"uv": [1.625, 5.46875, 1.5, 2.5], "texture": "#0"},
				"down": {"uv": [1.875, 2.5, 1.75, 5.46875], "texture": "#0"}
			}
		},
		{
			"name": "hexadecagon",
			"from": [7.93734, 11.2775, -0.3175],
			"to": [8.06266, 11.8575, -0.25],
			"rotation": {"angle": -45, "axis": "z", "origin": [8, 11.5675, -0.7]},
			"faces": {
				"north": {"uv": [9.75, 1.5, 9.78125, 1.65625], "texture": "#0"},
				"east": {"uv": [9.75, 1.75, 9.78125, 1.90625], "texture": "#0"},
				"south": {"uv": [9.75, 2, 9.78125, 2.15625], "texture": "#0"},
				"west": {"uv": [2.25, 9.75, 2.28125, 9.90625], "texture": "#0"},
				"up": {"uv": [10.53125, 1.53125, 10.5, 1.5], "texture": "#0"},
				"down": {"uv": [1.78125, 10.5, 1.75, 10.53125], "texture": "#0"}
			}
		},
		{
			"name": "hexadecagon",
			"from": [7.93734, 11.2775, -0.3625],
			"to": [8.06266, 11.8575, -0.25],
			"rotation": {"angle": -22.5, "axis": "z", "origin": [8, 11.5675, -0.7]},
			"faces": {
				"north": {"uv": [9.75, 2.25, 9.78125, 2.40625], "texture": "#0"},
				"east": {"uv": [2.5, 9.75, 2.53125, 9.90625], "texture": "#0"},
				"south": {"uv": [9.75, 2.5, 9.78125, 2.65625], "texture": "#0"},
				"west": {"uv": [2.75, 9.75, 2.78125, 9.90625], "texture": "#0"},
				"up": {"uv": [10.53125, 1.78125, 10.5, 1.75], "texture": "#0"},
				"down": {"uv": [2.03125, 10.5, 2, 10.53125], "texture": "#0"}
			}
		},
		{
			"name": "hexadecagon",
			"from": [7.93734, 11.2775, -0.3175],
			"to": [8.06266, 11.8575, -0.25],
			"rotation": {"angle": 0, "axis": "y", "origin": [8, 11.5675, -0.7]},
			"faces": {
				"north": {"uv": [9.75, 2.75, 9.78125, 2.90625], "texture": "#0"},
				"east": {"uv": [3, 9.75, 3.03125, 9.90625], "texture": "#0"},
				"south": {"uv": [9.75, 3, 9.78125, 3.15625], "texture": "#0"},
				"west": {"uv": [3.25, 9.75, 3.28125, 9.90625], "texture": "#0"},
				"up": {"uv": [10.53125, 2.03125, 10.5, 2], "texture": "#0"},
				"down": {"uv": [2.28125, 10.5, 2.25, 10.53125], "texture": "#0"}
			}
		},
		{
			"name": "hexadecagon",
			"from": [7.93734, 11.2775, -0.34],
			"to": [8.06266, 11.8575, -0.25],
			"rotation": {"angle": 22.5, "axis": "z", "origin": [8, 11.5675, -0.7]},
			"faces": {
				"north": {"uv": [9.75, 3.25, 9.78125, 3.40625], "texture": "#0"},
				"east": {"uv": [3.5, 9.75, 3.53125, 9.90625], "texture": "#0"},
				"south": {"uv": [3.75, 9.75, 3.78125, 9.90625], "texture": "#0"},
				"west": {"uv": [9.75, 3.75, 9.78125, 3.90625], "texture": "#0"},
				"up": {"uv": [10.53125, 2.28125, 10.5, 2.25], "texture": "#0"},
				"down": {"uv": [2.53125, 10.5, 2.5, 10.53125], "texture": "#0"}
			}
		},
		{
			"name": "hexadecagon",
			"from": [7.93734, 11.2775, -0.3175],
			"to": [8.06266, 11.8575, -0.25],
			"rotation": {"angle": 45, "axis": "z", "origin": [8, 11.5675, -0.7]},
			"faces": {
				"north": {"uv": [4, 9.75, 4.03125, 9.90625], "texture": "#0"},
				"east": {"uv": [4.25, 9.75, 4.28125, 9.90625], "texture": "#0"},
				"south": {"uv": [4.5, 9.75, 4.53125, 9.90625], "texture": "#0"},
				"west": {"uv": [4.75, 9.75, 4.78125, 9.90625], "texture": "#0"},
				"up": {"uv": [10.53125, 2.53125, 10.5, 2.5], "texture": "#0"},
				"down": {"uv": [2.78125, 10.5, 2.75, 10.53125], "texture": "#0"}
			}
		},
		{
			"name": "hexadecagon",
			"from": [7.71, 11.50484, -0.3625],
			"to": [8.29, 11.63016, -0.25],
			"rotation": {"angle": -22.5, "axis": "z", "origin": [8, 11.5675, -0.7]},
			"faces": {
				"north": {"uv": [9.75, 4.75, 9.90625, 4.78125], "texture": "#0"},
				"east": {"uv": [10.5, 2.75, 10.53125, 2.78125], "texture": "#0"},
				"south": {"uv": [5, 9.75, 5.15625, 9.78125], "texture": "#0"},
				"west": {"uv": [3, 10.5, 3.03125, 10.53125], "texture": "#0"},
				"up": {"uv": [5.40625, 9.78125, 5.25, 9.75], "texture": "#0"},
				"down": {"uv": [9.90625, 5.5, 9.75, 5.53125], "texture": "#0"}
			}
		},
		{
			"name": "hexadecagon",
			"from": [7.71, 11.50484, -0.3175],
			"to": [8.29, 11.63016, -0.25],
			"rotation": {"angle": 0, "axis": "y", "origin": [8, 11.5675, -0.7]},
			"faces": {
				"north": {"uv": [5.75, 9.75, 5.90625, 9.78125], "texture": "#0"},
				"east": {"uv": [10.5, 3, 10.53125, 3.03125], "texture": "#0"},
				"south": {"uv": [9.75, 5.75, 9.90625, 5.78125], "texture": "#0"},
				"west": {"uv": [3.25, 10.5, 3.28125, 10.53125], "texture": "#0"},
				"up": {"uv": [6.15625, 9.78125, 6, 9.75], "texture": "#0"},
				"down": {"uv": [9.90625, 6, 9.75, 6.03125], "texture": "#0"}
			}
		},
		{
			"name": "hexadecagon",
			"from": [7.71, 11.50484, -0.34],
			"to": [8.29, 11.63016, -0.25],
			"rotation": {"angle": 22.5, "axis": "z", "origin": [8, 11.5675, -0.7]},
			"faces": {
				"north": {"uv": [6.25, 9.75, 6.40625, 9.78125], "texture": "#0"},
				"east": {"uv": [10.5, 3.25, 10.53125, 3.28125], "texture": "#0"},
				"south": {"uv": [9.75, 6.25, 9.90625, 6.28125], "texture": "#0"},
				"west": {"uv": [3.5, 10.5, 3.53125, 10.53125], "texture": "#0"},
				"up": {"uv": [9.90625, 6.53125, 9.75, 6.5], "texture": "#0"},
				"down": {"uv": [9.90625, 6.75, 9.75, 6.78125], "texture": "#0"}
			}
		}
	],
	"display": {
		"thirdperson_righthand": {
			"translation": [0, -2.5, -13]
		},
		"thirdperson_lefthand": {
			"translation": [0, -2.5, -13.25]
		},
		"firstperson_righthand": {
			"translation": [0.75, 0, -12.5]
		},
		"firstperson_lefthand": {
			"translation": [-9, 2.75, -3.75]
		},
		"ground": {
			"rotation": [0, 0, 90],
			"translation": [5.25, -3, -7.75]
		},
		"gui": {
			"rotation": [75, 50, -92],
			"translation": [-4.25, 2.25, 0],
			"scale": [0.6, 0.6, 0.6]
		},
		"fixed": {
			"rotation": [0, 90, 0],
			"translation": [-8.75, -3.5, 0]
		}
	},
	"groups": [
		0,
		1,
		2,
		3,
		4,
		5,
		6,
		7,
		8,
		9,
		10,
		11,
		12,
		13,
		14,
		15,
		16,
		17,
		18,
		19,
		20,
		21,
		22,
		23,
		24,
		25,
		26,
		27,
		28,
		29,
		30,
		31,
		32,
		33,
		34,
		35,
		36,
		37,
		38,
		39,
		40,
		41,
		42,
		43,
		44,
		45,
		46,
		47,
		48,
		49,
		50,
		51,
		52,
		53,
		54,
		55,
		56,
		57,
		58,
		59,
		60,
		61,
		62,
		63,
		64,
		65,
		66,
		67,
		68,
		69,
		70,
		71,
		72,
		73,
		74,
		75,
		76,
		77,
		78,
		79,
		80,
		81,
		82,
		83,
		{
			"name": "hexadecagon",
			"origin": [8, 8, 8],
			"color": 0,
			"children": [84, 85, 86, 87, 88, 89, 90, 91]
		},
		{
			"name": "hexadecagon",
			"origin": [8, 8, 8],
			"color": 0,
			"children": [92, 93, 94, 95, 96, 97, 98, 99]
		}
	]
}