{
	"credit": "Made with Blockbench",
	"textures": {
		"1": "item/ammo/matchbox",
		"particle": "item/ammo/matchbox"
	},
	"elements": [
		{
			"from": [5.3, 0, 4],
			"to": [10.7, 2, 12],
			"rotation": {"angle": 0, "axis": "y", "origin": [7, 0, 7]},
			"faces": {
				"north": {"uv": [0.032, 10.032, 5.5, 11.968], "texture": "#1"},
				"east": {"uv": [0.032, 8.032, 7.968, 9.968], "texture": "#1"},
				"south": {"uv": [6.032, 10.032, 11.5, 11.968], "texture": "#1"},
				"west": {"uv": [8.032, 8.032, 15.968, 9.968], "texture": "#1"},
				"up": {"uv": [5.5, 7.968, 0.032, 0.032], "texture": "#1"},
				"down": {"uv": [11.5, 0.032, 6.032, 7.968], "texture": "#1"}
			}
		}
	],
	"display": {
		"thirdperson_righthand": {
			"rotation": [24, 0, 0],
			"translation": [0, 4.25, 1.25],
			"scale": [0.6, 0.6, 0.6]
		},
		"thirdperson_lefthand": {
			"rotation": [24, 0, 0],
			"translation": [0, 4.25, 1.25],
			"scale": [0.6, 0.6, 0.6]
		},
		"firstperson_righthand": {
			"rotation": [17, 0, 0],
			"translation": [1.25, 6.5, 1.5],
			"scale": [0.6, 0.6, 0.6]
		},
		"firstperson_lefthand": {
			"rotation": [17, 0, 0],
			"translation": [1.25, 6.5, 1.5],
			"scale": [0.6, 0.6, 0.6]
		},
		"ground": {
			"translation": [0, 2.25, 0],
			"scale": [0.5, 0.5, 0.5]
		},
		"gui": {
			"rotation": [52, 44, 0],
			"translation": [0, 5.75, 0],
			"scale": [1.3, 1.3, 1.3]
		},
		"fixed": {
			"rotation": [0, 90, 0],
			"translation": [0, 6.75, -1.25]
		}
	}
}