{
    "parent": "item/generated",
    "textures": {
        "layer0": "item/spider_eye"
    },
    "overrides": [
      {
        "predicate": {
          "custom_model_data": 1
        },
        "model": "item/sleeve/762-gilz"
      },
      {
      "predicate": {
        "custom_model_data": 2
      },
      "model": "item/sleeve/mushket-gilz"
      },
      {
      "predicate": {
        "custom_model_data": 5
      },
      "model": "item/sleeve/buckshot-gilz"
    }
	]
}