{
	"credit": "Made with Blockbench",
	"texture_size": [32, 32],
	"textures": {
		"0": "item/m1",
		"particle": "item/m1"
	},
	"elements": [
		{
			"from": [7.8, 0.8, 1.5],
			"to": [8.2, 1.2, 5.1],
			"rotation": {"angle": 0, "axis": "y", "origin": [0, 0.1, 15.2]},
			"faces": {
				"north": {"uv": [8.016, 10.516, 8.25, 10.75], "texture": "#0"},
				"east": {"uv": [7.016, 0.516, 8.75, 0.75], "texture": "#0"},
				"south": {"uv": [10.516, 8.016, 10.75, 8.25], "texture": "#0"},
				"west": {"uv": [7.016, 1.016, 8.75, 1.25], "texture": "#0"},
				"up": {"uv": [0.75, 8.75, 0.516, 7.016], "texture": "#0"},
				"down": {"uv": [6.75, 7.016, 6.516, 8.75], "texture": "#0"}
			}
		},
		{
			"from": [7.6, 1, 9.9],
			"to": [8.4, 1.3, 15.5],
			"rotation": {"angle": 0, "axis": "y", "origin": [0, 0, 11]},
			"faces": {
				"north": {"uv": [11.516, 6.016, 11.875, 6.125], "texture": "#0"},
				"east": {"uv": [8.516, 0.016, 11.25, 0.125], "texture": "#0"},
				"south": {"uv": [6.516, 11.516, 6.875, 11.625], "texture": "#0"},
				"west": {"uv": [8.516, 6.516, 11.25, 6.625], "texture": "#0"},
				"up": {"uv": [2.875, 7.75, 2.516, 5.016], "texture": "#0"},
				"down": {"uv": [3.375, 5.016, 3.016, 7.75], "texture": "#0"}
			}
		},
		{
			"from": [7.6, 1, 7.9],
			"to": [8.4, 1.2, 9.9],
			"rotation": {"angle": 0, "axis": "y", "origin": [0, 0, 11]},
			"faces": {
				"north": {"uv": [11.516, 6.516, 11.875, 6.625], "texture": "#0"},
				"east": {"uv": [9.516, 2.516, 10.484, 2.625], "texture": "#0"},
				"south": {"uv": [7.016, 11.516, 7.375, 11.625], "texture": "#0"},
				"west": {"uv": [9.516, 3.016, 10.484, 3.125], "texture": "#0"},
				"up": {"uv": [7.375, 4.484, 7.016, 3.516], "texture": "#0"},
				"down": {"uv": [7.875, 2.016, 7.516, 2.984], "texture": "#0"}
			}
		},
		{
			"from": [7.5, 0, 7.9],
			"to": [8.5, 1, 11],
			"rotation": {"angle": 0, "axis": "y", "origin": [0, 0, 11]},
			"faces": {
				"north": {"uv": [7.016, 6.016, 7.484, 6.484], "texture": "#0"},
				"east": {"uv": [5.016, 3.016, 6.484, 3.484], "texture": "#0"},
				"south": {"uv": [0.016, 9.016, 0.484, 9.484], "texture": "#0"},
				"west": {"uv": [5.016, 3.516, 6.484, 3.984], "texture": "#0"},
				"up": {"uv": [3.984, 6.484, 3.516, 5.016], "texture": "#0"},
				"down": {"uv": [4.484, 5.016, 4.016, 6.484], "texture": "#0"}
			}
		},
		{
			"from": [7.5, 0.2, 5.1],
			"to": [8.5, 1, 7.9],
			"rotation": {"angle": 0, "axis": "y", "origin": [0, 0, 15.2]},
			"faces": {
				"north": {"uv": [9.016, 4.016, 9.484, 4.375], "texture": "#0"},
				"east": {"uv": [6.516, 6.516, 7.875, 6.875], "texture": "#0"},
				"south": {"uv": [9.016, 4.516, 9.484, 4.875], "texture": "#0"},
				"west": {"uv": [7.016, 0.016, 8.375, 0.375], "texture": "#0"},
				"up": {"uv": [6.484, 5.375, 6.016, 4.016], "texture": "#0"},
				"down": {"uv": [5.484, 6.016, 5.016, 7.375], "texture": "#0"}
			}
		},
		{
			"from": [7.8, 0.3, 1.8],
			"to": [8.2, 0.7, 5.1],
			"rotation": {"angle": 0, "axis": "y", "origin": [0, 0, 15.2]},
			"faces": {
				"north": {"uv": [8.516, 10.516, 8.75, 10.75], "texture": "#0"},
				"east": {"uv": [7.016, 1.516, 8.625, 1.75], "texture": "#0"},
				"south": {"uv": [10.516, 8.516, 10.75, 8.75], "texture": "#0"},
				"west": {"uv": [7.016, 3.016, 8.625, 3.25], "texture": "#0"},
				"up": {"uv": [7.25, 8.625, 7.016, 7.016], "texture": "#0"},
				"down": {"uv": [7.75, 3.516, 7.516, 5.125], "texture": "#0"}
			}
		},
		{
			"from": [7.95, 1.8, 2.1],
			"to": [8.05, 2, 2.6],
			"rotation": {"angle": 0, "axis": "y", "origin": [-0.05, 0.1, 15.8]},
			"faces": {
				"north": {"uv": [13.516, 4.516, 13.625, 4.625], "texture": "#0"},
				"east": {"uv": [9.516, 12.016, 9.75, 12.125], "texture": "#0"},
				"south": {"uv": [5.016, 13.516, 5.125, 13.625], "texture": "#0"},
				"west": {"uv": [12.016, 9.516, 12.25, 9.625], "texture": "#0"},
				"up": {"uv": [10.125, 12.25, 10.016, 12.016], "texture": "#0"},
				"down": {"uv": [12.125, 10.016, 12.016, 10.25], "texture": "#0"}
			}
		},
		{
			"from": [7.7, 0.8, 2],
			"to": [8.3, 1.3, 2.7],
			"rotation": {"angle": 0, "axis": "y", "origin": [0, 0.1, 15.8]},
			"faces": {
				"north": {"uv": [9.016, 10.516, 9.25, 10.75], "texture": "#0"},
				"east": {"uv": [4.516, 10.016, 4.875, 10.25], "texture": "#0"},
				"south": {"uv": [10.516, 9.016, 10.75, 9.25], "texture": "#0"},
				"west": {"uv": [5.516, 10.016, 5.875, 10.25], "texture": "#0"},
				"up": {"uv": [10.25, 5.875, 10.016, 5.516], "texture": "#0"},
				"down": {"uv": [6.25, 10.016, 6.016, 10.375], "texture": "#0"}
			}
		},
		{
			"from": [7.8, 1.3, 2],
			"to": [8.2, 1.8, 2.7],
			"rotation": {"angle": 0, "axis": "y", "origin": [0, 0.1, 15.8]},
			"faces": {
				"north": {"uv": [9.516, 10.516, 9.75, 10.75], "texture": "#0"},
				"east": {"uv": [10.016, 6.016, 10.375, 6.25], "texture": "#0"},
				"south": {"uv": [10.516, 9.516, 10.75, 9.75], "texture": "#0"},
				"west": {"uv": [6.516, 10.016, 6.875, 10.25], "texture": "#0"},
				"up": {"uv": [7.25, 10.375, 7.016, 10.016], "texture": "#0"},
				"down": {"uv": [10.25, 7.016, 10.016, 7.375], "texture": "#0"}
			}
		},
		{
			"from": [7.8, 1.8, 2],
			"to": [7.9, 2.1, 2.7],
			"rotation": {"angle": 0, "axis": "y", "origin": [0, 0.1, 15.8]},
			"faces": {
				"north": {"uv": [13.516, 5.016, 13.625, 5.125], "texture": "#0"},
				"east": {"uv": [11.516, 7.016, 11.875, 7.125], "texture": "#0"},
				"south": {"uv": [5.516, 13.516, 5.625, 13.625], "texture": "#0"},
				"west": {"uv": [7.516, 11.516, 7.875, 11.625], "texture": "#0"},
				"up": {"uv": [11.625, 7.875, 11.516, 7.516], "texture": "#0"},
				"down": {"uv": [8.125, 11.516, 8.016, 11.875], "texture": "#0"}
			}
		},
		{
			"from": [8.1, 1.8, 2],
			"to": [8.2, 2.1, 2.7],
			"rotation": {"angle": 0, "axis": "y", "origin": [0, 0.1, 15.8]},
			"faces": {
				"north": {"uv": [13.516, 5.516, 13.625, 5.625], "texture": "#0"},
				"east": {"uv": [11.516, 8.016, 11.875, 8.125], "texture": "#0"},
				"south": {"uv": [6.016, 13.516, 6.125, 13.625], "texture": "#0"},
				"west": {"uv": [8.516, 11.516, 8.875, 11.625], "texture": "#0"},
				"up": {"uv": [11.625, 8.875, 11.516, 8.516], "texture": "#0"},
				"down": {"uv": [9.125, 11.516, 9.016, 11.875], "texture": "#0"}
			}
		},
		{
			"from": [7.7, 0.2, 2],
			"to": [8.3, 0.7, 2.7],
			"rotation": {"angle": 0, "axis": "y", "origin": [0, 0.1, 15.8]},
			"faces": {
				"north": {"uv": [10.016, 10.516, 10.25, 10.75], "texture": "#0"},
				"east": {"uv": [7.516, 10.016, 7.875, 10.25], "texture": "#0"},
				"south": {"uv": [10.516, 10.016, 10.75, 10.25], "texture": "#0"},
				"west": {"uv": [10.016, 7.516, 10.375, 7.75], "texture": "#0"},
				"up": {"uv": [10.25, 9.875, 10.016, 9.516], "texture": "#0"},
				"down": {"uv": [10.25, 10.016, 10.016, 10.375], "texture": "#0"}
			}
		},
		{
			"from": [7.8, 0.7, 2],
			"to": [8.2, 0.8, 2.7],
			"rotation": {"angle": 0, "axis": "y", "origin": [0, 0.1, 15.8]},
			"faces": {
				"north": {"uv": [10.516, 12.016, 10.75, 12.125], "texture": "#0"},
				"east": {"uv": [11.516, 9.016, 11.875, 9.125], "texture": "#0"},
				"south": {"uv": [12.016, 10.516, 12.25, 10.625], "texture": "#0"},
				"west": {"uv": [9.516, 11.516, 9.875, 11.625], "texture": "#0"},
				"up": {"uv": [10.75, 0.875, 10.516, 0.516], "texture": "#0"},
				"down": {"uv": [10.75, 1.016, 10.516, 1.375], "texture": "#0"}
			}
		},
		{
			"from": [8.3, 1, 16],
			"to": [8.8, 1.2, 16.2],
			"rotation": {"angle": 0, "axis": "y", "origin": [0.3, 0, 8.7]},
			"faces": {
				"north": {"uv": [11.016, 12.016, 11.25, 12.125], "texture": "#0"},
				"east": {"uv": [13.516, 6.016, 13.625, 6.125], "texture": "#0"},
				"south": {"uv": [12.016, 11.016, 12.25, 11.125], "texture": "#0"},
				"west": {"uv": [6.516, 13.516, 6.625, 13.625], "texture": "#0"},
				"up": {"uv": [11.75, 12.125, 11.516, 12.016], "texture": "#0"},
				"down": {"uv": [12.25, 11.516, 12.016, 11.625], "texture": "#0"}
			}
		},
		{
			"from": [6.53884, 1, 19.63237],
			"to": [6.73884, 1.2, 19.83237],
			"rotation": {"angle": 22.5, "axis": "y", "origin": [-1.46116, 0, 12.33237]},
			"faces": {
				"north": {"uv": [13.516, 6.516, 13.625, 6.625], "texture": "#0"},
				"east": {"uv": [7.016, 13.516, 7.125, 13.625], "texture": "#0"},
				"south": {"uv": [13.516, 7.016, 13.625, 7.125], "texture": "#0"},
				"west": {"uv": [7.516, 13.516, 7.625, 13.625], "texture": "#0"},
				"up": {"uv": [13.625, 7.625, 13.516, 7.516], "texture": "#0"},
				"down": {"uv": [8.125, 13.516, 8.016, 13.625], "texture": "#0"}
			}
		},
		{
			"from": [7.6, 1, 18.6],
			"to": [8.4, 1.3, 19.7],
			"rotation": {"angle": 0, "axis": "y", "origin": [0, 0, 11]},
			"faces": {
				"north": {"uv": [11.516, 9.516, 11.875, 9.625], "texture": "#0"},
				"east": {"uv": [10.516, 10.516, 10.984, 10.625], "texture": "#0"},
				"south": {"uv": [10.016, 11.516, 10.375, 11.625], "texture": "#0"},
				"west": {"uv": [0.016, 11.016, 0.484, 11.125], "texture": "#0"},
				"up": {"uv": [9.375, 5.484, 9.016, 5.016], "texture": "#0"},
				"down": {"uv": [9.375, 5.516, 9.016, 5.984], "texture": "#0"}
			}
		},
		{
			"from": [7.6, 1, 17.9],
			"to": [8.4, 1.4, 18.6],
			"rotation": {"angle": 0, "axis": "y", "origin": [0, 0, 11]},
			"faces": {
				"north": {"uv": [2.016, 10.516, 2.375, 10.75], "texture": "#0"},
				"east": {"uv": [2.516, 10.516, 2.875, 10.75], "texture": "#0"},
				"south": {"uv": [10.516, 2.516, 10.875, 2.75], "texture": "#0"},
				"west": {"uv": [3.016, 10.516, 3.375, 10.75], "texture": "#0"},
				"up": {"uv": [0.375, 9.875, 0.016, 9.516], "texture": "#0"},
				"down": {"uv": [0.875, 9.516, 0.516, 9.875], "texture": "#0"}
			}
		},
		{
			"from": [7.6, 1.3, 18.6],
			"to": [8.4, 1.4, 19.3],
			"rotation": {"angle": 0, "axis": "y", "origin": [0, 0, 11]},
			"faces": {
				"north": {"uv": [11.516, 10.016, 11.875, 10.125], "texture": "#0"},
				"east": {"uv": [10.516, 11.516, 10.875, 11.625], "texture": "#0"},
				"south": {"uv": [11.516, 10.516, 11.875, 10.625], "texture": "#0"},
				"west": {"uv": [11.016, 11.516, 11.375, 11.625], "texture": "#0"},
				"up": {"uv": [9.875, 0.875, 9.516, 0.516], "texture": "#0"},
				"down": {"uv": [1.375, 9.516, 1.016, 9.875], "texture": "#0"}
			}
		},
		{
			"from": [7.6, 1.4, 18.6],
			"to": [7.7, 1.6, 19.2],
			"rotation": {"angle": 0, "axis": "y", "origin": [0, 0, 11]},
			"faces": {
				"north": {"uv": [13.516, 8.016, 13.625, 8.125], "texture": "#0"},
				"east": {"uv": [12.016, 12.016, 12.25, 12.125], "texture": "#0"},
				"south": {"uv": [8.516, 13.516, 8.625, 13.625], "texture": "#0"},
				"west": {"uv": [0.016, 12.516, 0.25, 12.625], "texture": "#0"},
				"up": {"uv": [12.625, 0.25, 12.516, 0.016], "texture": "#0"},
				"down": {"uv": [0.625, 12.516, 0.516, 12.75], "texture": "#0"}
			}
		},
		{
			"from": [7.6, -1.61621, 19.23648],
			"to": [8.4, -1.41621, 19.83648],
			"rotation": {"angle": -22.5, "axis": "x", "origin": [0, -3.01621, 11.63648]},
			"faces": {
				"north": {"uv": [11.516, 11.016, 11.875, 11.125], "texture": "#0"},
				"east": {"uv": [12.516, 0.516, 12.75, 0.625], "texture": "#0"},
				"south": {"uv": [11.516, 11.516, 11.875, 11.625], "texture": "#0"},
				"west": {"uv": [1.016, 12.516, 1.25, 12.625], "texture": "#0"},
				"up": {"uv": [10.875, 3.25, 10.516, 3.016], "texture": "#0"},
				"down": {"uv": [3.875, 10.516, 3.516, 10.75], "texture": "#0"}
			}
		},
		{
			"from": [7.6, 2.88704, 15.01319],
			"to": [8.4, 3.28704, 15.11319],
			"rotation": {"angle": 22.5, "axis": "x", "origin": [0, -4.91296, 11.71319]},
			"faces": {
				"north": {"uv": [10.516, 3.516, 10.875, 3.75], "texture": "#0"},
				"east": {"uv": [12.516, 1.016, 12.625, 1.25], "texture": "#0"},
				"south": {"uv": [4.016, 10.516, 4.375, 10.75], "texture": "#0"},
				"west": {"uv": [1.516, 12.516, 1.625, 12.75], "texture": "#0"},
				"up": {"uv": [0.375, 12.125, 0.016, 12.016], "texture": "#0"},
				"down": {"uv": [12.375, 0.016, 12.016, 0.125], "texture": "#0"}
			}
		},
		{
			"from": [7.7, 1.4, 18.6],
			"to": [7.8, 1.7, 19.2],
			"rotation": {"angle": 0, "axis": "y", "origin": [0, 0, 11]},
			"faces": {
				"north": {"uv": [13.516, 8.516, 13.625, 8.625], "texture": "#0"},
				"east": {"uv": [12.516, 1.516, 12.75, 1.625], "texture": "#0"},
				"south": {"uv": [9.016, 13.516, 9.125, 13.625], "texture": "#0"},
				"west": {"uv": [2.016, 12.516, 2.25, 12.625], "texture": "#0"},
				"up": {"uv": [12.625, 2.25, 12.516, 2.016], "texture": "#0"},
				"down": {"uv": [2.625, 12.516, 2.516, 12.75], "texture": "#0"}
			}
		},
		{
			"from": [7.7, 1.7, 18.7],
			"to": [7.8, 1.8, 19.1],
			"rotation": {"angle": 0, "axis": "y", "origin": [0, 0, 11]},
			"faces": {
				"north": {"uv": [13.516, 9.016, 13.625, 9.125], "texture": "#0"},
				"east": {"uv": [12.516, 2.516, 12.75, 2.625], "texture": "#0"},
				"south": {"uv": [9.516, 13.516, 9.625, 13.625], "texture": "#0"},
				"west": {"uv": [3.016, 12.516, 3.25, 12.625], "texture": "#0"},
				"up": {"uv": [12.625, 3.25, 12.516, 3.016], "texture": "#0"},
				"down": {"uv": [3.625, 12.516, 3.516, 12.75], "texture": "#0"}
			}
		},
		{
			"from": [8.2, 1.7, 18.7],
			"to": [8.3, 1.8, 19.1],
			"rotation": {"angle": 0, "axis": "y", "origin": [16, 0, 11]},
			"faces": {
				"north": {"uv": [13.516, 9.516, 13.625, 9.625], "texture": "#0"},
				"east": {"uv": [12.516, 3.516, 12.75, 3.625], "texture": "#0"},
				"south": {"uv": [10.016, 13.516, 10.125, 13.625], "texture": "#0"},
				"west": {"uv": [4.016, 12.516, 4.25, 12.625], "texture": "#0"},
				"up": {"uv": [12.625, 4.25, 12.516, 4.016], "texture": "#0"},
				"down": {"uv": [4.625, 12.516, 4.516, 12.75], "texture": "#0"}
			}
		},
		{
			"from": [8.2, 1.4, 18.6],
			"to": [8.3, 1.7, 19.2],
			"rotation": {"angle": 0, "axis": "y", "origin": [16, 0, 11]},
			"faces": {
				"north": {"uv": [13.516, 10.016, 13.625, 10.125], "texture": "#0"},
				"east": {"uv": [12.516, 4.516, 12.75, 4.625], "texture": "#0"},
				"south": {"uv": [10.516, 13.516, 10.625, 13.625], "texture": "#0"},
				"west": {"uv": [5.016, 12.516, 5.25, 12.625], "texture": "#0"},
				"up": {"uv": [12.625, 5.25, 12.516, 5.016], "texture": "#0"},
				"down": {"uv": [5.625, 12.516, 5.516, 12.75], "texture": "#0"}
			}
		},
		{
			"from": [8.3, 1.4, 18.6],
			"to": [8.4, 1.6, 19.2],
			"rotation": {"angle": 0, "axis": "y", "origin": [16, 0, 11]},
			"faces": {
				"north": {"uv": [13.516, 10.516, 13.625, 10.625], "texture": "#0"},
				"east": {"uv": [12.516, 5.516, 12.75, 5.625], "texture": "#0"},
				"south": {"uv": [11.016, 13.516, 11.125, 13.625], "texture": "#0"},
				"west": {"uv": [6.016, 12.516, 6.25, 12.625], "texture": "#0"},
				"up": {"uv": [12.625, 6.25, 12.516, 6.016], "texture": "#0"},
				"down": {"uv": [6.625, 12.516, 6.516, 12.75], "texture": "#0"}
			}
		},
		{
			"from": [7.6, 6.75477, 21.00675],
			"to": [8.4, 7.05477, 21.50675],
			"rotation": {"angle": 45, "axis": "x", "origin": [0, 5.75477, 13.40675]},
			"faces": {
				"north": {"uv": [0.516, 12.016, 0.875, 12.125], "texture": "#0"},
				"east": {"uv": [12.516, 6.516, 12.75, 6.625], "texture": "#0"},
				"south": {"uv": [12.016, 0.516, 12.375, 0.625], "texture": "#0"},
				"west": {"uv": [7.016, 12.516, 7.25, 12.625], "texture": "#0"},
				"up": {"uv": [10.875, 4.25, 10.516, 4.016], "texture": "#0"},
				"down": {"uv": [4.875, 10.516, 4.516, 10.75], "texture": "#0"}
			}
		},
		{
			"from": [7.6, 1, 15.5],
			"to": [8.4, 1.3, 16],
			"rotation": {"angle": 0, "axis": "y", "origin": [0, 0, 11]},
			"faces": {
				"north": {"uv": [1.016, 12.016, 1.375, 12.125], "texture": "#0"},
				"east": {"uv": [12.516, 7.016, 12.75, 7.125], "texture": "#0"},
				"south": {"uv": [12.016, 1.016, 12.375, 1.125], "texture": "#0"},
				"west": {"uv": [7.516, 12.516, 7.75, 12.625], "texture": "#0"},
				"up": {"uv": [10.875, 4.75, 10.516, 4.516], "texture": "#0"},
				"down": {"uv": [5.375, 10.516, 5.016, 10.75], "texture": "#0"}
			}
		},
		{
			"from": [7.7, 1.3, 15.5],
			"to": [8.3, 1.4, 16],
			"rotation": {"angle": 0, "axis": "y", "origin": [0, 0, 11]},
			"faces": {
				"north": {"uv": [12.516, 7.516, 12.75, 7.625], "texture": "#0"},
				"east": {"uv": [8.016, 12.516, 8.25, 12.625], "texture": "#0"},
				"south": {"uv": [12.516, 8.016, 12.75, 8.125], "texture": "#0"},
				"west": {"uv": [8.516, 12.516, 8.75, 12.625], "texture": "#0"},
				"up": {"uv": [0.75, 11.25, 0.516, 11.016], "texture": "#0"},
				"down": {"uv": [11.25, 0.516, 11.016, 0.75], "texture": "#0"}
			}
		},
		{
			"from": [7.6, 1, 16],
			"to": [8.4, 1.1, 17.9],
			"rotation": {"angle": 0, "axis": "y", "origin": [0, 0, 10.3]},
			"faces": {
				"north": {"uv": [1.516, 12.016, 1.875, 12.125], "texture": "#0"},
				"east": {"uv": [9.516, 3.516, 10.484, 3.625], "texture": "#0"},
				"south": {"uv": [12.016, 1.516, 12.375, 1.625], "texture": "#0"},
				"west": {"uv": [4.016, 9.516, 4.984, 9.625], "texture": "#0"},
				"up": {"uv": [5.375, 8.484, 5.016, 7.516], "texture": "#0"},
				"down": {"uv": [5.875, 7.516, 5.516, 8.484], "texture": "#0"}
			}
		},
		{
			"from": [7.6, 1.1, 16],
			"to": [7.7, 1.2, 17.9],
			"rotation": {"angle": 0, "axis": "y", "origin": [0, 0, 10.3]},
			"faces": {
				"north": {"uv": [13.516, 11.016, 13.625, 11.125], "texture": "#0"},
				"east": {"uv": [9.516, 4.016, 10.484, 4.125], "texture": "#0"},
				"south": {"uv": [11.516, 13.516, 11.625, 13.625], "texture": "#0"},
				"west": {"uv": [9.516, 4.516, 10.484, 4.625], "texture": "#0"},
				"up": {"uv": [3.125, 10.484, 3.016, 9.516], "texture": "#0"},
				"down": {"uv": [5.125, 9.516, 5.016, 10.484], "texture": "#0"}
			}
		},
		{
			"from": [7.5, 1, 17.1],
			"to": [7.6, 1.2, 17.3],
			"rotation": {"angle": 0, "axis": "y", "origin": [0, 0, 10.3]},
			"faces": {
				"north": {"uv": [13.516, 11.516, 13.625, 11.625], "texture": "#0"},
				"east": {"uv": [12.016, 13.516, 12.125, 13.625], "texture": "#0"},
				"south": {"uv": [13.516, 12.016, 13.625, 12.125], "texture": "#0"},
				"west": {"uv": [12.516, 13.516, 12.625, 13.625], "texture": "#0"},
				"up": {"uv": [13.625, 12.625, 13.516, 12.516], "texture": "#0"},
				"down": {"uv": [13.125, 13.516, 13.016, 13.625], "texture": "#0"}
			}
		},
		{
			"from": [7.7, 1.2, 16],
			"to": [7.8, 1.3, 16.9],
			"rotation": {"angle": 0, "axis": "y", "origin": [0, 0, 10.3]},
			"faces": {
				"north": {"uv": [13.516, 13.016, 13.625, 13.125], "texture": "#0"},
				"east": {"uv": [1.016, 11.016, 1.484, 11.125], "texture": "#0"},
				"south": {"uv": [13.516, 13.516, 13.625, 13.625], "texture": "#0"},
				"west": {"uv": [11.016, 1.016, 11.484, 1.125], "texture": "#0"},
				"up": {"uv": [1.625, 11.484, 1.516, 11.016], "texture": "#0"},
				"down": {"uv": [11.125, 1.516, 11.016, 1.984], "texture": "#0"}
			}
		},
		{
			"from": [7.8, 1, 5.1],
			"to": [8.2, 1.2, 7.9],
			"rotation": {"angle": 0, "axis": "y", "origin": [0, 0, 15.2]},
			"faces": {
				"north": {"uv": [12.516, 8.516, 12.75, 8.625], "texture": "#0"},
				"east": {"uv": [9.016, 8.516, 10.375, 8.625], "texture": "#0"},
				"south": {"uv": [9.016, 12.516, 9.25, 12.625], "texture": "#0"},
				"west": {"uv": [9.016, 9.016, 10.375, 9.125], "texture": "#0"},
				"up": {"uv": [2.25, 9.875, 2.016, 8.516], "texture": "#0"},
				"down": {"uv": [2.75, 8.516, 2.516, 9.875], "texture": "#0"}
			}
		},
		{
			"from": [4.66065, -4.45553, 5.00846],
			"to": [4.98057, -4.21559, 5.2484],
			"rotation": {"angle": 45, "axis": "z", "origin": [0.98157, 2.26279, 5.16842]},
			"faces": {
				"north": {"uv": [0.016, 14.016, 0.125, 14.125], "texture": "#0"},
				"east": {"uv": [14.016, 0.016, 14.125, 0.125], "texture": "#0"},
				"south": {"uv": [0.516, 14.016, 0.625, 14.125], "texture": "#0"},
				"west": {"uv": [14.016, 0.516, 14.125, 0.625], "texture": "#0"},
				"up": {"uv": [1.125, 14.125, 1.016, 14.016], "texture": "#0"},
				"down": {"uv": [14.125, 1.016, 14.016, 1.125], "texture": "#0"}
			}
		},
		{
			"from": [7.69381, 0.11373, 5.00846],
			"to": [8.33365, 0.35367, 5.2484],
			"rotation": {"angle": 0, "axis": "y", "origin": [1.61533, 1.23345, 5.16842]},
			"faces": {
				"north": {"uv": [2.016, 12.016, 2.375, 12.125], "texture": "#0"},
				"east": {"uv": [1.516, 14.016, 1.625, 14.125], "texture": "#0"},
				"south": {"uv": [12.016, 2.016, 12.375, 2.125], "texture": "#0"},
				"west": {"uv": [14.016, 1.516, 14.125, 1.625], "texture": "#0"},
				"up": {"uv": [2.875, 12.125, 2.516, 12.016], "texture": "#0"},
				"down": {"uv": [12.375, 2.516, 12.016, 2.625], "texture": "#0"}
			}
		},
		{
			"from": [7.44014, 0.33994, 5.00846],
			"to": [8.55986, 0.97978, 5.2484],
			"rotation": {"angle": 0, "axis": "y", "origin": [1.6016, 0.1, 11.6468]},
			"faces": {
				"north": {"uv": [9.016, 6.016, 9.484, 6.375], "texture": "#0"},
				"east": {"uv": [3.016, 12.016, 3.125, 12.375], "texture": "#0"},
				"south": {"uv": [6.516, 9.016, 6.984, 9.375], "texture": "#0"},
				"west": {"uv": [12.016, 3.016, 12.125, 3.375], "texture": "#0"},
				"up": {"uv": [2.484, 11.125, 2.016, 11.016], "texture": "#0"},
				"down": {"uv": [11.484, 2.016, 11.016, 2.125], "texture": "#0"}
			}
		},
		{
			"from": [11.01943, -4.45553, 5.00846],
			"to": [11.33935, -4.21559, 5.2484],
			"rotation": {"angle": -45, "axis": "z", "origin": [15.01843, 2.26279, 5.16842]},
			"faces": {
				"north": {"uv": [2.016, 14.016, 2.125, 14.125], "texture": "#0"},
				"east": {"uv": [14.016, 2.016, 14.125, 2.125], "texture": "#0"},
				"south": {"uv": [2.516, 14.016, 2.625, 14.125], "texture": "#0"},
				"west": {"uv": [14.016, 2.516, 14.125, 2.625], "texture": "#0"},
				"up": {"uv": [3.125, 14.125, 3.016, 14.016], "texture": "#0"},
				"down": {"uv": [14.125, 3.016, 14.016, 3.125], "texture": "#0"}
			}
		},
		{
			"from": [4.66065, 5.53531, 5.00846],
			"to": [4.98057, 5.77525, 5.2484],
			"rotation": {"angle": -45, "axis": "z", "origin": [0.98157, -0.94307, 5.16842]},
			"faces": {
				"north": {"uv": [3.516, 14.016, 3.625, 14.125], "texture": "#0"},
				"east": {"uv": [14.016, 3.516, 14.125, 3.625], "texture": "#0"},
				"south": {"uv": [4.016, 14.016, 4.125, 14.125], "texture": "#0"},
				"west": {"uv": [14.016, 4.016, 14.125, 4.125], "texture": "#0"},
				"up": {"uv": [4.625, 14.125, 4.516, 14.016], "texture": "#0"},
				"down": {"uv": [14.125, 4.516, 14.016, 4.625], "texture": "#0"}
			}
		},
		{
			"from": [7.69381, 0.96605, 5.00846],
			"to": [8.33365, 1.20599, 5.2484],
			"rotation": {"angle": 0, "axis": "y", "origin": [1.61533, 0.08627, 5.16842]},
			"faces": {
				"north": {"uv": [3.516, 12.016, 3.875, 12.125], "texture": "#0"},
				"east": {"uv": [5.016, 14.016, 5.125, 14.125], "texture": "#0"},
				"south": {"uv": [12.016, 3.516, 12.375, 3.625], "texture": "#0"},
				"west": {"uv": [14.016, 5.016, 14.125, 5.125], "texture": "#0"},
				"up": {"uv": [4.375, 12.125, 4.016, 12.016], "texture": "#0"},
				"down": {"uv": [12.375, 4.016, 12.016, 4.125], "texture": "#0"}
			}
		},
		{
			"from": [11.01943, 5.53531, 5.00846],
			"to": [11.33935, 5.77525, 5.2484],
			"rotation": {"angle": 45, "axis": "z", "origin": [15.01843, -0.94307, 5.16842]},
			"faces": {
				"north": {"uv": [5.516, 14.016, 5.625, 14.125], "texture": "#0"},
				"east": {"uv": [14.016, 5.516, 14.125, 5.625], "texture": "#0"},
				"south": {"uv": [6.016, 14.016, 6.125, 14.125], "texture": "#0"},
				"west": {"uv": [14.016, 6.016, 14.125, 6.125], "texture": "#0"},
				"up": {"uv": [6.625, 14.125, 6.516, 14.016], "texture": "#0"},
				"down": {"uv": [14.125, 6.516, 14.016, 6.625], "texture": "#0"}
			}
		},
		{
			"from": [7.63663, 0.96578, 10.76502],
			"to": [8.39595, 1.25053, 11.04976],
			"rotation": {"angle": 0, "axis": "y", "origin": [0.42303, -0.07829, 10.95485]},
			"faces": {
				"north": {"uv": [4.516, 12.016, 4.875, 12.125], "texture": "#0"},
				"east": {"uv": [7.016, 14.016, 7.125, 14.125], "texture": "#0"},
				"south": {"uv": [12.016, 4.516, 12.375, 4.625], "texture": "#0"},
				"west": {"uv": [14.016, 7.016, 14.125, 7.125], "texture": "#0"},
				"up": {"uv": [5.375, 12.125, 5.016, 12.016], "texture": "#0"},
				"down": {"uv": [12.375, 5.016, 12.016, 5.125], "texture": "#0"}
			}
		},
		{
			"from": [7.5, -0.1, 11],
			"to": [8.5, 1, 13.7],
			"rotation": {"angle": 0, "axis": "y", "origin": [0, 0, 11]},
			"faces": {
				"north": {"uv": [0.516, 9.016, 0.984, 9.484], "texture": "#0"},
				"east": {"uv": [5.516, 6.016, 6.875, 6.484], "texture": "#0"},
				"south": {"uv": [9.016, 0.516, 9.484, 0.984], "texture": "#0"},
				"west": {"uv": [6.016, 5.516, 7.375, 5.984], "texture": "#0"},
				"up": {"uv": [6.984, 4.375, 6.516, 3.016], "texture": "#0"},
				"down": {"uv": [3.984, 6.516, 3.516, 7.875], "texture": "#0"}
			}
		},
		{
			"from": [7.5, 1, 11],
			"to": [8.5, 1.3, 11.2],
			"rotation": {"angle": 0, "axis": "y", "origin": [0, 0, 11]},
			"faces": {
				"north": {"uv": [2.516, 11.016, 2.984, 11.125], "texture": "#0"},
				"east": {"uv": [7.516, 14.016, 7.625, 14.125], "texture": "#0"},
				"south": {"uv": [11.016, 2.516, 11.484, 2.625], "texture": "#0"},
				"west": {"uv": [14.016, 7.516, 14.125, 7.625], "texture": "#0"},
				"up": {"uv": [3.484, 11.125, 3.016, 11.016], "texture": "#0"},
				"down": {"uv": [11.484, 3.016, 11.016, 3.125], "texture": "#0"}
			}
		},
		{
			"from": [7.5, -0.2, 13.7],
			"to": [8.5, 1, 20],
			"rotation": {"angle": 0, "axis": "y", "origin": [0, 0, 11]},
			"faces": {
				"north": {"uv": [4.516, 8.516, 4.984, 9.125], "texture": "#0"},
				"east": {"uv": [1.016, 4.016, 4.125, 4.625], "texture": "#0"},
				"south": {"uv": [5.016, 8.516, 5.484, 9.125], "texture": "#0"},
				"west": {"uv": [4.016, 2.016, 7.125, 2.625], "texture": "#0"},
				"up": {"uv": [4.984, 6.125, 4.516, 3.016], "texture": "#0"},
				"down": {"uv": [1.484, 5.016, 1.016, 8.125], "texture": "#0"}
			}
		},
		{
			"from": [7.7, 4.92592, 16.75727],
			"to": [8.3, 5.92592, 16.95727],
			"rotation": {"angle": 22.5, "axis": "x", "origin": [0, -3.87408, 3.05727]},
			"faces": {
				"north": {"uv": [9.516, 5.016, 9.75, 5.484], "texture": "#0"},
				"east": {"uv": [3.516, 11.016, 3.625, 11.484], "texture": "#0"},
				"south": {"uv": [5.516, 9.516, 5.75, 9.984], "texture": "#0"},
				"west": {"uv": [11.016, 3.516, 11.125, 3.984], "texture": "#0"},
				"up": {"uv": [12.75, 9.125, 12.516, 9.016], "texture": "#0"},
				"down": {"uv": [9.75, 12.516, 9.516, 12.625], "texture": "#0"}
			}
		},
		{
			"from": [7.7, -4.1, 16.8],
			"to": [8.3, -3.1, 17],
			"rotation": {"angle": -22.5, "axis": "x", "origin": [0, 0.1, 9.7]},
			"faces": {
				"north": {"uv": [9.516, 5.516, 9.75, 5.984], "texture": "#0"},
				"east": {"uv": [4.016, 11.016, 4.125, 11.484], "texture": "#0"},
				"south": {"uv": [6.016, 9.516, 6.25, 9.984], "texture": "#0"},
				"west": {"uv": [11.016, 4.016, 11.125, 4.484], "texture": "#0"},
				"up": {"uv": [12.75, 9.625, 12.516, 9.516], "texture": "#0"},
				"down": {"uv": [10.25, 12.516, 10.016, 12.625], "texture": "#0"}
			}
		},
		{
			"from": [7.8, -0.3, 18.5],
			"to": [8.2, -0.2, 18.9],
			"rotation": {"angle": 0, "axis": "y", "origin": [0, 0.1, 11]},
			"faces": {
				"north": {"uv": [12.516, 10.016, 12.75, 10.125], "texture": "#0"},
				"east": {"uv": [10.516, 12.516, 10.75, 12.625], "texture": "#0"},
				"south": {"uv": [12.516, 10.516, 12.75, 10.625], "texture": "#0"},
				"west": {"uv": [11.016, 12.516, 11.25, 12.625], "texture": "#0"},
				"up": {"uv": [4.75, 11.25, 4.516, 11.016], "texture": "#0"},
				"down": {"uv": [11.25, 4.516, 11.016, 4.75], "texture": "#0"}
			}
		},
		{
			"from": [7.9, 2.9, 18.1],
			"to": [8.1, 3.3, 18.3],
			"rotation": {"angle": 22.5, "axis": "x", "origin": [0, 0.2, 9.7]},
			"faces": {
				"north": {"uv": [12.516, 12.016, 12.625, 12.25], "texture": "#0"},
				"east": {"uv": [12.516, 12.516, 12.625, 12.75], "texture": "#0"},
				"south": {"uv": [0.016, 13.016, 0.125, 13.25], "texture": "#0"},
				"west": {"uv": [13.016, 0.016, 13.125, 0.25], "texture": "#0"},
				"up": {"uv": [8.625, 14.125, 8.516, 14.016], "texture": "#0"},
				"down": {"uv": [14.125, 8.516, 14.016, 8.625], "texture": "#0"}
			}
		},
		{
			"from": [7.9, 5.99248, 18.80546],
			"to": [8.1, 6.39248, 19.00546],
			"rotation": {"angle": 45, "axis": "x", "origin": [0, 3.29248, 10.40546]},
			"faces": {
				"north": {"uv": [0.516, 13.016, 0.625, 13.25], "texture": "#0"},
				"east": {"uv": [13.016, 0.516, 13.125, 0.75], "texture": "#0"},
				"south": {"uv": [1.016, 13.016, 1.125, 13.25], "texture": "#0"},
				"west": {"uv": [13.016, 1.016, 13.125, 1.25], "texture": "#0"},
				"up": {"uv": [9.125, 14.125, 9.016, 14.016], "texture": "#0"},
				"down": {"uv": [14.125, 9.016, 14.016, 9.125], "texture": "#0"}
			}
		},
		{
			"from": [7.7, -1.06324, 17.86681],
			"to": [8.3, -0.86324, 19.26681],
			"rotation": {"angle": 0, "axis": "y", "origin": [0, -5.56324, 12.36681]},
			"faces": {
				"north": {"uv": [1.516, 13.016, 1.75, 13.125], "texture": "#0"},
				"east": {"uv": [5.516, 10.516, 6.25, 10.625], "texture": "#0"},
				"south": {"uv": [13.016, 1.516, 13.25, 1.625], "texture": "#0"},
				"west": {"uv": [10.516, 5.516, 11.25, 5.625], "texture": "#0"},
				"up": {"uv": [7.25, 9.75, 7.016, 9.016], "texture": "#0"},
				"down": {"uv": [7.75, 9.016, 7.516, 9.75], "texture": "#0"}
			}
		},
		{
			"from": [7.6, -2.32804, 21.73864],
			"to": [8.4, -1.12804, 23.43864],
			"rotation": {"angle": 0, "axis": "y", "origin": [0, -2.12804, 21.73864]},
			"faces": {
				"north": {"uv": [9.016, 1.016, 9.375, 1.625], "texture": "#0"},
				"east": {"uv": [6.516, 4.516, 7.375, 5.125], "texture": "#0"},
				"south": {"uv": [9.016, 2.016, 9.375, 2.625], "texture": "#0"},
				"west": {"uv": [5.516, 6.516, 6.375, 7.125], "texture": "#0"},
				"up": {"uv": [3.375, 9.375, 3.016, 8.516], "texture": "#0"},
				"down": {"uv": [4.375, 8.516, 4.016, 9.375], "texture": "#0"}
			}
		},
		{
			"from": [7.6, -2.34326, 23.3621],
			"to": [8.4, -1.74326, 24.1621],
			"rotation": {"angle": -22.5, "axis": "x", "origin": [0, -2.14326, 23.3621]},
			"faces": {
				"north": {"uv": [10.516, 6.016, 10.875, 6.25], "texture": "#0"},
				"east": {"uv": [6.516, 10.516, 6.875, 10.75], "texture": "#0"},
				"south": {"uv": [7.016, 10.516, 7.375, 10.75], "texture": "#0"},
				"west": {"uv": [10.516, 7.016, 10.875, 7.25], "texture": "#0"},
				"up": {"uv": [9.875, 1.375, 9.516, 1.016], "texture": "#0"},
				"down": {"uv": [1.875, 9.516, 1.516, 9.875], "texture": "#0"}
			}
		},
		{
			"from": [7.6, -0.12388, 19.61732],
			"to": [8.4, 1.07612, 22.81732],
			"rotation": {"angle": 45, "axis": "x", "origin": [0, 0.07612, 19.61732]},
			"faces": {
				"north": {"uv": [9.016, 3.016, 9.375, 3.625], "texture": "#0"},
				"east": {"uv": [5.016, 0.016, 6.625, 0.625], "texture": "#0"},
				"south": {"uv": [3.516, 9.016, 3.875, 9.625], "texture": "#0"},
				"west": {"uv": [5.016, 1.016, 6.625, 1.625], "texture": "#0"},
				"up": {"uv": [4.375, 8.125, 4.016, 6.516], "texture": "#0"},
				"down": {"uv": [4.875, 6.516, 4.516, 8.125], "texture": "#0"}
			}
		},
		{
			"from": [7.5, -0.12388, 19.61732],
			"to": [8.5, 1.07612, 28.91732],
			"rotation": {"angle": 22.5, "axis": "x", "origin": [0, 0.07612, 19.61732]},
			"faces": {
				"north": {"uv": [5.516, 8.516, 5.984, 9.125], "texture": "#0"},
				"east": {"uv": [0.016, 0.016, 4.625, 0.625], "texture": "#0"},
				"south": {"uv": [6.016, 8.516, 6.484, 9.125], "texture": "#0"},
				"west": {"uv": [0.016, 1.016, 4.625, 1.625], "texture": "#0"},
				"up": {"uv": [0.484, 6.625, 0.016, 2.016], "texture": "#0"},
				"down": {"uv": [0.984, 2.016, 0.516, 6.625], "texture": "#0"}
			}
		},
		{
			"from": [7.5, -1.12388, 23.01732],
			"to": [8.5, 0.27612, 28.61732],
			"rotation": {"angle": 0, "axis": "y", "origin": [0, 0.07612, 19.61732]},
			"faces": {
				"north": {"uv": [7.516, 5.516, 7.984, 6.25], "texture": "#0"},
				"east": {"uv": [1.016, 2.016, 3.75, 2.75], "texture": "#0"},
				"south": {"uv": [6.016, 7.516, 6.484, 8.25], "texture": "#0"},
				"west": {"uv": [1.016, 3.016, 3.75, 3.75], "texture": "#0"},
				"up": {"uv": [1.984, 7.75, 1.516, 5.016], "texture": "#0"},
				"down": {"uv": [2.484, 5.016, 2.016, 7.75], "texture": "#0"}
			}
		},
		{
			"from": [7.5, -3.65281, 23.07894],
			"to": [8.5, -3.15281, 23.77894],
			"rotation": {"angle": -22.5, "axis": "x", "origin": [0, -3.35281, 14.77894]},
			"faces": {
				"north": {"uv": [9.516, 6.016, 9.984, 6.25], "texture": "#0"},
				"east": {"uv": [7.516, 10.516, 7.875, 10.75], "texture": "#0"},
				"south": {"uv": [6.516, 9.516, 6.984, 9.75], "texture": "#0"},
				"west": {"uv": [10.516, 7.516, 10.875, 7.75], "texture": "#0"},
				"up": {"uv": [9.484, 8.375, 9.016, 8.016], "texture": "#0"},
				"down": {"uv": [8.984, 9.016, 8.516, 9.375], "texture": "#0"}
			}
		},
		{
			"from": [7.5, -2.62388, 26.71732],
			"to": [8.5, -1.12388, 28.61732],
			"rotation": {"angle": 0, "axis": "y", "origin": [0, -0.02388, 19.61732]},
			"faces": {
				"north": {"uv": [7.516, 7.016, 7.984, 7.75], "texture": "#0"},
				"east": {"uv": [5.016, 4.016, 5.984, 4.75], "texture": "#0"},
				"south": {"uv": [0.016, 8.016, 0.484, 8.75], "texture": "#0"},
				"west": {"uv": [5.016, 5.016, 5.984, 5.75], "texture": "#0"},
				"up": {"uv": [4.484, 3.984, 4.016, 3.016], "texture": "#0"},
				"down": {"uv": [0.484, 7.016, 0.016, 7.984], "texture": "#0"}
			}
		},
		{
			"from": [7.6, -1.82388, 25.11732],
			"to": [8.4, -1.12388, 26.71732],
			"rotation": {"angle": 0, "axis": "y", "origin": [0, -0.02388, 19.61732]},
			"faces": {
				"north": {"uv": [9.516, 1.516, 9.875, 1.875], "texture": "#0"},
				"east": {"uv": [8.516, 7.016, 9.25, 7.375], "texture": "#0"},
				"south": {"uv": [9.516, 2.016, 9.875, 2.375], "texture": "#0"},
				"west": {"uv": [8.516, 7.516, 9.25, 7.875], "texture": "#0"},
				"up": {"uv": [8.375, 9.25, 8.016, 8.516], "texture": "#0"},
				"down": {"uv": [8.875, 8.016, 8.516, 8.75], "texture": "#0"}
			}
		},
		{
			"name": "hexadecagon",
			"from": [7.92044, 0.5, 16],
			"to": [8.07956, 1.3, 17.9],
			"rotation": {"angle": -45, "axis": "z", "origin": [8, 0.9, 17.4]},
			"faces": {
				"north": {"uv": [5.516, 12.016, 5.625, 12.375], "texture": "#0"},
				"east": {"uv": [1.516, 8.016, 2.484, 8.375], "texture": "#0"},
				"south": {"uv": [12.016, 5.516, 12.125, 5.875], "texture": "#0"},
				"west": {"uv": [8.016, 2.016, 8.984, 2.375], "texture": "#0"},
				"up": {"uv": [9.625, 7.984, 9.516, 7.016], "texture": "#0"},
				"down": {"uv": [8.125, 9.516, 8.016, 10.484], "texture": "#0"}
			}
		},
		{
			"name": "hexadecagon",
			"from": [7.92044, 0.5, 16],
			"to": [8.07956, 1.3, 17.9],
			"rotation": {"angle": -22.5, "axis": "z", "origin": [8, 0.9, 17.4]},
			"faces": {
				"north": {"uv": [6.016, 12.016, 6.125, 12.375], "texture": "#0"},
				"east": {"uv": [2.516, 8.016, 3.484, 8.375], "texture": "#0"},
				"south": {"uv": [12.016, 6.016, 12.125, 6.375], "texture": "#0"},
				"west": {"uv": [8.016, 2.516, 8.984, 2.875], "texture": "#0"},
				"up": {"uv": [8.625, 10.484, 8.516, 9.516], "texture": "#0"},
				"down": {"uv": [9.125, 9.516, 9.016, 10.484], "texture": "#0"}
			}
		},
		{
			"name": "hexadecagon",
			"from": [7.92044, 0.5, 16],
			"to": [8.07956, 1.3, 17.9],
			"rotation": {"angle": 0, "axis": "z", "origin": [8, 0.9, 17.4]},
			"faces": {
				"north": {"uv": [6.516, 12.016, 6.625, 12.375], "texture": "#0"},
				"east": {"uv": [8.016, 3.516, 8.984, 3.875], "texture": "#0"},
				"south": {"uv": [12.016, 6.516, 12.125, 6.875], "texture": "#0"},
				"west": {"uv": [8.016, 4.016, 8.984, 4.375], "texture": "#0"},
				"up": {"uv": [9.625, 10.484, 9.516, 9.516], "texture": "#0"},
				"down": {"uv": [0.125, 10.016, 0.016, 10.984], "texture": "#0"}
			}
		},
		{
			"name": "hexadecagon",
			"from": [7.92044, 0.5, 16],
			"to": [8.07956, 1.3, 17.9],
			"rotation": {"angle": 22.5, "axis": "z", "origin": [8, 0.9, 17.4]},
			"faces": {
				"north": {"uv": [7.016, 12.016, 7.125, 12.375], "texture": "#0"},
				"east": {"uv": [8.016, 4.516, 8.984, 4.875], "texture": "#0"},
				"south": {"uv": [12.016, 7.016, 12.125, 7.375], "texture": "#0"},
				"west": {"uv": [8.016, 5.016, 8.984, 5.375], "texture": "#0"},
				"up": {"uv": [0.625, 10.984, 0.516, 10.016], "texture": "#0"},
				"down": {"uv": [10.125, 0.516, 10.016, 1.484], "texture": "#0"}
			}
		},
		{
			"name": "hexadecagon",
			"from": [7.92044, 0.5, 16],
			"to": [8.07956, 1.3, 17.9],
			"rotation": {"angle": 45, "axis": "z", "origin": [8, 0.9, 17.4]},
			"faces": {
				"north": {"uv": [7.516, 12.016, 7.625, 12.375], "texture": "#0"},
				"east": {"uv": [8.016, 5.516, 8.984, 5.875], "texture": "#0"},
				"south": {"uv": [12.016, 7.516, 12.125, 7.875], "texture": "#0"},
				"west": {"uv": [8.016, 6.016, 8.984, 6.375], "texture": "#0"},
				"up": {"uv": [1.125, 10.984, 1.016, 10.016], "texture": "#0"},
				"down": {"uv": [1.625, 10.016, 1.516, 10.984], "texture": "#0"}
			}
		},
		{
			"name": "hexadecagon",
			"from": [7.6, 0.82044, 16],
			"to": [8.4, 0.97956, 17.9],
			"rotation": {"angle": 22.5, "axis": "z", "origin": [8, 0.9, 17.4]},
			"faces": {
				"north": {"uv": [9.016, 12.016, 9.375, 12.125], "texture": "#0"},
				"east": {"uv": [3.516, 10.016, 4.484, 10.125], "texture": "#0"},
				"south": {"uv": [12.016, 9.016, 12.375, 9.125], "texture": "#0"},
				"west": {"uv": [10.016, 5.016, 10.984, 5.125], "texture": "#0"},
				"up": {"uv": [1.375, 9.484, 1.016, 8.516], "texture": "#0"},
				"down": {"uv": [1.875, 8.516, 1.516, 9.484], "texture": "#0"}
			}
		},
		{
			"name": "hexadecagon",
			"from": [7.8, 1.35027, 18.65],
			"to": [8.2, 1.44973, 19.15],
			"rotation": {"angle": -45, "axis": "x", "origin": [8, 1.4, 18.9]},
			"faces": {
				"north": {"uv": [2.016, 13.016, 2.25, 13.125], "texture": "#0"},
				"east": {"uv": [13.016, 2.016, 13.25, 2.125], "texture": "#0"},
				"south": {"uv": [2.516, 13.016, 2.75, 13.125], "texture": "#0"},
				"west": {"uv": [13.016, 2.516, 13.25, 2.625], "texture": "#0"},
				"up": {"uv": [5.25, 11.25, 5.016, 11.016], "texture": "#0"},
				"down": {"uv": [11.25, 5.016, 11.016, 5.25], "texture": "#0"}
			}
		},
		{
			"name": "hexadecagon",
			"from": [7.8, 1.35027, 18.65],
			"to": [8.2, 1.44973, 19.15],
			"rotation": {"angle": -22.5, "axis": "x", "origin": [8, 1.4, 18.9]},
			"faces": {
				"north": {"uv": [3.016, 13.016, 3.25, 13.125], "texture": "#0"},
				"east": {"uv": [13.016, 3.016, 13.25, 3.125], "texture": "#0"},
				"south": {"uv": [3.516, 13.016, 3.75, 13.125], "texture": "#0"},
				"west": {"uv": [13.016, 3.516, 13.25, 3.625], "texture": "#0"},
				"up": {"uv": [5.75, 11.25, 5.516, 11.016], "texture": "#0"},
				"down": {"uv": [6.25, 11.016, 6.016, 11.25], "texture": "#0"}
			}
		},
		{
			"name": "hexadecagon",
			"from": [7.8, 1.35027, 18.65],
			"to": [8.2, 1.44973, 19.15],
			"rotation": {"angle": 0, "axis": "x", "origin": [8, 1.4, 18.9]},
			"faces": {
				"north": {"uv": [4.016, 13.016, 4.25, 13.125], "texture": "#0"},
				"east": {"uv": [13.016, 4.016, 13.25, 4.125], "texture": "#0"},
				"south": {"uv": [4.516, 13.016, 4.75, 13.125], "texture": "#0"},
				"west": {"uv": [13.016, 4.516, 13.25, 4.625], "texture": "#0"},
				"up": {"uv": [11.25, 6.25, 11.016, 6.016], "texture": "#0"},
				"down": {"uv": [6.75, 11.016, 6.516, 11.25], "texture": "#0"}
			}
		},
		{
			"name": "hexadecagon",
			"from": [7.8, 1.35027, 18.65],
			"to": [8.2, 1.44973, 19.15],
			"rotation": {"angle": 22.5, "axis": "x", "origin": [8, 1.4, 18.9]},
			"faces": {
				"north": {"uv": [5.016, 13.016, 5.25, 13.125], "texture": "#0"},
				"east": {"uv": [13.016, 5.016, 13.25, 5.125], "texture": "#0"},
				"south": {"uv": [5.516, 13.016, 5.75, 13.125], "texture": "#0"},
				"west": {"uv": [13.016, 5.516, 13.25, 5.625], "texture": "#0"},
				"up": {"uv": [7.25, 11.25, 7.016, 11.016], "texture": "#0"},
				"down": {"uv": [11.25, 7.016, 11.016, 7.25], "texture": "#0"}
			}
		},
		{
			"name": "hexadecagon",
			"from": [7.8, 1.35027, 18.65],
			"to": [8.2, 1.44973, 19.15],
			"rotation": {"angle": 45, "axis": "x", "origin": [8, 1.4, 18.9]},
			"faces": {
				"north": {"uv": [6.016, 13.016, 6.25, 13.125], "texture": "#0"},
				"east": {"uv": [13.016, 6.016, 13.25, 6.125], "texture": "#0"},
				"south": {"uv": [6.516, 13.016, 6.75, 13.125], "texture": "#0"},
				"west": {"uv": [13.016, 6.516, 13.25, 6.625], "texture": "#0"},
				"up": {"uv": [7.75, 11.25, 7.516, 11.016], "texture": "#0"},
				"down": {"uv": [11.25, 7.516, 11.016, 7.75], "texture": "#0"}
			}
		},
		{
			"name": "hexadecagon",
			"from": [7.8, 1.15, 18.85027],
			"to": [8.2, 1.65, 18.94973],
			"rotation": {"angle": -22.5, "axis": "x", "origin": [8, 1.4, 18.9]},
			"faces": {
				"north": {"uv": [8.016, 11.016, 8.25, 11.25], "texture": "#0"},
				"east": {"uv": [7.016, 13.016, 7.125, 13.25], "texture": "#0"},
				"south": {"uv": [11.016, 8.016, 11.25, 8.25], "texture": "#0"},
				"west": {"uv": [13.016, 7.016, 13.125, 7.25], "texture": "#0"},
				"up": {"uv": [7.75, 13.125, 7.516, 13.016], "texture": "#0"},
				"down": {"uv": [13.25, 7.516, 13.016, 7.625], "texture": "#0"}
			}
		},
		{
			"name": "hexadecagon",
			"from": [7.8, 1.15, 18.85027],
			"to": [8.2, 1.65, 18.94973],
			"rotation": {"angle": 0, "axis": "x", "origin": [8, 1.4, 18.9]},
			"faces": {
				"north": {"uv": [8.516, 11.016, 8.75, 11.25], "texture": "#0"},
				"east": {"uv": [8.016, 13.016, 8.125, 13.25], "texture": "#0"},
				"south": {"uv": [11.016, 8.516, 11.25, 8.75], "texture": "#0"},
				"west": {"uv": [13.016, 8.016, 13.125, 8.25], "texture": "#0"},
				"up": {"uv": [8.75, 13.125, 8.516, 13.016], "texture": "#0"},
				"down": {"uv": [13.25, 8.516, 13.016, 8.625], "texture": "#0"}
			}
		},
		{
			"name": "hexadecagon",
			"from": [7.8, 1.15, 18.85027],
			"to": [8.2, 1.65, 18.94973],
			"rotation": {"angle": 22.5, "axis": "x", "origin": [8, 1.4, 18.9]},
			"faces": {
				"north": {"uv": [9.016, 11.016, 9.25, 11.25], "texture": "#0"},
				"east": {"uv": [9.016, 13.016, 9.125, 13.25], "texture": "#0"},
				"south": {"uv": [11.016, 9.016, 11.25, 9.25], "texture": "#0"},
				"west": {"uv": [13.016, 9.016, 13.125, 9.25], "texture": "#0"},
				"up": {"uv": [9.75, 13.125, 9.516, 13.016], "texture": "#0"},
				"down": {"uv": [13.25, 9.516, 13.016, 9.625], "texture": "#0"}
			}
		},
		{
			"name": "hexadecagon",
			"from": [7.5, 1.37016, 18.75],
			"to": [8.5, 1.42984, 19.05],
			"rotation": {"angle": -45, "axis": "x", "origin": [8, 1.4, 18.9]},
			"faces": {
				"north": {"uv": [9.516, 11.016, 9.984, 11.125], "texture": "#0"},
				"east": {"uv": [9.516, 14.016, 9.625, 14.125], "texture": "#0"},
				"south": {"uv": [11.016, 9.516, 11.484, 9.625], "texture": "#0"},
				"west": {"uv": [14.016, 9.516, 14.125, 9.625], "texture": "#0"},
				"up": {"uv": [10.484, 11.125, 10.016, 11.016], "texture": "#0"},
				"down": {"uv": [11.484, 10.016, 11.016, 10.125], "texture": "#0"}
			}
		},
		{
			"name": "hexadecagon",
			"from": [7.5, 1.37016, 18.75],
			"to": [8.5, 1.42984, 19.05],
			"rotation": {"angle": -22.5, "axis": "x", "origin": [8, 1.4, 18.9]},
			"faces": {
				"north": {"uv": [10.516, 11.016, 10.984, 11.125], "texture": "#0"},
				"east": {"uv": [10.016, 14.016, 10.125, 14.125], "texture": "#0"},
				"south": {"uv": [11.016, 10.516, 11.484, 10.625], "texture": "#0"},
				"west": {"uv": [14.016, 10.016, 14.125, 10.125], "texture": "#0"},
				"up": {"uv": [11.484, 11.125, 11.016, 11.016], "texture": "#0"},
				"down": {"uv": [0.484, 11.516, 0.016, 11.625], "texture": "#0"}
			}
		},
		{
			"name": "hexadecagon",
			"from": [7.5, 1.37016, 18.75],
			"to": [8.5, 1.42984, 19.05],
			"rotation": {"angle": 0, "axis": "x", "origin": [8, 1.4, 18.9]},
			"faces": {
				"north": {"uv": [11.516, 0.016, 11.984, 0.125], "texture": "#0"},
				"east": {"uv": [10.516, 14.016, 10.625, 14.125], "texture": "#0"},
				"south": {"uv": [0.516, 11.516, 0.984, 11.625], "texture": "#0"},
				"west": {"uv": [14.016, 10.516, 14.125, 10.625], "texture": "#0"},
				"up": {"uv": [11.984, 0.625, 11.516, 0.516], "texture": "#0"},
				"down": {"uv": [1.484, 11.516, 1.016, 11.625], "texture": "#0"}
			}
		},
		{
			"name": "hexadecagon",
			"from": [7.5, 1.37016, 18.75],
			"to": [8.5, 1.42984, 19.05],
			"rotation": {"angle": 22.5, "axis": "x", "origin": [8, 1.4, 18.9]},
			"faces": {
				"north": {"uv": [11.516, 1.016, 11.984, 1.125], "texture": "#0"},
				"east": {"uv": [11.016, 14.016, 11.125, 14.125], "texture": "#0"},
				"south": {"uv": [1.516, 11.516, 1.984, 11.625], "texture": "#0"},
				"west": {"uv": [14.016, 11.016, 14.125, 11.125], "texture": "#0"},
				"up": {"uv": [11.984, 1.625, 11.516, 1.516], "texture": "#0"},
				"down": {"uv": [2.484, 11.516, 2.016, 11.625], "texture": "#0"}
			}
		},
		{
			"name": "hexadecagon",
			"from": [7.5, 1.37016, 18.75],
			"to": [8.5, 1.42984, 19.05],
			"rotation": {"angle": 45, "axis": "x", "origin": [8, 1.4, 18.9]},
			"faces": {
				"north": {"uv": [11.516, 2.016, 11.984, 2.125], "texture": "#0"},
				"east": {"uv": [11.516, 14.016, 11.625, 14.125], "texture": "#0"},
				"south": {"uv": [2.516, 11.516, 2.984, 11.625], "texture": "#0"},
				"west": {"uv": [14.016, 11.516, 14.125, 11.625], "texture": "#0"},
				"up": {"uv": [11.984, 2.625, 11.516, 2.516], "texture": "#0"},
				"down": {"uv": [3.484, 11.516, 3.016, 11.625], "texture": "#0"}
			}
		},
		{
			"name": "hexadecagon",
			"from": [7.5, 1.25, 18.87016],
			"to": [8.5, 1.55, 18.92984],
			"rotation": {"angle": -22.5, "axis": "x", "origin": [8, 1.4, 18.9]},
			"faces": {
				"north": {"uv": [11.516, 3.016, 11.984, 3.125], "texture": "#0"},
				"east": {"uv": [12.016, 14.016, 12.125, 14.125], "texture": "#0"},
				"south": {"uv": [3.516, 11.516, 3.984, 11.625], "texture": "#0"},
				"west": {"uv": [14.016, 12.016, 14.125, 12.125], "texture": "#0"},
				"up": {"uv": [11.984, 3.625, 11.516, 3.516], "texture": "#0"},
				"down": {"uv": [4.484, 11.516, 4.016, 11.625], "texture": "#0"}
			}
		},
		{
			"name": "hexadecagon",
			"from": [7.5, 1.25, 18.87016],
			"to": [8.5, 1.55, 18.92984],
			"rotation": {"angle": 0, "axis": "x", "origin": [8, 1.4, 18.9]},
			"faces": {
				"north": {"uv": [11.516, 4.016, 11.984, 4.125], "texture": "#0"},
				"east": {"uv": [12.516, 14.016, 12.625, 14.125], "texture": "#0"},
				"south": {"uv": [4.516, 11.516, 4.984, 11.625], "texture": "#0"},
				"west": {"uv": [14.016, 12.516, 14.125, 12.625], "texture": "#0"},
				"up": {"uv": [11.984, 4.625, 11.516, 4.516], "texture": "#0"},
				"down": {"uv": [5.484, 11.516, 5.016, 11.625], "texture": "#0"}
			}
		},
		{
			"name": "hexadecagon",
			"from": [7.5, 1.25, 18.87016],
			"to": [8.5, 1.55, 18.92984],
			"rotation": {"angle": 22.5, "axis": "x", "origin": [8, 1.4, 18.9]},
			"faces": {
				"north": {"uv": [11.516, 5.016, 11.984, 5.125], "texture": "#0"},
				"east": {"uv": [13.016, 14.016, 13.125, 14.125], "texture": "#0"},
				"south": {"uv": [5.516, 11.516, 5.984, 11.625], "texture": "#0"},
				"west": {"uv": [14.016, 13.016, 14.125, 13.125], "texture": "#0"},
				"up": {"uv": [11.984, 5.625, 11.516, 5.516], "texture": "#0"},
				"down": {"uv": [6.484, 11.516, 6.016, 11.625], "texture": "#0"}
			}
		},
		{
			"name": "hexadecagon",
			"from": [7.97016, 1.55, 18.9],
			"to": [8.02984, 1.6, 19],
			"rotation": {"angle": -45, "axis": "z", "origin": [8, 1.7, 18.9]},
			"faces": {
				"north": {"uv": [13.516, 14.016, 13.625, 14.125], "texture": "#0"},
				"east": {"uv": [14.016, 13.516, 14.125, 13.625], "texture": "#0"},
				"south": {"uv": [14.016, 14.016, 14.125, 14.125], "texture": "#0"},
				"west": {"uv": [0.016, 14.516, 0.125, 14.625], "texture": "#0"},
				"up": {"uv": [14.625, 0.125, 14.516, 0.016], "texture": "#0"},
				"down": {"uv": [0.625, 14.516, 0.516, 14.625], "texture": "#0"}
			}
		},
		{
			"name": "hexadecagon",
			"from": [7.97016, 1.55, 18.9],
			"to": [8.02984, 1.6, 19],
			"rotation": {"angle": -22.5, "axis": "z", "origin": [8, 1.7, 18.9]},
			"faces": {
				"north": {"uv": [14.516, 0.516, 14.625, 0.625], "texture": "#0"},
				"east": {"uv": [1.016, 14.516, 1.125, 14.625], "texture": "#0"},
				"south": {"uv": [14.516, 1.016, 14.625, 1.125], "texture": "#0"},
				"west": {"uv": [1.516, 14.516, 1.625, 14.625], "texture": "#0"},
				"up": {"uv": [14.625, 1.625, 14.516, 1.516], "texture": "#0"},
				"down": {"uv": [2.125, 14.516, 2.016, 14.625], "texture": "#0"}
			}
		},
		{
			"name": "hexadecagon",
			"from": [7.97016, 1.55, 18.9],
			"to": [8.02984, 1.6, 19],
			"rotation": {"angle": 0, "axis": "z", "origin": [8, 1.7, 18.9]},
			"faces": {
				"north": {"uv": [14.516, 2.016, 14.625, 2.125], "texture": "#0"},
				"east": {"uv": [2.516, 14.516, 2.625, 14.625], "texture": "#0"},
				"south": {"uv": [14.516, 2.516, 14.625, 2.625], "texture": "#0"},
				"west": {"uv": [3.016, 14.516, 3.125, 14.625], "texture": "#0"},
				"up": {"uv": [14.625, 3.125, 14.516, 3.016], "texture": "#0"},
				"down": {"uv": [3.625, 14.516, 3.516, 14.625], "texture": "#0"}
			}
		},
		{
			"name": "hexadecagon",
			"from": [7.97016, 1.55, 18.9],
			"to": [8.02984, 1.6, 19],
			"rotation": {"angle": 22.5, "axis": "z", "origin": [8, 1.7, 18.9]},
			"faces": {
				"north": {"uv": [14.516, 3.516, 14.625, 3.625], "texture": "#0"},
				"east": {"uv": [4.016, 14.516, 4.125, 14.625], "texture": "#0"},
				"south": {"uv": [14.516, 4.016, 14.625, 4.125], "texture": "#0"},
				"west": {"uv": [4.516, 14.516, 4.625, 14.625], "texture": "#0"},
				"up": {"uv": [14.625, 4.625, 14.516, 4.516], "texture": "#0"},
				"down": {"uv": [5.125, 14.516, 5.016, 14.625], "texture": "#0"}
			}
		},
		{
			"name": "hexadecagon",
			"from": [7.97016, 1.55, 18.9],
			"to": [8.02984, 1.6, 19],
			"rotation": {"angle": 45, "axis": "z", "origin": [8, 1.7, 18.9]},
			"faces": {
				"north": {"uv": [14.516, 5.016, 14.625, 5.125], "texture": "#0"},
				"east": {"uv": [5.516, 14.516, 5.625, 14.625], "texture": "#0"},
				"south": {"uv": [14.516, 5.516, 14.625, 5.625], "texture": "#0"},
				"west": {"uv": [6.016, 14.516, 6.125, 14.625], "texture": "#0"},
				"up": {"uv": [14.625, 6.125, 14.516, 6.016], "texture": "#0"},
				"down": {"uv": [6.625, 14.516, 6.516, 14.625], "texture": "#0"}
			}
		},
		{
			"name": "hexadecagon",
			"from": [7.97016, 1.8, 18.9],
			"to": [8.02984, 1.85, 19],
			"rotation": {"angle": -45, "axis": "z", "origin": [8, 1.7, 18.9]},
			"faces": {
				"north": {"uv": [14.516, 6.516, 14.625, 6.625], "texture": "#0"},
				"east": {"uv": [7.016, 14.516, 7.125, 14.625], "texture": "#0"},
				"south": {"uv": [14.516, 7.016, 14.625, 7.125], "texture": "#0"},
				"west": {"uv": [7.516, 14.516, 7.625, 14.625], "texture": "#0"},
				"up": {"uv": [14.625, 7.625, 14.516, 7.516], "texture": "#0"},
				"down": {"uv": [8.125, 14.516, 8.016, 14.625], "texture": "#0"}
			}
		},
		{
			"name": "hexadecagon",
			"from": [7.97016, 1.8, 18.9],
			"to": [8.02984, 1.85, 19],
			"rotation": {"angle": -22.5, "axis": "z", "origin": [8, 1.7, 18.9]},
			"faces": {
				"north": {"uv": [14.516, 8.016, 14.625, 8.125], "texture": "#0"},
				"east": {"uv": [8.516, 14.516, 8.625, 14.625], "texture": "#0"},
				"south": {"uv": [14.516, 8.516, 14.625, 8.625], "texture": "#0"},
				"west": {"uv": [9.016, 14.516, 9.125, 14.625], "texture": "#0"},
				"up": {"uv": [14.625, 9.125, 14.516, 9.016], "texture": "#0"},
				"down": {"uv": [9.625, 14.516, 9.516, 14.625], "texture": "#0"}
			}
		},
		{
			"name": "hexadecagon",
			"from": [7.97016, 1.8, 18.9],
			"to": [8.02984, 1.85, 19],
			"rotation": {"angle": 0, "axis": "z", "origin": [8, 1.7, 18.9]},
			"faces": {
				"north": {"uv": [14.516, 9.516, 14.625, 9.625], "texture": "#0"},
				"east": {"uv": [10.016, 14.516, 10.125, 14.625], "texture": "#0"},
				"south": {"uv": [14.516, 10.016, 14.625, 10.125], "texture": "#0"},
				"west": {"uv": [10.516, 14.516, 10.625, 14.625], "texture": "#0"},
				"up": {"uv": [14.625, 10.625, 14.516, 10.516], "texture": "#0"},
				"down": {"uv": [11.125, 14.516, 11.016, 14.625], "texture": "#0"}
			}
		},
		{
			"name": "hexadecagon",
			"from": [7.97016, 1.8, 18.9],
			"to": [8.02984, 1.85, 19],
			"rotation": {"angle": 22.5, "axis": "z", "origin": [8, 1.7, 18.9]},
			"faces": {
				"north": {"uv": [14.516, 11.016, 14.625, 11.125], "texture": "#0"},
				"east": {"uv": [11.516, 14.516, 11.625, 14.625], "texture": "#0"},
				"south": {"uv": [14.516, 11.516, 14.625, 11.625], "texture": "#0"},
				"west": {"uv": [12.016, 14.516, 12.125, 14.625], "texture": "#0"},
				"up": {"uv": [14.625, 12.125, 14.516, 12.016], "texture": "#0"},
				"down": {"uv": [12.625, 14.516, 12.516, 14.625], "texture": "#0"}
			}
		},
		{
			"name": "hexadecagon",
			"from": [7.97016, 1.8, 18.9],
			"to": [8.02984, 1.85, 19],
			"rotation": {"angle": 45, "axis": "z", "origin": [8, 1.7, 18.9]},
			"faces": {
				"north": {"uv": [14.516, 12.516, 14.625, 12.625], "texture": "#0"},
				"east": {"uv": [13.016, 14.516, 13.125, 14.625], "texture": "#0"},
				"south": {"uv": [14.516, 13.016, 14.625, 13.125], "texture": "#0"},
				"west": {"uv": [13.516, 14.516, 13.625, 14.625], "texture": "#0"},
				"up": {"uv": [14.625, 13.625, 14.516, 13.516], "texture": "#0"},
				"down": {"uv": [14.125, 14.516, 14.016, 14.625], "texture": "#0"}
			}
		},
		{
			"name": "hexadecagon",
			"from": [7.85, 1.67016, 18.9],
			"to": [7.9, 1.72984, 19],
			"rotation": {"angle": -22.5, "axis": "z", "origin": [8, 1.7, 18.9]},
			"faces": {
				"north": {"uv": [14.516, 14.016, 14.625, 14.125], "texture": "#0"},
				"east": {"uv": [14.516, 14.516, 14.625, 14.625], "texture": "#0"},
				"south": {"uv": [0.016, 15.016, 0.125, 15.125], "texture": "#0"},
				"west": {"uv": [15.016, 0.016, 15.125, 0.125], "texture": "#0"},
				"up": {"uv": [0.625, 15.125, 0.516, 15.016], "texture": "#0"},
				"down": {"uv": [15.125, 0.516, 15.016, 0.625], "texture": "#0"}
			}
		},
		{
			"name": "hexadecagon",
			"from": [7.85, 1.67016, 18.9],
			"to": [7.9, 1.72984, 19],
			"rotation": {"angle": 0, "axis": "z", "origin": [8, 1.7, 18.9]},
			"faces": {
				"north": {"uv": [1.016, 15.016, 1.125, 15.125], "texture": "#0"},
				"east": {"uv": [15.016, 1.016, 15.125, 1.125], "texture": "#0"},
				"south": {"uv": [1.516, 15.016, 1.625, 15.125], "texture": "#0"},
				"west": {"uv": [15.016, 1.516, 15.125, 1.625], "texture": "#0"},
				"up": {"uv": [2.125, 15.125, 2.016, 15.016], "texture": "#0"},
				"down": {"uv": [15.125, 2.016, 15.016, 2.125], "texture": "#0"}
			}
		},
		{
			"name": "hexadecagon",
			"from": [7.85, 1.67016, 18.9],
			"to": [7.9, 1.72984, 19],
			"rotation": {"angle": 22.5, "axis": "z", "origin": [8, 1.7, 18.9]},
			"faces": {
				"north": {"uv": [2.516, 15.016, 2.625, 15.125], "texture": "#0"},
				"east": {"uv": [15.016, 2.516, 15.125, 2.625], "texture": "#0"},
				"south": {"uv": [3.016, 15.016, 3.125, 15.125], "texture": "#0"},
				"west": {"uv": [15.016, 3.016, 15.125, 3.125], "texture": "#0"},
				"up": {"uv": [3.625, 15.125, 3.516, 15.016], "texture": "#0"},
				"down": {"uv": [15.125, 3.516, 15.016, 3.625], "texture": "#0"}
			}
		},
		{
			"name": "hexadecagon",
			"from": [8.1, 1.67016, 18.9],
			"to": [8.15, 1.72984, 19],
			"rotation": {"angle": -22.5, "axis": "z", "origin": [8, 1.7, 18.9]},
			"faces": {
				"north": {"uv": [4.016, 15.016, 4.125, 15.125], "texture": "#0"},
				"east": {"uv": [15.016, 4.016, 15.125, 4.125], "texture": "#0"},
				"south": {"uv": [4.516, 15.016, 4.625, 15.125], "texture": "#0"},
				"west": {"uv": [15.016, 4.516, 15.125, 4.625], "texture": "#0"},
				"up": {"uv": [5.125, 15.125, 5.016, 15.016], "texture": "#0"},
				"down": {"uv": [15.125, 5.016, 15.016, 5.125], "texture": "#0"}
			}
		},
		{
			"name": "hexadecagon",
			"from": [8.1, 1.67016, 18.9],
			"to": [8.15, 1.72984, 19],
			"rotation": {"angle": 0, "axis": "z", "origin": [8, 1.7, 18.9]},
			"faces": {
				"north": {"uv": [5.516, 15.016, 5.625, 15.125], "texture": "#0"},
				"east": {"uv": [15.016, 5.516, 15.125, 5.625], "texture": "#0"},
				"south": {"uv": [6.016, 15.016, 6.125, 15.125], "texture": "#0"},
				"west": {"uv": [15.016, 6.016, 15.125, 6.125], "texture": "#0"},
				"up": {"uv": [6.625, 15.125, 6.516, 15.016], "texture": "#0"},
				"down": {"uv": [15.125, 6.516, 15.016, 6.625], "texture": "#0"}
			}
		},
		{
			"name": "hexadecagon",
			"from": [8.1, 1.67016, 18.9],
			"to": [8.15, 1.72984, 19],
			"rotation": {"angle": 22.5, "axis": "z", "origin": [8, 1.7, 18.9]},
			"faces": {
				"north": {"uv": [7.016, 15.016, 7.125, 15.125], "texture": "#0"},
				"east": {"uv": [15.016, 7.016, 15.125, 7.125], "texture": "#0"},
				"south": {"uv": [7.516, 15.016, 7.625, 15.125], "texture": "#0"},
				"west": {"uv": [15.016, 7.516, 15.125, 7.625], "texture": "#0"},
				"up": {"uv": [8.125, 15.125, 8.016, 15.016], "texture": "#0"},
				"down": {"uv": [15.125, 8.016, 15.016, 8.125], "texture": "#0"}
			}
		},
		{
			"name": "hexadecagon",
			"from": [8.07016, 1.05, 16],
			"to": [8.12984, 1.35, 16.4],
			"rotation": {"angle": -45, "axis": "z", "origin": [8.1, 1.2, 15.9]},
			"faces": {
				"north": {"uv": [8.516, 15.016, 8.625, 15.125], "texture": "#0"},
				"east": {"uv": [10.016, 13.016, 10.25, 13.125], "texture": "#0"},
				"south": {"uv": [15.016, 8.516, 15.125, 8.625], "texture": "#0"},
				"west": {"uv": [13.016, 10.016, 13.25, 10.125], "texture": "#0"},
				"up": {"uv": [10.625, 13.25, 10.516, 13.016], "texture": "#0"},
				"down": {"uv": [13.125, 10.516, 13.016, 10.75], "texture": "#0"}
			}
		},
		{
			"name": "hexadecagon",
			"from": [8.07016, 1.05, 16],
			"to": [8.12984, 1.35, 16.4],
			"rotation": {"angle": -22.5, "axis": "z", "origin": [8.1, 1.2, 15.9]},
			"faces": {
				"north": {"uv": [9.016, 15.016, 9.125, 15.125], "texture": "#0"},
				"east": {"uv": [11.016, 13.016, 11.25, 13.125], "texture": "#0"},
				"south": {"uv": [15.016, 9.016, 15.125, 9.125], "texture": "#0"},
				"west": {"uv": [13.016, 11.016, 13.25, 11.125], "texture": "#0"},
				"up": {"uv": [11.625, 13.25, 11.516, 13.016], "texture": "#0"},
				"down": {"uv": [13.125, 11.516, 13.016, 11.75], "texture": "#0"}
			}
		},
		{
			"name": "hexadecagon",
			"from": [8.07016, 1.05, 16],
			"to": [8.12984, 1.35, 16.4],
			"rotation": {"angle": 0, "axis": "z", "origin": [8.1, 1.2, 15.9]},
			"faces": {
				"north": {"uv": [9.516, 15.016, 9.625, 15.125], "texture": "#0"},
				"east": {"uv": [12.016, 13.016, 12.25, 13.125], "texture": "#0"},
				"south": {"uv": [15.016, 9.516, 15.125, 9.625], "texture": "#0"},
				"west": {"uv": [13.016, 12.016, 13.25, 12.125], "texture": "#0"},
				"up": {"uv": [12.625, 13.25, 12.516, 13.016], "texture": "#0"},
				"down": {"uv": [13.125, 12.516, 13.016, 12.75], "texture": "#0"}
			}
		},
		{
			"name": "hexadecagon",
			"from": [8.07016, 1.05, 16],
			"to": [8.12984, 1.35, 16.4],
			"rotation": {"angle": 22.5, "axis": "z", "origin": [8.1, 1.2, 15.9]},
			"faces": {
				"north": {"uv": [10.016, 15.016, 10.125, 15.125], "texture": "#0"},
				"east": {"uv": [13.016, 13.016, 13.25, 13.125], "texture": "#0"},
				"south": {"uv": [15.016, 10.016, 15.125, 10.125], "texture": "#0"},
				"west": {"uv": [0.016, 13.516, 0.25, 13.625], "texture": "#0"},
				"up": {"uv": [13.625, 0.25, 13.516, 0.016], "texture": "#0"},
				"down": {"uv": [0.625, 13.516, 0.516, 13.75], "texture": "#0"}
			}
		},
		{
			"name": "hexadecagon",
			"from": [8.07016, 1.05, 16],
			"to": [8.12984, 1.35, 16.4],
			"rotation": {"angle": 45, "axis": "z", "origin": [8.1, 1.2, 15.9]},
			"faces": {
				"north": {"uv": [10.516, 15.016, 10.625, 15.125], "texture": "#0"},
				"east": {"uv": [13.516, 0.516, 13.75, 0.625], "texture": "#0"},
				"south": {"uv": [15.016, 10.516, 15.125, 10.625], "texture": "#0"},
				"west": {"uv": [1.016, 13.516, 1.25, 13.625], "texture": "#0"},
				"up": {"uv": [13.625, 1.25, 13.516, 1.016], "texture": "#0"},
				"down": {"uv": [1.625, 13.516, 1.516, 13.75], "texture": "#0"}
			}
		},
		{
			"name": "hexadecagon",
			"from": [7.95, 1.17016, 16],
			"to": [8.25, 1.22984, 16.4],
			"rotation": {"angle": -22.5, "axis": "z", "origin": [8.1, 1.2, 15.9]},
			"faces": {
				"north": {"uv": [11.016, 15.016, 11.125, 15.125], "texture": "#0"},
				"east": {"uv": [13.516, 1.516, 13.75, 1.625], "texture": "#0"},
				"south": {"uv": [15.016, 11.016, 15.125, 11.125], "texture": "#0"},
				"west": {"uv": [2.016, 13.516, 2.25, 13.625], "texture": "#0"},
				"up": {"uv": [13.625, 2.25, 13.516, 2.016], "texture": "#0"},
				"down": {"uv": [2.625, 13.516, 2.516, 13.75], "texture": "#0"}
			}
		},
		{
			"name": "hexadecagon",
			"from": [7.95, 1.17016, 16],
			"to": [8.25, 1.22984, 16.4],
			"rotation": {"angle": 0, "axis": "z", "origin": [8.1, 1.2, 15.9]},
			"faces": {
				"north": {"uv": [11.516, 15.016, 11.625, 15.125], "texture": "#0"},
				"east": {"uv": [13.516, 2.516, 13.75, 2.625], "texture": "#0"},
				"south": {"uv": [15.016, 11.516, 15.125, 11.625], "texture": "#0"},
				"west": {"uv": [3.016, 13.516, 3.25, 13.625], "texture": "#0"},
				"up": {"uv": [13.625, 3.25, 13.516, 3.016], "texture": "#0"},
				"down": {"uv": [3.625, 13.516, 3.516, 13.75], "texture": "#0"}
			}
		},
		{
			"name": "hexadecagon",
			"from": [7.95, 1.17016, 16],
			"to": [8.25, 1.22984, 16.4],
			"rotation": {"angle": 22.5, "axis": "z", "origin": [8.1, 1.2, 15.9]},
			"faces": {
				"north": {"uv": [12.016, 15.016, 12.125, 15.125], "texture": "#0"},
				"east": {"uv": [13.516, 3.516, 13.75, 3.625], "texture": "#0"},
				"south": {"uv": [15.016, 12.016, 15.125, 12.125], "texture": "#0"},
				"west": {"uv": [4.016, 13.516, 4.25, 13.625], "texture": "#0"},
				"up": {"uv": [13.625, 4.25, 13.516, 4.016], "texture": "#0"},
				"down": {"uv": [4.625, 13.516, 4.516, 13.75], "texture": "#0"}
			}
		}
	],
	"display": {
		"thirdperson_righthand": {
			"translation": [0, 8.5, -10]
		},
		"thirdperson_lefthand": {
			"translation": [0, 8.75, -8.75]
		},
		"firstperson_righthand": {
			"rotation": [-5, -13, 0],
			"translation": [32.5, 17.75, -66.25],
			"scale": [4, 4, 4]
		},
		"firstperson_lefthand": {
			"rotation": [-0.5, 0, 0],
			"translation": [-9, 14.1, -1.5]
		},
		"ground": {
			"rotation": [0, 0, 90],
			"translation": [-6.75, -2.75, -10]
		},
		"gui": {
			"rotation": [67, 43, -47],
			"translation": [-0.5, 7.75, 0],
			"scale": [0.7, 0.7, 0.7]
		},
		"fixed": {
			"rotation": [0, 90, 0],
			"translation": [-7.5, 8, 0]
		}
	},
	"groups": [
		0,
		1,
		2,
		3,
		4,
		5,
		6,
		7,
		8,
		9,
		10,
		11,
		12,
		13,
		14,
		15,
		16,
		17,
		18,
		19,
		20,
		21,
		22,
		23,
		24,
		25,
		26,
		27,
		28,
		29,
		30,
		31,
		32,
		33,
		34,
		35,
		36,
		37,
		38,
		39,
		40,
		41,
		42,
		43,
		44,
		45,
		46,
		47,
		48,
		49,
		50,
		51,
		52,
		53,
		54,
		55,
		56,
		57,
		58,
		{
			"name": "hexadecagon",
			"origin": [8, 8, 8],
			"color": 0,
			"children": [59, 60, 61, 62, 63, 64]
		},
		{
			"name": "hexadecagon",
			"origin": [8, 8, 8],
			"color": 0,
			"children": [65, 66, 67, 68, 69, 70, 71, 72]
		},
		{
			"name": "hexadecagon",
			"origin": [8, 8, 8],
			"color": 0,
			"children": [73, 74, 75, 76, 77, 78, 79, 80]
		},
		{
			"name": "hexadecagon",
			"origin": [8, 8, 8],
			"color": 0,
			"children": [81, 82, 83, 84, 85, 86, 87, 88, 89, 90, 91, 92, 93, 94, 95, 96]
		},
		{
			"name": "hexadecagon",
			"origin": [8, 8, 8],
			"color": 0,
			"children": [97, 98, 99, 100, 101, 102, 103, 104]
		}
	]
}