{
	"credit": "Made with Blockbench",
	"texture_size": [64, 64],
	"textures": {
		"0": "item/kolt",
		"particle": "item/kolt"
	},
	"elements": [
		{
			"from": [6.98, 0, -0.84],
			"to": [9.02, 1.19, 9.7],
			"rotation": {"angle": 0, "axis": "y", "origin": [-5.6, 0, -5.6]},
			"faces": {
				"north": {"uv": [4.5, 2.25, 4.8125, 2.4375], "texture": "#0"},
				"east": {"uv": [2.5, 1, 4.0625, 1.1875], "texture": "#0"},
				"south": {"uv": [4.5, 2.5, 4.8125, 2.6875], "texture": "#0"},
				"west": {"uv": [2.5, 1.25, 4.0625, 1.4375], "texture": "#0"},
				"up": {"uv": [0.3125, 2.5625, 0, 1], "texture": "#0"},
				"down": {"uv": [1.3125, 0, 1, 1.5625], "texture": "#0"}
			}
		},
		{
			"from": [7.15, 0.17, -5.09],
			"to": [8.85, 1.19, -0.84],
			"rotation": {"angle": 0, "axis": "y", "origin": [-5.6, 0, -5.6]},
			"faces": {
				"north": {"uv": [5.5, 2.25, 5.75, 2.375], "texture": "#0"},
				"east": {"uv": [1.5, 4.25, 2.125, 4.375], "texture": "#0"},
				"south": {"uv": [5.5, 2.5, 5.75, 2.625], "texture": "#0"},
				"west": {"uv": [4.25, 2, 4.875, 2.125], "texture": "#0"},
				"up": {"uv": [3.25, 2.875, 3, 2.25], "texture": "#0"},
				"down": {"uv": [3.25, 3, 3, 3.625], "texture": "#0"}
			}
		},
		{
			"from": [7.32, 0.34, -8.32],
			"to": [8.68, 1.19, -5.09],
			"rotation": {"angle": 0, "axis": "y", "origin": [-5.6, 0, -5.6]},
			"faces": {
				"north": {"uv": [5.5, 5, 5.6875, 5.125], "texture": "#0"},
				"east": {"uv": [4.5, 1.5, 5, 1.625], "texture": "#0"},
				"south": {"uv": [5.5, 5.25, 5.6875, 5.375], "texture": "#0"},
				"west": {"uv": [4.5, 1.75, 5, 1.875], "texture": "#0"},
				"up": {"uv": [4.1875, 0.5, 4, 0], "texture": "#0"},
				"down": {"uv": [1.1875, 4, 1, 4.5], "texture": "#0"}
			}
		},
		{
			"from": [6.81, 1.19, -5.94],
			"to": [9.19, 2.55, 0.35],
			"rotation": {"angle": 0, "axis": "y", "origin": [-5.6, -0.68, -5.6]},
			"faces": {
				"north": {"uv": [4.25, 3, 4.625, 3.1875], "texture": "#0"},
				"east": {"uv": [3, 0, 3.9375, 0.1875], "texture": "#0"},
				"south": {"uv": [4.25, 3.25, 4.625, 3.4375], "texture": "#0"},
				"west": {"uv": [3, 0.25, 3.9375, 0.4375], "texture": "#0"},
				"up": {"uv": [2.375, 0.9375, 2, 0], "texture": "#0"},
				"down": {"uv": [2.375, 1, 2, 1.9375], "texture": "#0"}
			}
		},
		{
			"from": [6.81, 1.19, 3.41],
			"to": [9.19, 2.55, 8.85],
			"rotation": {"angle": 0, "axis": "y", "origin": [-5.6, -0.68, -5.6]},
			"faces": {
				"north": {"uv": [3.5, 4.25, 3.875, 4.4375], "texture": "#0"},
				"east": {"uv": [3.5, 1.5, 4.3125, 1.6875], "texture": "#0"},
				"south": {"uv": [4.25, 3.5, 4.625, 3.6875], "texture": "#0"},
				"west": {"uv": [3.5, 1.75, 4.3125, 1.9375], "texture": "#0"},
				"up": {"uv": [1.875, 3.0625, 1.5, 2.25], "texture": "#0"},
				"down": {"uv": [2.875, 0, 2.5, 0.8125], "texture": "#0"}
			}
		},
		{
			"from": [6.81, 1.19, 0.69],
			"to": [9.19, 2.04, 3.41],
			"rotation": {"angle": 0, "axis": "y", "origin": [-5.6, -0.68, -5.6]},
			"faces": {
				"north": {"uv": [5, 5, 5.375, 5.125], "texture": "#0"},
				"east": {"uv": [2.75, 5.25, 3.125, 5.375], "texture": "#0"},
				"south": {"uv": [3.25, 5.25, 3.625, 5.375], "texture": "#0"},
				"west": {"uv": [3.75, 5.25, 4.125, 5.375], "texture": "#0"},
				"up": {"uv": [0.875, 4.125, 0.5, 3.75], "texture": "#0"},
				"down": {"uv": [1.875, 3.75, 1.5, 4.125], "texture": "#0"}
			}
		},
		{
			"from": [6.81, 1.53, 0.69],
			"to": [6.98, 2.55, 3.41],
			"rotation": {"angle": 0, "axis": "y", "origin": [-5.6, -0.68, -5.6]},
			"faces": {
				"north": {"uv": [7.25, 4.5, 7.3125, 4.625], "texture": "#0"},
				"east": {"uv": [5.25, 3.75, 5.625, 3.875], "texture": "#0"},
				"south": {"uv": [4.75, 7.25, 4.8125, 7.375], "texture": "#0"},
				"west": {"uv": [5.25, 4, 5.625, 4.125], "texture": "#0"},
				"up": {"uv": [6.0625, 0.875, 6, 0.5], "texture": "#0"},
				"down": {"uv": [0.8125, 6, 0.75, 6.375], "texture": "#0"}
			}
		},
		{
			"from": [6.98, 1.53, 0.69],
			"to": [9.02, 2.72, 3.41],
			"rotation": {"angle": 0, "axis": "y", "origin": [-5.6, -0.68, -5.6]},
			"faces": {
				"north": {"uv": [5.5, 4.5, 5.75, 4.625], "texture": "#0"},
				"east": {"uv": [4.25, 5.25, 4.625, 5.375], "texture": "#0"},
				"south": {"uv": [5.5, 4.75, 5.75, 4.875], "texture": "#0"},
				"west": {"uv": [5.25, 4.25, 5.625, 4.375], "texture": "#0"},
				"up": {"uv": [4.25, 4.375, 4, 4], "texture": "#0"},
				"down": {"uv": [4.5, 0, 4.25, 0.375], "texture": "#0"}
			}
		},
		{
			"from": [6.81, 1.53, 0.35],
			"to": [9.19, 2.55, 0.69],
			"rotation": {"angle": 0, "axis": "y", "origin": [-5.6, -0.68, -5.6]},
			"faces": {
				"north": {"uv": [3.75, 4.75, 4.125, 4.875], "texture": "#0"},
				"east": {"uv": [6.25, 7, 6.3125, 7.125], "texture": "#0"},
				"south": {"uv": [4.75, 3.75, 5.125, 3.875], "texture": "#0"},
				"west": {"uv": [7, 6.25, 7.0625, 6.375], "texture": "#0"},
				"up": {"uv": [5.875, 5.5625, 5.5, 5.5], "texture": "#0"},
				"down": {"uv": [0.875, 5.75, 0.5, 5.8125], "texture": "#0"}
			}
		},
		{
			"from": [6.98, 1.19, 0.35],
			"to": [9.02, 1.53, 0.69],
			"rotation": {"angle": 0, "axis": "y", "origin": [-5.6, -0.68, -5.6]},
			"faces": {
				"north": {"uv": [2, 6, 2.3125, 6.0625], "texture": "#0"},
				"east": {"uv": [3.5, 7.5, 3.5625, 7.5625], "texture": "#0"},
				"south": {"uv": [6, 2, 6.3125, 2.0625], "texture": "#0"},
				"west": {"uv": [7.5, 3.5, 7.5625, 3.5625], "texture": "#0"},
				"up": {"uv": [6.3125, 2.3125, 6, 2.25], "texture": "#0"},
				"down": {"uv": [6.3125, 2.5, 6, 2.5625], "texture": "#0"}
			}
		},
		{
			"from": [7.15, 1.19, -8.32],
			"to": [8.85, 1.87, -5.94],
			"rotation": {"angle": 0, "axis": "y", "origin": [-5.6, -0.68, -5.6]},
			"faces": {
				"north": {"uv": [3, 5.5, 3.25, 5.625], "texture": "#0"},
				"east": {"uv": [4.75, 4, 5.125, 4.125], "texture": "#0"},
				"south": {"uv": [3.25, 5.5, 3.5, 5.625], "texture": "#0"},
				"west": {"uv": [4.25, 4.75, 4.625, 4.875], "texture": "#0"},
				"up": {"uv": [1.5, 4.375, 1.25, 4], "texture": "#0"},
				"down": {"uv": [2.75, 4, 2.5, 4.375], "texture": "#0"}
			}
		},
		{
			"from": [8.73049, -4.045, -8.32],
			"to": [9.07049, -2.685, -5.94],
			"rotation": {"angle": 22.5, "axis": "z", "origin": [-3.67951, -5.235, -5.6]},
			"faces": {
				"north": {"uv": [4.5, 7, 4.5625, 7.1875], "texture": "#0"},
				"east": {"uv": [4.25, 3.75, 4.625, 3.9375], "texture": "#0"},
				"south": {"uv": [7, 4.5, 7.0625, 4.6875], "texture": "#0"},
				"west": {"uv": [4.25, 4, 4.625, 4.1875], "texture": "#0"},
				"up": {"uv": [1.0625, 6.125, 1, 5.75], "texture": "#0"},
				"down": {"uv": [5.8125, 1, 5.75, 1.375], "texture": "#0"}
			}
		},
		{
			"from": [12.24793, -7.68832, -5.94],
			"to": [12.58793, -6.83832, -5.09],
			"rotation": {"angle": 45, "axis": "z", "origin": [-0.16207, -9.38832, -3.22]},
			"faces": {
				"north": {"uv": [6.5, 7, 6.5625, 7.125], "texture": "#0"},
				"east": {"uv": [3.75, 6, 3.875, 6.125], "texture": "#0"},
				"south": {"uv": [7, 6.5, 7.0625, 6.625], "texture": "#0"},
				"west": {"uv": [0.5, 6.25, 0.625, 6.375], "texture": "#0"},
				"up": {"uv": [6.8125, 7.125, 6.75, 7], "texture": "#0"},
				"down": {"uv": [7.0625, 6.75, 7, 6.875], "texture": "#0"}
			}
		},
		{
			"from": [3.41207, -7.00832, -5.94],
			"to": [3.75207, -6.15832, -5.09],
			"rotation": {"angle": -45, "axis": "z", "origin": [16.16207, -8.70832, -3.22]},
			"faces": {
				"north": {"uv": [7, 7, 7.0625, 7.125], "texture": "#0"},
				"east": {"uv": [1.25, 6.5, 1.375, 6.625], "texture": "#0"},
				"south": {"uv": [0, 7.25, 0.0625, 7.375], "texture": "#0"},
				"west": {"uv": [1.75, 6.5, 1.875, 6.625], "texture": "#0"},
				"up": {"uv": [7.3125, 0.125, 7.25, 0], "texture": "#0"},
				"down": {"uv": [0.3125, 7.25, 0.25, 7.375], "texture": "#0"}
			}
		},
		{
			"from": [6.92951, -4.045, -8.32],
			"to": [7.26951, -2.685, -5.94],
			"rotation": {"angle": -22.5, "axis": "z", "origin": [19.67951, -5.235, -5.6]},
			"faces": {
				"north": {"uv": [4.75, 7, 4.8125, 7.1875], "texture": "#0"},
				"east": {"uv": [4.25, 4.25, 4.625, 4.4375], "texture": "#0"},
				"south": {"uv": [7, 4.75, 7.0625, 4.9375], "texture": "#0"},
				"west": {"uv": [4.5, 0, 4.875, 0.1875], "texture": "#0"},
				"up": {"uv": [1.3125, 6.125, 1.25, 5.75], "texture": "#0"},
				"down": {"uv": [1.5625, 5.75, 1.5, 6.125], "texture": "#0"}
			}
		},
		{
			"from": [6.81, 1.87, -8.32],
			"to": [9.19, 2.55, -5.94],
			"rotation": {"angle": 0, "axis": "y", "origin": [-5.6, -0.68, -5.6]},
			"faces": {
				"north": {"uv": [4.75, 4.25, 5.125, 4.375], "texture": "#0"},
				"east": {"uv": [4.75, 4.5, 5.125, 4.625], "texture": "#0"},
				"south": {"uv": [4.75, 4.75, 5.125, 4.875], "texture": "#0"},
				"west": {"uv": [5, 0, 5.375, 0.125], "texture": "#0"},
				"up": {"uv": [1.375, 3.875, 1, 3.5], "texture": "#0"},
				"down": {"uv": [2.875, 3.5, 2.5, 3.875], "texture": "#0"}
			}
		},
		{
			"from": [7.15, 2.55, -8.32],
			"to": [8.85, 2.89, -5.94],
			"rotation": {"angle": 0, "axis": "y", "origin": [-5.6, -0.68, -5.6]},
			"faces": {
				"north": {"uv": [4.25, 7, 4.5, 7.0625], "texture": "#0"},
				"east": {"uv": [0.25, 6, 0.625, 6.0625], "texture": "#0"},
				"south": {"uv": [7, 4.25, 7.25, 4.3125], "texture": "#0"},
				"west": {"uv": [6, 0.25, 6.375, 0.3125], "texture": "#0"},
				"up": {"uv": [3, 4.375, 2.75, 4], "texture": "#0"},
				"down": {"uv": [4.25, 3.5, 4, 3.875], "texture": "#0"}
			}
		},
		{
			"from": [7.15, 2.55, -5.94],
			"to": [8.85, 2.89, 0.35],
			"rotation": {"angle": 0, "axis": "y", "origin": [-5.6, -0.68, -5.6]},
			"faces": {
				"north": {"uv": [4, 7, 4.25, 7.0625], "texture": "#0"},
				"east": {"uv": [3.75, 4.5, 4.6875, 4.5625], "texture": "#0"},
				"south": {"uv": [7, 4, 7.25, 4.0625], "texture": "#0"},
				"west": {"uv": [2.75, 4.75, 3.6875, 4.8125], "texture": "#0"},
				"up": {"uv": [2.75, 2.4375, 2.5, 1.5], "texture": "#0"},
				"down": {"uv": [2.75, 2.5, 2.5, 3.4375], "texture": "#0"}
			}
		},
		{
			"from": [12.96917, -5.51956, -8.32],
			"to": [13.47917, -5.17956, 8.85],
			"rotation": {"angle": 45, "axis": "z", "origin": [0.55917, -8.74956, -7.98]},
			"faces": {
				"north": {"uv": [7.25, 8, 7.3125, 8.0625], "texture": "#0"},
				"east": {"uv": [3.5, 0.5, 6, 0.5625], "texture": "#0"},
				"south": {"uv": [8, 7.25, 8.0625, 7.3125], "texture": "#0"},
				"west": {"uv": [3.5, 0.75, 6, 0.8125], "texture": "#0"},
				"up": {"uv": [0.0625, 6, 0, 3.5], "texture": "#0"},
				"down": {"uv": [0.3125, 3.5, 0.25, 6], "texture": "#0"}
			}
		},
		{
			"from": [2.52083, -5.51956, 3.41],
			"to": [3.03083, -5.17956, 8.85],
			"rotation": {"angle": -45, "axis": "z", "origin": [15.44083, -8.74956, -7.98]},
			"faces": {
				"north": {"uv": [7.5, 8, 7.5625, 8.0625], "texture": "#0"},
				"east": {"uv": [4.75, 3.25, 5.5625, 3.3125], "texture": "#0"},
				"south": {"uv": [8, 7.5, 8.0625, 7.5625], "texture": "#0"},
				"west": {"uv": [4.75, 3.5, 5.5625, 3.5625], "texture": "#0"},
				"up": {"uv": [1.0625, 5.5625, 1, 4.75], "texture": "#0"},
				"down": {"uv": [1.3125, 4.75, 1.25, 5.5625], "texture": "#0"}
			}
		},
		{
			"from": [2.52083, -5.51956, -8.15],
			"to": [3.03083, -5.17956, 0.69],
			"rotation": {"angle": -45, "axis": "z", "origin": [15.44083, -8.74956, -7.98]},
			"faces": {
				"north": {"uv": [7.75, 8, 7.8125, 8.0625], "texture": "#0"},
				"east": {"uv": [4.25, 1, 5.5625, 1.0625], "texture": "#0"},
				"south": {"uv": [8, 7.75, 8.0625, 7.8125], "texture": "#0"},
				"west": {"uv": [4.25, 1.25, 5.5625, 1.3125], "texture": "#0"},
				"up": {"uv": [0.5625, 5.5625, 0.5, 4.25], "texture": "#0"},
				"down": {"uv": [0.8125, 4.25, 0.75, 5.5625], "texture": "#0"}
			}
		},
		{
			"from": [7.15, 2.55, 0.35],
			"to": [8.85, 2.89, 0.69],
			"rotation": {"angle": 0, "axis": "y", "origin": [-5.6, -0.68, -5.6]},
			"faces": {
				"north": {"uv": [3.5, 7, 3.75, 7.0625], "texture": "#0"},
				"east": {"uv": [7, 8, 7.0625, 8.0625], "texture": "#0"},
				"south": {"uv": [7, 3.5, 7.25, 3.5625], "texture": "#0"},
				"west": {"uv": [8, 7, 8.0625, 7.0625], "texture": "#0"},
				"up": {"uv": [4, 7.0625, 3.75, 7], "texture": "#0"},
				"down": {"uv": [7.25, 3.75, 7, 3.8125], "texture": "#0"}
			}
		},
		{
			"from": [7.15, 2.55, 3.41],
			"to": [8.85, 2.89, 8.85],
			"rotation": {"angle": 0, "axis": "y", "origin": [-5.6, -0.68, -5.6]},
			"faces": {
				"north": {"uv": [3.25, 7, 3.5, 7.0625], "texture": "#0"},
				"east": {"uv": [4.75, 2.75, 5.5625, 2.8125], "texture": "#0"},
				"south": {"uv": [7, 3.25, 7.25, 3.3125], "texture": "#0"},
				"west": {"uv": [4.75, 3, 5.5625, 3.0625], "texture": "#0"},
				"up": {"uv": [3, 2.3125, 2.75, 1.5], "texture": "#0"},
				"down": {"uv": [3, 2.5, 2.75, 3.3125], "texture": "#0"}
			}
		},
		{
			"from": [7.15, 2.55, 0.69],
			"to": [7.66, 2.89, 3.41],
			"rotation": {"angle": 0, "axis": "y", "origin": [-5.6, -0.68, -5.6]},
			"faces": {
				"north": {"uv": [8, 8, 8.0625, 8.0625], "texture": "#0"},
				"east": {"uv": [6, 1, 6.375, 1.0625], "texture": "#0"},
				"south": {"uv": [0, 8.25, 0.0625, 8.3125], "texture": "#0"},
				"west": {"uv": [6, 1.25, 6.375, 1.3125], "texture": "#0"},
				"up": {"uv": [6.0625, 1.875, 6, 1.5], "texture": "#0"},
				"down": {"uv": [1.8125, 6, 1.75, 6.375], "texture": "#0"}
			}
		},
		{
			"from": [7.83, 2.89, -7.98],
			"to": [8.17, 3.23, -6.45],
			"rotation": {"angle": 0, "axis": "y", "origin": [-5.6, -0.68, -5.6]},
			"faces": {
				"north": {"uv": [3.75, 7.5, 3.8125, 7.5625], "texture": "#0"},
				"east": {"uv": [2, 6.5, 2.25, 6.5625], "texture": "#0"},
				"south": {"uv": [7.5, 3.75, 7.5625, 3.8125], "texture": "#0"},
				"west": {"uv": [6.5, 2, 6.75, 2.0625], "texture": "#0"},
				"up": {"uv": [2.3125, 6.75, 2.25, 6.5], "texture": "#0"},
				"down": {"uv": [6.5625, 2.25, 6.5, 2.5], "texture": "#0"}
			}
		},
		{
			"from": [6.81, 1.19, 8.85],
			"to": [9.19, 2.04, 9.7],
			"rotation": {"angle": 0, "axis": "y", "origin": [-5.6, -0.68, -5.6]},
			"faces": {
				"north": {"uv": [5, 0.25, 5.375, 0.375], "texture": "#0"},
				"east": {"uv": [2.5, 6.5, 2.625, 6.625], "texture": "#0"},
				"south": {"uv": [5, 1.5, 5.375, 1.625], "texture": "#0"},
				"west": {"uv": [6.5, 2.5, 6.625, 2.625], "texture": "#0"},
				"up": {"uv": [5.375, 1.875, 5, 1.75], "texture": "#0"},
				"down": {"uv": [5.375, 2, 5, 2.125], "texture": "#0"}
			}
		},
		{
			"from": [7.83, -4.76, 9.02],
			"to": [8.17, -4.42, 9.7],
			"rotation": {"angle": -22.5, "axis": "x", "origin": [-5.6, -0.68, -5.6]},
			"faces": {
				"north": {"uv": [4, 7.5, 4.0625, 7.5625], "texture": "#0"},
				"east": {"uv": [7.25, 0.25, 7.375, 0.3125], "texture": "#0"},
				"south": {"uv": [7.5, 4, 7.5625, 4.0625], "texture": "#0"},
				"west": {"uv": [0.5, 7.25, 0.625, 7.3125], "texture": "#0"},
				"up": {"uv": [7.3125, 0.625, 7.25, 0.5], "texture": "#0"},
				"down": {"uv": [0.8125, 7.25, 0.75, 7.375], "texture": "#0"}
			}
		},
		{
			"from": [7.66, -4.76, 9.7],
			"to": [8.34, -4.25, 10.55],
			"rotation": {"angle": -22.5, "axis": "x", "origin": [-5.6, -0.68, -5.6]},
			"faces": {
				"north": {"uv": [7.25, 0.75, 7.375, 0.8125], "texture": "#0"},
				"east": {"uv": [1, 7.25, 1.125, 7.3125], "texture": "#0"},
				"south": {"uv": [7.25, 1, 7.375, 1.0625], "texture": "#0"},
				"west": {"uv": [1.25, 7.25, 1.375, 7.3125], "texture": "#0"},
				"up": {"uv": [2.875, 6.625, 2.75, 6.5], "texture": "#0"},
				"down": {"uv": [6.625, 2.75, 6.5, 2.875], "texture": "#0"}
			}
		},
		{
			"from": [7.15, -7.47206, 14.92668],
			"to": [8.85, -6.28206, 15.60668],
			"rotation": {"angle": -45, "axis": "x", "origin": [-5.6, -9.85206, 1.15668]},
			"faces": {
				"north": {"uv": [4.5, 0.25, 4.875, 0.4375], "texture": "#0"},
				"east": {"uv": [1.75, 5.75, 1.875, 5.9375], "texture": "#0"},
				"south": {"uv": [1, 4.5, 1.375, 4.6875], "texture": "#0"},
				"west": {"uv": [2, 5.75, 2.125, 5.9375], "texture": "#0"},
				"up": {"uv": [5.375, 2.375, 5, 2.25], "texture": "#0"},
				"down": {"uv": [5.375, 2.5, 5, 2.625], "texture": "#0"}
			}
		},
		{
			"from": [7.32, 1.36, -8.66],
			"to": [8.68, 2.72, -8.32],
			"rotation": {"angle": 0, "axis": "y", "origin": [-5.6, -0.68, -5.6]},
			"faces": {
				"north": {"uv": [2, 5.5, 2.1875, 5.6875], "texture": "#0"},
				"east": {"uv": [5, 7, 5.0625, 7.1875], "texture": "#0"},
				"south": {"uv": [5.5, 2, 5.6875, 2.1875], "texture": "#0"},
				"west": {"uv": [7, 5, 7.0625, 5.1875], "texture": "#0"},
				"up": {"uv": [5.4375, 7.0625, 5.25, 7], "texture": "#0"},
				"down": {"uv": [7.1875, 5.25, 7, 5.3125], "texture": "#0"}
			}
		},
		{
			"from": [7.66, 0.51, -8.49],
			"to": [8.34, 1.19, -8.32],
			"rotation": {"angle": 0, "axis": "y", "origin": [-5.6, -0.68, -5.6]},
			"faces": {
				"north": {"uv": [3, 6.5, 3.125, 6.625], "texture": "#0"},
				"east": {"uv": [7.25, 1.25, 7.3125, 1.375], "texture": "#0"},
				"south": {"uv": [3.25, 6.5, 3.375, 6.625], "texture": "#0"},
				"west": {"uv": [1.5, 7.25, 1.5625, 7.375], "texture": "#0"},
				"up": {"uv": [7.375, 1.5625, 7.25, 1.5], "texture": "#0"},
				"down": {"uv": [1.875, 7.25, 1.75, 7.3125], "texture": "#0"}
			}
		},
		{
			"from": [6.98, -6.97, 4.94],
			"to": [9.02, 0, 8.51],
			"rotation": {"angle": 0, "axis": "y", "origin": [-5.6, -1.19, -5.6]},
			"faces": {
				"north": {"uv": [2, 2, 2.3125, 3], "texture": "#0"},
				"east": {"uv": [0, 0, 0.5, 1], "texture": "#0"},
				"south": {"uv": [0.5, 2.25, 0.8125, 3.25], "texture": "#0"},
				"west": {"uv": [0.5, 0, 1, 1], "texture": "#0"},
				"up": {"uv": [3.3125, 1, 3, 0.5], "texture": "#0"},
				"down": {"uv": [0.8125, 3.25, 0.5, 3.75], "texture": "#0"}
			}
		},
		{
			"from": [6.81, -6.97, 5.45],
			"to": [6.98, 0.17, 7.83],
			"rotation": {"angle": 0, "axis": "y", "origin": [-5.6, -1.19, -5.6]},
			"faces": {
				"north": {"uv": [1.5, 4.5, 1.5625, 5.5625], "texture": "#0"},
				"east": {"uv": [0.5, 1, 0.875, 2.0625], "texture": "#0"},
				"south": {"uv": [1.75, 4.5, 1.8125, 5.5625], "texture": "#0"},
				"west": {"uv": [1.5, 0, 1.875, 1.0625], "texture": "#0"},
				"up": {"uv": [5.8125, 2.375, 5.75, 2], "texture": "#0"},
				"down": {"uv": [5.8125, 2.5, 5.75, 2.875], "texture": "#0"}
			}
		},
		{
			"from": [6.81, -1.87, 5.11],
			"to": [6.98, 0.17, 5.45],
			"rotation": {"angle": 0, "axis": "y", "origin": [-5.6, -1.19, -5.6]},
			"faces": {
				"north": {"uv": [3, 6, 3.0625, 6.3125], "texture": "#0"},
				"east": {"uv": [3.25, 6, 3.3125, 6.3125], "texture": "#0"},
				"south": {"uv": [6, 3.25, 6.0625, 3.5625], "texture": "#0"},
				"west": {"uv": [3.5, 6, 3.5625, 6.3125], "texture": "#0"},
				"up": {"uv": [4.3125, 7.5625, 4.25, 7.5], "texture": "#0"},
				"down": {"uv": [7.5625, 4.25, 7.5, 4.3125], "texture": "#0"}
			}
		},
		{
			"from": [6.64, 0.34, 3.92],
			"to": [6.98, 0.85, 4.94],
			"rotation": {"angle": 0, "axis": "y", "origin": [-5.6, -1.19, -5.6]},
			"faces": {
				"north": {"uv": [4.5, 7.5, 4.5625, 7.5625], "texture": "#0"},
				"east": {"uv": [7.25, 1.75, 7.375, 1.8125], "texture": "#0"},
				"south": {"uv": [7.5, 4.5, 7.5625, 4.5625], "texture": "#0"},
				"west": {"uv": [2, 7.25, 2.125, 7.3125], "texture": "#0"},
				"up": {"uv": [7.3125, 2.125, 7.25, 2], "texture": "#0"},
				"down": {"uv": [2.3125, 7.25, 2.25, 7.375], "texture": "#0"}
			}
		},
		{
			"from": [6.64, -1.02, 6.13],
			"to": [6.81, -0.51, 6.81],
			"rotation": {"angle": 0, "axis": "y", "origin": [-5.6, -1.19, -5.6]},
			"faces": {
				"north": {"uv": [8.25, 0, 8.3125, 0.0625], "texture": "#0"},
				"east": {"uv": [7.25, 4.75, 7.375, 4.8125], "texture": "#0"},
				"south": {"uv": [0.25, 8.25, 0.3125, 8.3125], "texture": "#0"},
				"west": {"uv": [5, 7.25, 5.125, 7.3125], "texture": "#0"},
				"up": {"uv": [7.3125, 5.125, 7.25, 5], "texture": "#0"},
				"down": {"uv": [5.3125, 7.25, 5.25, 7.375], "texture": "#0"}
			}
		},
		{
			"from": [6.64, 3.10087, 7.32444],
			"to": [6.81, 3.78087, 7.49444],
			"rotation": {"angle": 22.5, "axis": "x", "origin": [-5.6, 3.10087, -4.91556]},
			"faces": {
				"north": {"uv": [7.25, 5.25, 7.3125, 5.375], "texture": "#0"},
				"east": {"uv": [5.5, 7.25, 5.5625, 7.375], "texture": "#0"},
				"south": {"uv": [7.25, 5.5, 7.3125, 5.625], "texture": "#0"},
				"west": {"uv": [5.75, 7.25, 5.8125, 7.375], "texture": "#0"},
				"up": {"uv": [8.3125, 0.3125, 8.25, 0.25], "texture": "#0"},
				"down": {"uv": [0.5625, 8.25, 0.5, 8.3125], "texture": "#0"}
			}
		},
		{
			"from": [6.64, 3.44087, 7.15444],
			"to": [6.81, 3.78087, 7.32444],
			"rotation": {"angle": 22.5, "axis": "x", "origin": [-5.6, 3.10087, -4.91556]},
			"faces": {
				"north": {"uv": [8.25, 1.5, 8.3125, 1.5625], "texture": "#0"},
				"east": {"uv": [1.75, 8.25, 1.8125, 8.3125], "texture": "#0"},
				"south": {"uv": [8.25, 1.75, 8.3125, 1.8125], "texture": "#0"},
				"west": {"uv": [2, 8.25, 2.0625, 8.3125], "texture": "#0"},
				"up": {"uv": [8.3125, 2.0625, 8.25, 2], "texture": "#0"},
				"down": {"uv": [2.3125, 8.25, 2.25, 8.3125], "texture": "#0"}
			}
		},
		{
			"from": [6.64, 3.10087, 5.44556],
			"to": [6.81, 3.78087, 5.61556],
			"rotation": {"angle": -22.5, "axis": "x", "origin": [-5.6, 3.10087, 17.85556]},
			"faces": {
				"north": {"uv": [7.25, 5.75, 7.3125, 5.875], "texture": "#0"},
				"east": {"uv": [6, 7.25, 6.0625, 7.375], "texture": "#0"},
				"south": {"uv": [7.25, 6, 7.3125, 6.125], "texture": "#0"},
				"west": {"uv": [6.25, 7.25, 6.3125, 7.375], "texture": "#0"},
				"up": {"uv": [8.3125, 0.5625, 8.25, 0.5], "texture": "#0"},
				"down": {"uv": [0.8125, 8.25, 0.75, 8.3125], "texture": "#0"}
			}
		},
		{
			"from": [6.64, -5.31087, 5.44556],
			"to": [6.81, -4.80087, 5.61556],
			"rotation": {"angle": 22.5, "axis": "x", "origin": [-5.6, -4.63087, 17.85556]},
			"faces": {
				"north": {"uv": [8.25, 3, 8.3125, 3.0625], "texture": "#0"},
				"east": {"uv": [3.25, 8.25, 3.3125, 8.3125], "texture": "#0"},
				"south": {"uv": [8.25, 3.25, 8.3125, 3.3125], "texture": "#0"},
				"west": {"uv": [3.5, 8.25, 3.5625, 8.3125], "texture": "#0"},
				"up": {"uv": [8.3125, 3.5625, 8.25, 3.5], "texture": "#0"},
				"down": {"uv": [3.8125, 8.25, 3.75, 8.3125], "texture": "#0"}
			}
		},
		{
			"from": [6.64, -5.31087, 5.61556],
			"to": [6.81, -4.80087, 5.78556],
			"rotation": {"angle": 22.5, "axis": "x", "origin": [-5.6, -4.63087, 17.85556]},
			"faces": {
				"north": {"uv": [8.25, 3.75, 8.3125, 3.8125], "texture": "#0"},
				"east": {"uv": [4, 8.25, 4.0625, 8.3125], "texture": "#0"},
				"south": {"uv": [8.25, 4, 8.3125, 4.0625], "texture": "#0"},
				"west": {"uv": [4.25, 8.25, 4.3125, 8.3125], "texture": "#0"},
				"up": {"uv": [8.3125, 4.3125, 8.25, 4.25], "texture": "#0"},
				"down": {"uv": [4.5625, 8.25, 4.5, 8.3125], "texture": "#0"}
			}
		},
		{
			"from": [6.64, -5.31087, 7.32444],
			"to": [6.81, -4.80087, 7.49444],
			"rotation": {"angle": -22.5, "axis": "x", "origin": [-5.6, -4.63087, -4.91556]},
			"faces": {
				"north": {"uv": [8.25, 2.25, 8.3125, 2.3125], "texture": "#0"},
				"east": {"uv": [2.5, 8.25, 2.5625, 8.3125], "texture": "#0"},
				"south": {"uv": [8.25, 2.5, 8.3125, 2.5625], "texture": "#0"},
				"west": {"uv": [2.75, 8.25, 2.8125, 8.3125], "texture": "#0"},
				"up": {"uv": [8.3125, 2.8125, 8.25, 2.75], "texture": "#0"},
				"down": {"uv": [3.0625, 8.25, 3, 8.3125], "texture": "#0"}
			}
		},
		{
			"from": [6.64, -5.31087, 7.15444],
			"to": [6.81, -4.97087, 7.32444],
			"rotation": {"angle": -22.5, "axis": "x", "origin": [-5.6, -4.63087, -4.91556]},
			"faces": {
				"north": {"uv": [8.25, 4.5, 8.3125, 4.5625], "texture": "#0"},
				"east": {"uv": [4.75, 8.25, 4.8125, 8.3125], "texture": "#0"},
				"south": {"uv": [8.25, 4.75, 8.3125, 4.8125], "texture": "#0"},
				"west": {"uv": [5, 8.25, 5.0625, 8.3125], "texture": "#0"},
				"up": {"uv": [8.3125, 5.0625, 8.25, 5], "texture": "#0"},
				"down": {"uv": [5.3125, 8.25, 5.25, 8.3125], "texture": "#0"}
			}
		},
		{
			"from": [6.64, 3.27087, 5.61556],
			"to": [6.81, 3.78087, 5.78556],
			"rotation": {"angle": -22.5, "axis": "x", "origin": [-5.6, 3.10087, 17.85556]},
			"faces": {
				"north": {"uv": [8.25, 0.75, 8.3125, 0.8125], "texture": "#0"},
				"east": {"uv": [1, 8.25, 1.0625, 8.3125], "texture": "#0"},
				"south": {"uv": [8.25, 1, 8.3125, 1.0625], "texture": "#0"},
				"west": {"uv": [1.25, 8.25, 1.3125, 8.3125], "texture": "#0"},
				"up": {"uv": [8.3125, 1.3125, 8.25, 1.25], "texture": "#0"},
				"down": {"uv": [1.5625, 8.25, 1.5, 8.3125], "texture": "#0"}
			}
		},
		{
			"from": [6.64, -6.29, 6.64],
			"to": [6.81, -5.78, 7.32],
			"rotation": {"angle": 0, "axis": "y", "origin": [-5.6, -6.46, -5.09]},
			"faces": {
				"north": {"uv": [2, 8.5, 2.0625, 8.5625], "texture": "#0"},
				"east": {"uv": [0, 7.5, 0.125, 7.5625], "texture": "#0"},
				"south": {"uv": [8.5, 2, 8.5625, 2.0625], "texture": "#0"},
				"west": {"uv": [7.5, 0, 7.625, 0.0625], "texture": "#0"},
				"up": {"uv": [0.3125, 7.625, 0.25, 7.5], "texture": "#0"},
				"down": {"uv": [7.5625, 0.25, 7.5, 0.375], "texture": "#0"}
			}
		},
		{
			"from": [6.64, -10.58087, 7.83444],
			"to": [6.81, -10.07087, 8.00444],
			"rotation": {"angle": -22.5, "axis": "x", "origin": [-5.6, -9.90087, -4.40556]},
			"faces": {
				"north": {"uv": [1.25, 8.5, 1.3125, 8.5625], "texture": "#0"},
				"east": {"uv": [8.5, 1.25, 8.5625, 1.3125], "texture": "#0"},
				"south": {"uv": [1.5, 8.5, 1.5625, 8.5625], "texture": "#0"},
				"west": {"uv": [8.5, 1.5, 8.5625, 1.5625], "texture": "#0"},
				"up": {"uv": [1.8125, 8.5625, 1.75, 8.5], "texture": "#0"},
				"down": {"uv": [8.5625, 1.75, 8.5, 1.8125], "texture": "#0"}
			}
		},
		{
			"from": [6.64, -10.58087, 5.95556],
			"to": [6.81, -10.07087, 6.12556],
			"rotation": {"angle": 22.5, "axis": "x", "origin": [-5.6, -9.90087, 18.36556]},
			"faces": {
				"north": {"uv": [0.5, 8.5, 0.5625, 8.5625], "texture": "#0"},
				"east": {"uv": [8.5, 0.5, 8.5625, 0.5625], "texture": "#0"},
				"south": {"uv": [0.75, 8.5, 0.8125, 8.5625], "texture": "#0"},
				"west": {"uv": [8.5, 0.75, 8.5625, 0.8125], "texture": "#0"},
				"up": {"uv": [1.0625, 8.5625, 1, 8.5], "texture": "#0"},
				"down": {"uv": [8.5625, 1, 8.5, 1.0625], "texture": "#0"}
			}
		},
		{
			"from": [6.64, -10.58087, 7.66444],
			"to": [6.81, -10.24087, 7.83444],
			"rotation": {"angle": -22.5, "axis": "x", "origin": [-5.6, -9.90087, -4.40556]},
			"faces": {
				"north": {"uv": [8.25, 8, 8.3125, 8.0625], "texture": "#0"},
				"east": {"uv": [8.25, 8.25, 8.3125, 8.3125], "texture": "#0"},
				"south": {"uv": [0, 8.5, 0.0625, 8.5625], "texture": "#0"},
				"west": {"uv": [8.5, 0, 8.5625, 0.0625], "texture": "#0"},
				"up": {"uv": [0.3125, 8.5625, 0.25, 8.5], "texture": "#0"},
				"down": {"uv": [8.5625, 0.25, 8.5, 0.3125], "texture": "#0"}
			}
		},
		{
			"from": [6.64, -10.58087, 6.12556],
			"to": [6.81, -10.07087, 6.29556],
			"rotation": {"angle": 22.5, "axis": "x", "origin": [-5.6, -9.90087, 18.36556]},
			"faces": {
				"north": {"uv": [8.25, 7.25, 8.3125, 7.3125], "texture": "#0"},
				"east": {"uv": [7.5, 8.25, 7.5625, 8.3125], "texture": "#0"},
				"south": {"uv": [8.25, 7.5, 8.3125, 7.5625], "texture": "#0"},
				"west": {"uv": [7.75, 8.25, 7.8125, 8.3125], "texture": "#0"},
				"up": {"uv": [8.3125, 7.8125, 8.25, 7.75], "texture": "#0"},
				"down": {"uv": [8.0625, 8.25, 8, 8.3125], "texture": "#0"}
			}
		},
		{
			"from": [6.64, -2.16913, 5.95556],
			"to": [6.81, -1.48913, 6.12556],
			"rotation": {"angle": -22.5, "axis": "x", "origin": [-5.6, -2.16913, 18.36556]},
			"faces": {
				"north": {"uv": [7.25, 6.75, 7.3125, 6.875], "texture": "#0"},
				"east": {"uv": [7, 7.25, 7.0625, 7.375], "texture": "#0"},
				"south": {"uv": [7.25, 7, 7.3125, 7.125], "texture": "#0"},
				"west": {"uv": [7.25, 7.25, 7.3125, 7.375], "texture": "#0"},
				"up": {"uv": [8.3125, 7.0625, 8.25, 7], "texture": "#0"},
				"down": {"uv": [7.3125, 8.25, 7.25, 8.3125], "texture": "#0"}
			}
		},
		{
			"from": [6.64, -2.16913, 7.83444],
			"to": [6.81, -1.48913, 8.00444],
			"rotation": {"angle": 22.5, "axis": "x", "origin": [-5.6, -2.16913, -4.40556]},
			"faces": {
				"north": {"uv": [7.25, 6.25, 7.3125, 6.375], "texture": "#0"},
				"east": {"uv": [6.5, 7.25, 6.5625, 7.375], "texture": "#0"},
				"south": {"uv": [7.25, 6.5, 7.3125, 6.625], "texture": "#0"},
				"west": {"uv": [6.75, 7.25, 6.8125, 7.375], "texture": "#0"},
				"up": {"uv": [8.3125, 6.8125, 8.25, 6.75], "texture": "#0"},
				"down": {"uv": [7.0625, 8.25, 7, 8.3125], "texture": "#0"}
			}
		},
		{
			"from": [6.64, -1.82913, 7.66444],
			"to": [6.81, -1.48913, 7.83444],
			"rotation": {"angle": 22.5, "axis": "x", "origin": [-5.6, -2.16913, -4.40556]},
			"faces": {
				"north": {"uv": [8.25, 6, 8.3125, 6.0625], "texture": "#0"},
				"east": {"uv": [6.25, 8.25, 6.3125, 8.3125], "texture": "#0"},
				"south": {"uv": [8.25, 6.25, 8.3125, 6.3125], "texture": "#0"},
				"west": {"uv": [6.5, 8.25, 6.5625, 8.3125], "texture": "#0"},
				"up": {"uv": [8.3125, 6.5625, 8.25, 6.5], "texture": "#0"},
				"down": {"uv": [6.8125, 8.25, 6.75, 8.3125], "texture": "#0"}
			}
		},
		{
			"from": [6.64, -1.99913, 6.12556],
			"to": [6.81, -1.48913, 6.29556],
			"rotation": {"angle": -22.5, "axis": "x", "origin": [-5.6, -2.16913, 18.36556]},
			"faces": {
				"north": {"uv": [8.25, 5.25, 8.3125, 5.3125], "texture": "#0"},
				"east": {"uv": [5.5, 8.25, 5.5625, 8.3125], "texture": "#0"},
				"south": {"uv": [8.25, 5.5, 8.3125, 5.5625], "texture": "#0"},
				"west": {"uv": [5.75, 8.25, 5.8125, 8.3125], "texture": "#0"},
				"up": {"uv": [8.3125, 5.8125, 8.25, 5.75], "texture": "#0"},
				"down": {"uv": [6.0625, 8.25, 6, 8.3125], "texture": "#0"}
			}
		},
		{
			"from": [9.19, -6.29, 6.64],
			"to": [9.36, -5.78, 7.32],
			"rotation": {"angle": 0, "axis": "y", "origin": [21.6, -6.46, -5.09]},
			"faces": {
				"north": {"uv": [8.75, 3.75, 8.8125, 3.8125], "texture": "#0"},
				"east": {"uv": [3, 7.5, 3.125, 7.5625], "texture": "#0"},
				"south": {"uv": [4, 8.75, 4.0625, 8.8125], "texture": "#0"},
				"west": {"uv": [7.5, 3, 7.625, 3.0625], "texture": "#0"},
				"up": {"uv": [3.3125, 7.625, 3.25, 7.5], "texture": "#0"},
				"down": {"uv": [7.5625, 3.25, 7.5, 3.375], "texture": "#0"}
			}
		},
		{
			"from": [9.19, -10.58087, 7.83444],
			"to": [9.36, -10.07087, 8.00444],
			"rotation": {"angle": -22.5, "axis": "x", "origin": [21.6, -9.90087, -4.40556]},
			"faces": {
				"north": {"uv": [8.75, 3, 8.8125, 3.0625], "texture": "#0"},
				"east": {"uv": [3.25, 8.75, 3.3125, 8.8125], "texture": "#0"},
				"south": {"uv": [8.75, 3.25, 8.8125, 3.3125], "texture": "#0"},
				"west": {"uv": [3.5, 8.75, 3.5625, 8.8125], "texture": "#0"},
				"up": {"uv": [8.8125, 3.5625, 8.75, 3.5], "texture": "#0"},
				"down": {"uv": [3.8125, 8.75, 3.75, 8.8125], "texture": "#0"}
			}
		},
		{
			"from": [9.19, -10.58087, 5.95556],
			"to": [9.36, -10.07087, 6.12556],
			"rotation": {"angle": 22.5, "axis": "x", "origin": [21.6, -9.90087, 18.36556]},
			"faces": {
				"north": {"uv": [8.75, 2.25, 8.8125, 2.3125], "texture": "#0"},
				"east": {"uv": [2.5, 8.75, 2.5625, 8.8125], "texture": "#0"},
				"south": {"uv": [8.75, 2.5, 8.8125, 2.5625], "texture": "#0"},
				"west": {"uv": [2.75, 8.75, 2.8125, 8.8125], "texture": "#0"},
				"up": {"uv": [8.8125, 2.8125, 8.75, 2.75], "texture": "#0"},
				"down": {"uv": [3.0625, 8.75, 3, 8.8125], "texture": "#0"}
			}
		},
		{
			"from": [9.19, -10.58087, 7.66444],
			"to": [9.36, -10.24087, 7.83444],
			"rotation": {"angle": -22.5, "axis": "x", "origin": [21.6, -9.90087, -4.40556]},
			"faces": {
				"north": {"uv": [8.75, 1.5, 8.8125, 1.5625], "texture": "#0"},
				"east": {"uv": [1.75, 8.75, 1.8125, 8.8125], "texture": "#0"},
				"south": {"uv": [8.75, 1.75, 8.8125, 1.8125], "texture": "#0"},
				"west": {"uv": [2, 8.75, 2.0625, 8.8125], "texture": "#0"},
				"up": {"uv": [8.8125, 2.0625, 8.75, 2], "texture": "#0"},
				"down": {"uv": [2.3125, 8.75, 2.25, 8.8125], "texture": "#0"}
			}
		},
		{
			"from": [9.19, -10.58087, 6.12556],
			"to": [9.36, -10.07087, 6.29556],
			"rotation": {"angle": 22.5, "axis": "x", "origin": [21.6, -9.90087, 18.36556]},
			"faces": {
				"north": {"uv": [8.75, 0.75, 8.8125, 0.8125], "texture": "#0"},
				"east": {"uv": [1, 8.75, 1.0625, 8.8125], "texture": "#0"},
				"south": {"uv": [8.75, 1, 8.8125, 1.0625], "texture": "#0"},
				"west": {"uv": [1.25, 8.75, 1.3125, 8.8125], "texture": "#0"},
				"up": {"uv": [8.8125, 1.3125, 8.75, 1.25], "texture": "#0"},
				"down": {"uv": [1.5625, 8.75, 1.5, 8.8125], "texture": "#0"}
			}
		},
		{
			"from": [9.19, -2.16913, 5.95556],
			"to": [9.36, -1.48913, 6.12556],
			"rotation": {"angle": -22.5, "axis": "x", "origin": [21.6, -2.16913, 18.36556]},
			"faces": {
				"north": {"uv": [2.5, 7.5, 2.5625, 7.625], "texture": "#0"},
				"east": {"uv": [7.5, 2.5, 7.5625, 2.625], "texture": "#0"},
				"south": {"uv": [2.75, 7.5, 2.8125, 7.625], "texture": "#0"},
				"west": {"uv": [7.5, 2.75, 7.5625, 2.875], "texture": "#0"},
				"up": {"uv": [8.8125, 0.5625, 8.75, 0.5], "texture": "#0"},
				"down": {"uv": [0.8125, 8.75, 0.75, 8.8125], "texture": "#0"}
			}
		},
		{
			"from": [9.19, -2.16913, 7.83444],
			"to": [9.36, -1.48913, 8.00444],
			"rotation": {"angle": 22.5, "axis": "x", "origin": [21.6, -2.16913, -4.40556]},
			"faces": {
				"north": {"uv": [2, 7.5, 2.0625, 7.625], "texture": "#0"},
				"east": {"uv": [7.5, 2, 7.5625, 2.125], "texture": "#0"},
				"south": {"uv": [2.25, 7.5, 2.3125, 7.625], "texture": "#0"},
				"west": {"uv": [7.5, 2.25, 7.5625, 2.375], "texture": "#0"},
				"up": {"uv": [8.8125, 0.3125, 8.75, 0.25], "texture": "#0"},
				"down": {"uv": [0.5625, 8.75, 0.5, 8.8125], "texture": "#0"}
			}
		},
		{
			"from": [9.19, -1.82913, 7.66444],
			"to": [9.36, -1.48913, 7.83444],
			"rotation": {"angle": 22.5, "axis": "x", "origin": [21.6, -2.16913, -4.40556]},
			"faces": {
				"north": {"uv": [8.25, 8.5, 8.3125, 8.5625], "texture": "#0"},
				"east": {"uv": [8.5, 8.25, 8.5625, 8.3125], "texture": "#0"},
				"south": {"uv": [8.5, 8.5, 8.5625, 8.5625], "texture": "#0"},
				"west": {"uv": [0, 8.75, 0.0625, 8.8125], "texture": "#0"},
				"up": {"uv": [8.8125, 0.0625, 8.75, 0], "texture": "#0"},
				"down": {"uv": [0.3125, 8.75, 0.25, 8.8125], "texture": "#0"}
			}
		},
		{
			"from": [9.19, -1.99913, 6.12556],
			"to": [9.36, -1.48913, 6.29556],
			"rotation": {"angle": -22.5, "axis": "x", "origin": [21.6, -2.16913, 18.36556]},
			"faces": {
				"north": {"uv": [7.5, 8.5, 7.5625, 8.5625], "texture": "#0"},
				"east": {"uv": [8.5, 7.5, 8.5625, 7.5625], "texture": "#0"},
				"south": {"uv": [7.75, 8.5, 7.8125, 8.5625], "texture": "#0"},
				"west": {"uv": [8.5, 7.75, 8.5625, 7.8125], "texture": "#0"},
				"up": {"uv": [8.0625, 8.5625, 8, 8.5], "texture": "#0"},
				"down": {"uv": [8.5625, 8, 8.5, 8.0625], "texture": "#0"}
			}
		},
		{
			"from": [9.19, 3.27087, 5.61556],
			"to": [9.36, 3.78087, 5.78556],
			"rotation": {"angle": -22.5, "axis": "x", "origin": [21.6, 3.10087, 17.85556]},
			"faces": {
				"north": {"uv": [6.75, 8.5, 6.8125, 8.5625], "texture": "#0"},
				"east": {"uv": [8.5, 6.75, 8.5625, 6.8125], "texture": "#0"},
				"south": {"uv": [7, 8.5, 7.0625, 8.5625], "texture": "#0"},
				"west": {"uv": [8.5, 7, 8.5625, 7.0625], "texture": "#0"},
				"up": {"uv": [7.3125, 8.5625, 7.25, 8.5], "texture": "#0"},
				"down": {"uv": [8.5625, 7.25, 8.5, 7.3125], "texture": "#0"}
			}
		},
		{
			"from": [9.19, 3.10087, 7.32444],
			"to": [9.36, 3.78087, 7.49444],
			"rotation": {"angle": 22.5, "axis": "x", "origin": [21.6, 3.10087, -4.91556]},
			"faces": {
				"north": {"uv": [1.5, 7.5, 1.5625, 7.625], "texture": "#0"},
				"east": {"uv": [7.5, 1.5, 7.5625, 1.625], "texture": "#0"},
				"south": {"uv": [1.75, 7.5, 1.8125, 7.625], "texture": "#0"},
				"west": {"uv": [7.5, 1.75, 7.5625, 1.875], "texture": "#0"},
				"up": {"uv": [6.5625, 8.5625, 6.5, 8.5], "texture": "#0"},
				"down": {"uv": [8.5625, 6.5, 8.5, 6.5625], "texture": "#0"}
			}
		},
		{
			"from": [9.19, 3.44087, 7.15444],
			"to": [9.36, 3.78087, 7.32444],
			"rotation": {"angle": 22.5, "axis": "x", "origin": [21.6, 3.10087, -4.91556]},
			"faces": {
				"north": {"uv": [5.75, 8.5, 5.8125, 8.5625], "texture": "#0"},
				"east": {"uv": [8.5, 5.75, 8.5625, 5.8125], "texture": "#0"},
				"south": {"uv": [6, 8.5, 6.0625, 8.5625], "texture": "#0"},
				"west": {"uv": [8.5, 6, 8.5625, 6.0625], "texture": "#0"},
				"up": {"uv": [6.3125, 8.5625, 6.25, 8.5], "texture": "#0"},
				"down": {"uv": [8.5625, 6.25, 8.5, 6.3125], "texture": "#0"}
			}
		},
		{
			"from": [9.19, 3.10087, 5.44556],
			"to": [9.36, 3.78087, 5.61556],
			"rotation": {"angle": -22.5, "axis": "x", "origin": [21.6, 3.10087, 17.85556]},
			"faces": {
				"north": {"uv": [1, 7.5, 1.0625, 7.625], "texture": "#0"},
				"east": {"uv": [7.5, 1, 7.5625, 1.125], "texture": "#0"},
				"south": {"uv": [1.25, 7.5, 1.3125, 7.625], "texture": "#0"},
				"west": {"uv": [7.5, 1.25, 7.5625, 1.375], "texture": "#0"},
				"up": {"uv": [5.5625, 8.5625, 5.5, 8.5], "texture": "#0"},
				"down": {"uv": [8.5625, 5.5, 8.5, 5.5625], "texture": "#0"}
			}
		},
		{
			"from": [9.19, -1.02, 6.13],
			"to": [9.36, -0.51, 6.81],
			"rotation": {"angle": 0, "axis": "y", "origin": [21.6, -1.19, -5.6]},
			"faces": {
				"north": {"uv": [5.25, 8.5, 5.3125, 8.5625], "texture": "#0"},
				"east": {"uv": [0.5, 7.5, 0.625, 7.5625], "texture": "#0"},
				"south": {"uv": [8.5, 5.25, 8.5625, 5.3125], "texture": "#0"},
				"west": {"uv": [7.5, 0.5, 7.625, 0.5625], "texture": "#0"},
				"up": {"uv": [0.8125, 7.625, 0.75, 7.5], "texture": "#0"},
				"down": {"uv": [7.5625, 0.75, 7.5, 0.875], "texture": "#0"}
			}
		},
		{
			"from": [9.19, -5.31087, 5.44556],
			"to": [9.36, -4.80087, 5.61556],
			"rotation": {"angle": 22.5, "axis": "x", "origin": [21.6, -4.63087, 17.85556]},
			"faces": {
				"north": {"uv": [4.5, 8.5, 4.5625, 8.5625], "texture": "#0"},
				"east": {"uv": [8.5, 4.5, 8.5625, 4.5625], "texture": "#0"},
				"south": {"uv": [4.75, 8.5, 4.8125, 8.5625], "texture": "#0"},
				"west": {"uv": [8.5, 4.75, 8.5625, 4.8125], "texture": "#0"},
				"up": {"uv": [5.0625, 8.5625, 5, 8.5], "texture": "#0"},
				"down": {"uv": [8.5625, 5, 8.5, 5.0625], "texture": "#0"}
			}
		},
		{
			"from": [9.19, -5.31087, 5.61556],
			"to": [9.36, -4.80087, 5.78556],
			"rotation": {"angle": 22.5, "axis": "x", "origin": [21.6, -4.63087, 17.85556]},
			"faces": {
				"north": {"uv": [3.75, 8.5, 3.8125, 8.5625], "texture": "#0"},
				"east": {"uv": [8.5, 3.75, 8.5625, 3.8125], "texture": "#0"},
				"south": {"uv": [4, 8.5, 4.0625, 8.5625], "texture": "#0"},
				"west": {"uv": [8.5, 4, 8.5625, 4.0625], "texture": "#0"},
				"up": {"uv": [4.3125, 8.5625, 4.25, 8.5], "texture": "#0"},
				"down": {"uv": [8.5625, 4.25, 8.5, 4.3125], "texture": "#0"}
			}
		},
		{
			"from": [9.19, -5.31087, 7.15444],
			"to": [9.36, -4.97087, 7.32444],
			"rotation": {"angle": -22.5, "axis": "x", "origin": [21.6, -4.63087, -4.91556]},
			"faces": {
				"north": {"uv": [3, 8.5, 3.0625, 8.5625], "texture": "#0"},
				"east": {"uv": [8.5, 3, 8.5625, 3.0625], "texture": "#0"},
				"south": {"uv": [3.25, 8.5, 3.3125, 8.5625], "texture": "#0"},
				"west": {"uv": [8.5, 3.25, 8.5625, 3.3125], "texture": "#0"},
				"up": {"uv": [3.5625, 8.5625, 3.5, 8.5], "texture": "#0"},
				"down": {"uv": [8.5625, 3.5, 8.5, 3.5625], "texture": "#0"}
			}
		},
		{
			"from": [9.19, -5.31087, 7.32444],
			"to": [9.36, -4.80087, 7.49444],
			"rotation": {"angle": -22.5, "axis": "x", "origin": [21.6, -4.63087, -4.91556]},
			"faces": {
				"north": {"uv": [2.25, 8.5, 2.3125, 8.5625], "texture": "#0"},
				"east": {"uv": [8.5, 2.25, 8.5625, 2.3125], "texture": "#0"},
				"south": {"uv": [2.5, 8.5, 2.5625, 8.5625], "texture": "#0"},
				"west": {"uv": [8.5, 2.5, 8.5625, 2.5625], "texture": "#0"},
				"up": {"uv": [2.8125, 8.5625, 2.75, 8.5], "texture": "#0"},
				"down": {"uv": [8.5625, 2.75, 8.5, 2.8125], "texture": "#0"}
			}
		},
		{
			"from": [6.64, -0.17, 8.68],
			"to": [6.98, 0.34, 9.7],
			"rotation": {"angle": 0, "axis": "y", "origin": [-5.6, -1.19, -5.6]},
			"faces": {
				"north": {"uv": [4.75, 7.5, 4.8125, 7.5625], "texture": "#0"},
				"east": {"uv": [7.25, 2.25, 7.375, 2.3125], "texture": "#0"},
				"south": {"uv": [7.5, 4.75, 7.5625, 4.8125], "texture": "#0"},
				"west": {"uv": [2.5, 7.25, 2.625, 7.3125], "texture": "#0"},
				"up": {"uv": [7.3125, 2.625, 7.25, 2.5], "texture": "#0"},
				"down": {"uv": [2.8125, 7.25, 2.75, 7.375], "texture": "#0"}
			}
		},
		{
			"from": [6.81, 0.34, 4.94],
			"to": [6.98, 0.85, 7.49],
			"rotation": {"angle": 0, "axis": "y", "origin": [-5.6, -1.19, -5.6]},
			"faces": {
				"north": {"uv": [5, 7.5, 5.0625, 7.5625], "texture": "#0"},
				"east": {"uv": [3, 5.75, 3.375, 5.8125], "texture": "#0"},
				"south": {"uv": [7.5, 5, 7.5625, 5.0625], "texture": "#0"},
				"west": {"uv": [5.75, 3, 6.125, 3.0625], "texture": "#0"},
				"up": {"uv": [5.8125, 3.625, 5.75, 3.25], "texture": "#0"},
				"down": {"uv": [5.8125, 3.75, 5.75, 4.125], "texture": "#0"}
			}
		},
		{
			"from": [6.64, 1.19, 7.32],
			"to": [6.81, 2.55, 7.49],
			"rotation": {"angle": 0, "axis": "y", "origin": [-5.6, -1.19, -5.6]},
			"faces": {
				"north": {"uv": [3.5, 6.5, 3.5625, 6.75], "texture": "#0"},
				"east": {"uv": [3.75, 6.5, 3.8125, 6.75], "texture": "#0"},
				"south": {"uv": [6.5, 3.75, 6.5625, 4], "texture": "#0"},
				"west": {"uv": [4, 6.5, 4.0625, 6.75], "texture": "#0"},
				"up": {"uv": [5.3125, 7.5625, 5.25, 7.5], "texture": "#0"},
				"down": {"uv": [7.5625, 5.25, 7.5, 5.3125], "texture": "#0"}
			}
		},
		{
			"from": [6.64, 1.19, 6.98],
			"to": [6.81, 2.55, 7.15],
			"rotation": {"angle": 0, "axis": "y", "origin": [-5.6, -1.19, -5.6]},
			"faces": {
				"north": {"uv": [6.5, 4, 6.5625, 4.25], "texture": "#0"},
				"east": {"uv": [4.25, 6.5, 4.3125, 6.75], "texture": "#0"},
				"south": {"uv": [6.5, 4.25, 6.5625, 4.5], "texture": "#0"},
				"west": {"uv": [4.5, 6.5, 4.5625, 6.75], "texture": "#0"},
				"up": {"uv": [5.5625, 7.5625, 5.5, 7.5], "texture": "#0"},
				"down": {"uv": [7.5625, 5.5, 7.5, 5.5625], "texture": "#0"}
			}
		},
		{
			"from": [6.64, 1.19, 6.3],
			"to": [6.81, 2.55, 6.47],
			"rotation": {"angle": 0, "axis": "y", "origin": [-5.6, -1.19, -5.6]},
			"faces": {
				"north": {"uv": [6.5, 4.5, 6.5625, 4.75], "texture": "#0"},
				"east": {"uv": [4.75, 6.5, 4.8125, 6.75], "texture": "#0"},
				"south": {"uv": [6.5, 4.75, 6.5625, 5], "texture": "#0"},
				"west": {"uv": [5, 6.5, 5.0625, 6.75], "texture": "#0"},
				"up": {"uv": [5.8125, 7.5625, 5.75, 7.5], "texture": "#0"},
				"down": {"uv": [7.5625, 5.75, 7.5, 5.8125], "texture": "#0"}
			}
		},
		{
			"from": [6.64, 1.19, 6.64],
			"to": [6.81, 2.55, 6.81],
			"rotation": {"angle": 0, "axis": "y", "origin": [-5.6, -1.19, -5.6]},
			"faces": {
				"north": {"uv": [6.5, 5, 6.5625, 5.25], "texture": "#0"},
				"east": {"uv": [5.25, 6.5, 5.3125, 6.75], "texture": "#0"},
				"south": {"uv": [6.5, 5.25, 6.5625, 5.5], "texture": "#0"},
				"west": {"uv": [5.5, 6.5, 5.5625, 6.75], "texture": "#0"},
				"up": {"uv": [6.0625, 7.5625, 6, 7.5], "texture": "#0"},
				"down": {"uv": [7.5625, 6, 7.5, 6.0625], "texture": "#0"}
			}
		},
		{
			"from": [6.64, 1.19, 4.94],
			"to": [6.81, 2.55, 5.11],
			"rotation": {"angle": 0, "axis": "y", "origin": [-5.6, -1.19, -5.6]},
			"faces": {
				"north": {"uv": [6.5, 5.5, 6.5625, 5.75], "texture": "#0"},
				"east": {"uv": [5.75, 6.5, 5.8125, 6.75], "texture": "#0"},
				"south": {"uv": [6.5, 5.75, 6.5625, 6], "texture": "#0"},
				"west": {"uv": [6, 6.5, 6.0625, 6.75], "texture": "#0"},
				"up": {"uv": [6.3125, 7.5625, 6.25, 7.5], "texture": "#0"},
				"down": {"uv": [7.5625, 6.25, 7.5, 6.3125], "texture": "#0"}
			}
		},
		{
			"from": [6.64, 1.19, 5.28],
			"to": [6.81, 2.55, 5.45],
			"rotation": {"angle": 0, "axis": "y", "origin": [-5.6, -1.19, -5.6]},
			"faces": {
				"north": {"uv": [6.5, 6, 6.5625, 6.25], "texture": "#0"},
				"east": {"uv": [6.25, 6.5, 6.3125, 6.75], "texture": "#0"},
				"south": {"uv": [6.5, 6.5, 6.5625, 6.75], "texture": "#0"},
				"west": {"uv": [0, 6.75, 0.0625, 7], "texture": "#0"},
				"up": {"uv": [6.5625, 7.5625, 6.5, 7.5], "texture": "#0"},
				"down": {"uv": [7.5625, 6.5, 7.5, 6.5625], "texture": "#0"}
			}
		},
		{
			"from": [6.64, 1.19, 5.62],
			"to": [6.81, 2.55, 5.79],
			"rotation": {"angle": 0, "axis": "y", "origin": [-5.6, -1.19, -5.6]},
			"faces": {
				"north": {"uv": [6.75, 0, 6.8125, 0.25], "texture": "#0"},
				"east": {"uv": [0.25, 6.75, 0.3125, 7], "texture": "#0"},
				"south": {"uv": [0.5, 6.75, 0.5625, 7], "texture": "#0"},
				"west": {"uv": [6.75, 0.5, 6.8125, 0.75], "texture": "#0"},
				"up": {"uv": [6.8125, 7.5625, 6.75, 7.5], "texture": "#0"},
				"down": {"uv": [7.5625, 6.75, 7.5, 6.8125], "texture": "#0"}
			}
		},
		{
			"from": [6.64, 1.19, 5.96],
			"to": [6.81, 2.55, 6.13],
			"rotation": {"angle": 0, "axis": "y", "origin": [-5.6, -1.19, -5.6]},
			"faces": {
				"north": {"uv": [0.75, 6.75, 0.8125, 7], "texture": "#0"},
				"east": {"uv": [6.75, 0.75, 6.8125, 1], "texture": "#0"},
				"south": {"uv": [1.25, 6.75, 1.3125, 7], "texture": "#0"},
				"west": {"uv": [1.5, 6.75, 1.5625, 7], "texture": "#0"},
				"up": {"uv": [7.0625, 7.5625, 7, 7.5], "texture": "#0"},
				"down": {"uv": [7.5625, 7, 7.5, 7.0625], "texture": "#0"}
			}
		},
		{
			"from": [9.19, 1.19, 4.94],
			"to": [9.36, 2.55, 5.11],
			"rotation": {"angle": 0, "axis": "y", "origin": [21.6, -1.19, -5.6]},
			"faces": {
				"north": {"uv": [6.75, 1.5, 6.8125, 1.75], "texture": "#0"},
				"east": {"uv": [1.75, 6.75, 1.8125, 7], "texture": "#0"},
				"south": {"uv": [6.75, 1.75, 6.8125, 2], "texture": "#0"},
				"west": {"uv": [2, 6.75, 2.0625, 7], "texture": "#0"},
				"up": {"uv": [7.3125, 7.5625, 7.25, 7.5], "texture": "#0"},
				"down": {"uv": [7.5625, 7.25, 7.5, 7.3125], "texture": "#0"}
			}
		},
		{
			"from": [9.19, 1.19, 5.28],
			"to": [9.36, 2.55, 5.45],
			"rotation": {"angle": 0, "axis": "y", "origin": [21.6, -1.19, -5.6]},
			"faces": {
				"north": {"uv": [6.75, 2, 6.8125, 2.25], "texture": "#0"},
				"east": {"uv": [2.25, 6.75, 2.3125, 7], "texture": "#0"},
				"south": {"uv": [6.75, 2.25, 6.8125, 2.5], "texture": "#0"},
				"west": {"uv": [2.5, 6.75, 2.5625, 7], "texture": "#0"},
				"up": {"uv": [7.5625, 7.5625, 7.5, 7.5], "texture": "#0"},
				"down": {"uv": [0.0625, 7.75, 0, 7.8125], "texture": "#0"}
			}
		},
		{
			"from": [9.19, 1.19, 5.62],
			"to": [9.36, 2.55, 5.79],
			"rotation": {"angle": 0, "axis": "y", "origin": [21.6, -1.19, -5.6]},
			"faces": {
				"north": {"uv": [6.75, 2.5, 6.8125, 2.75], "texture": "#0"},
				"east": {"uv": [2.75, 6.75, 2.8125, 7], "texture": "#0"},
				"south": {"uv": [6.75, 2.75, 6.8125, 3], "texture": "#0"},
				"west": {"uv": [3, 6.75, 3.0625, 7], "texture": "#0"},
				"up": {"uv": [7.8125, 0.0625, 7.75, 0], "texture": "#0"},
				"down": {"uv": [0.3125, 7.75, 0.25, 7.8125], "texture": "#0"}
			}
		},
		{
			"from": [9.19, 1.19, 5.96],
			"to": [9.36, 2.55, 6.13],
			"rotation": {"angle": 0, "axis": "y", "origin": [21.6, -1.19, -5.6]},
			"faces": {
				"north": {"uv": [6.75, 3, 6.8125, 3.25], "texture": "#0"},
				"east": {"uv": [3.25, 6.75, 3.3125, 7], "texture": "#0"},
				"south": {"uv": [6.75, 3.25, 6.8125, 3.5], "texture": "#0"},
				"west": {"uv": [3.5, 6.75, 3.5625, 7], "texture": "#0"},
				"up": {"uv": [7.8125, 0.3125, 7.75, 0.25], "texture": "#0"},
				"down": {"uv": [0.5625, 7.75, 0.5, 7.8125], "texture": "#0"}
			}
		},
		{
			"from": [9.19, 1.19, 6.3],
			"to": [9.36, 2.55, 6.47],
			"rotation": {"angle": 0, "axis": "y", "origin": [21.6, -1.19, -5.6]},
			"faces": {
				"north": {"uv": [6.75, 3.5, 6.8125, 3.75], "texture": "#0"},
				"east": {"uv": [3.75, 6.75, 3.8125, 7], "texture": "#0"},
				"south": {"uv": [6.75, 3.75, 6.8125, 4], "texture": "#0"},
				"west": {"uv": [4, 6.75, 4.0625, 7], "texture": "#0"},
				"up": {"uv": [7.8125, 0.5625, 7.75, 0.5], "texture": "#0"},
				"down": {"uv": [0.8125, 7.75, 0.75, 7.8125], "texture": "#0"}
			}
		},
		{
			"from": [9.19, 1.19, 6.64],
			"to": [9.36, 2.55, 6.81],
			"rotation": {"angle": 0, "axis": "y", "origin": [21.6, -1.19, -5.6]},
			"faces": {
				"north": {"uv": [6.75, 4, 6.8125, 4.25], "texture": "#0"},
				"east": {"uv": [4.25, 6.75, 4.3125, 7], "texture": "#0"},
				"south": {"uv": [6.75, 4.25, 6.8125, 4.5], "texture": "#0"},
				"west": {"uv": [4.5, 6.75, 4.5625, 7], "texture": "#0"},
				"up": {"uv": [7.8125, 0.8125, 7.75, 0.75], "texture": "#0"},
				"down": {"uv": [1.0625, 7.75, 1, 7.8125], "texture": "#0"}
			}
		},
		{
			"from": [9.19, 1.19, 6.98],
			"to": [9.36, 2.55, 7.15],
			"rotation": {"angle": 0, "axis": "y", "origin": [21.6, -1.19, -5.6]},
			"faces": {
				"north": {"uv": [6.75, 4.5, 6.8125, 4.75], "texture": "#0"},
				"east": {"uv": [4.75, 6.75, 4.8125, 7], "texture": "#0"},
				"south": {"uv": [6.75, 4.75, 6.8125, 5], "texture": "#0"},
				"west": {"uv": [5, 6.75, 5.0625, 7], "texture": "#0"},
				"up": {"uv": [7.8125, 1.0625, 7.75, 1], "texture": "#0"},
				"down": {"uv": [1.3125, 7.75, 1.25, 7.8125], "texture": "#0"}
			}
		},
		{
			"from": [9.19, 1.19, 7.32],
			"to": [9.36, 2.55, 7.49],
			"rotation": {"angle": 0, "axis": "y", "origin": [21.6, -1.19, -5.6]},
			"faces": {
				"north": {"uv": [6.75, 5, 6.8125, 5.25], "texture": "#0"},
				"east": {"uv": [5.25, 6.75, 5.3125, 7], "texture": "#0"},
				"south": {"uv": [6.75, 5.25, 6.8125, 5.5], "texture": "#0"},
				"west": {"uv": [5.5, 6.75, 5.5625, 7], "texture": "#0"},
				"up": {"uv": [7.8125, 1.3125, 7.75, 1.25], "texture": "#0"},
				"down": {"uv": [1.5625, 7.75, 1.5, 7.8125], "texture": "#0"}
			}
		},
		{
			"from": [6.81, 4.52877, 7.51164],
			"to": [6.98, 5.03877, 9.04164],
			"rotation": {"angle": 22.5, "axis": "x", "origin": [-5.6, 2.99877, -3.02836]},
			"faces": {
				"north": {"uv": [7.75, 1.5, 7.8125, 1.5625], "texture": "#0"},
				"east": {"uv": [6.75, 5.5, 7, 5.5625], "texture": "#0"},
				"south": {"uv": [1.75, 7.75, 1.8125, 7.8125], "texture": "#0"},
				"west": {"uv": [5.75, 6.75, 6, 6.8125], "texture": "#0"},
				"up": {"uv": [6.8125, 6, 6.75, 5.75], "texture": "#0"},
				"down": {"uv": [6.0625, 6.75, 6, 7], "texture": "#0"}
			}
		},
		{
			"from": [6.81, -3.74, 5.28],
			"to": [6.98, -1.87, 5.45],
			"rotation": {"angle": 0, "axis": "y", "origin": [-5.6, -1.19, -5.6]},
			"faces": {
				"north": {"uv": [6.75, 6, 6.8125, 6.25], "texture": "#0"},
				"east": {"uv": [6.25, 6.75, 6.3125, 7], "texture": "#0"},
				"south": {"uv": [6.75, 6.25, 6.8125, 6.5], "texture": "#0"},
				"west": {"uv": [6.5, 6.75, 6.5625, 7], "texture": "#0"},
				"up": {"uv": [7.8125, 1.8125, 7.75, 1.75], "texture": "#0"},
				"down": {"uv": [2.0625, 7.75, 2, 7.8125], "texture": "#0"}
			}
		},
		{
			"from": [6.81, -5.1, 7.83],
			"to": [6.98, -3.23, 8],
			"rotation": {"angle": 0, "axis": "y", "origin": [-5.6, -1.19, -5.6]},
			"faces": {
				"north": {"uv": [6.75, 6.5, 6.8125, 6.75], "texture": "#0"},
				"east": {"uv": [6.75, 6.75, 6.8125, 7], "texture": "#0"},
				"south": {"uv": [0, 7, 0.0625, 7.25], "texture": "#0"},
				"west": {"uv": [7, 0, 7.0625, 0.25], "texture": "#0"},
				"up": {"uv": [7.8125, 2.0625, 7.75, 2], "texture": "#0"},
				"down": {"uv": [2.3125, 7.75, 2.25, 7.8125], "texture": "#0"}
			}
		},
		{
			"from": [6.81, -6.97, 7.83],
			"to": [6.98, -5.1, 8.17],
			"rotation": {"angle": 0, "axis": "y", "origin": [-5.6, -1.19, -5.6]},
			"faces": {
				"north": {"uv": [0.25, 7, 0.3125, 7.25], "texture": "#0"},
				"east": {"uv": [7, 0.25, 7.0625, 0.5], "texture": "#0"},
				"south": {"uv": [0.5, 7, 0.5625, 7.25], "texture": "#0"},
				"west": {"uv": [7, 0.5, 7.0625, 0.75], "texture": "#0"},
				"up": {"uv": [7.8125, 2.3125, 7.75, 2.25], "texture": "#0"},
				"down": {"uv": [2.5625, 7.75, 2.5, 7.8125], "texture": "#0"}
			}
		},
		{
			"from": [6.98, -3.4, 4.6],
			"to": [9.02, 0, 4.77],
			"rotation": {"angle": 0, "axis": "y", "origin": [-5.6, -1.19, -5.6]},
			"faces": {
				"north": {"uv": [1.5, 3.25, 1.8125, 3.75], "texture": "#0"},
				"east": {"uv": [3.5, 5.5, 3.5625, 6], "texture": "#0"},
				"south": {"uv": [3.25, 2.25, 3.5625, 2.75], "texture": "#0"},
				"west": {"uv": [3.75, 5.5, 3.8125, 6], "texture": "#0"},
				"up": {"uv": [6.3125, 2.8125, 6, 2.75], "texture": "#0"},
				"down": {"uv": [6.3125, 3.75, 6, 3.8125], "texture": "#0"}
			}
		},
		{
			"from": [6.98, -7.72031, 3.46426],
			"to": [9.02, -7.21031, 3.63426],
			"rotation": {"angle": -22.5, "axis": "x", "origin": [-5.6, -2.45031, -5.54574]},
			"faces": {
				"north": {"uv": [6, 4, 6.3125, 4.0625], "texture": "#0"},
				"east": {"uv": [7.75, 2.5, 7.8125, 2.5625], "texture": "#0"},
				"south": {"uv": [6, 4.25, 6.3125, 4.3125], "texture": "#0"},
				"west": {"uv": [2.75, 7.75, 2.8125, 7.8125], "texture": "#0"},
				"up": {"uv": [6.3125, 4.5625, 6, 4.5], "texture": "#0"},
				"down": {"uv": [6.3125, 4.75, 6, 4.8125], "texture": "#0"}
			}
		},
		{
			"from": [6.98, -8.58503, 3.56956],
			"to": [9.02, -8.07503, 3.73956],
			"rotation": {"angle": -22.5, "axis": "x", "origin": [-5.6, -3.31503, -4.59044]},
			"faces": {
				"north": {"uv": [5, 6, 5.3125, 6.0625], "texture": "#0"},
				"east": {"uv": [7.75, 2.75, 7.8125, 2.8125], "texture": "#0"},
				"south": {"uv": [6, 5, 6.3125, 5.0625], "texture": "#0"},
				"west": {"uv": [3, 7.75, 3.0625, 7.8125], "texture": "#0"},
				"up": {"uv": [6.3125, 5.3125, 6, 5.25], "texture": "#0"},
				"down": {"uv": [5.8125, 6, 5.5, 6.0625], "texture": "#0"}
			}
		},
		{
			"from": [6.98, -7.31, 8.51],
			"to": [9.02, -3.4, 8.68],
			"rotation": {"angle": 0, "axis": "y", "origin": [-5.6, -1.19, -5.6]},
			"faces": {
				"north": {"uv": [3, 1.5, 3.3125, 2.0625], "texture": "#0"},
				"east": {"uv": [2.5, 5.5, 2.5625, 6.0625], "texture": "#0"},
				"south": {"uv": [2, 3, 2.3125, 3.5625], "texture": "#0"},
				"west": {"uv": [2.75, 5.5, 2.8125, 6.0625], "texture": "#0"},
				"up": {"uv": [6.3125, 5.5625, 6, 5.5], "texture": "#0"},
				"down": {"uv": [6.3125, 5.75, 6, 5.8125], "texture": "#0"}
			}
		},
		{
			"from": [6.98, -7.31, 8.68],
			"to": [9.02, -4.93, 8.85],
			"rotation": {"angle": 0, "axis": "y", "origin": [-5.6, -1.19, -5.6]},
			"faces": {
				"north": {"uv": [2, 3.75, 2.3125, 4.125], "texture": "#0"},
				"east": {"uv": [4, 5.75, 4.0625, 6.125], "texture": "#0"},
				"south": {"uv": [3.75, 2, 4.0625, 2.375], "texture": "#0"},
				"west": {"uv": [4.25, 5.75, 4.3125, 6.125], "texture": "#0"},
				"up": {"uv": [6.3125, 6.0625, 6, 6], "texture": "#0"},
				"down": {"uv": [0.3125, 6.25, 0, 6.3125], "texture": "#0"}
			}
		},
		{
			"from": [6.98, -9.36975, 7.39803],
			"to": [9.02, -8.85975, 7.56803],
			"rotation": {"angle": -22.5, "axis": "x", "origin": [-5.6, -3.58975, -6.88197]},
			"faces": {
				"north": {"uv": [6.25, 0, 6.5625, 0.0625], "texture": "#0"},
				"east": {"uv": [7.75, 3, 7.8125, 3.0625], "texture": "#0"},
				"south": {"uv": [6.25, 0.5, 6.5625, 0.5625], "texture": "#0"},
				"west": {"uv": [3.25, 7.75, 3.3125, 7.8125], "texture": "#0"},
				"up": {"uv": [6.5625, 0.8125, 6.25, 0.75], "texture": "#0"},
				"down": {"uv": [1.3125, 6.25, 1, 6.3125], "texture": "#0"}
			}
		},
		{
			"from": [6.98, -10.89975, 7.56803],
			"to": [9.02, -10.38975, 7.73803],
			"rotation": {"angle": -22.5, "axis": "x", "origin": [-5.6, -5.11975, -6.71197]},
			"faces": {
				"north": {"uv": [6.25, 1.5, 6.5625, 1.5625], "texture": "#0"},
				"east": {"uv": [7.75, 3.25, 7.8125, 3.3125], "texture": "#0"},
				"south": {"uv": [6.25, 1.75, 6.5625, 1.8125], "texture": "#0"},
				"west": {"uv": [3.5, 7.75, 3.5625, 7.8125], "texture": "#0"},
				"up": {"uv": [2.3125, 6.3125, 2, 6.25], "texture": "#0"},
				"down": {"uv": [2.8125, 6.25, 2.5, 6.3125], "texture": "#0"}
			}
		},
		{
			"from": [6.98, -4.59, 4.77],
			"to": [9.02, 0, 4.94],
			"rotation": {"angle": 0, "axis": "y", "origin": [-5.6, -1.19, -5.6]},
			"faces": {
				"north": {"uv": [0, 2.75, 0.3125, 3.4375], "texture": "#0"},
				"east": {"uv": [2.25, 5.25, 2.3125, 5.9375], "texture": "#0"},
				"south": {"uv": [1, 2.75, 1.3125, 3.4375], "texture": "#0"},
				"west": {"uv": [5, 5.25, 5.0625, 5.9375], "texture": "#0"},
				"up": {"uv": [6.5625, 3.0625, 6.25, 3], "texture": "#0"},
				"down": {"uv": [6.5625, 3.25, 6.25, 3.3125], "texture": "#0"}
			}
		},
		{
			"from": [6.98, -7.31, 5.28],
			"to": [9.02, -6.97, 8.51],
			"rotation": {"angle": 0, "axis": "y", "origin": [-5.6, -1.19, -5.26]},
			"faces": {
				"north": {"uv": [6.25, 3.5, 6.5625, 3.5625], "texture": "#0"},
				"east": {"uv": [4, 5.5, 4.5, 5.5625], "texture": "#0"},
				"south": {"uv": [3.75, 6.25, 4.0625, 6.3125], "texture": "#0"},
				"west": {"uv": [4.5, 5.5, 5, 5.5625], "texture": "#0"},
				"up": {"uv": [3.5625, 3.25, 3.25, 2.75], "texture": "#0"},
				"down": {"uv": [3.5625, 3.25, 3.25, 3.75], "texture": "#0"}
			}
		},
		{
			"from": [6.98, -15.62584, 15.29706],
			"to": [9.02, -15.11584, 15.80706],
			"rotation": {"angle": 45, "axis": "x", "origin": [-5.6, 1.20416, 20.56706]},
			"faces": {
				"north": {"uv": [4.25, 6.25, 4.5625, 6.3125], "texture": "#0"},
				"east": {"uv": [7.75, 3.5, 7.8125, 3.5625], "texture": "#0"},
				"south": {"uv": [4.75, 6.25, 5.0625, 6.3125], "texture": "#0"},
				"west": {"uv": [3.75, 7.75, 3.8125, 7.8125], "texture": "#0"},
				"up": {"uv": [5.5625, 6.3125, 5.25, 6.25], "texture": "#0"},
				"down": {"uv": [6.0625, 6.25, 5.75, 6.3125], "texture": "#0"}
			}
		},
		{
			"from": [6.98, -2.55, 4.09],
			"to": [9.02, 0, 4.6],
			"rotation": {"angle": 0, "axis": "y", "origin": [-5.6, 0, -5.6]},
			"faces": {
				"north": {"uv": [3.75, 2.5, 4.0625, 2.875], "texture": "#0"},
				"east": {"uv": [5.75, 4.25, 5.8125, 4.625], "texture": "#0"},
				"south": {"uv": [3, 3.75, 3.3125, 4.125], "texture": "#0"},
				"west": {"uv": [4.5, 5.75, 4.5625, 6.125], "texture": "#0"},
				"up": {"uv": [6.5625, 6.3125, 6.25, 6.25], "texture": "#0"},
				"down": {"uv": [0.3125, 6.5, 0, 6.5625], "texture": "#0"}
			}
		},
		{
			"from": [6.81, -2.38, 4.26],
			"to": [6.98, -2.04, 4.6],
			"rotation": {"angle": 0, "axis": "y", "origin": [-5.6, 0, -5.6]},
			"faces": {
				"north": {"uv": [7.75, 3.75, 7.8125, 3.8125], "texture": "#0"},
				"east": {"uv": [4, 7.75, 4.0625, 7.8125], "texture": "#0"},
				"south": {"uv": [7.75, 4, 7.8125, 4.0625], "texture": "#0"},
				"west": {"uv": [4.25, 7.75, 4.3125, 7.8125], "texture": "#0"},
				"up": {"uv": [7.8125, 4.3125, 7.75, 4.25], "texture": "#0"},
				"down": {"uv": [4.5625, 7.75, 4.5, 7.8125], "texture": "#0"}
			}
		},
		{
			"from": [6.47, -1.02, 6.3],
			"to": [6.81, -0.68, 6.64],
			"rotation": {"angle": 0, "axis": "y", "origin": [-5.6, 0, -5.6]},
			"faces": {
				"north": {"uv": [7.75, 4.5, 7.8125, 4.5625], "texture": "#0"},
				"east": {"uv": [4.75, 7.75, 4.8125, 7.8125], "texture": "#0"},
				"south": {"uv": [7.75, 4.75, 7.8125, 4.8125], "texture": "#0"},
				"west": {"uv": [5, 7.75, 5.0625, 7.8125], "texture": "#0"},
				"up": {"uv": [7.8125, 5.0625, 7.75, 5], "texture": "#0"},
				"down": {"uv": [5.3125, 7.75, 5.25, 7.8125], "texture": "#0"}
			}
		},
		{
			"from": [7.15, 2.89, 6.64],
			"to": [7.49, 3.23, 7.15],
			"rotation": {"angle": 0, "axis": "y", "origin": [-5.6, 0, -5.6]},
			"faces": {
				"north": {"uv": [7.75, 5.25, 7.8125, 5.3125], "texture": "#0"},
				"east": {"uv": [5.5, 7.75, 5.5625, 7.8125], "texture": "#0"},
				"south": {"uv": [7.75, 5.5, 7.8125, 5.5625], "texture": "#0"},
				"west": {"uv": [5.75, 7.75, 5.8125, 7.8125], "texture": "#0"},
				"up": {"uv": [7.8125, 5.8125, 7.75, 5.75], "texture": "#0"},
				"down": {"uv": [6.0625, 7.75, 6, 7.8125], "texture": "#0"}
			}
		},
		{
			"from": [7.49, 2.89, 6.64],
			"to": [8.51, 3.23, 7.15],
			"rotation": {"angle": 0, "axis": "y", "origin": [-5.6, -0.68, -5.6]},
			"faces": {
				"north": {"uv": [7.25, 2.75, 7.375, 2.8125], "texture": "#0"},
				"east": {"uv": [7.75, 6, 7.8125, 6.0625], "texture": "#0"},
				"south": {"uv": [3, 7.25, 3.125, 7.3125], "texture": "#0"},
				"west": {"uv": [6.25, 7.75, 6.3125, 7.8125], "texture": "#0"},
				"up": {"uv": [7.375, 3.0625, 7.25, 3], "texture": "#0"},
				"down": {"uv": [3.375, 7.25, 3.25, 7.3125], "texture": "#0"}
			}
		},
		{
			"from": [7.15, 3.23, 6.81],
			"to": [7.83, 3.57, 6.98],
			"rotation": {"angle": 0, "axis": "y", "origin": [-5.6, -0.68, -5.6]},
			"faces": {
				"north": {"uv": [7.75, 6.25, 7.8125, 6.3125], "texture": "#0"},
				"east": {"uv": [6.5, 7.75, 6.5625, 7.8125], "texture": "#0"},
				"south": {"uv": [7.75, 6.5, 7.8125, 6.5625], "texture": "#0"},
				"west": {"uv": [6.75, 7.75, 6.8125, 7.8125], "texture": "#0"},
				"up": {"uv": [7.8125, 6.8125, 7.75, 6.75], "texture": "#0"},
				"down": {"uv": [7.0625, 7.75, 7, 7.8125], "texture": "#0"}
			}
		},
		{
			"from": [8.17, 3.23, 6.81],
			"to": [8.85, 3.57, 6.98],
			"rotation": {"angle": 0, "axis": "y", "origin": [21.6, -0.68, -5.6]},
			"faces": {
				"north": {"uv": [7.75, 7, 7.8125, 7.0625], "texture": "#0"},
				"east": {"uv": [7.25, 7.75, 7.3125, 7.8125], "texture": "#0"},
				"south": {"uv": [7.75, 7.25, 7.8125, 7.3125], "texture": "#0"},
				"west": {"uv": [7.5, 7.75, 7.5625, 7.8125], "texture": "#0"},
				"up": {"uv": [7.8125, 7.5625, 7.75, 7.5], "texture": "#0"},
				"down": {"uv": [7.8125, 7.75, 7.75, 7.8125], "texture": "#0"}
			}
		},
		{
			"from": [8.51, 2.89, 6.64],
			"to": [8.85, 3.23, 7.15],
			"rotation": {"angle": 0, "axis": "y", "origin": [21.6, -0.68, -5.6]},
			"faces": {
				"north": {"uv": [0, 8, 0.0625, 8.0625], "texture": "#0"},
				"east": {"uv": [8, 0, 8.0625, 0.0625], "texture": "#0"},
				"south": {"uv": [0.25, 8, 0.3125, 8.0625], "texture": "#0"},
				"west": {"uv": [8, 0.25, 8.0625, 0.3125], "texture": "#0"},
				"up": {"uv": [0.5625, 8.0625, 0.5, 8], "texture": "#0"},
				"down": {"uv": [8.0625, 0.5, 8, 0.5625], "texture": "#0"}
			}
		},
		{
			"from": [6.47, -6.12, 6.81],
			"to": [6.81, -5.78, 7.15],
			"rotation": {"angle": 0, "axis": "y", "origin": [-5.6, 0, -5.6]},
			"faces": {
				"north": {"uv": [0.75, 8, 0.8125, 8.0625], "texture": "#0"},
				"east": {"uv": [8, 0.75, 8.0625, 0.8125], "texture": "#0"},
				"south": {"uv": [1, 8, 1.0625, 8.0625], "texture": "#0"},
				"west": {"uv": [8, 1, 8.0625, 1.0625], "texture": "#0"},
				"up": {"uv": [1.3125, 8.0625, 1.25, 8], "texture": "#0"},
				"down": {"uv": [8.0625, 1.25, 8, 1.3125], "texture": "#0"}
			}
		},
		{
			"from": [9.19, -6.12, 6.81],
			"to": [9.53, -5.78, 7.15],
			"rotation": {"angle": 0, "axis": "y", "origin": [21.6, 0, -5.6]},
			"faces": {
				"north": {"uv": [1.5, 8, 1.5625, 8.0625], "texture": "#0"},
				"east": {"uv": [8, 1.5, 8.0625, 1.5625], "texture": "#0"},
				"south": {"uv": [1.75, 8, 1.8125, 8.0625], "texture": "#0"},
				"west": {"uv": [8, 1.75, 8.0625, 1.8125], "texture": "#0"},
				"up": {"uv": [2.0625, 8.0625, 2, 8], "texture": "#0"},
				"down": {"uv": [8.0625, 2, 8, 2.0625], "texture": "#0"}
			}
		},
		{
			"from": [9.02, -6.97, 5.45],
			"to": [9.19, 0, 7.83],
			"rotation": {"angle": 0, "axis": "y", "origin": [21.6, -1.19, -5.6]},
			"faces": {
				"north": {"uv": [2, 4.5, 2.0625, 5.5], "texture": "#0"},
				"east": {"uv": [1.5, 1.25, 1.875, 2.25], "texture": "#0"},
				"south": {"uv": [2.5, 4.5, 2.5625, 5.5], "texture": "#0"},
				"west": {"uv": [1, 1.75, 1.375, 2.75], "texture": "#0"},
				"up": {"uv": [4.8125, 6.125, 4.75, 5.75], "texture": "#0"},
				"down": {"uv": [5.8125, 4.75, 5.75, 5.125], "texture": "#0"}
			}
		},
		{
			"from": [9.02, -3.74, 5.28],
			"to": [9.19, -1.87, 5.45],
			"rotation": {"angle": 0, "axis": "y", "origin": [21.6, -1.19, -5.6]},
			"faces": {
				"north": {"uv": [0.75, 7, 0.8125, 7.25], "texture": "#0"},
				"east": {"uv": [7, 0.75, 7.0625, 1], "texture": "#0"},
				"south": {"uv": [1, 7, 1.0625, 7.25], "texture": "#0"},
				"west": {"uv": [7, 1, 7.0625, 1.25], "texture": "#0"},
				"up": {"uv": [2.3125, 8.0625, 2.25, 8], "texture": "#0"},
				"down": {"uv": [8.0625, 2.25, 8, 2.3125], "texture": "#0"}
			}
		},
		{
			"from": [9.02, -1.87, 5.11],
			"to": [9.19, 0, 5.45],
			"rotation": {"angle": 0, "axis": "y", "origin": [21.6, -1.19, -5.6]},
			"faces": {
				"north": {"uv": [1.25, 7, 1.3125, 7.25], "texture": "#0"},
				"east": {"uv": [7, 1.25, 7.0625, 1.5], "texture": "#0"},
				"south": {"uv": [1.5, 7, 1.5625, 7.25], "texture": "#0"},
				"west": {"uv": [7, 1.5, 7.0625, 1.75], "texture": "#0"},
				"up": {"uv": [2.5625, 8.0625, 2.5, 8], "texture": "#0"},
				"down": {"uv": [8.0625, 2.5, 8, 2.5625], "texture": "#0"}
			}
		},
		{
			"from": [9.02, -6.97, 7.83],
			"to": [9.19, -5.1, 8.17],
			"rotation": {"angle": 0, "axis": "y", "origin": [21.6, -1.19, -5.6]},
			"faces": {
				"north": {"uv": [1.75, 7, 1.8125, 7.25], "texture": "#0"},
				"east": {"uv": [7, 1.75, 7.0625, 2], "texture": "#0"},
				"south": {"uv": [2, 7, 2.0625, 7.25], "texture": "#0"},
				"west": {"uv": [7, 2, 7.0625, 2.25], "texture": "#0"},
				"up": {"uv": [2.8125, 8.0625, 2.75, 8], "texture": "#0"},
				"down": {"uv": [8.0625, 2.75, 8, 2.8125], "texture": "#0"}
			}
		},
		{
			"from": [9.02, -5.1, 7.83],
			"to": [9.19, -3.23, 8],
			"rotation": {"angle": 0, "axis": "y", "origin": [21.6, -1.19, -5.6]},
			"faces": {
				"north": {"uv": [2.25, 7, 2.3125, 7.25], "texture": "#0"},
				"east": {"uv": [7, 2.25, 7.0625, 2.5], "texture": "#0"},
				"south": {"uv": [2.5, 7, 2.5625, 7.25], "texture": "#0"},
				"west": {"uv": [7, 2.5, 7.0625, 2.75], "texture": "#0"},
				"up": {"uv": [3.0625, 8.0625, 3, 8], "texture": "#0"},
				"down": {"uv": [8.0625, 3, 8, 3.0625], "texture": "#0"}
			}
		},
		{
			"from": [9.19, -1.02, 6.3],
			"to": [9.53, -0.68, 6.64],
			"rotation": {"angle": 0, "axis": "y", "origin": [21.6, 0, -5.6]},
			"faces": {
				"north": {"uv": [3.25, 8, 3.3125, 8.0625], "texture": "#0"},
				"east": {"uv": [8, 3.25, 8.0625, 3.3125], "texture": "#0"},
				"south": {"uv": [3.5, 8, 3.5625, 8.0625], "texture": "#0"},
				"west": {"uv": [8, 3.5, 8.0625, 3.5625], "texture": "#0"},
				"up": {"uv": [3.8125, 8.0625, 3.75, 8], "texture": "#0"},
				"down": {"uv": [8.0625, 3.75, 8, 3.8125], "texture": "#0"}
			}
		},
		{
			"from": [9.02, -2.38, 4.26],
			"to": [9.19, -2.04, 4.6],
			"rotation": {"angle": 0, "axis": "y", "origin": [21.6, 0, -5.6]},
			"faces": {
				"north": {"uv": [4, 8, 4.0625, 8.0625], "texture": "#0"},
				"east": {"uv": [8, 4, 8.0625, 4.0625], "texture": "#0"},
				"south": {"uv": [4.25, 8, 4.3125, 8.0625], "texture": "#0"},
				"west": {"uv": [8, 4.25, 8.0625, 4.3125], "texture": "#0"},
				"up": {"uv": [4.5625, 8.0625, 4.5, 8], "texture": "#0"},
				"down": {"uv": [8.0625, 4.5, 8, 4.5625], "texture": "#0"}
			}
		},
		{
			"from": [7.49, -2.55, 1.88],
			"to": [8.51, -2.04, 4.09],
			"rotation": {"angle": 0, "axis": "y", "origin": [-5.6, 0, -5.6]},
			"faces": {
				"north": {"uv": [7.25, 3.25, 7.375, 3.3125], "texture": "#0"},
				"east": {"uv": [6.5, 0.25, 6.8125, 0.3125], "texture": "#0"},
				"south": {"uv": [3.5, 7.25, 3.625, 7.3125], "texture": "#0"},
				"west": {"uv": [0.5, 6.5, 0.8125, 6.5625], "texture": "#0"},
				"up": {"uv": [5.375, 4.8125, 5.25, 4.5], "texture": "#0"},
				"down": {"uv": [5.375, 5.25, 5.25, 5.5625], "texture": "#0"}
			}
		},
		{
			"from": [7.83, -2.04, 2.56],
			"to": [8.17, 0, 4.09],
			"rotation": {"angle": 0, "axis": "y", "origin": [-5.6, 0, -6.62]},
			"faces": {
				"north": {"uv": [1.5, 6.25, 1.5625, 6.5625], "texture": "#0"},
				"east": {"uv": [2.25, 4.25, 2.5, 4.5625], "texture": "#0"},
				"south": {"uv": [1, 6.5, 1.0625, 6.8125], "texture": "#0"},
				"west": {"uv": [4.25, 2.25, 4.5, 2.5625], "texture": "#0"},
				"up": {"uv": [2.8125, 7.25, 2.75, 7], "texture": "#0"},
				"down": {"uv": [7.0625, 2.75, 7, 3], "texture": "#0"}
			}
		},
		{
			"from": [7.83, 3.00303, 3.25879],
			"to": [8.17, 3.51303, 3.59879],
			"rotation": {"angle": 22.5, "axis": "x", "origin": [-5.6, 3.51303, -5.92121]},
			"faces": {
				"north": {"uv": [4.75, 8, 4.8125, 8.0625], "texture": "#0"},
				"east": {"uv": [8, 4.75, 8.0625, 4.8125], "texture": "#0"},
				"south": {"uv": [5, 8, 5.0625, 8.0625], "texture": "#0"},
				"west": {"uv": [8, 5, 8.0625, 5.0625], "texture": "#0"},
				"up": {"uv": [5.3125, 8.0625, 5.25, 8], "texture": "#0"},
				"down": {"uv": [8.0625, 5.25, 8, 5.3125], "texture": "#0"}
			}
		},
		{
			"from": [7.83, 1.47303, 3.93878],
			"to": [8.17, 1.98303, 4.10879],
			"rotation": {"angle": 22.5, "axis": "x", "origin": [-5.6, 3.51303, -5.92121]},
			"faces": {
				"north": {"uv": [5.5, 8, 5.5625, 8.0625], "texture": "#0"},
				"east": {"uv": [8, 5.5, 8.0625, 5.5625], "texture": "#0"},
				"south": {"uv": [5.75, 8, 5.8125, 8.0625], "texture": "#0"},
				"west": {"uv": [8, 5.75, 8.0625, 5.8125], "texture": "#0"},
				"up": {"uv": [6.0625, 8.0625, 6, 8], "texture": "#0"},
				"down": {"uv": [8.0625, 6, 8, 6.0625], "texture": "#0"}
			}
		},
		{
			"from": [7.83, -4.4942, 3.06363],
			"to": [8.17, -3.9842, 3.40363],
			"rotation": {"angle": -22.5, "axis": "x", "origin": [-5.6, -3.9842, -6.11638]},
			"faces": {
				"north": {"uv": [6.25, 8, 6.3125, 8.0625], "texture": "#0"},
				"east": {"uv": [8, 6.25, 8.0625, 6.3125], "texture": "#0"},
				"south": {"uv": [6.5, 8, 6.5625, 8.0625], "texture": "#0"},
				"west": {"uv": [8, 6.5, 8.0625, 6.5625], "texture": "#0"},
				"up": {"uv": [6.8125, 8.0625, 6.75, 8], "texture": "#0"},
				"down": {"uv": [8.0625, 6.75, 8, 6.8125], "texture": "#0"}
			}
		},
		{
			"from": [7.49, 0.96409, 2.40345],
			"to": [8.51, 1.47409, 3.59345],
			"rotation": {"angle": 22.5, "axis": "x", "origin": [-5.6, 3.51409, -6.09655]},
			"faces": {
				"north": {"uv": [7.25, 3.5, 7.375, 3.5625], "texture": "#0"},
				"east": {"uv": [5.5, 7, 5.6875, 7.0625], "texture": "#0"},
				"south": {"uv": [3.75, 7.25, 3.875, 7.3125], "texture": "#0"},
				"west": {"uv": [7, 5.5, 7.1875, 5.5625], "texture": "#0"},
				"up": {"uv": [5.375, 5.9375, 5.25, 5.75], "texture": "#0"},
				"down": {"uv": [5.875, 5.25, 5.75, 5.4375], "texture": "#0"}
			}
		},
		{
			"from": [7.49, -1.85637, -3.12172],
			"to": [8.51, -0.66637, -2.61172],
			"rotation": {"angle": -22.5, "axis": "x", "origin": [-5.6, 7.83363, -0.57172]},
			"faces": {
				"north": {"uv": [5.5, 5.75, 5.625, 5.9375], "texture": "#0"},
				"east": {"uv": [5.75, 7, 5.8125, 7.1875], "texture": "#0"},
				"south": {"uv": [5.75, 5.75, 5.875, 5.9375], "texture": "#0"},
				"west": {"uv": [7, 5.75, 7.0625, 5.9375], "texture": "#0"},
				"up": {"uv": [7.375, 3.8125, 7.25, 3.75], "texture": "#0"},
				"down": {"uv": [4.125, 7.25, 4, 7.3125], "texture": "#0"}
			}
		},
		{
			"from": [7.49, -0.9952, 0.3252],
			"to": [8.51, 0.1948, 0.8352],
			"rotation": {"angle": 0, "axis": "y", "origin": [-5.6, 8.6948, 2.8752]},
			"faces": {
				"north": {"uv": [0, 6, 0.125, 6.1875], "texture": "#0"},
				"east": {"uv": [6, 7, 6.0625, 7.1875], "texture": "#0"},
				"south": {"uv": [6, 0, 6.125, 0.1875], "texture": "#0"},
				"west": {"uv": [7, 6, 7.0625, 6.1875], "texture": "#0"},
				"up": {"uv": [7.375, 4.0625, 7.25, 4], "texture": "#0"},
				"down": {"uv": [4.375, 7.25, 4.25, 7.3125], "texture": "#0"}
			}
		},
		{
			"from": [6.98, -8.63729, 0.62605],
			"to": [9.02, -7.78729, 1.13605],
			"rotation": {"angle": -45, "axis": "x", "origin": [-5.6, -0.98729, -3.96395]},
			"faces": {
				"north": {"uv": [5.5, 0, 5.8125, 0.125], "texture": "#0"},
				"east": {"uv": [7.25, 4.25, 7.3125, 4.375], "texture": "#0"},
				"south": {"uv": [5.5, 0.25, 5.8125, 0.375], "texture": "#0"},
				"west": {"uv": [4.5, 7.25, 4.5625, 7.375], "texture": "#0"},
				"up": {"uv": [6.8125, 1.0625, 6.5, 1], "texture": "#0"},
				"down": {"uv": [6.8125, 1.25, 6.5, 1.3125], "texture": "#0"}
			}
		},
		{
			"from": [6.98, 4.16349, 11.15612],
			"to": [9.02, 5.01349, 13.53612],
			"rotation": {"angle": 22.5, "axis": "x", "origin": [-5.77, 9.94349, -1.25388]},
			"faces": {
				"north": {"uv": [5.5, 1.5, 5.8125, 1.625], "texture": "#0"},
				"east": {"uv": [2.75, 5, 3.125, 5.125], "texture": "#0"},
				"south": {"uv": [5.5, 1.75, 5.8125, 1.875], "texture": "#0"},
				"west": {"uv": [3.25, 5, 3.625, 5.125], "texture": "#0"},
				"up": {"uv": [4.0625, 3.375, 3.75, 3], "texture": "#0"},
				"down": {"uv": [3.8125, 3.75, 3.5, 4.125], "texture": "#0"}
			}
		},
		{
			"from": [7.66, -0.76651, 8.26612],
			"to": [8.34, 0.08349, 10.64612],
			"rotation": {"angle": 0, "axis": "x", "origin": [-5.77, 9.94349, -1.25388]},
			"faces": {
				"north": {"uv": [3, 7, 3.125, 7.125], "texture": "#0"},
				"east": {"uv": [3.75, 5, 4.125, 5.125], "texture": "#0"},
				"south": {"uv": [7, 3, 7.125, 3.125], "texture": "#0"},
				"west": {"uv": [4.25, 5, 4.625, 5.125], "texture": "#0"},
				"up": {"uv": [2.375, 5.125, 2.25, 4.75], "texture": "#0"},
				"down": {"uv": [4.875, 5, 4.75, 5.375], "texture": "#0"}
			}
		},
		{
			"from": [6.98, 9.54043, 6.62071],
			"to": [9.02, 11.24043, 7.81071],
			"rotation": {"angle": 45, "axis": "x", "origin": [-5.77, 2.91043, -5.78929]},
			"faces": {
				"north": {"uv": [4.25, 2.75, 4.5625, 3], "texture": "#0"},
				"east": {"uv": [3.5, 2, 3.6875, 2.25], "texture": "#0"},
				"south": {"uv": [3, 4.25, 3.3125, 4.5], "texture": "#0"},
				"west": {"uv": [3.75, 3.5, 3.9375, 3.75], "texture": "#0"},
				"up": {"uv": [3.0625, 4.6875, 2.75, 4.5], "texture": "#0"},
				"down": {"uv": [3.5625, 4.5, 3.25, 4.6875], "texture": "#0"}
			}
		}
	],
	"display": {
		"thirdperson_righthand": {
			"translation": [0, 5, 3.5],
			"scale": [0.5, 0.5, 0.5]
		},
		"thirdperson_lefthand": {
			"translation": [0, 4.75, 3.5],
			"scale": [0.5, 0.5, 0.5]
		},
		"firstperson_righthand": {
			"translation": [34.5, 15.75, -34.25],
			"scale": [4, 4, 4]
		},
		"firstperson_lefthand": {
			"translation": [-9, 10, 8],
			"scale": [0.5, 0.5, 0.5]
		},
		"ground": {
			"rotation": [0, 0, 90],
			"translation": [-5.5, 0.25, 3.75],
			"scale": [0.6, 0.6, 0.6]
		},
		"gui": {
			"rotation": [28, 49, 0],
			"translation": [5.25, 6.5, 0]
		},
		"fixed": {
			"rotation": [0, -90, 0],
			"translation": [-7.25, 9.5, 0]
		}
	}
}