{
	"credit": "Made with Blockbench",
	"texture_size": [64, 64],
	"textures": {
		"2": "item/pf",
		"particle": "item/pf"
	},
	"elements": [
		{
			"from": [6, 0, 1],
			"to": [10, 2, 3],
			"faces": {
				"north": {"uv": [3.008, 5.008, 3.992, 5.492], "texture": "#2"},
				"east": {"uv": [6.758, 6.508, 7.242, 6.992], "texture": "#2"},
				"south": {"uv": [4.008, 5.008, 4.992, 5.492], "texture": "#2"},
				"west": {"uv": [5.008, 7.008, 5.492, 7.492], "texture": "#2"},
				"up": {"uv": [5.992, 5.492, 5.008, 5.008], "texture": "#2"},
				"down": {"uv": [3.992, 5.508, 3.008, 5.992], "texture": "#2"}
			}
		},
		{
			"from": [9.70709, 0, -1.35477],
			"to": [10.70709, 2, 2.24523],
			"rotation": {"angle": -22.5, "axis": "y", "origin": [-0.59291, 0, -0.95477]},
			"faces": {
				"north": {"uv": [8.008, 2.008, 8.242, 2.492], "texture": "#2"},
				"east": {"uv": [4.008, 5.508, 4.875, 5.992], "texture": "#2"},
				"south": {"uv": [8.008, 2.508, 8.242, 2.992], "texture": "#2"},
				"west": {"uv": [5.008, 5.508, 5.875, 5.992], "texture": "#2"},
				"up": {"uv": [7.492, 3.875, 7.258, 3.008], "texture": "#2"},
				"down": {"uv": [7.492, 4.008, 7.258, 4.875], "texture": "#2"}
			}
		},
		{
			"from": [5.29291, 0, -1.35477],
			"to": [6.29291, 2, 2.24523],
			"rotation": {"angle": 22.5, "axis": "y", "origin": [16.59291, 0, -0.95477]},
			"faces": {
				"north": {"uv": [8.008, 3.508, 8.242, 3.992], "texture": "#2"},
				"east": {"uv": [3.008, 6.008, 3.875, 6.492], "texture": "#2"},
				"south": {"uv": [8.008, 4.008, 8.242, 4.492], "texture": "#2"},
				"west": {"uv": [4.008, 6.008, 4.875, 6.492], "texture": "#2"},
				"up": {"uv": [7.492, 7.375, 7.258, 6.508], "texture": "#2"},
				"down": {"uv": [7.742, 1.508, 7.508, 2.375], "texture": "#2"}
			}
		},
		{
			"from": [7, -1, 1],
			"to": [9, 0, 3],
			"faces": {
				"north": {"uv": [7.758, 7.508, 8.242, 7.742], "texture": "#2"},
				"east": {"uv": [8.008, 4.508, 8.492, 4.742], "texture": "#2"},
				"south": {"uv": [8.008, 4.758, 8.492, 4.992], "texture": "#2"},
				"west": {"uv": [5.008, 8.008, 5.492, 8.242], "texture": "#2"},
				"up": {"uv": [5.992, 7.492, 5.508, 7.008], "texture": "#2"},
				"down": {"uv": [6.492, 7.008, 6.008, 7.492], "texture": "#2"}
			}
		},
		{
			"from": [6.10051, -8, 1],
			"to": [7.50051, -7, 3],
			"rotation": {"angle": 45, "axis": "z", "origin": [-0.89949, -1, 0]},
			"faces": {
				"north": {"uv": [8.258, 7.508, 8.625, 7.742], "texture": "#2"},
				"east": {"uv": [5.508, 8.008, 5.992, 8.242], "texture": "#2"},
				"south": {"uv": [8.508, 1.508, 8.875, 1.742], "texture": "#2"},
				"west": {"uv": [8.008, 5.508, 8.492, 5.742], "texture": "#2"},
				"up": {"uv": [7.875, 3.992, 7.508, 3.508], "texture": "#2"},
				"down": {"uv": [7.875, 4.008, 7.508, 4.492], "texture": "#2"}
			}
		},
		{
			"from": [8.49949, -8, 1],
			"to": [9.89949, -7, 3],
			"rotation": {"angle": -45, "axis": "z", "origin": [16.89949, -1, 0]},
			"faces": {
				"north": {"uv": [8.508, 1.758, 8.875, 1.992], "texture": "#2"},
				"east": {"uv": [8.008, 5.758, 8.492, 5.992], "texture": "#2"},
				"south": {"uv": [8.508, 2.258, 8.875, 2.492], "texture": "#2"},
				"west": {"uv": [6.008, 8.008, 6.492, 8.242], "texture": "#2"},
				"up": {"uv": [7.875, 4.992, 7.508, 4.508], "texture": "#2"},
				"down": {"uv": [5.375, 7.508, 5.008, 7.992], "texture": "#2"}
			}
		},
		{
			"from": [7, 2, 1],
			"to": [9, 3, 3],
			"faces": {
				"north": {"uv": [8.008, 6.008, 8.492, 6.242], "texture": "#2"},
				"east": {"uv": [8.008, 6.258, 8.492, 6.492], "texture": "#2"},
				"south": {"uv": [8.008, 6.508, 8.492, 6.742], "texture": "#2"},
				"west": {"uv": [8.008, 6.758, 8.492, 6.992], "texture": "#2"},
				"up": {"uv": [7.242, 7.492, 6.758, 7.008], "texture": "#2"},
				"down": {"uv": [7.742, 2.508, 7.258, 2.992], "texture": "#2"}
			}
		},
		{
			"from": [7, 2.97027, 1.52213],
			"to": [9, 3.97027, 5.12213],
			"rotation": {"angle": 22.5, "axis": "x", "origin": [0, -0.22973, -0.17787]},
			"faces": {
				"north": {"uv": [8.008, 7.008, 8.492, 7.242], "texture": "#2"},
				"east": {"uv": [7.258, 5.008, 8.125, 5.242], "texture": "#2"},
				"south": {"uv": [8.008, 7.758, 8.492, 7.992], "texture": "#2"},
				"west": {"uv": [7.258, 5.258, 8.125, 5.492], "texture": "#2"},
				"up": {"uv": [5.492, 6.875, 5.008, 6.008], "texture": "#2"},
				"down": {"uv": [6.492, 5.008, 6.008, 5.875], "texture": "#2"}
			}
		},
		{
			"from": [7, -1.16122, -3.81052],
			"to": [9, -0.16122, -0.21052],
			"rotation": {"angle": -22.5, "axis": "x", "origin": [0, 16.03878, -0.81052]},
			"faces": {
				"north": {"uv": [8.008, 8.008, 8.492, 8.242], "texture": "#2"},
				"east": {"uv": [7.508, 3.008, 8.375, 3.242], "texture": "#2"},
				"south": {"uv": [8.258, 2.008, 8.742, 2.242], "texture": "#2"},
				"west": {"uv": [7.508, 3.258, 8.375, 3.492], "texture": "#2"},
				"up": {"uv": [5.992, 6.875, 5.508, 6.008], "texture": "#2"},
				"down": {"uv": [6.492, 6.008, 6.008, 6.875], "texture": "#2"}
			}
		},
		{
			"from": [5.42826, 0, 3.01703],
			"to": [6.37826, 1.9, 5.48703],
			"rotation": {"angle": -22.5, "axis": "y", "origin": [16.16326, 0, 5.10703]},
			"faces": {
				"north": {"uv": [8.258, 2.258, 8.492, 2.742], "texture": "#2"},
				"east": {"uv": [6.758, 1.508, 7.375, 1.992], "texture": "#2"},
				"south": {"uv": [8.258, 3.508, 8.492, 3.992], "texture": "#2"},
				"west": {"uv": [6.758, 2.008, 7.375, 2.492], "texture": "#2"},
				"up": {"uv": [7.742, 7.125, 7.508, 6.508], "texture": "#2"},
				"down": {"uv": [6.992, 7.508, 6.758, 8.125], "texture": "#2"}
			}
		},
		{
			"from": [7.05, 2.82176, 0.28398],
			"to": [8.95, 3.77176, 2.75398],
			"rotation": {"angle": -22.5, "axis": "x", "origin": [0.4, -0.21824, 4.36898]},
			"faces": {
				"north": {"uv": [8.258, 2.758, 8.742, 2.992], "texture": "#2"},
				"east": {"uv": [7.008, 7.508, 7.625, 7.742], "texture": "#2"},
				"south": {"uv": [8.258, 4.008, 8.742, 4.242], "texture": "#2"},
				"west": {"uv": [7.508, 7.258, 8.125, 7.492], "texture": "#2"},
				"up": {"uv": [7.242, 3.125, 6.758, 2.508], "texture": "#2"},
				"down": {"uv": [7.242, 3.258, 6.758, 3.875], "texture": "#2"}
			}
		},
		{
			"from": [7.05, -1.10316, 5.34999],
			"to": [8.95, -0.15316, 7.81999],
			"rotation": {"angle": 22.5, "axis": "x", "origin": [0.4, 15.23684, 4.96999]},
			"faces": {
				"north": {"uv": [8.258, 4.258, 8.742, 4.492], "texture": "#2"},
				"east": {"uv": [7.758, 1.508, 8.375, 1.742], "texture": "#2"},
				"south": {"uv": [5.008, 8.258, 5.492, 8.492], "texture": "#2"},
				"west": {"uv": [7.758, 1.758, 8.375, 1.992], "texture": "#2"},
				"up": {"uv": [7.242, 4.625, 6.758, 4.008], "texture": "#2"},
				"down": {"uv": [7.242, 4.758, 6.758, 5.375], "texture": "#2"}
			}
		},
		{
			"from": [9.62174, 0, 3.01703],
			"to": [10.57174, 1.9, 5.48703],
			"rotation": {"angle": 22.5, "axis": "y", "origin": [-0.16326, 0, 5.10703]},
			"faces": {
				"north": {"uv": [8.258, 5.008, 8.492, 5.492], "texture": "#2"},
				"east": {"uv": [6.758, 5.508, 7.375, 5.992], "texture": "#2"},
				"south": {"uv": [5.508, 8.258, 5.742, 8.742], "texture": "#2"},
				"west": {"uv": [6.758, 6.008, 7.375, 6.492], "texture": "#2"},
				"up": {"uv": [7.992, 2.625, 7.758, 2.008], "texture": "#2"},
				"down": {"uv": [7.992, 6.508, 7.758, 7.125], "texture": "#2"}
			}
		},
		{
			"from": [10.35736, -3.48528, 1],
			"to": [11.75736, -2.48528, 3],
			"rotation": {"angle": 45, "axis": "z", "origin": [2.75736, -5.48528, 0]},
			"faces": {
				"north": {"uv": [8.508, 2.508, 8.875, 2.742], "texture": "#2"},
				"east": {"uv": [5.758, 8.258, 6.242, 8.492], "texture": "#2"},
				"south": {"uv": [8.508, 3.008, 8.875, 3.242], "texture": "#2"},
				"west": {"uv": [6.758, 8.258, 7.242, 8.492], "texture": "#2"},
				"up": {"uv": [5.875, 7.992, 5.508, 7.508], "texture": "#2"},
				"down": {"uv": [7.875, 5.508, 7.508, 5.992], "texture": "#2"}
			}
		},
		{
			"from": [4.24264, -3.48528, 1],
			"to": [5.64264, -2.48528, 3],
			"rotation": {"angle": -45, "axis": "z", "origin": [13.24264, -5.48528, 0]},
			"faces": {
				"north": {"uv": [8.508, 3.258, 8.875, 3.492], "texture": "#2"},
				"east": {"uv": [7.258, 8.258, 7.742, 8.492], "texture": "#2"},
				"south": {"uv": [8.508, 3.508, 8.875, 3.742], "texture": "#2"},
				"west": {"uv": [8.258, 7.258, 8.742, 7.492], "texture": "#2"},
				"up": {"uv": [6.375, 7.992, 6.008, 7.508], "texture": "#2"},
				"down": {"uv": [7.875, 6.008, 7.508, 6.492], "texture": "#2"}
			}
		},
		{
			"name": "hexadecagon",
			"from": [7.85082, 0.25, 5.5],
			"to": [8.14918, 1.75, 31.5],
			"rotation": {"angle": -45, "axis": "z", "origin": [8, 1, 14]},
			"faces": {
				"north": {"uv": [8.758, 4.008, 8.8125, 4.375], "texture": "#2"},
				"east": {"uv": [0.008, 0.008, 6.492, 0.375], "texture": "#2"},
				"south": {"uv": [8.758, 4.758, 8.8125, 5.125], "texture": "#2"},
				"west": {"uv": [0.008, 0.508, 6.492, 0.875], "texture": "#2"},
				"up": {"uv": [6.5625, 6.492, 6.508, 0.008], "texture": "#2"},
				"down": {"uv": [3.0625, 6.508, 3.008, 12.992], "texture": "#2"}
			}
		},
		{
			"name": "hexadecagon",
			"from": [7.85082, 0.25, 5.5],
			"to": [8.14918, 1.75, 31.5],
			"rotation": {"angle": -22.5, "axis": "z", "origin": [8, 1, 14]},
			"faces": {
				"north": {"uv": [5.258, 8.758, 5.3125, 9.125], "texture": "#2"},
				"east": {"uv": [0.008, 1.008, 6.492, 1.375], "texture": "#2"},
				"south": {"uv": [8.758, 5.258, 8.8125, 5.625], "texture": "#2"},
				"west": {"uv": [0.008, 1.508, 6.492, 1.875], "texture": "#2"},
				"up": {"uv": [3.3125, 12.992, 3.258, 6.508], "texture": "#2"},
				"down": {"uv": [3.5625, 6.508, 3.508, 12.992], "texture": "#2"}
			}
		},
		{
			"name": "hexadecagon",
			"from": [7.85082, 0.25, 5.5],
			"to": [8.14918, 1.75, 31.5],
			"rotation": {"angle": 0, "axis": "z", "origin": [8, 1, 14]},
			"faces": {
				"north": {"uv": [5.508, 8.758, 5.5625, 9.125], "texture": "#2"},
				"east": {"uv": [0.008, 2.008, 6.492, 2.375], "texture": "#2"},
				"south": {"uv": [5.758, 8.758, 5.8125, 9.125], "texture": "#2"},
				"west": {"uv": [0.008, 2.508, 6.492, 2.875], "texture": "#2"},
				"up": {"uv": [3.8125, 12.992, 3.758, 6.508], "texture": "#2"},
				"down": {"uv": [4.0625, 6.508, 4.008, 12.992], "texture": "#2"}
			}
		},
		{
			"name": "hexadecagon",
			"from": [7.85082, 0.25, 5.5],
			"to": [8.14918, 1.75, 31.5],
			"rotation": {"angle": 22.5, "axis": "z", "origin": [8, 1, 14]},
			"faces": {
				"north": {"uv": [8.758, 5.758, 8.8125, 6.125], "texture": "#2"},
				"east": {"uv": [0.008, 3.008, 6.492, 3.375], "texture": "#2"},
				"south": {"uv": [6.258, 8.758, 6.3125, 9.125], "texture": "#2"},
				"west": {"uv": [0.008, 3.508, 6.492, 3.875], "texture": "#2"},
				"up": {"uv": [4.3125, 12.992, 4.258, 6.508], "texture": "#2"},
				"down": {"uv": [4.5625, 6.508, 4.508, 12.992], "texture": "#2"}
			}
		},
		{
			"name": "hexadecagon",
			"from": [7.85082, 0.25, 5.5],
			"to": [8.14918, 1.75, 31.5],
			"rotation": {"angle": 45, "axis": "z", "origin": [8, 1, 14]},
			"faces": {
				"north": {"uv": [6.758, 8.758, 6.8125, 9.125], "texture": "#2"},
				"east": {"uv": [0.008, 4.008, 6.492, 4.375], "texture": "#2"},
				"south": {"uv": [8.758, 6.758, 8.8125, 7.125], "texture": "#2"},
				"west": {"uv": [0.008, 4.508, 6.492, 4.875], "texture": "#2"},
				"up": {"uv": [4.8125, 12.992, 4.758, 6.508], "texture": "#2"},
				"down": {"uv": [6.5625, 6.508, 6.508, 12.992], "texture": "#2"}
			}
		},
		{
			"name": "hexadecagon",
			"from": [7.25, 0.85082, 5.5],
			"to": [8.75, 1.14918, 31.5],
			"rotation": {"angle": -22.5, "axis": "z", "origin": [8, 1, 14]},
			"faces": {
				"north": {"uv": [8.758, 2.008, 9.125, 2.0625], "texture": "#2"},
				"east": {"uv": [6.758, 0.008, 13.242, 0.0625], "texture": "#2"},
				"south": {"uv": [8.758, 2.758, 9.125, 2.8125], "texture": "#2"},
				"west": {"uv": [6.758, 0.258, 13.242, 0.3125], "texture": "#2"},
				"up": {"uv": [0.375, 11.492, 0.008, 5.008], "texture": "#2"},
				"down": {"uv": [0.875, 5.008, 0.508, 11.492], "texture": "#2"}
			}
		},
		{
			"name": "hexadecagon",
			"from": [7.25, 0.85082, 5.5],
			"to": [8.75, 1.14918, 31.5],
			"rotation": {"angle": 0, "axis": "z", "origin": [8, 1, 14]},
			"faces": {
				"north": {"uv": [8.758, 6.258, 9.125, 6.3125], "texture": "#2"},
				"east": {"uv": [6.758, 0.508, 13.242, 0.5625], "texture": "#2"},
				"south": {"uv": [7.008, 8.758, 7.375, 8.8125], "texture": "#2"},
				"west": {"uv": [6.758, 0.758, 13.242, 0.8125], "texture": "#2"},
				"up": {"uv": [1.375, 11.492, 1.008, 5.008], "texture": "#2"},
				"down": {"uv": [1.875, 5.008, 1.508, 11.492], "texture": "#2"}
			}
		},
		{
			"name": "hexadecagon",
			"from": [7.25, 0.85082, 5.5],
			"to": [8.75, 1.14918, 31.5],
			"rotation": {"angle": 22.5, "axis": "z", "origin": [8, 1, 14]},
			"faces": {
				"north": {"uv": [8.758, 7.258, 9.125, 7.3125], "texture": "#2"},
				"east": {"uv": [6.758, 1.008, 13.242, 1.0625], "texture": "#2"},
				"south": {"uv": [7.508, 8.758, 7.875, 8.8125], "texture": "#2"},
				"west": {"uv": [6.758, 1.258, 13.242, 1.3125], "texture": "#2"},
				"up": {"uv": [2.375, 11.492, 2.008, 5.008], "texture": "#2"},
				"down": {"uv": [2.875, 5.008, 2.508, 11.492], "texture": "#2"}
			}
		},
		{
			"name": "hexadecagon",
			"from": [7.85082, 0.25, 31.5],
			"to": [8.14918, 0.35, 31.7],
			"rotation": {"angle": -45, "axis": "z", "origin": [8, 1, 32]},
			"faces": {
				"north": {"uv": [9.508, 2.008, 9.5625, 2.0625], "texture": "#2"},
				"east": {"uv": [9.508, 2.258, 9.5625, 2.3125], "texture": "#2"},
				"south": {"uv": [9.508, 2.508, 9.5625, 2.5625], "texture": "#2"},
				"west": {"uv": [9.508, 2.758, 9.5625, 2.8125], "texture": "#2"},
				"up": {"uv": [9.5625, 3.0625, 9.508, 3.008], "texture": "#2"},
				"down": {"uv": [9.5625, 3.258, 9.508, 3.3125], "texture": "#2"}
			}
		},
		{
			"name": "hexadecagon",
			"from": [7.85082, 0.25, 31.5],
			"to": [8.14918, 0.35, 31.7],
			"rotation": {"angle": -22.5, "axis": "z", "origin": [8, 1, 32]},
			"faces": {
				"north": {"uv": [9.508, 3.508, 9.5625, 3.5625], "texture": "#2"},
				"east": {"uv": [9.508, 3.758, 9.5625, 3.8125], "texture": "#2"},
				"south": {"uv": [9.508, 4.008, 9.5625, 4.0625], "texture": "#2"},
				"west": {"uv": [9.508, 4.258, 9.5625, 4.3125], "texture": "#2"},
				"up": {"uv": [9.5625, 4.5625, 9.508, 4.508], "texture": "#2"},
				"down": {"uv": [9.5625, 4.758, 9.508, 4.8125], "texture": "#2"}
			}
		},
		{
			"name": "hexadecagon",
			"from": [7.85082, 0.25, 31.5],
			"to": [8.14918, 0.35, 31.7],
			"rotation": {"angle": 0, "axis": "z", "origin": [8, 1, 32]},
			"faces": {
				"north": {"uv": [5.008, 9.508, 5.0625, 9.5625], "texture": "#2"},
				"east": {"uv": [9.508, 5.008, 9.5625, 5.0625], "texture": "#2"},
				"south": {"uv": [5.258, 9.508, 5.3125, 9.5625], "texture": "#2"},
				"west": {"uv": [9.508, 5.258, 9.5625, 5.3125], "texture": "#2"},
				"up": {"uv": [5.5625, 9.5625, 5.508, 9.508], "texture": "#2"},
				"down": {"uv": [9.5625, 5.508, 9.508, 5.5625], "texture": "#2"}
			}
		},
		{
			"name": "hexadecagon",
			"from": [7.85082, 0.25, 31.5],
			"to": [8.14918, 0.35, 31.7],
			"rotation": {"angle": 22.5, "axis": "z", "origin": [8, 1, 32]},
			"faces": {
				"north": {"uv": [5.758, 9.508, 5.8125, 9.5625], "texture": "#2"},
				"east": {"uv": [9.508, 5.758, 9.5625, 5.8125], "texture": "#2"},
				"south": {"uv": [6.008, 9.508, 6.0625, 9.5625], "texture": "#2"},
				"west": {"uv": [9.508, 6.008, 9.5625, 6.0625], "texture": "#2"},
				"up": {"uv": [6.3125, 9.5625, 6.258, 9.508], "texture": "#2"},
				"down": {"uv": [9.5625, 6.258, 9.508, 6.3125], "texture": "#2"}
			}
		},
		{
			"name": "hexadecagon",
			"from": [7.85082, 0.25, 31.5],
			"to": [8.14918, 0.35, 31.7],
			"rotation": {"angle": 45, "axis": "z", "origin": [8, 1, 32]},
			"faces": {
				"north": {"uv": [9.508, 6.508, 9.5625, 6.5625], "texture": "#2"},
				"east": {"uv": [6.758, 9.508, 6.8125, 9.5625], "texture": "#2"},
				"south": {"uv": [9.508, 6.758, 9.5625, 6.8125], "texture": "#2"},
				"west": {"uv": [7.008, 9.508, 7.0625, 9.5625], "texture": "#2"},
				"up": {"uv": [9.5625, 7.0625, 9.508, 7.008], "texture": "#2"},
				"down": {"uv": [7.3125, 9.508, 7.258, 9.5625], "texture": "#2"}
			}
		},
		{
			"name": "hexadecagon",
			"from": [7.85082, 1.65, 31.5],
			"to": [8.14918, 1.75, 31.7],
			"rotation": {"angle": -45, "axis": "z", "origin": [8, 1, 32]},
			"faces": {
				"north": {"uv": [9.508, 7.258, 9.5625, 7.3125], "texture": "#2"},
				"east": {"uv": [7.508, 9.508, 7.5625, 9.5625], "texture": "#2"},
				"south": {"uv": [9.508, 7.508, 9.5625, 7.5625], "texture": "#2"},
				"west": {"uv": [7.758, 9.508, 7.8125, 9.5625], "texture": "#2"},
				"up": {"uv": [9.5625, 7.8125, 9.508, 7.758], "texture": "#2"},
				"down": {"uv": [8.0625, 9.508, 8.008, 9.5625], "texture": "#2"}
			}
		},
		{
			"name": "hexadecagon",
			"from": [7.85082, 1.65, 31.5],
			"to": [8.14918, 1.75, 31.7],
			"rotation": {"angle": -22.5, "axis": "z", "origin": [8, 1, 32]},
			"faces": {
				"north": {"uv": [9.508, 8.008, 9.5625, 8.0625], "texture": "#2"},
				"east": {"uv": [8.258, 9.508, 8.3125, 9.5625], "texture": "#2"},
				"south": {"uv": [9.508, 8.258, 9.5625, 8.3125], "texture": "#2"},
				"west": {"uv": [8.508, 9.508, 8.5625, 9.5625], "texture": "#2"},
				"up": {"uv": [9.5625, 8.5625, 9.508, 8.508], "texture": "#2"},
				"down": {"uv": [8.8125, 9.508, 8.758, 9.5625], "texture": "#2"}
			}
		},
		{
			"name": "hexadecagon",
			"from": [7.85082, 1.65, 31.5],
			"to": [8.14918, 1.75, 31.7],
			"rotation": {"angle": 0, "axis": "z", "origin": [8, 1, 32]},
			"faces": {
				"north": {"uv": [9.508, 8.758, 9.5625, 8.8125], "texture": "#2"},
				"east": {"uv": [9.008, 9.508, 9.0625, 9.5625], "texture": "#2"},
				"south": {"uv": [9.508, 9.008, 9.5625, 9.0625], "texture": "#2"},
				"west": {"uv": [9.258, 9.508, 9.3125, 9.5625], "texture": "#2"},
				"up": {"uv": [9.5625, 9.3125, 9.508, 9.258], "texture": "#2"},
				"down": {"uv": [9.5625, 9.508, 9.508, 9.5625], "texture": "#2"}
			}
		},
		{
			"name": "hexadecagon",
			"from": [7.85082, 1.65, 31.5],
			"to": [8.14918, 1.75, 31.7],
			"rotation": {"angle": 22.5, "axis": "z", "origin": [8, 1, 32]},
			"faces": {
				"north": {"uv": [9.758, 1.508, 9.8125, 1.5625], "texture": "#2"},
				"east": {"uv": [9.758, 1.758, 9.8125, 1.8125], "texture": "#2"},
				"south": {"uv": [9.758, 2.008, 9.8125, 2.0625], "texture": "#2"},
				"west": {"uv": [9.758, 2.258, 9.8125, 2.3125], "texture": "#2"},
				"up": {"uv": [9.8125, 2.5625, 9.758, 2.508], "texture": "#2"},
				"down": {"uv": [9.8125, 2.758, 9.758, 2.8125], "texture": "#2"}
			}
		},
		{
			"name": "hexadecagon",
			"from": [7.85082, 1.65, 31.5],
			"to": [8.14918, 1.75, 31.7],
			"rotation": {"angle": 45, "axis": "z", "origin": [8, 1, 32]},
			"faces": {
				"north": {"uv": [9.758, 3.008, 9.8125, 3.0625], "texture": "#2"},
				"east": {"uv": [9.758, 3.258, 9.8125, 3.3125], "texture": "#2"},
				"south": {"uv": [9.758, 3.508, 9.8125, 3.5625], "texture": "#2"},
				"west": {"uv": [9.758, 3.758, 9.8125, 3.8125], "texture": "#2"},
				"up": {"uv": [9.8125, 4.0625, 9.758, 4.008], "texture": "#2"},
				"down": {"uv": [9.8125, 4.258, 9.758, 4.3125], "texture": "#2"}
			}
		},
		{
			"name": "hexadecagon",
			"from": [7.25, 0.85082, 31.5],
			"to": [7.35, 1.14918, 31.7],
			"rotation": {"angle": -22.5, "axis": "z", "origin": [8, 1, 32]},
			"faces": {
				"north": {"uv": [9.758, 4.508, 9.8125, 4.5625], "texture": "#2"},
				"east": {"uv": [9.758, 4.758, 9.8125, 4.8125], "texture": "#2"},
				"south": {"uv": [5.008, 9.758, 5.0625, 9.8125], "texture": "#2"},
				"west": {"uv": [9.758, 5.008, 9.8125, 5.0625], "texture": "#2"},
				"up": {"uv": [5.3125, 9.8125, 5.258, 9.758], "texture": "#2"},
				"down": {"uv": [9.8125, 5.258, 9.758, 5.3125], "texture": "#2"}
			}
		},
		{
			"name": "hexadecagon",
			"from": [7.25, 0.85082, 31.5],
			"to": [7.35, 1.14918, 31.7],
			"rotation": {"angle": 0, "axis": "z", "origin": [8, 1, 32]},
			"faces": {
				"north": {"uv": [5.508, 9.758, 5.5625, 9.8125], "texture": "#2"},
				"east": {"uv": [9.758, 5.508, 9.8125, 5.5625], "texture": "#2"},
				"south": {"uv": [5.758, 9.758, 5.8125, 9.8125], "texture": "#2"},
				"west": {"uv": [9.758, 5.758, 9.8125, 5.8125], "texture": "#2"},
				"up": {"uv": [6.0625, 9.8125, 6.008, 9.758], "texture": "#2"},
				"down": {"uv": [9.8125, 6.008, 9.758, 6.0625], "texture": "#2"}
			}
		},
		{
			"name": "hexadecagon",
			"from": [7.25, 0.85082, 31.5],
			"to": [7.35, 1.14918, 31.7],
			"rotation": {"angle": 22.5, "axis": "z", "origin": [8, 1, 32]},
			"faces": {
				"north": {"uv": [6.258, 9.758, 6.3125, 9.8125], "texture": "#2"},
				"east": {"uv": [9.758, 6.258, 9.8125, 6.3125], "texture": "#2"},
				"south": {"uv": [9.758, 6.508, 9.8125, 6.5625], "texture": "#2"},
				"west": {"uv": [6.758, 9.758, 6.8125, 9.8125], "texture": "#2"},
				"up": {"uv": [9.8125, 6.8125, 9.758, 6.758], "texture": "#2"},
				"down": {"uv": [7.0625, 9.758, 7.008, 9.8125], "texture": "#2"}
			}
		},
		{
			"name": "hexadecagon",
			"from": [8.65, 0.85082, 31.5],
			"to": [8.75, 1.14918, 31.7],
			"rotation": {"angle": -22.5, "axis": "z", "origin": [8, 1, 32]},
			"faces": {
				"north": {"uv": [9.758, 7.008, 9.8125, 7.0625], "texture": "#2"},
				"east": {"uv": [7.258, 9.758, 7.3125, 9.8125], "texture": "#2"},
				"south": {"uv": [9.758, 7.258, 9.8125, 7.3125], "texture": "#2"},
				"west": {"uv": [7.508, 9.758, 7.5625, 9.8125], "texture": "#2"},
				"up": {"uv": [9.8125, 7.5625, 9.758, 7.508], "texture": "#2"},
				"down": {"uv": [7.8125, 9.758, 7.758, 9.8125], "texture": "#2"}
			}
		},
		{
			"name": "hexadecagon",
			"from": [8.65, 0.85082, 31.5],
			"to": [8.75, 1.14918, 31.7],
			"rotation": {"angle": 0, "axis": "z", "origin": [8, 1, 32]},
			"faces": {
				"north": {"uv": [9.758, 7.758, 9.8125, 7.8125], "texture": "#2"},
				"east": {"uv": [8.008, 9.758, 8.0625, 9.8125], "texture": "#2"},
				"south": {"uv": [9.758, 8.008, 9.8125, 8.0625], "texture": "#2"},
				"west": {"uv": [8.258, 9.758, 8.3125, 9.8125], "texture": "#2"},
				"up": {"uv": [9.8125, 8.3125, 9.758, 8.258], "texture": "#2"},
				"down": {"uv": [8.5625, 9.758, 8.508, 9.8125], "texture": "#2"}
			}
		},
		{
			"name": "hexadecagon",
			"from": [8.65, 0.85082, 31.5],
			"to": [8.75, 1.14918, 31.7],
			"rotation": {"angle": 22.5, "axis": "z", "origin": [8, 1, 32]},
			"faces": {
				"north": {"uv": [9.758, 8.508, 9.8125, 8.5625], "texture": "#2"},
				"east": {"uv": [8.758, 9.758, 8.8125, 9.8125], "texture": "#2"},
				"south": {"uv": [9.758, 8.758, 9.8125, 8.8125], "texture": "#2"},
				"west": {"uv": [9.008, 9.758, 9.0625, 9.8125], "texture": "#2"},
				"up": {"uv": [9.8125, 9.0625, 9.758, 9.008], "texture": "#2"},
				"down": {"uv": [9.3125, 9.758, 9.258, 9.8125], "texture": "#2"}
			}
		},
		{
			"from": [7.5, 1.4, 13],
			"to": [8.5, 2.2, 15],
			"faces": {
				"north": {"uv": [7.758, 2.758, 7.992, 2.9375], "texture": "#2"},
				"east": {"uv": [8.508, 3.758, 8.992, 3.9375], "texture": "#2"},
				"south": {"uv": [8.508, 4.758, 8.742, 4.9375], "texture": "#2"},
				"west": {"uv": [8.508, 4.508, 8.992, 4.6875], "texture": "#2"},
				"up": {"uv": [6.492, 8.742, 6.258, 8.258], "texture": "#2"},
				"down": {"uv": [7.992, 8.258, 7.758, 8.742], "texture": "#2"}
			}
		},
		{
			"from": [7.4, 1.4, 10.9],
			"to": [8.6, 3.2, 11],
			"faces": {
				"north": {"uv": [7.008, 7.758, 7.3125, 8.1875], "texture": "#2"},
				"east": {"uv": [8.508, 7.758, 8.5625, 8.1875], "texture": "#2"},
				"south": {"uv": [7.508, 7.758, 7.8125, 8.1875], "texture": "#2"},
				"west": {"uv": [8.508, 8.258, 8.5625, 8.6875], "texture": "#2"},
				"up": {"uv": [9.3125, 2.3125, 9.008, 2.258], "texture": "#2"},
				"down": {"uv": [9.3125, 2.508, 9.008, 2.5625], "texture": "#2"}
			}
		},
		{
			"from": [8.4, 1.4, 10.4],
			"to": [8.6, 2.8, 10.9],
			"faces": {
				"north": {"uv": [8.758, 7.508, 8.8125, 7.875], "texture": "#2"},
				"east": {"uv": [5.008, 8.508, 5.125, 8.875], "texture": "#2"},
				"south": {"uv": [8.008, 8.758, 8.0625, 9.125], "texture": "#2"},
				"west": {"uv": [8.508, 5.008, 8.625, 5.375], "texture": "#2"},
				"up": {"uv": [9.3125, 6.375, 9.258, 6.258], "texture": "#2"},
				"down": {"uv": [6.8125, 9.258, 6.758, 9.375], "texture": "#2"}
			}
		},
		{
			"from": [8.4, 2.8, 10.8],
			"to": [8.5, 3.7, 10.9],
			"faces": {
				"north": {"uv": [9.008, 8.008, 9.0625, 8.242], "texture": "#2"},
				"east": {"uv": [8.258, 9.008, 8.3125, 9.242], "texture": "#2"},
				"south": {"uv": [9.008, 8.258, 9.0625, 8.492], "texture": "#2"},
				"west": {"uv": [8.508, 9.008, 8.5625, 9.242], "texture": "#2"},
				"up": {"uv": [9.8125, 9.3125, 9.758, 9.258], "texture": "#2"},
				"down": {"uv": [9.5625, 9.758, 9.508, 9.8125], "texture": "#2"}
			}
		},
		{
			"from": [8.4, 2.8, 10.5],
			"to": [8.5, 3, 10.8],
			"faces": {
				"north": {"uv": [9.758, 9.508, 9.8125, 9.5625], "texture": "#2"},
				"east": {"uv": [9.758, 9.758, 9.8125, 9.8125], "texture": "#2"},
				"south": {"uv": [10.008, 1.508, 10.0625, 1.5625], "texture": "#2"},
				"west": {"uv": [10.008, 1.758, 10.0625, 1.8125], "texture": "#2"},
				"up": {"uv": [10.0625, 2.0625, 10.008, 2.008], "texture": "#2"},
				"down": {"uv": [10.0625, 2.258, 10.008, 2.3125], "texture": "#2"}
			}
		},
		{
			"from": [8.4, 3, 10.6],
			"to": [8.5, 3.2, 10.8],
			"faces": {
				"north": {"uv": [10.008, 2.508, 10.0625, 2.5625], "texture": "#2"},
				"east": {"uv": [10.008, 2.758, 10.0625, 2.8125], "texture": "#2"},
				"south": {"uv": [10.008, 3.008, 10.0625, 3.0625], "texture": "#2"},
				"west": {"uv": [10.008, 3.258, 10.0625, 3.3125], "texture": "#2"},
				"up": {"uv": [10.0625, 3.5625, 10.008, 3.508], "texture": "#2"},
				"down": {"uv": [10.0625, 3.758, 10.008, 3.8125], "texture": "#2"}
			}
		},
		{
			"from": [8.4, 3.2, 10.7],
			"to": [8.5, 3.5, 10.8],
			"faces": {
				"north": {"uv": [10.008, 4.008, 10.0625, 4.0625], "texture": "#2"},
				"east": {"uv": [10.008, 4.258, 10.0625, 4.3125], "texture": "#2"},
				"south": {"uv": [10.008, 4.508, 10.0625, 4.5625], "texture": "#2"},
				"west": {"uv": [10.008, 4.758, 10.0625, 4.8125], "texture": "#2"},
				"up": {"uv": [5.0625, 10.0625, 5.008, 10.008], "texture": "#2"},
				"down": {"uv": [10.0625, 5.008, 10.008, 5.0625], "texture": "#2"}
			}
		},
		{
			"from": [8.4, 6.54655, 8.56209],
			"to": [8.6, 7.84655, 8.66209],
			"rotation": {"angle": 22.5, "axis": "x", "origin": [0, 0.04655, 0.06209]},
			"faces": {
				"north": {"uv": [9.008, 3.008, 9.0625, 3.3125], "texture": "#2"},
				"east": {"uv": [9.008, 3.508, 9.0625, 3.8125], "texture": "#2"},
				"south": {"uv": [9.008, 4.008, 9.0625, 4.3125], "texture": "#2"},
				"west": {"uv": [9.008, 4.508, 9.0625, 4.8125], "texture": "#2"},
				"up": {"uv": [5.3125, 10.0625, 5.258, 10.008], "texture": "#2"},
				"down": {"uv": [10.0625, 5.258, 10.008, 5.3125], "texture": "#2"}
			}
		},
		{
			"from": [7.4, 6.54655, 8.56209],
			"to": [7.6, 7.84655, 8.66209],
			"rotation": {"angle": 22.5, "axis": "x", "origin": [16, 0.04655, 0.06209]},
			"faces": {
				"north": {"uv": [5.008, 9.008, 5.0625, 9.3125], "texture": "#2"},
				"east": {"uv": [9.008, 5.008, 9.0625, 5.3125], "texture": "#2"},
				"south": {"uv": [9.008, 5.508, 9.0625, 5.8125], "texture": "#2"},
				"west": {"uv": [6.008, 9.008, 6.0625, 9.3125], "texture": "#2"},
				"up": {"uv": [5.5625, 10.0625, 5.508, 10.008], "texture": "#2"},
				"down": {"uv": [10.0625, 5.508, 10.008, 5.5625], "texture": "#2"}
			}
		},
		{
			"from": [7.4, 6.94655, 8.36209],
			"to": [7.6, 7.74655, 8.46209],
			"rotation": {"angle": 22.5, "axis": "x", "origin": [16, 0.04655, 0.06209]},
			"faces": {
				"north": {"uv": [9.258, 5.008, 9.3125, 5.1875], "texture": "#2"},
				"east": {"uv": [5.258, 9.258, 5.3125, 9.4375], "texture": "#2"},
				"south": {"uv": [9.258, 5.258, 9.3125, 5.4375], "texture": "#2"},
				"west": {"uv": [5.508, 9.258, 5.5625, 9.4375], "texture": "#2"},
				"up": {"uv": [10.5625, 7.5625, 10.508, 7.508], "texture": "#2"},
				"down": {"uv": [7.8125, 10.508, 7.758, 10.5625], "texture": "#2"}
			}
		},
		{
			"from": [7.4, 7.64655, 8.46209],
			"to": [7.6, 7.74655, 8.56209],
			"rotation": {"angle": 22.5, "axis": "x", "origin": [16, 0.04655, 0.06209]},
			"faces": {
				"north": {"uv": [10.508, 7.758, 10.5625, 7.8125], "texture": "#2"},
				"east": {"uv": [8.008, 10.508, 8.0625, 10.5625], "texture": "#2"},
				"south": {"uv": [10.508, 8.008, 10.5625, 8.0625], "texture": "#2"},
				"west": {"uv": [8.258, 10.508, 8.3125, 10.5625], "texture": "#2"},
				"up": {"uv": [10.5625, 8.3125, 10.508, 8.258], "texture": "#2"},
				"down": {"uv": [8.5625, 10.508, 8.508, 10.5625], "texture": "#2"}
			}
		},
		{
			"from": [7.4, 6.94655, 8.46209],
			"to": [7.6, 7.04655, 8.56209],
			"rotation": {"angle": 22.5, "axis": "x", "origin": [16, 0.04655, 0.06209]},
			"faces": {
				"north": {"uv": [10.508, 8.508, 10.5625, 8.5625], "texture": "#2"},
				"east": {"uv": [8.758, 10.508, 8.8125, 10.5625], "texture": "#2"},
				"south": {"uv": [10.508, 8.758, 10.5625, 8.8125], "texture": "#2"},
				"west": {"uv": [9.008, 10.508, 9.0625, 10.5625], "texture": "#2"},
				"up": {"uv": [10.5625, 9.0625, 10.508, 9.008], "texture": "#2"},
				"down": {"uv": [9.3125, 10.508, 9.258, 10.5625], "texture": "#2"}
			}
		},
		{
			"from": [8.4, 6.94655, 8.46209],
			"to": [8.6, 7.04655, 8.56209],
			"rotation": {"angle": 22.5, "axis": "x", "origin": [0, 0.04655, 0.06209]},
			"faces": {
				"north": {"uv": [10.508, 10.258, 10.5625, 10.3125], "texture": "#2"},
				"east": {"uv": [10.508, 10.508, 10.5625, 10.5625], "texture": "#2"},
				"south": {"uv": [10.758, 1.508, 10.8125, 1.5625], "texture": "#2"},
				"west": {"uv": [10.758, 1.758, 10.8125, 1.8125], "texture": "#2"},
				"up": {"uv": [10.8125, 2.0625, 10.758, 2.008], "texture": "#2"},
				"down": {"uv": [10.8125, 2.258, 10.758, 2.3125], "texture": "#2"}
			}
		},
		{
			"from": [8.4, 6.94655, 8.36209],
			"to": [8.6, 7.74655, 8.46209],
			"rotation": {"angle": 22.5, "axis": "x", "origin": [0, 0.04655, 0.06209]},
			"faces": {
				"north": {"uv": [9.258, 5.508, 9.3125, 5.6875], "texture": "#2"},
				"east": {"uv": [5.758, 9.258, 5.8125, 9.4375], "texture": "#2"},
				"south": {"uv": [9.258, 5.758, 9.3125, 5.9375], "texture": "#2"},
				"west": {"uv": [6.258, 9.258, 6.3125, 9.4375], "texture": "#2"},
				"up": {"uv": [10.5625, 10.0625, 10.508, 10.008], "texture": "#2"},
				"down": {"uv": [10.3125, 10.508, 10.258, 10.5625], "texture": "#2"}
			}
		},
		{
			"from": [8.4, 7.64655, 8.46209],
			"to": [8.6, 7.74655, 8.56209],
			"rotation": {"angle": 22.5, "axis": "x", "origin": [0, 0.04655, 0.06209]},
			"faces": {
				"north": {"uv": [10.508, 9.258, 10.5625, 9.3125], "texture": "#2"},
				"east": {"uv": [9.508, 10.508, 9.5625, 10.5625], "texture": "#2"},
				"south": {"uv": [10.508, 9.508, 10.5625, 9.5625], "texture": "#2"},
				"west": {"uv": [9.758, 10.508, 9.8125, 10.5625], "texture": "#2"},
				"up": {"uv": [10.5625, 9.8125, 10.508, 9.758], "texture": "#2"},
				"down": {"uv": [10.0625, 10.508, 10.008, 10.5625], "texture": "#2"}
			}
		},
		{
			"from": [7.5, 2.8, 10.5],
			"to": [7.6, 3, 10.8],
			"rotation": {"angle": 0, "axis": "y", "origin": [16, 0, 0]},
			"faces": {
				"north": {"uv": [5.758, 10.008, 5.8125, 10.0625], "texture": "#2"},
				"east": {"uv": [10.008, 5.758, 10.0625, 5.8125], "texture": "#2"},
				"south": {"uv": [6.008, 10.008, 6.0625, 10.0625], "texture": "#2"},
				"west": {"uv": [10.008, 6.008, 10.0625, 6.0625], "texture": "#2"},
				"up": {"uv": [6.3125, 10.0625, 6.258, 10.008], "texture": "#2"},
				"down": {"uv": [10.0625, 6.258, 10.008, 6.3125], "texture": "#2"}
			}
		},
		{
			"from": [7.6, 1.4, 10.4],
			"to": [8.4, 2.4, 10.5],
			"rotation": {"angle": 0, "axis": "y", "origin": [16, 0, 0]},
			"faces": {
				"north": {"uv": [5.258, 8.508, 5.4375, 8.742], "texture": "#2"},
				"east": {"uv": [9.008, 8.508, 9.0625, 8.742], "texture": "#2"},
				"south": {"uv": [8.508, 5.508, 8.6875, 5.742], "texture": "#2"},
				"west": {"uv": [8.758, 9.008, 8.8125, 9.242], "texture": "#2"},
				"up": {"uv": [9.4375, 4.0625, 9.258, 4.008], "texture": "#2"},
				"down": {"uv": [9.4375, 4.258, 9.258, 4.3125], "texture": "#2"}
			}
		},
		{
			"from": [7.4, 1.4, 10.4],
			"to": [7.6, 2.8, 10.9],
			"rotation": {"angle": 0, "axis": "y", "origin": [16, 0, 0]},
			"faces": {
				"north": {"uv": [8.758, 8.508, 8.8125, 8.875], "texture": "#2"},
				"east": {"uv": [6.008, 8.508, 6.125, 8.875], "texture": "#2"},
				"south": {"uv": [9.008, 1.508, 9.0625, 1.875], "texture": "#2"},
				"west": {"uv": [8.508, 6.008, 8.625, 6.375], "texture": "#2"},
				"up": {"uv": [9.5625, 1.625, 9.508, 1.508], "texture": "#2"},
				"down": {"uv": [9.5625, 1.758, 9.508, 1.875], "texture": "#2"}
			}
		},
		{
			"from": [7.5, 2.8, 10.8],
			"to": [7.6, 3.7, 10.9],
			"rotation": {"angle": 0, "axis": "y", "origin": [16, 0, 0]},
			"faces": {
				"north": {"uv": [9.008, 8.758, 9.0625, 8.992], "texture": "#2"},
				"east": {"uv": [9.008, 9.008, 9.0625, 9.242], "texture": "#2"},
				"south": {"uv": [9.258, 1.508, 9.3125, 1.742], "texture": "#2"},
				"west": {"uv": [9.258, 1.758, 9.3125, 1.992], "texture": "#2"},
				"up": {"uv": [10.0625, 6.5625, 10.008, 6.508], "texture": "#2"},
				"down": {"uv": [6.8125, 10.008, 6.758, 10.0625], "texture": "#2"}
			}
		},
		{
			"from": [7.5, 3, 10.6],
			"to": [7.6, 3.2, 10.8],
			"rotation": {"angle": 0, "axis": "y", "origin": [16, 0, 0]},
			"faces": {
				"north": {"uv": [10.008, 6.758, 10.0625, 6.8125], "texture": "#2"},
				"east": {"uv": [7.008, 10.008, 7.0625, 10.0625], "texture": "#2"},
				"south": {"uv": [10.008, 7.008, 10.0625, 7.0625], "texture": "#2"},
				"west": {"uv": [7.258, 10.008, 7.3125, 10.0625], "texture": "#2"},
				"up": {"uv": [10.0625, 7.3125, 10.008, 7.258], "texture": "#2"},
				"down": {"uv": [7.5625, 10.008, 7.508, 10.0625], "texture": "#2"}
			}
		},
		{
			"from": [7.5, 3.2, 10.7],
			"to": [7.6, 3.5, 10.8],
			"rotation": {"angle": 0, "axis": "y", "origin": [16, 0, 0]},
			"faces": {
				"north": {"uv": [10.008, 7.508, 10.0625, 7.5625], "texture": "#2"},
				"east": {"uv": [7.758, 10.008, 7.8125, 10.0625], "texture": "#2"},
				"south": {"uv": [10.008, 7.758, 10.0625, 7.8125], "texture": "#2"},
				"west": {"uv": [8.008, 10.008, 8.0625, 10.0625], "texture": "#2"},
				"up": {"uv": [10.0625, 8.0625, 10.008, 8.008], "texture": "#2"},
				"down": {"uv": [8.3125, 10.008, 8.258, 10.0625], "texture": "#2"}
			}
		},
		{
			"from": [7.4, 3.2, 10.9],
			"to": [7.7, 3.7, 11],
			"faces": {
				"north": {"uv": [7.008, 9.258, 7.0625, 9.375], "texture": "#2"},
				"east": {"uv": [7.258, 9.258, 7.3125, 9.375], "texture": "#2"},
				"south": {"uv": [9.258, 7.258, 9.3125, 7.375], "texture": "#2"},
				"west": {"uv": [7.508, 9.258, 7.5625, 9.375], "texture": "#2"},
				"up": {"uv": [10.0625, 8.3125, 10.008, 8.258], "texture": "#2"},
				"down": {"uv": [8.5625, 10.008, 8.508, 10.0625], "texture": "#2"}
			}
		},
		{
			"from": [7.4, 3.7, 10.9],
			"to": [8.6, 4, 11],
			"faces": {
				"north": {"uv": [9.008, 6.008, 9.3125, 6.0625], "texture": "#2"},
				"east": {"uv": [10.008, 8.508, 10.0625, 8.5625], "texture": "#2"},
				"south": {"uv": [9.008, 6.508, 9.3125, 6.5625], "texture": "#2"},
				"west": {"uv": [8.758, 10.008, 8.8125, 10.0625], "texture": "#2"},
				"up": {"uv": [9.3125, 6.8125, 9.008, 6.758], "texture": "#2"},
				"down": {"uv": [7.3125, 9.008, 7.008, 9.0625], "texture": "#2"}
			}
		},
		{
			"from": [8.3, 3.2, 10.9],
			"to": [8.6, 3.7, 11],
			"faces": {
				"north": {"uv": [7.758, 9.258, 7.8125, 9.375], "texture": "#2"},
				"east": {"uv": [8.008, 9.258, 8.0625, 9.375], "texture": "#2"},
				"south": {"uv": [9.258, 8.008, 9.3125, 8.125], "texture": "#2"},
				"west": {"uv": [8.258, 9.258, 8.3125, 9.375], "texture": "#2"},
				"up": {"uv": [10.0625, 8.8125, 10.008, 8.758], "texture": "#2"},
				"down": {"uv": [9.0625, 10.008, 9.008, 10.0625], "texture": "#2"}
			}
		},
		{
			"from": [7.5, 1.5, 11],
			"to": [8.5, 1.7, 13],
			"faces": {
				"north": {"uv": [9.258, 2.008, 9.492, 2.0625], "texture": "#2"},
				"east": {"uv": [8.508, 6.508, 8.992, 6.5625], "texture": "#2"},
				"south": {"uv": [9.258, 2.758, 9.492, 2.8125], "texture": "#2"},
				"west": {"uv": [6.758, 8.508, 7.242, 8.5625], "texture": "#2"},
				"up": {"uv": [8.242, 8.742, 8.008, 8.258], "texture": "#2"},
				"down": {"uv": [8.492, 8.258, 8.258, 8.742], "texture": "#2"}
			}
		},
		{
			"from": [7.5, 1.7, 11.2],
			"to": [8.5, 1.8, 11.6],
			"faces": {
				"north": {"uv": [9.258, 3.508, 9.492, 3.5625], "texture": "#2"},
				"east": {"uv": [9.258, 9.008, 9.375, 9.0625], "texture": "#2"},
				"south": {"uv": [9.258, 3.758, 9.492, 3.8125], "texture": "#2"},
				"west": {"uv": [9.258, 9.258, 9.375, 9.3125], "texture": "#2"},
				"up": {"uv": [7.492, 8.625, 7.258, 8.508], "texture": "#2"},
				"down": {"uv": [7.742, 8.508, 7.508, 8.625], "texture": "#2"}
			}
		},
		{
			"from": [7.4, 1.7, 11.3],
			"to": [8.6, 1.9, 11.5],
			"faces": {
				"north": {"uv": [9.008, 7.008, 9.3125, 7.0625], "texture": "#2"},
				"east": {"uv": [10.508, 7.258, 10.5625, 7.3125], "texture": "#2"},
				"south": {"uv": [7.508, 9.008, 7.8125, 9.0625], "texture": "#2"},
				"west": {"uv": [7.508, 10.508, 7.5625, 10.5625], "texture": "#2"},
				"up": {"uv": [9.3125, 7.5625, 9.008, 7.508], "texture": "#2"},
				"down": {"uv": [9.3125, 7.758, 9.008, 7.8125], "texture": "#2"}
			}
		},
		{
			"from": [7.6, 6.7, 10.4],
			"to": [8.4, 7.1, 11.5],
			"rotation": {"angle": 22.5, "axis": "x", "origin": [0, 0, 0]},
			"faces": {
				"north": {"uv": [8.758, 8.008, 8.9375, 8.125], "texture": "#2"},
				"east": {"uv": [8.508, 6.758, 8.742, 6.875], "texture": "#2"},
				"south": {"uv": [8.258, 8.758, 8.4375, 8.875], "texture": "#2"},
				"west": {"uv": [8.508, 7.008, 8.742, 7.125], "texture": "#2"},
				"up": {"uv": [5.9375, 8.742, 5.758, 8.508], "texture": "#2"},
				"down": {"uv": [8.6875, 5.758, 8.508, 5.992], "texture": "#2"}
			}
		},
		{
			"from": [7.7, 6.7, 9.6],
			"to": [8.3, 7, 10.4],
			"rotation": {"angle": 22.5, "axis": "x", "origin": [0, 0, 0]},
			"faces": {
				"north": {"uv": [9.258, 8.258, 9.375, 8.3125], "texture": "#2"},
				"east": {"uv": [9.258, 4.508, 9.4375, 4.5625], "texture": "#2"},
				"south": {"uv": [8.508, 9.258, 8.625, 9.3125], "texture": "#2"},
				"west": {"uv": [9.258, 4.758, 9.4375, 4.8125], "texture": "#2"},
				"up": {"uv": [8.875, 8.4375, 8.758, 8.258], "texture": "#2"},
				"down": {"uv": [8.625, 8.758, 8.508, 8.9375], "texture": "#2"}
			}
		},
		{
			"from": [7.8, -1.33386, 12.47753],
			"to": [8.2, -0.83386, 12.67753],
			"rotation": {"angle": -22.5, "axis": "x", "origin": [0, -2.03386, 2.27753]},
			"faces": {
				"north": {"uv": [9.258, 3.008, 9.375, 3.125], "texture": "#2"},
				"east": {"uv": [9.258, 8.508, 9.3125, 8.625], "texture": "#2"},
				"south": {"uv": [9.258, 3.258, 9.375, 3.375], "texture": "#2"},
				"west": {"uv": [8.758, 9.258, 8.8125, 9.375], "texture": "#2"},
				"up": {"uv": [9.375, 8.8125, 9.258, 8.758], "texture": "#2"},
				"down": {"uv": [9.125, 9.258, 9.008, 9.3125], "texture": "#2"}
			}
		},
		{
			"name": "hexadecagon",
			"from": [7.4, 1.65027, 13.85],
			"to": [7.5, 1.74973, 13.94],
			"rotation": {"angle": -45, "axis": "x", "origin": [7.9, 1.7, 14.1]},
			"faces": {
				"north": {"uv": [10.008, 9.008, 10.0625, 9.0625], "texture": "#2"},
				"east": {"uv": [9.258, 10.008, 9.3125, 10.0625], "texture": "#2"},
				"south": {"uv": [10.008, 9.258, 10.0625, 9.3125], "texture": "#2"},
				"west": {"uv": [9.508, 10.008, 9.5625, 10.0625], "texture": "#2"},
				"up": {"uv": [10.0625, 9.5625, 10.008, 9.508], "texture": "#2"},
				"down": {"uv": [9.8125, 10.008, 9.758, 10.0625], "texture": "#2"}
			}
		},
		{
			"name": "hexadecagon",
			"from": [7.4, 1.65027, 13.85],
			"to": [7.5, 1.74973, 13.94],
			"rotation": {"angle": -22.5, "axis": "x", "origin": [7.9, 1.7, 14.1]},
			"faces": {
				"north": {"uv": [10.008, 9.758, 10.0625, 9.8125], "texture": "#2"},
				"east": {"uv": [10.008, 10.008, 10.0625, 10.0625], "texture": "#2"},
				"south": {"uv": [10.258, 1.508, 10.3125, 1.5625], "texture": "#2"},
				"west": {"uv": [10.258, 1.758, 10.3125, 1.8125], "texture": "#2"},
				"up": {"uv": [10.3125, 2.0625, 10.258, 2.008], "texture": "#2"},
				"down": {"uv": [10.3125, 2.258, 10.258, 2.3125], "texture": "#2"}
			}
		},
		{
			"name": "hexadecagon",
			"from": [7.4, 1.65027, 13.85],
			"to": [7.5, 1.74973, 13.94],
			"rotation": {"angle": 0, "axis": "x", "origin": [7.9, 1.7, 14.1]},
			"faces": {
				"north": {"uv": [10.258, 2.508, 10.3125, 2.5625], "texture": "#2"},
				"east": {"uv": [10.258, 2.758, 10.3125, 2.8125], "texture": "#2"},
				"south": {"uv": [10.258, 3.008, 10.3125, 3.0625], "texture": "#2"},
				"west": {"uv": [10.258, 3.258, 10.3125, 3.3125], "texture": "#2"},
				"up": {"uv": [10.3125, 3.5625, 10.258, 3.508], "texture": "#2"},
				"down": {"uv": [10.3125, 3.758, 10.258, 3.8125], "texture": "#2"}
			}
		},
		{
			"name": "hexadecagon",
			"from": [7.4, 1.65027, 13.85],
			"to": [7.5, 1.74973, 13.94],
			"rotation": {"angle": 22.5, "axis": "x", "origin": [7.9, 1.7, 14.1]},
			"faces": {
				"north": {"uv": [10.258, 4.008, 10.3125, 4.0625], "texture": "#2"},
				"east": {"uv": [10.258, 4.258, 10.3125, 4.3125], "texture": "#2"},
				"south": {"uv": [10.258, 4.508, 10.3125, 4.5625], "texture": "#2"},
				"west": {"uv": [10.258, 4.758, 10.3125, 4.8125], "texture": "#2"},
				"up": {"uv": [5.0625, 10.3125, 5.008, 10.258], "texture": "#2"},
				"down": {"uv": [10.3125, 5.008, 10.258, 5.0625], "texture": "#2"}
			}
		},
		{
			"name": "hexadecagon",
			"from": [7.4, 1.65027, 13.85],
			"to": [7.5, 1.74973, 13.94],
			"rotation": {"angle": 45, "axis": "x", "origin": [7.9, 1.7, 14.1]},
			"faces": {
				"north": {"uv": [5.258, 10.258, 5.3125, 10.3125], "texture": "#2"},
				"east": {"uv": [10.258, 5.258, 10.3125, 5.3125], "texture": "#2"},
				"south": {"uv": [5.508, 10.258, 5.5625, 10.3125], "texture": "#2"},
				"west": {"uv": [10.258, 5.508, 10.3125, 5.5625], "texture": "#2"},
				"up": {"uv": [5.8125, 10.3125, 5.758, 10.258], "texture": "#2"},
				"down": {"uv": [10.3125, 5.758, 10.258, 5.8125], "texture": "#2"}
			}
		},
		{
			"name": "hexadecagon",
			"from": [7.4, 1.65027, 14.26],
			"to": [7.5, 1.74973, 14.35],
			"rotation": {"angle": -45, "axis": "x", "origin": [7.9, 1.7, 14.1]},
			"faces": {
				"north": {"uv": [6.008, 10.258, 6.0625, 10.3125], "texture": "#2"},
				"east": {"uv": [10.258, 6.008, 10.3125, 6.0625], "texture": "#2"},
				"south": {"uv": [6.258, 10.258, 6.3125, 10.3125], "texture": "#2"},
				"west": {"uv": [10.258, 6.258, 10.3125, 6.3125], "texture": "#2"},
				"up": {"uv": [10.3125, 6.5625, 10.258, 6.508], "texture": "#2"},
				"down": {"uv": [6.8125, 10.258, 6.758, 10.3125], "texture": "#2"}
			}
		},
		{
			"name": "hexadecagon",
			"from": [7.4, 1.65027, 14.26],
			"to": [7.5, 1.74973, 14.35],
			"rotation": {"angle": -22.5, "axis": "x", "origin": [7.9, 1.7, 14.1]},
			"faces": {
				"north": {"uv": [10.258, 6.758, 10.3125, 6.8125], "texture": "#2"},
				"east": {"uv": [7.008, 10.258, 7.0625, 10.3125], "texture": "#2"},
				"south": {"uv": [10.258, 7.008, 10.3125, 7.0625], "texture": "#2"},
				"west": {"uv": [7.258, 10.258, 7.3125, 10.3125], "texture": "#2"},
				"up": {"uv": [10.3125, 7.3125, 10.258, 7.258], "texture": "#2"},
				"down": {"uv": [7.5625, 10.258, 7.508, 10.3125], "texture": "#2"}
			}
		},
		{
			"name": "hexadecagon",
			"from": [7.4, 1.65027, 14.26],
			"to": [7.5, 1.74973, 14.35],
			"rotation": {"angle": 0, "axis": "x", "origin": [7.9, 1.7, 14.1]},
			"faces": {
				"north": {"uv": [10.258, 7.508, 10.3125, 7.5625], "texture": "#2"},
				"east": {"uv": [7.758, 10.258, 7.8125, 10.3125], "texture": "#2"},
				"south": {"uv": [10.258, 7.758, 10.3125, 7.8125], "texture": "#2"},
				"west": {"uv": [8.008, 10.258, 8.0625, 10.3125], "texture": "#2"},
				"up": {"uv": [10.3125, 8.0625, 10.258, 8.008], "texture": "#2"},
				"down": {"uv": [8.3125, 10.258, 8.258, 10.3125], "texture": "#2"}
			}
		},
		{
			"name": "hexadecagon",
			"from": [7.4, 1.65027, 14.26],
			"to": [7.5, 1.74973, 14.35],
			"rotation": {"angle": 22.5, "axis": "x", "origin": [7.9, 1.7, 14.1]},
			"faces": {
				"north": {"uv": [10.258, 8.258, 10.3125, 8.3125], "texture": "#2"},
				"east": {"uv": [8.508, 10.258, 8.5625, 10.3125], "texture": "#2"},
				"south": {"uv": [10.258, 8.508, 10.3125, 8.5625], "texture": "#2"},
				"west": {"uv": [8.758, 10.258, 8.8125, 10.3125], "texture": "#2"},
				"up": {"uv": [10.3125, 8.8125, 10.258, 8.758], "texture": "#2"},
				"down": {"uv": [9.0625, 10.258, 9.008, 10.3125], "texture": "#2"}
			}
		},
		{
			"name": "hexadecagon",
			"from": [7.4, 1.65027, 14.26],
			"to": [7.5, 1.74973, 14.35],
			"rotation": {"angle": 45, "axis": "x", "origin": [7.9, 1.7, 14.1]},
			"faces": {
				"north": {"uv": [10.258, 9.008, 10.3125, 9.0625], "texture": "#2"},
				"east": {"uv": [9.258, 10.258, 9.3125, 10.3125], "texture": "#2"},
				"south": {"uv": [10.258, 9.258, 10.3125, 9.3125], "texture": "#2"},
				"west": {"uv": [9.508, 10.258, 9.5625, 10.3125], "texture": "#2"},
				"up": {"uv": [10.3125, 9.5625, 10.258, 9.508], "texture": "#2"},
				"down": {"uv": [9.8125, 10.258, 9.758, 10.3125], "texture": "#2"}
			}
		},
		{
			"name": "hexadecagon",
			"from": [7.4, 1.45, 14.05027],
			"to": [7.5, 1.54, 14.14973],
			"rotation": {"angle": -22.5, "axis": "x", "origin": [7.9, 1.7, 14.1]},
			"faces": {
				"north": {"uv": [10.258, 9.758, 10.3125, 9.8125], "texture": "#2"},
				"east": {"uv": [10.008, 10.258, 10.0625, 10.3125], "texture": "#2"},
				"south": {"uv": [10.258, 10.008, 10.3125, 10.0625], "texture": "#2"},
				"west": {"uv": [10.258, 10.258, 10.3125, 10.3125], "texture": "#2"},
				"up": {"uv": [10.5625, 1.5625, 10.508, 1.508], "texture": "#2"},
				"down": {"uv": [10.5625, 1.758, 10.508, 1.8125], "texture": "#2"}
			}
		},
		{
			"name": "hexadecagon",
			"from": [7.4, 1.45, 14.05027],
			"to": [7.5, 1.54, 14.14973],
			"rotation": {"angle": 0, "axis": "x", "origin": [7.9, 1.7, 14.1]},
			"faces": {
				"north": {"uv": [10.508, 2.008, 10.5625, 2.0625], "texture": "#2"},
				"east": {"uv": [10.508, 2.258, 10.5625, 2.3125], "texture": "#2"},
				"south": {"uv": [10.508, 2.508, 10.5625, 2.5625], "texture": "#2"},
				"west": {"uv": [10.508, 2.758, 10.5625, 2.8125], "texture": "#2"},
				"up": {"uv": [10.5625, 3.0625, 10.508, 3.008], "texture": "#2"},
				"down": {"uv": [10.5625, 3.258, 10.508, 3.3125], "texture": "#2"}
			}
		},
		{
			"name": "hexadecagon",
			"from": [7.4, 1.45, 14.05027],
			"to": [7.5, 1.54, 14.14973],
			"rotation": {"angle": 22.5, "axis": "x", "origin": [7.9, 1.7, 14.1]},
			"faces": {
				"north": {"uv": [10.508, 3.508, 10.5625, 3.5625], "texture": "#2"},
				"east": {"uv": [10.508, 3.758, 10.5625, 3.8125], "texture": "#2"},
				"south": {"uv": [10.508, 4.008, 10.5625, 4.0625], "texture": "#2"},
				"west": {"uv": [10.508, 4.258, 10.5625, 4.3125], "texture": "#2"},
				"up": {"uv": [10.5625, 4.5625, 10.508, 4.508], "texture": "#2"},
				"down": {"uv": [10.5625, 4.758, 10.508, 4.8125], "texture": "#2"}
			}
		},
		{
			"name": "hexadecagon",
			"from": [7.4, 1.86, 14.05027],
			"to": [7.5, 1.95, 14.14973],
			"rotation": {"angle": -22.5, "axis": "x", "origin": [7.9, 1.7, 14.1]},
			"faces": {
				"north": {"uv": [5.008, 10.508, 5.0625, 10.5625], "texture": "#2"},
				"east": {"uv": [10.508, 5.008, 10.5625, 5.0625], "texture": "#2"},
				"south": {"uv": [5.258, 10.508, 5.3125, 10.5625], "texture": "#2"},
				"west": {"uv": [10.508, 5.258, 10.5625, 5.3125], "texture": "#2"},
				"up": {"uv": [5.5625, 10.5625, 5.508, 10.508], "texture": "#2"},
				"down": {"uv": [10.5625, 5.508, 10.508, 5.5625], "texture": "#2"}
			}
		},
		{
			"name": "hexadecagon",
			"from": [7.4, 1.86, 14.05027],
			"to": [7.5, 1.95, 14.14973],
			"rotation": {"angle": 0, "axis": "x", "origin": [7.9, 1.7, 14.1]},
			"faces": {
				"north": {"uv": [5.758, 10.508, 5.8125, 10.5625], "texture": "#2"},
				"east": {"uv": [10.508, 5.758, 10.5625, 5.8125], "texture": "#2"},
				"south": {"uv": [6.008, 10.508, 6.0625, 10.5625], "texture": "#2"},
				"west": {"uv": [10.508, 6.008, 10.5625, 6.0625], "texture": "#2"},
				"up": {"uv": [6.3125, 10.5625, 6.258, 10.508], "texture": "#2"},
				"down": {"uv": [10.5625, 6.258, 10.508, 6.3125], "texture": "#2"}
			}
		},
		{
			"name": "hexadecagon",
			"from": [7.4, 1.86, 14.05027],
			"to": [7.5, 1.95, 14.14973],
			"rotation": {"angle": 22.5, "axis": "x", "origin": [7.9, 1.7, 14.1]},
			"faces": {
				"north": {"uv": [10.508, 6.508, 10.5625, 6.5625], "texture": "#2"},
				"east": {"uv": [6.758, 10.508, 6.8125, 10.5625], "texture": "#2"},
				"south": {"uv": [10.508, 6.758, 10.5625, 6.8125], "texture": "#2"},
				"west": {"uv": [7.008, 10.508, 7.0625, 10.5625], "texture": "#2"},
				"up": {"uv": [10.5625, 7.0625, 10.508, 7.008], "texture": "#2"},
				"down": {"uv": [7.3125, 10.508, 7.258, 10.5625], "texture": "#2"}
			}
		}
	],
	"gui_light": "front",
	"display": {
		"thirdperson_righthand": {
			"translation": [0, 7.75, -4.25]
		},
		"thirdperson_lefthand": {
			"translation": [0, 7.75, -4.25]
		},
		"firstperson_righthand": {
			"rotation": [-11, 0, 0],
			"translation": [0, 8, -5.75]
		},
		"firstperson_lefthand": {
			"rotation": [-5, 0, 0],
			"translation": [-9, 11.75, 2]
		},
		"ground": {
			"rotation": [0, 0, 90],
			"translation": [-7.25, -1.5, -10]
		},
		"gui": {
			"rotation": [112, 42, -99],
			"translation": [0.5, 5.5, 0],
			"scale": [0.6, 0.6, 0.6]
		}
	},
	"groups": [
		0,
		1,
		2,
		3,
		4,
		5,
		6,
		7,
		8,
		9,
		10,
		11,
		12,
		13,
		14,
		{
			"name": "hexadecagon",
			"origin": [8, 8, 8],
			"color": 0,
			"children": [15, 16, 17, 18, 19, 20, 21, 22]
		},
		{
			"name": "hexadecagon",
			"origin": [8, 8, 8],
			"color": 0,
			"children": [23, 24, 25, 26, 27, 28, 29, 30, 31, 32, 33, 34, 35, 36, 37, 38, 39, 40, 41, 42, 43, 44, 45, 46, 47, 48, 49, 50, 51, 52, 53, 54, 55, 56, 57, 58, 59, 60, 61, 62, 63, 64, 65, 66, 67, 68]
		},
		{
			"name": "hexadecagon",
			"origin": [8, 8, 8],
			"color": 0,
			"children": [69, 70, 71, 72, 73, 74, 75, 76, 77, 78, 79, 80, 81, 82, 83, 84]
		}
	]
}