{
	"credit": "Made with Blockbench",
	"texture_size": [64, 64],
	"textures": {
		"0": "item/tomps",
		"particle": "item/tomps"
	},
	"elements": [
		{
			"from": [7.2, -1.8, -8.4],
			"to": [8.8, -0.3, 0],
			"faces": {
				"north": {"uv": [7, 1, 7.375, 1.4375], "texture": "#0"},
				"east": {"uv": [2.5, 1, 4.625, 1.4375], "texture": "#0"},
				"south": {"uv": [1.5, 7, 1.875, 7.4375], "texture": "#0"},
				"west": {"uv": [2.5, 1.5, 4.625, 1.9375], "texture": "#0"},
				"up": {"uv": [0.375, 5.125, 0, 3], "texture": "#0"},
				"down": {"uv": [0.875, 3, 0.5, 5.125], "texture": "#0"}
			}
		},
		{
			"from": [9.03837, -3.11475, -10.2],
			"to": [9.23837, -2.31475, -9.8],
			"rotation": {"angle": 22.5, "axis": "z", "origin": [0.73837, -3.61475, 0]},
			"faces": {
				"north": {"uv": [9, 6.25, 9.0625, 6.4375], "texture": "#0"},
				"east": {"uv": [8.5, 3.5, 8.625, 3.6875], "texture": "#0"},
				"south": {"uv": [6.5, 9, 6.5625, 9.1875], "texture": "#0"},
				"west": {"uv": [4, 8.5, 4.125, 8.6875], "texture": "#0"},
				"up": {"uv": [9.3125, 5.625, 9.25, 5.5], "texture": "#0"},
				"down": {"uv": [5.8125, 9.25, 5.75, 9.375], "texture": "#0"}
			}
		},
		{
			"from": [6.76163, -3.11475, -10.2],
			"to": [6.96163, -2.31475, -9.8],
			"rotation": {"angle": -22.5, "axis": "z", "origin": [15.26163, -3.61475, 0]},
			"faces": {
				"north": {"uv": [9, 6.5, 9.0625, 6.6875], "texture": "#0"},
				"east": {"uv": [4.25, 8.5, 4.375, 8.6875], "texture": "#0"},
				"south": {"uv": [6.75, 9, 6.8125, 9.1875], "texture": "#0"},
				"west": {"uv": [8.5, 4.25, 8.625, 4.4375], "texture": "#0"},
				"up": {"uv": [9.3125, 5.875, 9.25, 5.75], "texture": "#0"},
				"down": {"uv": [6.0625, 9.25, 6, 9.375], "texture": "#0"}
			}
		},
		{
			"from": [7.7, 0.1, -10.2],
			"to": [8.3, 0.3, -9.8],
			"rotation": {"angle": 0, "axis": "y", "origin": [16, -0.4, 0]},
			"faces": {
				"north": {"uv": [9.25, 3.5, 9.375, 3.5625], "texture": "#0"},
				"east": {"uv": [9.25, 3.75, 9.375, 3.8125], "texture": "#0"},
				"south": {"uv": [4, 9.25, 4.125, 9.3125], "texture": "#0"},
				"west": {"uv": [9.25, 4, 9.375, 4.0625], "texture": "#0"},
				"up": {"uv": [8.875, 6.125, 8.75, 6], "texture": "#0"},
				"down": {"uv": [8.875, 6.25, 8.75, 6.375], "texture": "#0"}
			}
		},
		{
			"from": [7.8, 0.3, -10.2],
			"to": [8.2, 0.5, -9.8],
			"rotation": {"angle": 0, "axis": "y", "origin": [16, -0.4, 0]},
			"faces": {
				"north": {"uv": [4.25, 9.25, 4.375, 9.3125], "texture": "#0"},
				"east": {"uv": [9.25, 4.25, 9.375, 4.3125], "texture": "#0"},
				"south": {"uv": [9.25, 4.5, 9.375, 4.5625], "texture": "#0"},
				"west": {"uv": [9.25, 4.75, 9.375, 4.8125], "texture": "#0"},
				"up": {"uv": [6.625, 8.875, 6.5, 8.75], "texture": "#0"},
				"down": {"uv": [8.875, 6.5, 8.75, 6.625], "texture": "#0"}
			}
		},
		{
			"from": [7.9, 0.5, -10.2],
			"to": [8.1, 0.7, -9.8],
			"rotation": {"angle": 0, "axis": "y", "origin": [16, -0.4, 0]},
			"faces": {
				"north": {"uv": [6.25, 9.5, 6.3125, 9.5625], "texture": "#0"},
				"east": {"uv": [9.25, 5, 9.375, 5.0625], "texture": "#0"},
				"south": {"uv": [9.5, 6.25, 9.5625, 6.3125], "texture": "#0"},
				"west": {"uv": [5.25, 9.25, 5.375, 9.3125], "texture": "#0"},
				"up": {"uv": [9.3125, 5.375, 9.25, 5.25], "texture": "#0"},
				"down": {"uv": [5.5625, 9.25, 5.5, 9.375], "texture": "#0"}
			}
		},
		{
			"from": [7, -1.6, 0],
			"to": [9, 0.4, 2],
			"faces": {
				"north": {"uv": [6, 4.75, 6.5, 5.25], "texture": "#0"},
				"east": {"uv": [4.5, 6.25, 5, 6.75], "texture": "#0"},
				"south": {"uv": [5.25, 6.25, 5.75, 6.75], "texture": "#0"},
				"west": {"uv": [5.75, 6.25, 6.25, 6.75], "texture": "#0"},
				"up": {"uv": [6.75, 6.25, 6.25, 5.75], "texture": "#0"},
				"down": {"uv": [6.75, 6.25, 6.25, 6.75], "texture": "#0"}
			}
		},
		{
			"from": [7.1, -0.8, 2],
			"to": [8.9, -0.3, 4],
			"faces": {
				"north": {"uv": [8, 7.5, 8.4375, 7.625], "texture": "#0"},
				"east": {"uv": [5.75, 8, 6.25, 8.125], "texture": "#0"},
				"south": {"uv": [7.75, 8, 8.1875, 8.125], "texture": "#0"},
				"west": {"uv": [6.25, 8, 6.75, 8.125], "texture": "#0"},
				"up": {"uv": [1.9375, 7, 1.5, 6.5], "texture": "#0"},
				"down": {"uv": [2.4375, 6.5, 2, 7], "texture": "#0"}
			}
		},
		{
			"from": [8.9, -0.2, 10.3],
			"to": [9.2, 0.1, 10.6],
			"faces": {
				"north": {"uv": [6.5, 9.5, 6.5625, 9.5625], "texture": "#0"},
				"east": {"uv": [9.5, 6.5, 9.5625, 6.5625], "texture": "#0"},
				"south": {"uv": [6.75, 9.5, 6.8125, 9.5625], "texture": "#0"},
				"west": {"uv": [9.5, 6.75, 9.5625, 6.8125], "texture": "#0"},
				"up": {"uv": [7.0625, 9.5625, 7, 9.5], "texture": "#0"},
				"down": {"uv": [9.5625, 7, 9.5, 7.0625], "texture": "#0"}
			}
		},
		{
			"from": [9.2, -0.3, 10.2],
			"to": [9.4, 0.2, 10.7],
			"faces": {
				"north": {"uv": [9.25, 6, 9.3125, 6.125], "texture": "#0"},
				"east": {"uv": [6.75, 8.75, 6.875, 8.875], "texture": "#0"},
				"south": {"uv": [6.25, 9.25, 6.3125, 9.375], "texture": "#0"},
				"west": {"uv": [7, 8.75, 7.125, 8.875], "texture": "#0"},
				"up": {"uv": [9.3125, 6.375, 9.25, 6.25], "texture": "#0"},
				"down": {"uv": [6.5625, 9.25, 6.5, 9.375], "texture": "#0"}
			}
		},
		{
			"from": [7.1, -0.8, 4],
			"to": [8.9, 0.4, 14],
			"faces": {
				"north": {"uv": [7.25, 5.75, 7.6875, 6.0625], "texture": "#0"},
				"east": {"uv": [3, 4, 5.5, 4.3125], "texture": "#0"},
				"south": {"uv": [7.25, 6.25, 7.6875, 6.5625], "texture": "#0"},
				"west": {"uv": [4.25, 2, 6.75, 2.3125], "texture": "#0"},
				"up": {"uv": [1.4375, 2.5, 1, 0], "texture": "#0"},
				"down": {"uv": [1.9375, 0, 1.5, 2.5], "texture": "#0"}
			}
		},
		{
			"from": [7.1, -2.7, 11.7],
			"to": [8.9, -1.3, 13.7],
			"faces": {
				"north": {"uv": [7, 1.5, 7.4375, 1.875], "texture": "#0"},
				"east": {"uv": [6.75, 5.75, 7.25, 6.125], "texture": "#0"},
				"south": {"uv": [2, 7, 2.4375, 7.375], "texture": "#0"},
				"west": {"uv": [6, 6.75, 6.5, 7.125], "texture": "#0"},
				"up": {"uv": [6.9375, 5.25, 6.5, 4.75], "texture": "#0"},
				"down": {"uv": [7.1875, 0.5, 6.75, 1], "texture": "#0"}
			}
		},
		{
			"from": [7.1, -2.7, 13.7],
			"to": [8.9, -1.9, 14.8],
			"faces": {
				"north": {"uv": [7.75, 7, 8.1875, 7.1875], "texture": "#0"},
				"east": {"uv": [0.5, 8.25, 0.75, 8.4375], "texture": "#0"},
				"south": {"uv": [8, 1.75, 8.4375, 1.9375], "texture": "#0"},
				"west": {"uv": [8.25, 1, 8.5, 1.1875], "texture": "#0"},
				"up": {"uv": [7.9375, 3.25, 7.5, 3], "texture": "#0"},
				"down": {"uv": [7.9375, 3.25, 7.5, 3.5], "texture": "#0"}
			}
		},
		{
			"from": [7.2, -13.08684, 17.13531],
			"to": [8.8, -12.28684, 18.03531],
			"rotation": {"angle": -45, "axis": "x", "origin": [0, -10.38684, 3.23531]},
			"faces": {
				"north": {"uv": [2.25, 8, 2.6875, 8.1875], "texture": "#0"},
				"east": {"uv": [8.25, 1.25, 8.5, 1.4375], "texture": "#0"},
				"south": {"uv": [8, 2.5, 8.4375, 2.6875], "texture": "#0"},
				"west": {"uv": [8.25, 1.5, 8.5, 1.6875], "texture": "#0"},
				"up": {"uv": [7.9375, 3.75, 7.5, 3.5], "texture": "#0"},
				"down": {"uv": [7.9375, 3.75, 7.5, 4], "texture": "#0"}
			}
		},
		{
			"from": [7.2, 1.57187, 13.62385],
			"to": [8.8, 2.07187, 15.02385],
			"rotation": {"angle": 22.5, "axis": "x", "origin": [0, 4.27187, 1.92385]},
			"faces": {
				"north": {"uv": [8, 7.75, 8.4375, 7.875], "texture": "#0"},
				"east": {"uv": [2.25, 8.25, 2.625, 8.375], "texture": "#0"},
				"south": {"uv": [0, 8.25, 0.4375, 8.375], "texture": "#0"},
				"west": {"uv": [8.25, 3.75, 8.625, 3.875], "texture": "#0"},
				"up": {"uv": [2.9375, 7.375, 2.5, 7], "texture": "#0"},
				"down": {"uv": [7.4375, 2.5, 7, 2.875], "texture": "#0"}
			}
		},
		{
			"from": [7.1, 2.13808, 16.37735],
			"to": [8.9, 3.83808, 26.37735],
			"rotation": {"angle": 22.5, "axis": "x", "origin": [0, 4.83808, 1.87735]},
			"faces": {
				"north": {"uv": [6.75, 2, 7.1875, 2.4375], "texture": "#0"},
				"east": {"uv": [2, 0, 4.5, 0.4375], "texture": "#0"},
				"south": {"uv": [4.5, 6.75, 4.9375, 7.1875], "texture": "#0"},
				"west": {"uv": [2, 0.5, 4.5, 0.9375], "texture": "#0"},
				"up": {"uv": [2.4375, 3.5, 2, 1], "texture": "#0"},
				"down": {"uv": [1.4375, 2.5, 1, 5], "texture": "#0"}
			}
		},
		{
			"from": [7.1, -3.23576, 12.99343],
			"to": [8.9, -2.63576, 14.39343],
			"rotation": {"angle": 0, "axis": "y", "origin": [0, 4.16424, 1.29343]},
			"faces": {
				"north": {"uv": [8.25, 0, 8.6875, 0.125], "texture": "#0"},
				"east": {"uv": [8.25, 4, 8.625, 4.125], "texture": "#0"},
				"south": {"uv": [8.25, 0.25, 8.6875, 0.375], "texture": "#0"},
				"west": {"uv": [8.25, 4.5, 8.625, 4.625], "texture": "#0"},
				"up": {"uv": [7.4375, 3.375, 7, 3], "texture": "#0"},
				"down": {"uv": [7.4375, 3.5, 7, 3.875], "texture": "#0"}
			}
		},
		{
			"from": [7.1, -7.03214, 23.47915],
			"to": [8.9, -1.23214, 24.37915],
			"rotation": {"angle": 0, "axis": "y", "origin": [0, 0.36786, 11.77915]},
			"faces": {
				"north": {"uv": [4.25, 2.5, 4.6875, 3.9375], "texture": "#0"},
				"east": {"uv": [0.75, 5.25, 1, 6.6875], "texture": "#0"},
				"south": {"uv": [4, 4.5, 4.4375, 5.9375], "texture": "#0"},
				"west": {"uv": [5.75, 4, 6, 5.4375], "texture": "#0"},
				"up": {"uv": [4.4375, 7.75, 4, 7.5], "texture": "#0"},
				"down": {"uv": [7.9375, 4, 7.5, 4.25], "texture": "#0"}
			}
		},
		{
			"from": [7.2, -5.23214, 19.17915],
			"to": [8.8, -1.93214, 23.47915],
			"rotation": {"angle": 0, "axis": "y", "origin": [0, 0.36786, 11.77915]},
			"faces": {
				"north": {"uv": [3, 6.25, 3.375, 7.0625], "texture": "#0"},
				"east": {"uv": [3, 2, 4.0625, 2.8125], "texture": "#0"},
				"south": {"uv": [3.5, 6.25, 3.875, 7.0625], "texture": "#0"},
				"west": {"uv": [3, 3, 4.0625, 3.8125], "texture": "#0"},
				"up": {"uv": [2.375, 6.3125, 2, 5.25], "texture": "#0"},
				"down": {"uv": [5.625, 4.5, 5.25, 5.5625], "texture": "#0"}
			}
		},
		{
			"from": [7.2, -3.43214, 15.57915],
			"to": [8.8, -1.93214, 19.17915],
			"rotation": {"angle": 0, "axis": "y", "origin": [0, 0.36786, 11.77915]},
			"faces": {
				"north": {"uv": [4, 7, 4.375, 7.375], "texture": "#0"},
				"east": {"uv": [5.25, 5.75, 6.125, 6.125], "texture": "#0"},
				"south": {"uv": [7, 4, 7.375, 4.375], "texture": "#0"},
				"west": {"uv": [6, 4, 6.875, 4.375], "texture": "#0"},
				"up": {"uv": [2.875, 6.875, 2.5, 6], "texture": "#0"},
				"down": {"uv": [4.375, 6, 4, 6.875], "texture": "#0"}
			}
		},
		{
			"from": [7, -2.73214, 15.57915],
			"to": [9, -1.93214, 16.37915],
			"rotation": {"angle": 0, "axis": "y", "origin": [0, 0.36786, 11.77915]},
			"faces": {
				"north": {"uv": [7.5, 4.25, 8, 4.4375], "texture": "#0"},
				"east": {"uv": [0.25, 8.5, 0.4375, 8.6875], "texture": "#0"},
				"south": {"uv": [7.5, 4.75, 8, 4.9375], "texture": "#0"},
				"west": {"uv": [0.5, 8.5, 0.6875, 8.6875], "texture": "#0"},
				"up": {"uv": [8, 5.1875, 7.5, 5], "texture": "#0"},
				"down": {"uv": [5.75, 7.5, 5.25, 7.6875], "texture": "#0"}
			}
		},
		{
			"from": [7.1, -1.93214, 15.07915],
			"to": [8.9, -1.23214, 23.47915],
			"rotation": {"angle": 0, "axis": "y", "origin": [0, 0.36786, 11.77915]},
			"faces": {
				"north": {"uv": [8, 2.75, 8.4375, 2.9375], "texture": "#0"},
				"east": {"uv": [4.75, 3.5, 6.875, 3.6875], "texture": "#0"},
				"south": {"uv": [8, 3, 8.4375, 3.1875], "texture": "#0"},
				"west": {"uv": [4.75, 3.75, 6.875, 3.9375], "texture": "#0"},
				"up": {"uv": [1.9375, 4.625, 1.5, 2.5], "texture": "#0"},
				"down": {"uv": [2.9375, 2, 2.5, 4.125], "texture": "#0"}
			}
		},
		{
			"from": [8.6975, 0.723, 12.284],
			"to": [8.8165, 1.08, 12.403],
			"rotation": {"angle": 0, "axis": "y", "origin": [17.92, -1.3, -2.71]},
			"faces": {
				"north": {"uv": [7.25, 9.5, 7.3125, 9.5625], "texture": "#0"},
				"east": {"uv": [9.5, 7.25, 9.5625, 7.3125], "texture": "#0"},
				"south": {"uv": [7.5, 9.5, 7.5625, 9.5625], "texture": "#0"},
				"west": {"uv": [9.5, 7.5, 9.5625, 7.5625], "texture": "#0"},
				"up": {"uv": [7.8125, 9.5625, 7.75, 9.5], "texture": "#0"},
				"down": {"uv": [9.5625, 7.75, 9.5, 7.8125], "texture": "#0"}
			}
		},
		{
			"from": [8.6975, -4.28679, 8.53405],
			"to": [8.8165, -3.96779, 10.32905],
			"rotation": {"angle": -22.5, "axis": "x", "origin": [17.92, 3.47021, -1.38195]},
			"faces": {
				"north": {"uv": [8, 9.5, 8.0625, 9.5625], "texture": "#0"},
				"east": {"uv": [1.5, 8.5, 1.9375, 8.5625], "texture": "#0"},
				"south": {"uv": [9.5, 8, 9.5625, 8.0625], "texture": "#0"},
				"west": {"uv": [8.5, 1.5, 8.9375, 1.5625], "texture": "#0"},
				"up": {"uv": [2.0625, 8.9375, 2, 8.5], "texture": "#0"},
				"down": {"uv": [2.3125, 8.5, 2.25, 8.9375], "texture": "#0"}
			}
		},
		{
			"from": [7.1835, -4.28679, 8.53405],
			"to": [7.3025, -3.96779, 10.32905],
			"rotation": {"angle": -22.5, "axis": "x", "origin": [-1.92, 3.47021, -1.38195]},
			"faces": {
				"north": {"uv": [8.25, 9.5, 8.3125, 9.5625], "texture": "#0"},
				"east": {"uv": [8.5, 1.75, 8.9375, 1.8125], "texture": "#0"},
				"south": {"uv": [9.5, 8.25, 9.5625, 8.3125], "texture": "#0"},
				"west": {"uv": [2.5, 8.5, 2.9375, 8.5625], "texture": "#0"},
				"up": {"uv": [8.5625, 2.9375, 8.5, 2.5], "texture": "#0"},
				"down": {"uv": [8.5625, 3, 8.5, 3.4375], "texture": "#0"}
			}
		},
		{
			"from": [8.6975, -10.5521, 14.89192],
			"to": [8.8165, -10.4331, 15.12992],
			"rotation": {"angle": 45, "axis": "x", "origin": [17.92, -2.3411, 27.14892]},
			"faces": {
				"north": {"uv": [8.5, 9.5, 8.5625, 9.5625], "texture": "#0"},
				"east": {"uv": [9.5, 8.5, 9.5625, 8.5625], "texture": "#0"},
				"south": {"uv": [8.75, 9.5, 8.8125, 9.5625], "texture": "#0"},
				"west": {"uv": [9.5, 8.75, 9.5625, 8.8125], "texture": "#0"},
				"up": {"uv": [9.0625, 9.5625, 9, 9.5], "texture": "#0"},
				"down": {"uv": [9.5625, 9, 9.5, 9.0625], "texture": "#0"}
			}
		},
		{
			"from": [8.6975, 0.485, 11.627],
			"to": [8.8165, 0.604, 12.76],
			"rotation": {"angle": 0, "axis": "y", "origin": [17.92, -1.3, -2.71]},
			"faces": {
				"north": {"uv": [9.25, 9.5, 9.3125, 9.5625], "texture": "#0"},
				"east": {"uv": [8.75, 3.75, 9.0625, 3.8125], "texture": "#0"},
				"south": {"uv": [9.5, 9.25, 9.5625, 9.3125], "texture": "#0"},
				"west": {"uv": [4, 8.75, 4.3125, 8.8125], "texture": "#0"},
				"up": {"uv": [8.8125, 4.3125, 8.75, 4], "texture": "#0"},
				"down": {"uv": [5.3125, 8.75, 5.25, 9.0625], "texture": "#0"}
			}
		},
		{
			"from": [8.6975, 5.75503, 14.50227],
			"to": [8.8165, 6.35003, 14.62127],
			"rotation": {"angle": -22.5, "axis": "x", "origin": [17.92, -1.86097, 26.75927]},
			"faces": {
				"north": {"uv": [9.25, 6.5, 9.3125, 6.625], "texture": "#0"},
				"east": {"uv": [6.75, 9.25, 6.8125, 9.375], "texture": "#0"},
				"south": {"uv": [9.25, 6.75, 9.3125, 6.875], "texture": "#0"},
				"west": {"uv": [7, 9.25, 7.0625, 9.375], "texture": "#0"},
				"up": {"uv": [9.5625, 9.5625, 9.5, 9.5], "texture": "#0"},
				"down": {"uv": [0.0625, 9.75, 0, 9.8125], "texture": "#0"}
			}
		},
		{
			"from": [7.1835, 0.723, 12.284],
			"to": [7.3025, 1.08, 12.403],
			"rotation": {"angle": 0, "axis": "y", "origin": [-1.92, -1.3, -2.71]},
			"faces": {
				"north": {"uv": [9.75, 0, 9.8125, 0.0625], "texture": "#0"},
				"east": {"uv": [0.25, 9.75, 0.3125, 9.8125], "texture": "#0"},
				"south": {"uv": [9.75, 0.25, 9.8125, 0.3125], "texture": "#0"},
				"west": {"uv": [0.5, 9.75, 0.5625, 9.8125], "texture": "#0"},
				"up": {"uv": [9.8125, 0.5625, 9.75, 0.5], "texture": "#0"},
				"down": {"uv": [0.8125, 9.75, 0.75, 9.8125], "texture": "#0"}
			}
		},
		{
			"from": [7.8025, 0.761, 12.284],
			"to": [7.8405, 0.98, 12.403],
			"rotation": {"angle": 0, "axis": "y", "origin": [17.52, -1.3, -2.71]},
			"faces": {
				"north": {"uv": [9.75, 5.75, 9.8125, 5.8125], "texture": "#0"},
				"east": {"uv": [6, 9.75, 6.0625, 9.8125], "texture": "#0"},
				"south": {"uv": [9.75, 6, 9.8125, 6.0625], "texture": "#0"},
				"west": {"uv": [6.25, 9.75, 6.3125, 9.8125], "texture": "#0"},
				"up": {"uv": [9.8125, 6.3125, 9.75, 6.25], "texture": "#0"},
				"down": {"uv": [6.5625, 9.75, 6.5, 9.8125], "texture": "#0"}
			}
		},
		{
			"from": [8.1595, 0.761, 12.284],
			"to": [8.1975, 0.98, 12.403],
			"rotation": {"angle": 0, "axis": "y", "origin": [17.52, -1.3, -2.71]},
			"faces": {
				"north": {"uv": [9.75, 5, 9.8125, 5.0625], "texture": "#0"},
				"east": {"uv": [5.25, 9.75, 5.3125, 9.8125], "texture": "#0"},
				"south": {"uv": [9.75, 5.25, 9.8125, 5.3125], "texture": "#0"},
				"west": {"uv": [5.5, 9.75, 5.5625, 9.8125], "texture": "#0"},
				"up": {"uv": [9.8125, 5.5625, 9.75, 5.5], "texture": "#0"},
				"down": {"uv": [5.8125, 9.75, 5.75, 9.8125], "texture": "#0"}
			}
		},
		{
			"from": [12.95706, 5.71966, 12.284],
			"to": [12.99506, 5.83866, 12.403],
			"rotation": {"angle": 45, "axis": "z", "origin": [16.31756, -2.44134, -2.71]},
			"faces": {
				"north": {"uv": [9.75, 6.5, 9.8125, 6.5625], "texture": "#0"},
				"east": {"uv": [6.75, 9.75, 6.8125, 9.8125], "texture": "#0"},
				"south": {"uv": [9.75, 6.75, 9.8125, 6.8125], "texture": "#0"},
				"west": {"uv": [7, 9.75, 7.0625, 9.8125], "texture": "#0"},
				"up": {"uv": [9.8125, 7.0625, 9.75, 7], "texture": "#0"},
				"down": {"uv": [7.3125, 9.75, 7.25, 9.8125], "texture": "#0"}
			}
		},
		{
			"from": [3.00494, 5.71966, 12.284],
			"to": [3.04294, 5.83866, 12.403],
			"rotation": {"angle": -45, "axis": "z", "origin": [-0.31756, -2.44134, -2.71]},
			"faces": {
				"north": {"uv": [9.75, 7.25, 9.8125, 7.3125], "texture": "#0"},
				"east": {"uv": [7.5, 9.75, 7.5625, 9.8125], "texture": "#0"},
				"south": {"uv": [9.75, 7.5, 9.8125, 7.5625], "texture": "#0"},
				"west": {"uv": [7.75, 9.75, 7.8125, 9.8125], "texture": "#0"},
				"up": {"uv": [9.8125, 7.8125, 9.75, 7.75], "texture": "#0"},
				"down": {"uv": [8.0625, 9.75, 8, 9.8125], "texture": "#0"}
			}
		},
		{
			"from": [12.95706, -4.03866, 12.284],
			"to": [12.99506, -3.91966, 12.403],
			"rotation": {"angle": -45, "axis": "z", "origin": [16.31756, 4.24134, -2.71]},
			"faces": {
				"north": {"uv": [9.75, 9.5, 9.8125, 9.5625], "texture": "#0"},
				"east": {"uv": [9.75, 9.75, 9.8125, 9.8125], "texture": "#0"},
				"south": {"uv": [0, 10, 0.0625, 10.0625], "texture": "#0"},
				"west": {"uv": [10, 0, 10.0625, 0.0625], "texture": "#0"},
				"up": {"uv": [0.3125, 10.0625, 0.25, 10], "texture": "#0"},
				"down": {"uv": [10.0625, 0.25, 10, 0.3125], "texture": "#0"}
			}
		},
		{
			"from": [3.00494, -4.03866, 12.284],
			"to": [3.04294, -3.91966, 12.403],
			"rotation": {"angle": 45, "axis": "z", "origin": [-0.31756, 4.24134, -2.71]},
			"faces": {
				"north": {"uv": [9.75, 8.75, 9.8125, 8.8125], "texture": "#0"},
				"east": {"uv": [9, 9.75, 9.0625, 9.8125], "texture": "#0"},
				"south": {"uv": [9.75, 9, 9.8125, 9.0625], "texture": "#0"},
				"west": {"uv": [9.25, 9.75, 9.3125, 9.8125], "texture": "#0"},
				"up": {"uv": [9.8125, 9.3125, 9.75, 9.25], "texture": "#0"},
				"down": {"uv": [9.5625, 9.75, 9.5, 9.8125], "texture": "#0"}
			}
		},
		{
			"from": [7.88665, 1.02615, 12.284],
			"to": [8.10565, 1.06415, 12.403],
			"rotation": {"angle": 0, "axis": "z", "origin": [-0.27435, -2.61335, -2.71]},
			"faces": {
				"north": {"uv": [9.75, 8, 9.8125, 8.0625], "texture": "#0"},
				"east": {"uv": [8.25, 9.75, 8.3125, 9.8125], "texture": "#0"},
				"south": {"uv": [9.75, 8.25, 9.8125, 8.3125], "texture": "#0"},
				"west": {"uv": [8.5, 9.75, 8.5625, 9.8125], "texture": "#0"},
				"up": {"uv": [9.8125, 8.5625, 9.75, 8.5], "texture": "#0"},
				"down": {"uv": [8.8125, 9.75, 8.75, 9.8125], "texture": "#0"}
			}
		},
		{
			"from": [7.8025, 0.485, 12.284],
			"to": [8.1975, 0.761, 12.403],
			"rotation": {"angle": 0, "axis": "y", "origin": [17.52, -1.3, -2.71]},
			"faces": {
				"north": {"uv": [5.75, 9.5, 5.875, 9.5625], "texture": "#0"},
				"east": {"uv": [9.75, 4.75, 9.8125, 4.8125], "texture": "#0"},
				"south": {"uv": [9.5, 5.75, 9.625, 5.8125], "texture": "#0"},
				"west": {"uv": [5, 9.75, 5.0625, 9.8125], "texture": "#0"},
				"up": {"uv": [6.125, 9.5625, 6, 9.5], "texture": "#0"},
				"down": {"uv": [9.625, 6, 9.5, 6.0625], "texture": "#0"}
			}
		},
		{
			"from": [7.243, 0.366, 11.489],
			"to": [8.757, 0.485, 12.998],
			"rotation": {"angle": 0, "axis": "y", "origin": [-1.52, -1.3, -2.71]},
			"faces": {
				"north": {"uv": [9, 6.75, 9.1875, 6.8125], "texture": "#0"},
				"east": {"uv": [8.5, 4.75, 8.875, 4.8125], "texture": "#0"},
				"south": {"uv": [7, 9, 7.1875, 9.0625], "texture": "#0"},
				"west": {"uv": [8.5, 5, 8.875, 5.0625], "texture": "#0"},
				"up": {"uv": [4.1875, 8.375, 4, 8], "texture": "#0"},
				"down": {"uv": [4.4375, 8, 4.25, 8.375], "texture": "#0"}
			}
		},
		{
			"from": [7.1835, 5.75503, 14.50227],
			"to": [7.3025, 6.35003, 14.62127],
			"rotation": {"angle": -22.5, "axis": "x", "origin": [-1.92, -1.86097, 26.75927]},
			"faces": {
				"north": {"uv": [9.25, 7, 9.3125, 7.125], "texture": "#0"},
				"east": {"uv": [7.25, 9.25, 7.3125, 9.375], "texture": "#0"},
				"south": {"uv": [9.25, 7.25, 9.3125, 7.375], "texture": "#0"},
				"west": {"uv": [7.5, 9.25, 7.5625, 9.375], "texture": "#0"},
				"up": {"uv": [9.8125, 1.8125, 9.75, 1.75], "texture": "#0"},
				"down": {"uv": [2.0625, 9.75, 2, 9.8125], "texture": "#0"}
			}
		},
		{
			"from": [8.6975, 0.604, 11.965],
			"to": [8.8165, 0.723, 12.522],
			"rotation": {"angle": 0, "axis": "y", "origin": [17.92, -1.3, -2.71]},
			"faces": {
				"north": {"uv": [9.75, 2.75, 9.8125, 2.8125], "texture": "#0"},
				"east": {"uv": [9.25, 7.5, 9.375, 7.5625], "texture": "#0"},
				"south": {"uv": [3, 9.75, 3.0625, 9.8125], "texture": "#0"},
				"west": {"uv": [7.75, 9.25, 7.875, 9.3125], "texture": "#0"},
				"up": {"uv": [9.3125, 7.875, 9.25, 7.75], "texture": "#0"},
				"down": {"uv": [8.0625, 9.25, 8, 9.375], "texture": "#0"}
			}
		},
		{
			"from": [7.1835, 0.485, 11.627],
			"to": [7.3025, 0.604, 12.76],
			"rotation": {"angle": 0, "axis": "y", "origin": [-1.92, -1.3, -2.71]},
			"faces": {
				"north": {"uv": [9.3125, 9.5, 9.25, 9.5625], "texture": "#0"},
				"east": {"uv": [4.3125, 8.75, 4, 8.8125], "texture": "#0"},
				"south": {"uv": [9.5625, 9.25, 9.5, 9.3125], "texture": "#0"},
				"west": {"uv": [9.0625, 3.75, 8.75, 3.8125], "texture": "#0"},
				"up": {"uv": [8.75, 4.3125, 8.8125, 4], "texture": "#0"},
				"down": {"uv": [5.25, 8.75, 5.3125, 9.0625], "texture": "#0"}
			}
		},
		{
			"from": [7.1835, 0.604, 11.965],
			"to": [7.3025, 0.723, 12.522],
			"rotation": {"angle": 0, "axis": "y", "origin": [-1.92, -1.3, -2.71]},
			"faces": {
				"north": {"uv": [9.8125, 2.75, 9.75, 2.8125], "texture": "#0"},
				"east": {"uv": [7.875, 9.25, 7.75, 9.3125], "texture": "#0"},
				"south": {"uv": [3.0625, 9.75, 3, 9.8125], "texture": "#0"},
				"west": {"uv": [9.375, 7.5, 9.25, 7.5625], "texture": "#0"},
				"up": {"uv": [9.25, 7.875, 9.3125, 7.75], "texture": "#0"},
				"down": {"uv": [8, 9.25, 8.0625, 9.375], "texture": "#0"}
			}
		},
		{
			"from": [7.1835, -10.5521, 14.89192],
			"to": [7.3025, -10.4331, 15.12992],
			"rotation": {"angle": 45, "axis": "x", "origin": [-1.92, -2.3411, 27.14892]},
			"faces": {
				"north": {"uv": [8.5625, 9.5, 8.5, 9.5625], "texture": "#0"},
				"east": {"uv": [9.5625, 8.75, 9.5, 8.8125], "texture": "#0"},
				"south": {"uv": [8.8125, 9.5, 8.75, 9.5625], "texture": "#0"},
				"west": {"uv": [9.5625, 8.5, 9.5, 8.5625], "texture": "#0"},
				"up": {"uv": [9, 9.5625, 9.0625, 9.5], "texture": "#0"},
				"down": {"uv": [9.5, 9, 9.5625, 9.0625], "texture": "#0"}
			}
		},
		{
			"from": [7.3, -0.8, 14],
			"to": [8.7, 0.4, 14.2],
			"faces": {
				"north": {"uv": [2.5, 7.5, 2.875, 7.8125], "texture": "#0"},
				"east": {"uv": [5.5, 8.75, 5.5625, 9.0625], "texture": "#0"},
				"south": {"uv": [7.5, 2.5, 7.875, 2.8125], "texture": "#0"},
				"west": {"uv": [8.75, 5.5, 8.8125, 5.8125], "texture": "#0"},
				"up": {"uv": [5.625, 8.5625, 5.25, 8.5], "texture": "#0"},
				"down": {"uv": [8.875, 5.25, 8.5, 5.3125], "texture": "#0"}
			}
		},
		{
			"from": [7.8, -0.3, 14.2],
			"to": [8.2, 0.1, 14.4],
			"faces": {
				"north": {"uv": [9.25, 8, 9.375, 8.0625], "texture": "#0"},
				"east": {"uv": [9.75, 3, 9.8125, 3.0625], "texture": "#0"},
				"south": {"uv": [8.25, 9.25, 8.375, 9.3125], "texture": "#0"},
				"west": {"uv": [3.25, 9.75, 3.3125, 9.8125], "texture": "#0"},
				"up": {"uv": [9.375, 8.3125, 9.25, 8.25], "texture": "#0"},
				"down": {"uv": [8.625, 9.25, 8.5, 9.3125], "texture": "#0"}
			}
		},
		{
			"from": [7, -1.6, 2],
			"to": [9, -0.8, 14],
			"faces": {
				"north": {"uv": [8, 4.25, 8.375, 4.4375], "texture": "#0"},
				"east": {"uv": [4.5, 0, 7.5, 0.1875], "texture": "#0"},
				"south": {"uv": [8, 4.75, 8.375, 4.9375], "texture": "#0"},
				"west": {"uv": [4.5, 0.25, 7.5, 0.4375], "texture": "#0"},
				"up": {"uv": [0.375, 3, 0, 0], "texture": "#0"},
				"down": {"uv": [0.875, 0, 0.5, 3], "texture": "#0"}
			}
		},
		{
			"from": [7.4, -2.4, 4.9],
			"to": [8.6, -1.6, 11.7],
			"faces": {
				"north": {"uv": [7.25, 8, 7.5625, 8.1875], "texture": "#0"},
				"east": {"uv": [5.75, 5.5, 7.4375, 5.6875], "texture": "#0"},
				"south": {"uv": [8, 7.25, 8.3125, 7.4375], "texture": "#0"},
				"west": {"uv": [6, 4.5, 7.6875, 4.6875], "texture": "#0"},
				"up": {"uv": [4.8125, 6.1875, 4.5, 4.5], "texture": "#0"},
				"down": {"uv": [1.8125, 4.75, 1.5, 6.4375], "texture": "#0"}
			}
		},
		{
			"from": [7.2, -2.4, 7.5],
			"to": [7.4, -2, 7.9],
			"faces": {
				"north": {"uv": [9.25, 8.5, 9.3125, 8.625], "texture": "#0"},
				"east": {"uv": [7.25, 8.75, 7.375, 8.875], "texture": "#0"},
				"south": {"uv": [8.75, 9.25, 8.8125, 9.375], "texture": "#0"},
				"west": {"uv": [8.75, 7.25, 8.875, 7.375], "texture": "#0"},
				"up": {"uv": [9.3125, 8.875, 9.25, 8.75], "texture": "#0"},
				"down": {"uv": [9.0625, 9.25, 9, 9.375], "texture": "#0"}
			}
		},
		{
			"from": [7.3, -3.5, 7.7],
			"to": [7.6, -3.1, 8.1],
			"faces": {
				"north": {"uv": [9.25, 9, 9.3125, 9.125], "texture": "#0"},
				"east": {"uv": [7.5, 8.75, 7.625, 8.875], "texture": "#0"},
				"south": {"uv": [9.25, 9.25, 9.3125, 9.375], "texture": "#0"},
				"west": {"uv": [8.75, 7.5, 8.875, 7.625], "texture": "#0"},
				"up": {"uv": [0.0625, 9.625, 0, 9.5], "texture": "#0"},
				"down": {"uv": [9.5625, 0, 9.5, 0.125], "texture": "#0"}
			}
		},
		{
			"from": [8.4, -3.5, 7.7],
			"to": [8.7, -3.1, 8.1],
			"rotation": {"angle": 0, "axis": "y", "origin": [16, 0, 0]},
			"faces": {
				"north": {"uv": [0.25, 9.5, 0.3125, 9.625], "texture": "#0"},
				"east": {"uv": [8.75, 7.75, 8.875, 7.875], "texture": "#0"},
				"south": {"uv": [9.5, 0.25, 9.5625, 0.375], "texture": "#0"},
				"west": {"uv": [8.75, 8, 8.875, 8.125], "texture": "#0"},
				"up": {"uv": [0.5625, 9.625, 0.5, 9.5], "texture": "#0"},
				"down": {"uv": [9.5625, 0.5, 9.5, 0.625], "texture": "#0"}
			}
		},
		{
			"from": [7.2, -2.4, 8.5],
			"to": [7.4, -2, 8.9],
			"faces": {
				"north": {"uv": [0.75, 9.5, 0.8125, 9.625], "texture": "#0"},
				"east": {"uv": [8.75, 8.25, 8.875, 8.375], "texture": "#0"},
				"south": {"uv": [9.5, 0.75, 9.5625, 0.875], "texture": "#0"},
				"west": {"uv": [8.75, 8.5, 8.875, 8.625], "texture": "#0"},
				"up": {"uv": [1.0625, 9.625, 1, 9.5], "texture": "#0"},
				"down": {"uv": [9.5625, 1, 9.5, 1.125], "texture": "#0"}
			}
		},
		{
			"from": [8.6, -2.4, 8.5],
			"to": [8.8, -2, 8.9],
			"rotation": {"angle": 0, "axis": "y", "origin": [16, 0, 0]},
			"faces": {
				"north": {"uv": [1.25, 9.5, 1.3125, 9.625], "texture": "#0"},
				"east": {"uv": [8.75, 8.75, 8.875, 8.875], "texture": "#0"},
				"south": {"uv": [9.5, 1.25, 9.5625, 1.375], "texture": "#0"},
				"west": {"uv": [0, 9, 0.125, 9.125], "texture": "#0"},
				"up": {"uv": [1.5625, 9.625, 1.5, 9.5], "texture": "#0"},
				"down": {"uv": [9.5625, 1.5, 9.5, 1.625], "texture": "#0"}
			}
		},
		{
			"from": [8.6, -2.4, 7.5],
			"to": [8.8, -2, 7.9],
			"rotation": {"angle": 0, "axis": "y", "origin": [16, 0, 0]},
			"faces": {
				"north": {"uv": [1.75, 9.5, 1.8125, 9.625], "texture": "#0"},
				"east": {"uv": [9, 0, 9.125, 0.125], "texture": "#0"},
				"south": {"uv": [9.5, 1.75, 9.5625, 1.875], "texture": "#0"},
				"west": {"uv": [9, 0.25, 9.125, 0.375], "texture": "#0"},
				"up": {"uv": [2.0625, 9.625, 2, 9.5], "texture": "#0"},
				"down": {"uv": [9.5625, 2, 9.5, 2.125], "texture": "#0"}
			}
		},
		{
			"from": [7.4, -3.3, 7.8],
			"to": [8.6, -2.4, 9],
			"faces": {
				"north": {"uv": [8, 6.5, 8.25, 6.75], "texture": "#0"},
				"east": {"uv": [8, 3.25, 8.3125, 3.5], "texture": "#0"},
				"south": {"uv": [6.75, 8, 7, 8.25], "texture": "#0"},
				"west": {"uv": [8, 3.5, 8.3125, 3.75], "texture": "#0"},
				"up": {"uv": [3, 8.3125, 2.75, 8], "texture": "#0"},
				"down": {"uv": [8.25, 3.75, 8, 4.0625], "texture": "#0"}
			}
		},
		{
			"from": [7.6, -3.9, 4.9],
			"to": [8.4, -3.7, 7.6],
			"faces": {
				"north": {"uv": [9, 7.5, 9.1875, 7.5625], "texture": "#0"},
				"east": {"uv": [6.75, 8.25, 7.4375, 8.3125], "texture": "#0"},
				"south": {"uv": [7.75, 9, 7.9375, 9.0625], "texture": "#0"},
				"west": {"uv": [8.25, 6.75, 8.9375, 6.8125], "texture": "#0"},
				"up": {"uv": [0.1875, 8.1875, 0, 7.5], "texture": "#0"},
				"down": {"uv": [0.4375, 7.5, 0.25, 8.1875], "texture": "#0"}
			}
		},
		{
			"from": [7.8, -2.6, 5.7],
			"to": [8.2, -2.4, 7],
			"faces": {
				"north": {"uv": [2.25, 9.5, 2.375, 9.5625], "texture": "#0"},
				"east": {"uv": [8.75, 4.5, 9.0625, 4.5625], "texture": "#0"},
				"south": {"uv": [9.5, 2.25, 9.625, 2.3125], "texture": "#0"},
				"west": {"uv": [5.75, 8.75, 6.0625, 8.8125], "texture": "#0"},
				"up": {"uv": [8.375, 8.3125, 8.25, 8], "texture": "#0"},
				"down": {"uv": [0.125, 8.5, 0, 8.8125], "texture": "#0"}
			}
		},
		{
			"from": [7.9, -2.8, 6.3],
			"to": [8.1, -2.6, 6.8],
			"faces": {
				"north": {"uv": [9.75, 3.25, 9.8125, 3.3125], "texture": "#0"},
				"east": {"uv": [2.5, 9.5, 2.625, 9.5625], "texture": "#0"},
				"south": {"uv": [3.5, 9.75, 3.5625, 9.8125], "texture": "#0"},
				"west": {"uv": [9.5, 2.5, 9.625, 2.5625], "texture": "#0"},
				"up": {"uv": [2.8125, 9.625, 2.75, 9.5], "texture": "#0"},
				"down": {"uv": [9.5625, 2.75, 9.5, 2.875], "texture": "#0"}
			}
		},
		{
			"from": [7.9, -0.94916, 8.18152],
			"to": [8.1, -0.44916, 8.38152],
			"rotation": {"angle": 22.5, "axis": "x", "origin": [0, 2.35084, 1.68152]},
			"faces": {
				"north": {"uv": [3, 9.5, 3.0625, 9.625], "texture": "#0"},
				"east": {"uv": [9.5, 3, 9.5625, 3.125], "texture": "#0"},
				"south": {"uv": [3.25, 9.5, 3.3125, 9.625], "texture": "#0"},
				"west": {"uv": [9.5, 3.25, 9.5625, 3.375], "texture": "#0"},
				"up": {"uv": [9.8125, 3.5625, 9.75, 3.5], "texture": "#0"},
				"down": {"uv": [3.8125, 9.75, 3.75, 9.8125], "texture": "#0"}
			}
		},
		{
			"from": [7.9, 1.79578, 6.43257],
			"to": [8.1, 2.19578, 6.63257],
			"rotation": {"angle": 45, "axis": "x", "origin": [0, -0.50422, 0.03257]},
			"faces": {
				"north": {"uv": [3.5, 9.5, 3.5625, 9.625], "texture": "#0"},
				"east": {"uv": [9.5, 3.5, 9.5625, 3.625], "texture": "#0"},
				"south": {"uv": [3.75, 9.5, 3.8125, 9.625], "texture": "#0"},
				"west": {"uv": [9.5, 3.75, 9.5625, 3.875], "texture": "#0"},
				"up": {"uv": [9.8125, 3.8125, 9.75, 3.75], "texture": "#0"},
				"down": {"uv": [4.0625, 9.75, 4, 9.8125], "texture": "#0"}
			}
		},
		{
			"from": [7.6, -3.9, 7.6],
			"to": [8.4, -2.4, 8.2],
			"faces": {
				"north": {"uv": [5.25, 8, 5.4375, 8.375], "texture": "#0"},
				"east": {"uv": [5.75, 8.25, 5.875, 8.625], "texture": "#0"},
				"south": {"uv": [5.5, 8, 5.6875, 8.375], "texture": "#0"},
				"west": {"uv": [8.25, 5.75, 8.375, 6.125], "texture": "#0"},
				"up": {"uv": [8.6875, 5.625, 8.5, 5.5], "texture": "#0"},
				"down": {"uv": [8.6875, 5.75, 8.5, 5.875], "texture": "#0"}
			}
		},
		{
			"from": [7.6, -2.6, 9],
			"to": [8.4, -2.4, 11.7],
			"faces": {
				"north": {"uv": [9, 7.75, 9.1875, 7.8125], "texture": "#0"},
				"east": {"uv": [8.25, 7, 8.9375, 7.0625], "texture": "#0"},
				"south": {"uv": [8, 9, 8.1875, 9.0625], "texture": "#0"},
				"west": {"uv": [7.5, 8.25, 8.1875, 8.3125], "texture": "#0"},
				"up": {"uv": [0.6875, 8.1875, 0.5, 7.5], "texture": "#0"},
				"down": {"uv": [7.6875, 1, 7.5, 1.6875], "texture": "#0"}
			}
		},
		{
			"from": [7.6, -6.2, 7.1],
			"to": [8.4, -5.8, 8.2],
			"rotation": {"angle": -22.5, "axis": "x", "origin": [0, 0, 0]},
			"faces": {
				"north": {"uv": [6, 8.5, 6.1875, 8.625], "texture": "#0"},
				"east": {"uv": [8.5, 1, 8.75, 1.125], "texture": "#0"},
				"south": {"uv": [8.5, 6, 8.6875, 6.125], "texture": "#0"},
				"west": {"uv": [8.5, 1.25, 8.75, 1.375], "texture": "#0"},
				"up": {"uv": [8.4375, 5.5, 8.25, 5.25], "texture": "#0"},
				"down": {"uv": [6.1875, 8.25, 6, 8.5], "texture": "#0"}
			}
		},
		{
			"from": [7.5, 2.7, 8.2],
			"to": [8.5, 4.2, 10.1],
			"rotation": {"angle": 45, "axis": "x", "origin": [0, 0, 0]},
			"faces": {
				"north": {"uv": [5.75, 7.5, 6, 7.875], "texture": "#0"},
				"east": {"uv": [6.75, 6.25, 7.25, 6.625], "texture": "#0"},
				"south": {"uv": [6, 7.5, 6.25, 7.875], "texture": "#0"},
				"west": {"uv": [6.5, 6.75, 7, 7.125], "texture": "#0"},
				"up": {"uv": [5.75, 4.5, 5.5, 4], "texture": "#0"},
				"down": {"uv": [7.75, 0, 7.5, 0.5], "texture": "#0"}
			}
		},
		{
			"from": [7.5, 2.8, 8],
			"to": [8.5, 3.6, 8.2],
			"rotation": {"angle": 45, "axis": "x", "origin": [0, 0, 0]},
			"faces": {
				"north": {"uv": [6.25, 7.5, 6.5, 7.875], "texture": "#0"},
				"east": {"uv": [6.25, 8.5, 6.3125, 8.875], "texture": "#0"},
				"south": {"uv": [6.5, 7.5, 6.75, 7.875], "texture": "#0"},
				"west": {"uv": [8.5, 6.25, 8.5625, 6.625], "texture": "#0"},
				"up": {"uv": [1, 9.0625, 0.75, 9], "texture": "#0"},
				"down": {"uv": [9.25, 1, 9, 1.0625], "texture": "#0"}
			}
		},
		{
			"from": [7.5, -7.90339, 5.79333],
			"to": [8.5, -6.40339, 7.29333],
			"rotation": {"angle": -22.5, "axis": "x", "origin": [0, 1.79661, 3.09333]},
			"faces": {
				"north": {"uv": [6.75, 7.5, 7, 7.875], "texture": "#0"},
				"east": {"uv": [7, 4.75, 7.375, 5.125], "texture": "#0"},
				"south": {"uv": [7.5, 6.75, 7.75, 7.125], "texture": "#0"},
				"west": {"uv": [7, 6.75, 7.375, 7.125], "texture": "#0"},
				"up": {"uv": [7.25, 7.875, 7, 7.5], "texture": "#0"},
				"down": {"uv": [7.5, 7.5, 7.25, 7.875], "texture": "#0"}
			}
		},
		{
			"from": [7.6, 0.8, 5.9],
			"to": [8.4, 1, 6.3],
			"rotation": {"angle": 45, "axis": "x", "origin": [0, 0, 0]},
			"faces": {
				"north": {"uv": [9, 8, 9.1875, 8.0625], "texture": "#0"},
				"east": {"uv": [4, 9.5, 4.125, 9.5625], "texture": "#0"},
				"south": {"uv": [8.25, 9, 8.4375, 9.0625], "texture": "#0"},
				"west": {"uv": [9.5, 4, 9.625, 4.0625], "texture": "#0"},
				"up": {"uv": [6.6875, 8.625, 6.5, 8.5], "texture": "#0"},
				"down": {"uv": [6.9375, 8.5, 6.75, 8.625], "texture": "#0"}
			}
		},
		{
			"from": [7.6, -0.6, -9.8],
			"to": [8.4, -0.4, -9.4],
			"rotation": {"angle": -45, "axis": "x", "origin": [0, 16, 0]},
			"faces": {
				"north": {"uv": [9, 8.25, 9.1875, 8.3125], "texture": "#0"},
				"east": {"uv": [4.25, 9.5, 4.375, 9.5625], "texture": "#0"},
				"south": {"uv": [8.5, 9, 8.6875, 9.0625], "texture": "#0"},
				"west": {"uv": [9.5, 4.25, 9.625, 4.3125], "texture": "#0"},
				"up": {"uv": [7.1875, 8.625, 7, 8.5], "texture": "#0"},
				"down": {"uv": [7.4375, 8.5, 7.25, 8.625], "texture": "#0"}
			}
		},
		{
			"from": [7.6, -0.6, 21.8],
			"to": [8.4, -0.4, 22.2],
			"rotation": {"angle": 45, "axis": "x", "origin": [0, 16, 12.4]},
			"faces": {
				"north": {"uv": [9, 8.5, 9.1875, 8.5625], "texture": "#0"},
				"east": {"uv": [4.5, 9.5, 4.625, 9.5625], "texture": "#0"},
				"south": {"uv": [8.75, 9, 8.9375, 9.0625], "texture": "#0"},
				"west": {"uv": [9.5, 4.5, 9.625, 4.5625], "texture": "#0"},
				"up": {"uv": [8.6875, 7.375, 8.5, 7.25], "texture": "#0"},
				"down": {"uv": [7.6875, 8.5, 7.5, 8.625], "texture": "#0"}
			}
		},
		{
			"from": [7.6, 0.7, 6.2],
			"to": [8.4, 0.9, 6.5],
			"rotation": {"angle": -45, "axis": "x", "origin": [0, 0, 12.4]},
			"faces": {
				"north": {"uv": [9, 8.75, 9.1875, 8.8125], "texture": "#0"},
				"east": {"uv": [9.75, 4, 9.8125, 4.0625], "texture": "#0"},
				"south": {"uv": [9, 9, 9.1875, 9.0625], "texture": "#0"},
				"west": {"uv": [4.25, 9.75, 4.3125, 9.8125], "texture": "#0"},
				"up": {"uv": [0.1875, 9.3125, 0, 9.25], "texture": "#0"},
				"down": {"uv": [9.4375, 0, 9.25, 0.0625], "texture": "#0"}
			}
		},
		{
			"from": [7.1, -8.3, 3.2],
			"to": [8.9, -1.3, 4.9],
			"faces": {
				"north": {"uv": [2, 3.5, 2.4375, 5.25], "texture": "#0"},
				"east": {"uv": [2.5, 4.25, 2.9375, 6], "texture": "#0"},
				"south": {"uv": [3, 4.5, 3.4375, 6.25], "texture": "#0"},
				"west": {"uv": [3.5, 4.5, 3.9375, 6.25], "texture": "#0"},
				"up": {"uv": [5.4375, 7.1875, 5, 6.75], "texture": "#0"},
				"down": {"uv": [5.9375, 6.75, 5.5, 7.1875], "texture": "#0"}
			}
		},
		{
			"from": [7.1, -0.3, 2],
			"to": [8, 0.4, 4],
			"faces": {
				"north": {"uv": [6.25, 8.25, 6.5, 8.4375], "texture": "#0"},
				"east": {"uv": [7.5, 5.5, 8, 5.6875], "texture": "#0"},
				"south": {"uv": [8.25, 6.25, 8.5, 6.4375], "texture": "#0"},
				"west": {"uv": [7.5, 7.25, 8, 7.4375], "texture": "#0"},
				"up": {"uv": [1.75, 8, 1.5, 7.5], "texture": "#0"},
				"down": {"uv": [2, 7.5, 1.75, 8], "texture": "#0"}
			}
		},
		{
			"from": [6.9, -0.6, 2.2],
			"to": [7.1, 0.2, 3.8],
			"faces": {
				"north": {"uv": [0.25, 9.25, 0.3125, 9.4375], "texture": "#0"},
				"east": {"uv": [8, 5, 8.375, 5.1875], "texture": "#0"},
				"south": {"uv": [9.25, 0.25, 9.3125, 0.4375], "texture": "#0"},
				"west": {"uv": [8, 5.5, 8.375, 5.6875], "texture": "#0"},
				"up": {"uv": [8.5625, 7.875, 8.5, 7.5], "texture": "#0"},
				"down": {"uv": [7.8125, 8.5, 7.75, 8.875], "texture": "#0"}
			}
		},
		{
			"from": [6.9, -0.5, 3.8],
			"to": [7.1, 0.1, 3.9],
			"faces": {
				"north": {"uv": [4.75, 9.5, 4.8125, 9.625], "texture": "#0"},
				"east": {"uv": [9.5, 4.75, 9.5625, 4.875], "texture": "#0"},
				"south": {"uv": [5, 9.5, 5.0625, 9.625], "texture": "#0"},
				"west": {"uv": [9.5, 5, 9.5625, 5.125], "texture": "#0"},
				"up": {"uv": [9.8125, 4.3125, 9.75, 4.25], "texture": "#0"},
				"down": {"uv": [4.5625, 9.75, 4.5, 9.8125], "texture": "#0"}
			}
		},
		{
			"from": [6.9, -0.5, 2.1],
			"to": [7.1, 0.1, 2.2],
			"faces": {
				"north": {"uv": [5.25, 9.5, 5.3125, 9.625], "texture": "#0"},
				"east": {"uv": [9.5, 5.25, 9.5625, 5.375], "texture": "#0"},
				"south": {"uv": [5.5, 9.5, 5.5625, 9.625], "texture": "#0"},
				"west": {"uv": [9.5, 5.5, 9.5625, 5.625], "texture": "#0"},
				"up": {"uv": [9.8125, 4.5625, 9.75, 4.5], "texture": "#0"},
				"down": {"uv": [4.8125, 9.75, 4.75, 9.8125], "texture": "#0"}
			}
		},
		{
			"from": [7.6, -0.89853, -1.40355],
			"to": [8.4, 0.00147, 0.59645],
			"rotation": {"angle": -22.5, "axis": "x", "origin": [0.6, -1.29853, -0.70355]},
			"faces": {
				"north": {"uv": [6.5, 8.25, 6.6875, 8.5], "texture": "#0"},
				"east": {"uv": [7.5, 1.75, 8, 2], "texture": "#0"},
				"south": {"uv": [8.25, 6.5, 8.4375, 6.75], "texture": "#0"},
				"west": {"uv": [2, 7.5, 2.5, 7.75], "texture": "#0"},
				"up": {"uv": [7.6875, 8, 7.5, 7.5], "texture": "#0"},
				"down": {"uv": [7.9375, 0, 7.75, 0.5], "texture": "#0"}
			}
		},
		{
			"name": "hexadecagon",
			"from": [7.92044, -0.5, -8.9],
			"to": [8.07956, 0.3, 0],
			"rotation": {"angle": -45, "axis": "z", "origin": [8, -0.1, 0.9]},
			"faces": {
				"north": {"uv": [0.5, 9.25, 0.5625, 9.4375], "texture": "#0"},
				"east": {"uv": [4.5, 0.5, 6.75, 0.6875], "texture": "#0"},
				"south": {"uv": [0.75, 9.25, 0.8125, 9.4375], "texture": "#0"},
				"west": {"uv": [4.5, 0.75, 6.75, 0.9375], "texture": "#0"},
				"up": {"uv": [0.8125, 9, 0.75, 6.75], "texture": "#0"},
				"down": {"uv": [1.0625, 7.25, 1, 9.5], "texture": "#0"}
			}
		},
		{
			"name": "hexadecagon",
			"from": [7.92044, -0.5, -8.9],
			"to": [8.07956, 0.3, 0],
			"rotation": {"angle": -22.5, "axis": "z", "origin": [8, -0.1, 0.9]},
			"faces": {
				"north": {"uv": [9.25, 1, 9.3125, 1.1875], "texture": "#0"},
				"east": {"uv": [4.75, 1, 7, 1.1875], "texture": "#0"},
				"south": {"uv": [9.25, 1.25, 9.3125, 1.4375], "texture": "#0"},
				"west": {"uv": [4.75, 1.25, 7, 1.4375], "texture": "#0"},
				"up": {"uv": [1.3125, 9.5, 1.25, 7.25], "texture": "#0"},
				"down": {"uv": [3.0625, 7.25, 3, 9.5], "texture": "#0"}
			}
		},
		{
			"name": "hexadecagon",
			"from": [7.92044, -0.5, -8.9],
			"to": [8.07956, 0.3, 0],
			"rotation": {"angle": 0, "axis": "y", "origin": [8, -0.1, 0.9]},
			"faces": {
				"north": {"uv": [1.5, 9.25, 1.5625, 9.4375], "texture": "#0"},
				"east": {"uv": [4.75, 1.5, 7, 1.6875], "texture": "#0"},
				"south": {"uv": [9.25, 1.5, 9.3125, 1.6875], "texture": "#0"},
				"west": {"uv": [4.75, 1.75, 7, 1.9375], "texture": "#0"},
				"up": {"uv": [3.3125, 9.5, 3.25, 7.25], "texture": "#0"},
				"down": {"uv": [3.5625, 7.25, 3.5, 9.5], "texture": "#0"}
			}
		},
		{
			"name": "hexadecagon",
			"from": [7.92044, -0.5, -8.9],
			"to": [8.07956, 0.3, 0],
			"rotation": {"angle": 22.5, "axis": "z", "origin": [8, -0.1, 0.9]},
			"faces": {
				"north": {"uv": [1.75, 9.25, 1.8125, 9.4375], "texture": "#0"},
				"east": {"uv": [4.75, 2.5, 7, 2.6875], "texture": "#0"},
				"south": {"uv": [9.25, 1.75, 9.3125, 1.9375], "texture": "#0"},
				"west": {"uv": [4.75, 2.75, 7, 2.9375], "texture": "#0"},
				"up": {"uv": [3.8125, 9.5, 3.75, 7.25], "texture": "#0"},
				"down": {"uv": [4.5625, 7.25, 4.5, 9.5], "texture": "#0"}
			}
		},
		{
			"name": "hexadecagon",
			"from": [7.92044, -0.5, -8.9],
			"to": [8.07956, 0.3, 0],
			"rotation": {"angle": 45, "axis": "z", "origin": [8, -0.1, 0.9]},
			"faces": {
				"north": {"uv": [2, 9.25, 2.0625, 9.4375], "texture": "#0"},
				"east": {"uv": [4.75, 3, 7, 3.1875], "texture": "#0"},
				"south": {"uv": [2.25, 9.25, 2.3125, 9.4375], "texture": "#0"},
				"west": {"uv": [4.75, 3.25, 7, 3.4375], "texture": "#0"},
				"up": {"uv": [4.8125, 9.5, 4.75, 7.25], "texture": "#0"},
				"down": {"uv": [5.0625, 7.25, 5, 9.5], "texture": "#0"}
			}
		},
		{
			"name": "hexadecagon",
			"from": [7.6, -0.17956, -8.9],
			"to": [8.4, -0.02044, 0],
			"rotation": {"angle": -22.5, "axis": "z", "origin": [8, -0.1, 0.9]},
			"faces": {
				"north": {"uv": [2.5, 9.25, 2.6875, 9.3125], "texture": "#0"},
				"east": {"uv": [6, 5.25, 8.25, 5.3125], "texture": "#0"},
				"south": {"uv": [9.25, 2.5, 9.4375, 2.5625], "texture": "#0"},
				"west": {"uv": [7.25, 0.5, 9.5, 0.5625], "texture": "#0"},
				"up": {"uv": [1.1875, 7.25, 1, 5], "texture": "#0"},
				"down": {"uv": [1.4375, 5, 1.25, 7.25], "texture": "#0"}
			}
		},
		{
			"name": "hexadecagon",
			"from": [7.6, -0.17956, -8.9],
			"to": [8.4, -0.02044, 0],
			"rotation": {"angle": 0, "axis": "y", "origin": [8, -0.1, 0.9]},
			"faces": {
				"north": {"uv": [2.75, 9.25, 2.9375, 9.3125], "texture": "#0"},
				"east": {"uv": [7.25, 0.75, 9.5, 0.8125], "texture": "#0"},
				"south": {"uv": [9.25, 2.75, 9.4375, 2.8125], "texture": "#0"},
				"west": {"uv": [7.25, 2, 9.5, 2.0625], "texture": "#0"},
				"up": {"uv": [5.1875, 6.75, 5, 4.5], "texture": "#0"},
				"down": {"uv": [0.1875, 5.25, 0, 7.5], "texture": "#0"}
			}
		},
		{
			"name": "hexadecagon",
			"from": [7.6, -0.17956, -8.9],
			"to": [8.4, -0.02044, 0],
			"rotation": {"angle": 22.5, "axis": "z", "origin": [8, -0.1, 0.9]},
			"faces": {
				"north": {"uv": [9.25, 3, 9.4375, 3.0625], "texture": "#0"},
				"east": {"uv": [7.25, 2.25, 9.5, 2.3125], "texture": "#0"},
				"south": {"uv": [9.25, 3.25, 9.4375, 3.3125], "texture": "#0"},
				"west": {"uv": [5.25, 7.25, 7.5, 7.3125], "texture": "#0"},
				"up": {"uv": [0.4375, 7.5, 0.25, 5.25], "texture": "#0"},
				"down": {"uv": [0.6875, 5.25, 0.5, 7.5], "texture": "#0"}
			}
		},
		{
			"name": "hexadecagon",
			"from": [7.9085, -0.55, -10.225],
			"to": [8.0915, 0.37, -8.845],
			"rotation": {"angle": -45, "axis": "z", "origin": [8, -0.09, 1.045]},
			"faces": {
				"north": {"uv": [2.25, 9, 2.3125, 9.25], "texture": "#0"},
				"east": {"uv": [7.75, 1, 8.125, 1.25], "texture": "#0"},
				"south": {"uv": [2.5, 9, 2.5625, 9.25], "texture": "#0"},
				"west": {"uv": [7.75, 1.25, 8.125, 1.5], "texture": "#0"},
				"up": {"uv": [8.0625, 8.875, 8, 8.5], "texture": "#0"},
				"down": {"uv": [8.5625, 8, 8.5, 8.375], "texture": "#0"}
			}
		},
		{
			"name": "hexadecagon",
			"from": [7.9085, -0.55, -10.225],
			"to": [8.0915, 0.37, -8.845],
			"rotation": {"angle": -22.5, "axis": "z", "origin": [8, -0.09, 1.045]},
			"faces": {
				"north": {"uv": [2.75, 9, 2.8125, 9.25], "texture": "#0"},
				"east": {"uv": [7.75, 1.5, 8.125, 1.75], "texture": "#0"},
				"south": {"uv": [4, 9, 4.0625, 9.25], "texture": "#0"},
				"west": {"uv": [2, 7.75, 2.375, 8], "texture": "#0"},
				"up": {"uv": [8.3125, 8.875, 8.25, 8.5], "texture": "#0"},
				"down": {"uv": [8.5625, 8.5, 8.5, 8.875], "texture": "#0"}
			}
		},
		{
			"name": "hexadecagon",
			"from": [7.9085, -0.55, -10.225],
			"to": [8.0915, 0.37, -8.845],
			"rotation": {"angle": 0, "axis": "y", "origin": [8, -0.09, 1.045]},
			"faces": {
				"north": {"uv": [9, 4, 9.0625, 4.25], "texture": "#0"},
				"east": {"uv": [4, 7.75, 4.375, 8], "texture": "#0"},
				"south": {"uv": [4.25, 9, 4.3125, 9.25], "texture": "#0"},
				"west": {"uv": [7.75, 4.5, 8.125, 4.75], "texture": "#0"},
				"up": {"uv": [8.8125, 0.375, 8.75, 0], "texture": "#0"},
				"down": {"uv": [0.3125, 8.75, 0.25, 9.125], "texture": "#0"}
			}
		},
		{
			"name": "hexadecagon",
			"from": [7.9085, -0.55, -10.225],
			"to": [8.0915, 0.37, -8.845],
			"rotation": {"angle": 22.5, "axis": "z", "origin": [8, -0.09, 1.045]},
			"faces": {
				"north": {"uv": [9, 4.25, 9.0625, 4.5], "texture": "#0"},
				"east": {"uv": [5.25, 7.75, 5.625, 8], "texture": "#0"},
				"south": {"uv": [9, 4.75, 9.0625, 5], "texture": "#0"},
				"west": {"uv": [7.75, 5.75, 8.125, 6], "texture": "#0"},
				"up": {"uv": [0.5625, 9.125, 0.5, 8.75], "texture": "#0"},
				"down": {"uv": [8.8125, 1, 8.75, 1.375], "texture": "#0"}
			}
		},
		{
			"name": "hexadecagon",
			"from": [7.9085, -0.55, -10.225],
			"to": [8.0915, 0.37, -8.845],
			"rotation": {"angle": 45, "axis": "z", "origin": [8, -0.09, 1.045]},
			"faces": {
				"north": {"uv": [9, 5, 9.0625, 5.25], "texture": "#0"},
				"east": {"uv": [7.75, 6, 8.125, 6.25], "texture": "#0"},
				"south": {"uv": [9, 5.25, 9.0625, 5.5], "texture": "#0"},
				"west": {"uv": [7.75, 6.25, 8.125, 6.5], "texture": "#0"},
				"up": {"uv": [1.5625, 9.125, 1.5, 8.75], "texture": "#0"},
				"down": {"uv": [1.8125, 8.75, 1.75, 9.125], "texture": "#0"}
			}
		},
		{
			"name": "hexadecagon",
			"from": [7.54, -0.1815, -10.225],
			"to": [8.46, 0.0015, -8.845],
			"rotation": {"angle": -22.5, "axis": "z", "origin": [8, -0.09, 1.045]},
			"faces": {
				"north": {"uv": [9, 5.5, 9.25, 5.5625], "texture": "#0"},
				"east": {"uv": [2.5, 8.75, 2.875, 8.8125], "texture": "#0"},
				"south": {"uv": [5.75, 9, 6, 9.0625], "texture": "#0"},
				"west": {"uv": [8.75, 2.5, 9.125, 2.5625], "texture": "#0"},
				"up": {"uv": [8, 6.875, 7.75, 6.5], "texture": "#0"},
				"down": {"uv": [8, 7.5, 7.75, 7.875], "texture": "#0"}
			}
		},
		{
			"name": "hexadecagon",
			"from": [7.54, -0.1815, -10.225],
			"to": [8.46, 0.0015, -8.845],
			"rotation": {"angle": 0, "axis": "y", "origin": [8, -0.09, 1.045]},
			"faces": {
				"north": {"uv": [9, 5.75, 9.25, 5.8125], "texture": "#0"},
				"east": {"uv": [8.75, 2.75, 9.125, 2.8125], "texture": "#0"},
				"south": {"uv": [6, 9, 6.25, 9.0625], "texture": "#0"},
				"west": {"uv": [8.75, 3, 9.125, 3.0625], "texture": "#0"},
				"up": {"uv": [8.25, 0.375, 8, 0], "texture": "#0"},
				"down": {"uv": [1.75, 8, 1.5, 8.375], "texture": "#0"}
			}
		},
		{
			"name": "hexadecagon",
			"from": [7.54, -0.1815, -10.225],
			"to": [8.46, 0.0015, -8.845],
			"rotation": {"angle": 22.5, "axis": "z", "origin": [8, -0.09, 1.045]},
			"faces": {
				"north": {"uv": [9, 6, 9.25, 6.0625], "texture": "#0"},
				"east": {"uv": [8.75, 3.25, 9.125, 3.3125], "texture": "#0"},
				"south": {"uv": [6.25, 9, 6.5, 9.0625], "texture": "#0"},
				"west": {"uv": [8.75, 3.5, 9.125, 3.5625], "texture": "#0"},
				"up": {"uv": [2, 8.375, 1.75, 8], "texture": "#0"},
				"down": {"uv": [2.25, 8, 2, 8.375], "texture": "#0"}
			}
		}
	],
	"display": {
		"thirdperson_righthand": {
			"translation": [0, 7.75, 1.25],
			"scale": [0.7, 0.7, 0.7]
		},
		"thirdperson_lefthand": {
			"translation": [0, 7.75, 1.25],
			"scale": [0.7, 0.7, 0.7]
		},
		"firstperson_righthand": {
			"translation": [24.75, 23.5, -40.25],
			"scale": [4, 4, 4]
		},
		"firstperson_lefthand": {
			"translation": [-9, 14.8, 2]
		},
		"ground": {
			"rotation": [0, 0, 90],
			"translation": [-5.5, 0, 0],
			"scale": [0.7, 0.7, 0.7]
		},
		"gui": {
			"rotation": [29, 39, 0],
			"translation": [0.25, 6, 0],
			"scale": [0.6, 0.6, 0.6]
		},
		"fixed": {
			"rotation": [0, 90, 0],
			"translation": [1, 9.75, 0]
		}
	},
	"groups": [
		0,
		1,
		2,
		3,
		4,
		5,
		6,
		7,
		8,
		9,
		10,
		11,
		12,
		13,
		14,
		15,
		16,
		17,
		18,
		19,
		20,
		21,
		22,
		23,
		24,
		25,
		26,
		27,
		28,
		29,
		30,
		31,
		32,
		33,
		34,
		35,
		36,
		37,
		38,
		39,
		40,
		41,
		42,
		43,
		44,
		45,
		46,
		47,
		48,
		49,
		50,
		51,
		52,
		53,
		54,
		55,
		56,
		57,
		58,
		59,
		60,
		61,
		62,
		63,
		64,
		65,
		66,
		67,
		68,
		69,
		70,
		71,
		72,
		73,
		74,
		{
			"name": "hexadecagon",
			"origin": [8, 8, 8],
			"color": 0,
			"children": [75, 76, 77, 78, 79, 80, 81, 82]
		},
		{
			"name": "hexadecagon",
			"origin": [8, 8, 8],
			"color": 0,
			"children": [83, 84, 85, 86, 87, 88, 89, 90]
		}
	]
}