{
	"credit": "Made with Blockbench",
	"texture_size": [32, 32],
	"textures": {
		"0": "item/smoke",
		"particle": "item/smoke"
	},
	"elements": [
		{
			"name": "hexadecagon",
			"from": [7.90054, 5.5, 7.5],
			"to": [8.09946, 11.8, 8.5],
			"rotation": {"angle": -45, "axis": "y", "origin": [8, 8, 8]},
			"faces": {
				"north": {"uv": [6.016, 0.016, 6.125, 3.125], "texture": "#0"},
				"east": {"uv": [3.516, 0.016, 3.984, 3.125], "texture": "#0"},
				"south": {"uv": [6.016, 3.516, 6.125, 6.625], "texture": "#0"},
				"west": {"uv": [0.516, 3.516, 0.984, 6.625], "texture": "#0"},
				"up": {"uv": [1.625, 7.484, 1.516, 7.016], "texture": "#0"},
				"down": {"uv": [2.125, 7.016, 2.016, 7.484], "texture": "#0"}
			}
		},
		{
			"name": "hexadecagon",
			"from": [7.90054, 5.5, 7.5],
			"to": [8.09946, 11.9, 8.5],
			"rotation": {"angle": -22.5, "axis": "y", "origin": [8, 8, 8]},
			"faces": {
				"north": {"uv": [4.016, 0.016, 4.125, 3.25], "texture": "#0"},
				"east": {"uv": [0.016, 0.016, 0.484, 3.25], "texture": "#0"},
				"south": {"uv": [4.016, 3.516, 4.125, 6.75], "texture": "#0"},
				"west": {"uv": [0.516, 0.016, 0.984, 3.25], "texture": "#0"},
				"up": {"uv": [2.625, 7.484, 2.516, 7.016], "texture": "#0"},
				"down": {"uv": [3.125, 7.016, 3.016, 7.484], "texture": "#0"}
			}
		},
		{
			"name": "hexadecagon",
			"from": [7.90054, 5.5, 7.5],
			"to": [8.09946, 11.8, 8.5],
			"rotation": {"angle": 0, "axis": "y", "origin": [8, 8, 8]},
			"faces": {
				"north": {"uv": [6.516, 0.016, 6.625, 3.125], "texture": "#0"},
				"east": {"uv": [1.016, 3.516, 1.484, 6.625], "texture": "#0"},
				"south": {"uv": [6.516, 3.516, 6.625, 6.625], "texture": "#0"},
				"west": {"uv": [1.516, 3.516, 1.984, 6.625], "texture": "#0"},
				"up": {"uv": [3.625, 7.484, 3.516, 7.016], "texture": "#0"},
				"down": {"uv": [7.125, 3.516, 7.016, 3.984], "texture": "#0"}
			}
		},
		{
			"name": "hexadecagon",
			"from": [7.90054, 5.5, 7.5],
			"to": [8.09946, 11.9, 8.5],
			"rotation": {"angle": 22.5, "axis": "y", "origin": [8, 8, 8]},
			"faces": {
				"north": {"uv": [4.516, 0.016, 4.625, 3.25], "texture": "#0"},
				"east": {"uv": [1.016, 0.016, 1.484, 3.25], "texture": "#0"},
				"south": {"uv": [4.516, 3.516, 4.625, 6.75], "texture": "#0"},
				"west": {"uv": [1.516, 0.016, 1.984, 3.25], "texture": "#0"},
				"up": {"uv": [4.125, 7.484, 4.016, 7.016], "texture": "#0"},
				"down": {"uv": [7.125, 4.016, 7.016, 4.484], "texture": "#0"}
			}
		},
		{
			"name": "hexadecagon",
			"from": [7.90054, 5.5, 7.5],
			"to": [8.09946, 11.8, 8.5],
			"rotation": {"angle": 45, "axis": "y", "origin": [8, 8, 8]},
			"faces": {
				"north": {"uv": [0.016, 7.016, 0.125, 10.125], "texture": "#0"},
				"east": {"uv": [2.016, 3.516, 2.484, 6.625], "texture": "#0"},
				"south": {"uv": [7.016, 0.016, 7.125, 3.125], "texture": "#0"},
				"west": {"uv": [2.516, 3.516, 2.984, 6.625], "texture": "#0"},
				"up": {"uv": [4.625, 7.484, 4.516, 7.016], "texture": "#0"},
				"down": {"uv": [7.125, 4.516, 7.016, 4.984], "texture": "#0"}
			}
		},
		{
			"name": "hexadecagon",
			"from": [7.5, 5.5, 7.90054],
			"to": [8.5, 11.9, 8.09946],
			"rotation": {"angle": -22.5, "axis": "y", "origin": [8, 8, 8]},
			"faces": {
				"north": {"uv": [2.016, 0.016, 2.484, 3.25], "texture": "#0"},
				"east": {"uv": [5.016, 0.016, 5.125, 3.25], "texture": "#0"},
				"south": {"uv": [2.516, 0.016, 2.984, 3.25], "texture": "#0"},
				"west": {"uv": [5.016, 3.516, 5.125, 6.75], "texture": "#0"},
				"up": {"uv": [5.484, 7.125, 5.016, 7.016], "texture": "#0"},
				"down": {"uv": [7.484, 5.016, 7.016, 5.125], "texture": "#0"}
			}
		},
		{
			"name": "hexadecagon",
			"from": [7.5, 5.5, 7.90054],
			"to": [8.5, 11.8, 8.09946],
			"rotation": {"angle": 0, "axis": "y", "origin": [8, 8, 8]},
			"faces": {
				"north": {"uv": [3.016, 3.516, 3.484, 6.625], "texture": "#0"},
				"east": {"uv": [0.516, 7.016, 0.625, 10.125], "texture": "#0"},
				"south": {"uv": [3.516, 3.516, 3.984, 6.625], "texture": "#0"},
				"west": {"uv": [1.016, 7.016, 1.125, 10.125], "texture": "#0"},
				"up": {"uv": [5.984, 7.125, 5.516, 7.016], "texture": "#0"},
				"down": {"uv": [7.484, 5.516, 7.016, 5.625], "texture": "#0"}
			}
		},
		{
			"name": "hexadecagon",
			"from": [7.5, 5.5, 7.90054],
			"to": [8.5, 11.9, 8.09946],
			"rotation": {"angle": 22.5, "axis": "y", "origin": [8, 8, 8]},
			"faces": {
				"north": {"uv": [3.016, 0.016, 3.484, 3.25], "texture": "#0"},
				"east": {"uv": [5.516, 0.016, 5.625, 3.25], "texture": "#0"},
				"south": {"uv": [0.016, 3.516, 0.484, 6.75], "texture": "#0"},
				"west": {"uv": [5.516, 3.516, 5.625, 6.75], "texture": "#0"},
				"up": {"uv": [6.484, 7.125, 6.016, 7.016], "texture": "#0"},
				"down": {"uv": [7.484, 6.016, 7.016, 6.125], "texture": "#0"}
			}
		},
		{
			"name": "hexadecagon",
			"from": [7.90054, 11.8, 7.5],
			"to": [8.09946, 12.1, 7.6],
			"rotation": {"angle": -45, "axis": "y", "origin": [8, 12.4, 8]},
			"faces": {
				"north": {"uv": [7.516, 0.516, 7.625, 0.625], "texture": "#0"},
				"east": {"uv": [7.516, 1.016, 7.625, 1.125], "texture": "#0"},
				"south": {"uv": [1.516, 7.516, 1.625, 7.625], "texture": "#0"},
				"west": {"uv": [7.516, 1.516, 7.625, 1.625], "texture": "#0"},
				"up": {"uv": [2.125, 7.625, 2.016, 7.516], "texture": "#0"},
				"down": {"uv": [7.625, 2.016, 7.516, 2.125], "texture": "#0"}
			}
		},
		{
			"name": "hexadecagon",
			"from": [7.90054, 11.9, 7.5],
			"to": [8.09946, 12.1, 7.6],
			"rotation": {"angle": -22.5, "axis": "y", "origin": [8, 12.4, 8]},
			"faces": {
				"north": {"uv": [2.516, 7.516, 2.625, 7.625], "texture": "#0"},
				"east": {"uv": [7.516, 2.516, 7.625, 2.625], "texture": "#0"},
				"south": {"uv": [3.016, 7.516, 3.125, 7.625], "texture": "#0"},
				"west": {"uv": [7.516, 3.016, 7.625, 3.125], "texture": "#0"},
				"up": {"uv": [3.625, 7.625, 3.516, 7.516], "texture": "#0"},
				"down": {"uv": [7.625, 3.516, 7.516, 3.625], "texture": "#0"}
			}
		},
		{
			"name": "hexadecagon",
			"from": [7.90054, 11.8, 7.5],
			"to": [8.09946, 12.1, 7.6],
			"rotation": {"angle": 0, "axis": "y", "origin": [8, 12.4, 8]},
			"faces": {
				"north": {"uv": [4.016, 7.516, 4.125, 7.625], "texture": "#0"},
				"east": {"uv": [7.516, 4.016, 7.625, 4.125], "texture": "#0"},
				"south": {"uv": [4.516, 7.516, 4.625, 7.625], "texture": "#0"},
				"west": {"uv": [7.516, 4.516, 7.625, 4.625], "texture": "#0"},
				"up": {"uv": [5.125, 7.625, 5.016, 7.516], "texture": "#0"},
				"down": {"uv": [7.625, 5.016, 7.516, 5.125], "texture": "#0"}
			}
		},
		{
			"name": "hexadecagon",
			"from": [7.90054, 11.9, 7.5],
			"to": [8.09946, 12.1, 7.6],
			"rotation": {"angle": 22.5, "axis": "y", "origin": [8, 12.4, 8]},
			"faces": {
				"north": {"uv": [5.516, 7.516, 5.625, 7.625], "texture": "#0"},
				"east": {"uv": [7.516, 5.516, 7.625, 5.625], "texture": "#0"},
				"south": {"uv": [6.016, 7.516, 6.125, 7.625], "texture": "#0"},
				"west": {"uv": [7.516, 6.016, 7.625, 6.125], "texture": "#0"},
				"up": {"uv": [6.625, 7.625, 6.516, 7.516], "texture": "#0"},
				"down": {"uv": [7.625, 6.516, 7.516, 6.625], "texture": "#0"}
			}
		},
		{
			"name": "hexadecagon",
			"from": [7.90054, 11.8, 7.5],
			"to": [8.09946, 12.1, 7.6],
			"rotation": {"angle": 45, "axis": "y", "origin": [8, 12.4, 8]},
			"faces": {
				"north": {"uv": [7.016, 7.516, 7.125, 7.625], "texture": "#0"},
				"east": {"uv": [7.516, 7.016, 7.625, 7.125], "texture": "#0"},
				"south": {"uv": [7.516, 7.516, 7.625, 7.625], "texture": "#0"},
				"west": {"uv": [8.016, 0.016, 8.125, 0.125], "texture": "#0"},
				"up": {"uv": [8.125, 0.625, 8.016, 0.516], "texture": "#0"},
				"down": {"uv": [8.125, 1.016, 8.016, 1.125], "texture": "#0"}
			}
		},
		{
			"name": "hexadecagon",
			"from": [7.90054, 11.8, 8.4],
			"to": [8.09946, 12.1, 8.5],
			"rotation": {"angle": -45, "axis": "y", "origin": [8, 12.4, 8]},
			"faces": {
				"north": {"uv": [1.516, 8.016, 1.625, 8.125], "texture": "#0"},
				"east": {"uv": [8.016, 1.516, 8.125, 1.625], "texture": "#0"},
				"south": {"uv": [2.016, 8.016, 2.125, 8.125], "texture": "#0"},
				"west": {"uv": [8.016, 2.016, 8.125, 2.125], "texture": "#0"},
				"up": {"uv": [2.625, 8.125, 2.516, 8.016], "texture": "#0"},
				"down": {"uv": [8.125, 2.516, 8.016, 2.625], "texture": "#0"}
			}
		},
		{
			"name": "hexadecagon",
			"from": [7.90054, 11.9, 8.4],
			"to": [8.09946, 12.1, 8.5],
			"rotation": {"angle": -22.5, "axis": "y", "origin": [8, 12.4, 8]},
			"faces": {
				"north": {"uv": [3.016, 8.016, 3.125, 8.125], "texture": "#0"},
				"east": {"uv": [8.016, 3.016, 8.125, 3.125], "texture": "#0"},
				"south": {"uv": [3.516, 8.016, 3.625, 8.125], "texture": "#0"},
				"west": {"uv": [8.016, 3.516, 8.125, 3.625], "texture": "#0"},
				"up": {"uv": [4.125, 8.125, 4.016, 8.016], "texture": "#0"},
				"down": {"uv": [8.125, 4.016, 8.016, 4.125], "texture": "#0"}
			}
		},
		{
			"name": "hexadecagon",
			"from": [7.90054, 11.8, 8.4],
			"to": [8.09946, 12.1, 8.5],
			"rotation": {"angle": 0, "axis": "y", "origin": [8, 12.4, 8]},
			"faces": {
				"north": {"uv": [4.516, 8.016, 4.625, 8.125], "texture": "#0"},
				"east": {"uv": [8.016, 4.516, 8.125, 4.625], "texture": "#0"},
				"south": {"uv": [5.016, 8.016, 5.125, 8.125], "texture": "#0"},
				"west": {"uv": [8.016, 5.016, 8.125, 5.125], "texture": "#0"},
				"up": {"uv": [5.625, 8.125, 5.516, 8.016], "texture": "#0"},
				"down": {"uv": [8.125, 5.516, 8.016, 5.625], "texture": "#0"}
			}
		},
		{
			"name": "hexadecagon",
			"from": [7.90054, 11.9, 8.4],
			"to": [8.09946, 12.1, 8.5],
			"rotation": {"angle": 22.5, "axis": "y", "origin": [8, 12.4, 8]},
			"faces": {
				"north": {"uv": [6.016, 8.016, 6.125, 8.125], "texture": "#0"},
				"east": {"uv": [8.016, 6.016, 8.125, 6.125], "texture": "#0"},
				"south": {"uv": [6.516, 8.016, 6.625, 8.125], "texture": "#0"},
				"west": {"uv": [8.016, 6.516, 8.125, 6.625], "texture": "#0"},
				"up": {"uv": [7.125, 8.125, 7.016, 8.016], "texture": "#0"},
				"down": {"uv": [8.125, 7.016, 8.016, 7.125], "texture": "#0"}
			}
		},
		{
			"name": "hexadecagon",
			"from": [7.90054, 11.8, 8.4],
			"to": [8.09946, 12.1, 8.5],
			"rotation": {"angle": 45, "axis": "y", "origin": [8, 12.4, 8]},
			"faces": {
				"north": {"uv": [7.516, 8.016, 7.625, 8.125], "texture": "#0"},
				"east": {"uv": [8.016, 7.516, 8.125, 7.625], "texture": "#0"},
				"south": {"uv": [8.016, 8.016, 8.125, 8.125], "texture": "#0"},
				"west": {"uv": [8.516, 0.016, 8.625, 0.125], "texture": "#0"},
				"up": {"uv": [8.625, 0.625, 8.516, 0.516], "texture": "#0"},
				"down": {"uv": [8.625, 1.016, 8.516, 1.125], "texture": "#0"}
			}
		},
		{
			"name": "hexadecagon",
			"from": [7.5, 11.9, 7.90054],
			"to": [7.6, 12.1, 8.09946],
			"rotation": {"angle": -22.5, "axis": "y", "origin": [8, 12.4, 8]},
			"faces": {
				"north": {"uv": [1.516, 8.516, 1.625, 8.625], "texture": "#0"},
				"east": {"uv": [8.516, 1.516, 8.625, 1.625], "texture": "#0"},
				"south": {"uv": [2.016, 8.516, 2.125, 8.625], "texture": "#0"},
				"west": {"uv": [8.516, 2.016, 8.625, 2.125], "texture": "#0"},
				"up": {"uv": [2.625, 8.625, 2.516, 8.516], "texture": "#0"},
				"down": {"uv": [8.625, 2.516, 8.516, 2.625], "texture": "#0"}
			}
		},
		{
			"name": "hexadecagon",
			"from": [7.5, 11.8, 7.90054],
			"to": [7.6, 12.1, 8.09946],
			"rotation": {"angle": 0, "axis": "y", "origin": [8, 12.4, 8]},
			"faces": {
				"north": {"uv": [3.016, 8.516, 3.125, 8.625], "texture": "#0"},
				"east": {"uv": [8.516, 3.016, 8.625, 3.125], "texture": "#0"},
				"south": {"uv": [3.516, 8.516, 3.625, 8.625], "texture": "#0"},
				"west": {"uv": [8.516, 3.516, 8.625, 3.625], "texture": "#0"},
				"up": {"uv": [4.125, 8.625, 4.016, 8.516], "texture": "#0"},
				"down": {"uv": [8.625, 4.016, 8.516, 4.125], "texture": "#0"}
			}
		},
		{
			"name": "hexadecagon",
			"from": [7.5, 11.9, 7.90054],
			"to": [7.6, 12.1, 8.09946],
			"rotation": {"angle": 22.5, "axis": "y", "origin": [8, 12.4, 8]},
			"faces": {
				"north": {"uv": [4.516, 8.516, 4.625, 8.625], "texture": "#0"},
				"east": {"uv": [8.516, 4.516, 8.625, 4.625], "texture": "#0"},
				"south": {"uv": [5.016, 8.516, 5.125, 8.625], "texture": "#0"},
				"west": {"uv": [8.516, 5.016, 8.625, 5.125], "texture": "#0"},
				"up": {"uv": [5.625, 8.625, 5.516, 8.516], "texture": "#0"},
				"down": {"uv": [8.625, 5.516, 8.516, 5.625], "texture": "#0"}
			}
		},
		{
			"name": "hexadecagon",
			"from": [8.4, 11.9, 7.90054],
			"to": [8.5, 12.1, 8.09946],
			"rotation": {"angle": -22.5, "axis": "y", "origin": [8, 12.4, 8]},
			"faces": {
				"north": {"uv": [6.016, 8.516, 6.125, 8.625], "texture": "#0"},
				"east": {"uv": [8.516, 6.016, 8.625, 6.125], "texture": "#0"},
				"south": {"uv": [6.516, 8.516, 6.625, 8.625], "texture": "#0"},
				"west": {"uv": [8.516, 6.516, 8.625, 6.625], "texture": "#0"},
				"up": {"uv": [7.125, 8.625, 7.016, 8.516], "texture": "#0"},
				"down": {"uv": [8.625, 7.016, 8.516, 7.125], "texture": "#0"}
			}
		},
		{
			"name": "hexadecagon",
			"from": [8.4, 11.8, 7.90054],
			"to": [8.5, 12.1, 8.09946],
			"rotation": {"angle": 0, "axis": "y", "origin": [8, 12.4, 8]},
			"faces": {
				"north": {"uv": [7.516, 8.516, 7.625, 8.625], "texture": "#0"},
				"east": {"uv": [8.516, 7.516, 8.625, 7.625], "texture": "#0"},
				"south": {"uv": [8.016, 8.516, 8.125, 8.625], "texture": "#0"},
				"west": {"uv": [8.516, 8.016, 8.625, 8.125], "texture": "#0"},
				"up": {"uv": [8.625, 8.625, 8.516, 8.516], "texture": "#0"},
				"down": {"uv": [9.125, 0.016, 9.016, 0.125], "texture": "#0"}
			}
		},
		{
			"name": "hexadecagon",
			"from": [8.4, 11.9, 7.90054],
			"to": [8.5, 12.1, 8.09946],
			"rotation": {"angle": 22.5, "axis": "y", "origin": [8, 12.4, 8]},
			"faces": {
				"north": {"uv": [9.016, 0.516, 9.125, 0.625], "texture": "#0"},
				"east": {"uv": [9.016, 1.016, 9.125, 1.125], "texture": "#0"},
				"south": {"uv": [1.516, 9.016, 1.625, 9.125], "texture": "#0"},
				"west": {"uv": [9.016, 1.516, 9.125, 1.625], "texture": "#0"},
				"up": {"uv": [2.125, 9.125, 2.016, 9.016], "texture": "#0"},
				"down": {"uv": [9.125, 2.016, 9.016, 2.125], "texture": "#0"}
			}
		},
		{
			"from": [7.9, 11.9, 7.6],
			"to": [8.1, 12.2, 7.8],
			"faces": {
				"north": {"uv": [2.516, 9.016, 2.625, 9.125], "texture": "#0"},
				"east": {"uv": [9.016, 2.516, 9.125, 2.625], "texture": "#0"},
				"south": {"uv": [3.016, 9.016, 3.125, 9.125], "texture": "#0"},
				"west": {"uv": [9.016, 3.016, 9.125, 3.125], "texture": "#0"},
				"up": {"uv": [3.625, 9.125, 3.516, 9.016], "texture": "#0"},
				"down": {"uv": [9.125, 3.516, 9.016, 3.625], "texture": "#0"}
			}
		},
		{
			"from": [7.9, 11.8115, 7.28829],
			"to": [8.1, 12.2115, 7.48829],
			"rotation": {"angle": 0, "axis": "y", "origin": [0, 0.0115, -0.01171]},
			"faces": {
				"north": {"uv": [6.516, 7.016, 6.625, 7.25], "texture": "#0"},
				"east": {"uv": [7.016, 6.516, 7.125, 6.75], "texture": "#0"},
				"south": {"uv": [7.016, 7.016, 7.125, 7.25], "texture": "#0"},
				"west": {"uv": [7.516, 0.016, 7.625, 0.25], "texture": "#0"},
				"up": {"uv": [4.125, 9.125, 4.016, 9.016], "texture": "#0"},
				"down": {"uv": [9.125, 4.016, 9.016, 4.125], "texture": "#0"}
			}
		},
		{
			"from": [7.9, 13.83641, 2.51934],
			"to": [8.1, 14.13641, 2.71934],
			"rotation": {"angle": 22.5, "axis": "x", "origin": [0, 1.03641, 0.81934]},
			"faces": {
				"north": {"uv": [4.516, 9.016, 4.625, 9.125], "texture": "#0"},
				"east": {"uv": [9.016, 4.516, 9.125, 4.625], "texture": "#0"},
				"south": {"uv": [5.016, 9.016, 5.125, 9.125], "texture": "#0"},
				"west": {"uv": [9.016, 5.016, 9.125, 5.125], "texture": "#0"},
				"up": {"uv": [5.625, 9.125, 5.516, 9.016], "texture": "#0"},
				"down": {"uv": [9.125, 5.516, 9.016, 5.625], "texture": "#0"}
			}
		},
		{
			"from": [7.9, 3.25492, 14.20467],
			"to": [8.1, 3.55492, 14.40467],
			"rotation": {"angle": -45, "axis": "x", "origin": [0, -0.24508, 0.30467]},
			"faces": {
				"north": {"uv": [6.016, 9.016, 6.125, 9.125], "texture": "#0"},
				"east": {"uv": [9.016, 6.016, 9.125, 6.125], "texture": "#0"},
				"south": {"uv": [6.516, 9.016, 6.625, 9.125], "texture": "#0"},
				"west": {"uv": [9.016, 6.516, 9.125, 6.625], "texture": "#0"},
				"up": {"uv": [7.125, 9.125, 7.016, 9.016], "texture": "#0"},
				"down": {"uv": [9.125, 7.016, 9.016, 7.125], "texture": "#0"}
			}
		}
	],
	"gui_light": "front",
	"display": {
		"thirdperson_righthand": {
			"scale": [1.5, 1.5, 1.5]
		},
		"thirdperson_lefthand": {
			"scale": [1.5, 1.5, 1.5]
		},
		"firstperson_righthand": {
			"rotation": [-5, 58, 20],
			"translation": [3.75, 1.25, 0],
			"scale": [1.5, 1.5, 1.5]
		},
		"firstperson_lefthand": {
			"rotation": [-5, 58, 20],
			"translation": [3.75, 1.75, 0],
			"scale": [1.5, 1.5, 1.5]
		},
		"ground": {
			"rotation": [90, 0, 0],
			"translation": [0, -3.25, 0],
			"scale": [1.8, 1.8, 1.5]
		},
		"gui": {
			"rotation": [79, 109, -32],
			"translation": [1, -1.25, 0],
			"scale": [2.3, 2.3, 2.3]
		}
	},
	"groups": [
		{
			"name": "hexadecagon",
			"origin": [8, 8, 8],
			"color": 0,
			"children": [0, 1, 2, 3, 4, 5, 6, 7]
		},
		{
			"name": "hexadecagon",
			"origin": [8, 8, 8],
			"color": 0,
			"children": [8, 9, 10, 11, 12, 13, 14, 15, 16, 17, 18, 19, 20, 21, 22, 23, 24, 25, 26, 27]
		}
	]
}