{
	"credit": "By MR_SET_",
	"texture_size": [32, 32],
	"textures": {
		"0": "block/crimson_fungus",
		"particle": "block/crimson_fungus"
	},
	"elements": [
		{
			"from": [7.6, 0, 7.6],
			"to": [8.4, 19.4, 8.4],
			"faces": {
				"north": {"uv": [0, 0, 0.5, 4.75], "texture": "#0"},
				"east": {"uv": [0.5, 0, 1, 4.75], "texture": "#0"},
				"south": {"uv": [1, 0, 1.5, 4.75], "texture": "#0"},
				"west": {"uv": [1.5, 0, 2, 4.75], "texture": "#0"},
				"up": {"uv": [2, 5.5, 1.5, 5], "texture": "#0"},
				"down": {"uv": [2, 5.5, 1.5, 6], "texture": "#0"}
			}
		},
		{
			"from": [7.4, 19.4, 7.4],
			"to": [8.6, 19.9, 8.6],
			"faces": {
				"north": {"uv": [8, 3.5, 8.5, 3.75], "texture": "#0"},
				"east": {"uv": [8, 5, 8.5, 5.25], "texture": "#0"},
				"south": {"uv": [8, 5.5, 8.5, 5.75], "texture": "#0"},
				"west": {"uv": [6.5, 8, 7, 8.25], "texture": "#0"},
				"up": {"uv": [0.5, 8.5, 0, 8], "texture": "#0"},
				"down": {"uv": [8.5, 0, 8, 0.5], "texture": "#0"}
			}
		},
		{
			"from": [7.5, 19.9, 7.5],
			"to": [8.5, 20.8, 8.5],
			"faces": {
				"north": {"uv": [0.5, 8, 1, 8.5], "texture": "#0"},
				"east": {"uv": [8, 0.5, 8.5, 1], "texture": "#0"},
				"south": {"uv": [1, 8, 1.5, 8.5], "texture": "#0"},
				"west": {"uv": [8, 1, 8.5, 1.5], "texture": "#0"},
				"up": {"uv": [2, 8.5, 1.5, 8], "texture": "#0"},
				"down": {"uv": [8.5, 1.5, 8, 2], "texture": "#0"}
			}
		},
		{
			"from": [6.5, 20.9, 6.5],
			"to": [9.5, 23.9, 9.5],
			"rotation": {"angle": 0, "axis": "y", "origin": [0.3, 0, -0.3]},
			"faces": {
				"north": {"uv": [2, 0, 3.5, 1.5], "texture": "#0"},
				"east": {"uv": [2, 1.5, 3.5, 3], "texture": "#0"},
				"south": {"uv": [2, 3, 3.5, 4.5], "texture": "#0"},
				"west": {"uv": [3.5, 0, 5, 1.5], "texture": "#0"},
				"up": {"uv": [5, 3, 3.5, 1.5], "texture": "#0"},
				"down": {"uv": [5, 3, 3.5, 4.5], "texture": "#0"}
			}
		},
		{
			"from": [6.4, 20.9, 6.6],
			"to": [6.5, 23.9, 9.4],
			"rotation": {"angle": 0, "axis": "y", "origin": [0.3, 0, -0.3]},
			"faces": {
				"north": {"uv": [7.5, 2.5, 7.75, 4], "texture": "#0"},
				"east": {"uv": [5, 4.5, 6.5, 6], "texture": "#0"},
				"south": {"uv": [3, 7.5, 3.25, 9], "texture": "#0"},
				"west": {"uv": [1.5, 6, 3, 7.5], "texture": "#0"},
				"up": {"uv": [3.75, 9, 3.5, 7.5], "texture": "#0"},
				"down": {"uv": [4.25, 7.5, 4, 9], "texture": "#0"}
			}
		},
		{
			"from": [9.5, 20.9, 6.6],
			"to": [9.6, 23.9, 9.4],
			"rotation": {"angle": 0, "axis": "y", "origin": [0.3, 0, -0.3]},
			"faces": {
				"north": {"uv": [4.5, 7.5, 4.75, 9], "texture": "#0"},
				"east": {"uv": [3, 6, 4.5, 7.5], "texture": "#0"},
				"south": {"uv": [5, 7.5, 5.25, 9], "texture": "#0"},
				"west": {"uv": [4.5, 6, 6, 7.5], "texture": "#0"},
				"up": {"uv": [5.75, 9, 5.5, 7.5], "texture": "#0"},
				"down": {"uv": [6.25, 7.5, 6, 9], "texture": "#0"}
			}
		},
		{
			"from": [6.6, 20.9, 6.4],
			"to": [9.4, 23.9, 6.5],
			"rotation": {"angle": 0, "axis": "y", "origin": [0.3, 0, -0.3]},
			"faces": {
				"north": {"uv": [0, 5, 1.5, 6.5], "texture": "#0"},
				"east": {"uv": [6.5, 2, 6.75, 3.5], "texture": "#0"},
				"south": {"uv": [5, 0, 6.5, 1.5], "texture": "#0"},
				"west": {"uv": [6.5, 3.5, 6.75, 5], "texture": "#0"},
				"up": {"uv": [8, 5.25, 6.5, 5], "texture": "#0"},
				"down": {"uv": [8, 5.5, 6.5, 5.75], "texture": "#0"}
			}
		},
		{
			"from": [6.6, 20.9, 9.5],
			"to": [9.4, 23.9, 9.6],
			"rotation": {"angle": 0, "axis": "y", "origin": [0.3, 0, -0.3]},
			"faces": {
				"north": {"uv": [5, 1.5, 6.5, 3], "texture": "#0"},
				"east": {"uv": [7, 2, 7.25, 3.5], "texture": "#0"},
				"south": {"uv": [5, 3, 6.5, 4.5], "texture": "#0"},
				"west": {"uv": [7, 3.5, 7.25, 5], "texture": "#0"},
				"up": {"uv": [3, 7.75, 1.5, 7.5], "texture": "#0"},
				"down": {"uv": [9, 2, 7.5, 2.25], "texture": "#0"}
			}
		},
		{
			"from": [6.6, 23.9, 6.6],
			"to": [9.4, 24, 9.4],
			"rotation": {"angle": 0, "axis": "y", "origin": [0.3, 0, -0.3]},
			"faces": {
				"north": {"uv": [6.5, 0, 8, 0.25], "texture": "#0"},
				"east": {"uv": [6.5, 0.5, 8, 0.75], "texture": "#0"},
				"south": {"uv": [6.5, 1, 8, 1.25], "texture": "#0"},
				"west": {"uv": [6.5, 1.5, 8, 1.75], "texture": "#0"},
				"up": {"uv": [3.5, 6, 2, 4.5], "texture": "#0"},
				"down": {"uv": [5, 4.5, 3.5, 6], "texture": "#0"}
			}
		},
		{
			"from": [7.4, 24, 7.4],
			"to": [8.6, 24.1, 8.6],
			"rotation": {"angle": 0, "axis": "y", "origin": [0.3, 0, -0.3]},
			"faces": {
				"north": {"uv": [2, 8, 2.5, 8.25], "texture": "#0"},
				"east": {"uv": [2.5, 8, 3, 8.25], "texture": "#0"},
				"south": {"uv": [8, 2.5, 8.5, 2.75], "texture": "#0"},
				"west": {"uv": [8, 3, 8.5, 3.25], "texture": "#0"},
				"up": {"uv": [8, 7, 7.5, 6.5], "texture": "#0"},
				"down": {"uv": [8, 7, 7.5, 7.5], "texture": "#0"}
			}
		},
		{
			"from": [7.4, 24.1, 7.4],
			"to": [7.5, 24.3, 7.5],
			"rotation": {"angle": 0, "axis": "y", "origin": [0.3, 0, -0.3]},
			"faces": {
				"north": {"uv": [8, 6.5, 8.25, 6.75], "texture": "#0"},
				"east": {"uv": [7, 8, 7.25, 8.25], "texture": "#0"},
				"south": {"uv": [8, 7, 8.25, 7.25], "texture": "#0"},
				"west": {"uv": [7.5, 8, 7.75, 8.25], "texture": "#0"},
				"up": {"uv": [8.25, 7.75, 8, 7.5], "texture": "#0"},
				"down": {"uv": [8.25, 8, 8, 8.25], "texture": "#0"}
			}
		},
		{
			"from": [7.6, 24.1, 7.4],
			"to": [7.7, 24.3, 7.5],
			"rotation": {"angle": 0, "axis": "y", "origin": [0.3, 0, -0.3]},
			"faces": {
				"north": {"uv": [0, 8.5, 0.25, 8.75], "texture": "#0"},
				"east": {"uv": [8.5, 0, 8.75, 0.25], "texture": "#0"},
				"south": {"uv": [0.5, 8.5, 0.75, 8.75], "texture": "#0"},
				"west": {"uv": [8.5, 0.5, 8.75, 0.75], "texture": "#0"},
				"up": {"uv": [1.25, 8.75, 1, 8.5], "texture": "#0"},
				"down": {"uv": [8.75, 1, 8.5, 1.25], "texture": "#0"}
			}
		},
		{
			"from": [7.8, 24.1, 7.4],
			"to": [7.9, 24.3, 7.5],
			"rotation": {"angle": 0, "axis": "y", "origin": [0.3, 0, -0.3]},
			"faces": {
				"north": {"uv": [1.5, 8.5, 1.75, 8.75], "texture": "#0"},
				"east": {"uv": [8.5, 1.5, 8.75, 1.75], "texture": "#0"},
				"south": {"uv": [2, 8.5, 2.25, 8.75], "texture": "#0"},
				"west": {"uv": [2.5, 8.5, 2.75, 8.75], "texture": "#0"},
				"up": {"uv": [8.75, 2.75, 8.5, 2.5], "texture": "#0"},
				"down": {"uv": [8.75, 3, 8.5, 3.25], "texture": "#0"}
			}
		},
		{
			"from": [8, 24.1, 7.4],
			"to": [8.1, 24.3, 7.5],
			"rotation": {"angle": 0, "axis": "y", "origin": [0.3, 0, -0.3]},
			"faces": {
				"north": {"uv": [8.5, 3.5, 8.75, 3.75], "texture": "#0"},
				"east": {"uv": [8.5, 5, 8.75, 5.25], "texture": "#0"},
				"south": {"uv": [8.5, 5.5, 8.75, 5.75], "texture": "#0"},
				"west": {"uv": [6.5, 8.5, 6.75, 8.75], "texture": "#0"},
				"up": {"uv": [8.75, 6.75, 8.5, 6.5], "texture": "#0"},
				"down": {"uv": [7.25, 8.5, 7, 8.75], "texture": "#0"}
			}
		},
		{
			"from": [8.2, 24.1, 7.4],
			"to": [8.3, 24.3, 7.5],
			"rotation": {"angle": 0, "axis": "y", "origin": [0.3, 0, -0.3]},
			"faces": {
				"north": {"uv": [8.5, 7, 8.75, 7.25], "texture": "#0"},
				"east": {"uv": [7.5, 8.5, 7.75, 8.75], "texture": "#0"},
				"south": {"uv": [8.5, 7.5, 8.75, 7.75], "texture": "#0"},
				"west": {"uv": [8, 8.5, 8.25, 8.75], "texture": "#0"},
				"up": {"uv": [8.75, 8.25, 8.5, 8], "texture": "#0"},
				"down": {"uv": [8.75, 8.5, 8.5, 8.75], "texture": "#0"}
			}
		},
		{
			"from": [8.4, 24.1, 7.4],
			"to": [8.5, 24.3, 7.5],
			"rotation": {"angle": 0, "axis": "y", "origin": [0.3, 0, -0.3]},
			"faces": {
				"north": {"uv": [0, 9, 0.25, 9.25], "texture": "#0"},
				"east": {"uv": [9, 0, 9.25, 0.25], "texture": "#0"},
				"south": {"uv": [0.5, 9, 0.75, 9.25], "texture": "#0"},
				"west": {"uv": [9, 0.5, 9.25, 0.75], "texture": "#0"},
				"up": {"uv": [1.25, 9.25, 1, 9], "texture": "#0"},
				"down": {"uv": [9.25, 1, 9, 1.25], "texture": "#0"}
			}
		},
		{
			"from": [8.5, 24.1, 7.5],
			"to": [8.6, 24.3, 7.6],
			"rotation": {"angle": 0, "axis": "y", "origin": [0.3, 0, -0.3]},
			"faces": {
				"north": {"uv": [1.5, 9, 1.75, 9.25], "texture": "#0"},
				"east": {"uv": [9, 1.5, 9.25, 1.75], "texture": "#0"},
				"south": {"uv": [2, 9, 2.25, 9.25], "texture": "#0"},
				"west": {"uv": [9, 2, 9.25, 2.25], "texture": "#0"},
				"up": {"uv": [2.75, 9.25, 2.5, 9], "texture": "#0"},
				"down": {"uv": [9.25, 2.5, 9, 2.75], "texture": "#0"}
			}
		},
		{
			"from": [8.5, 24.1, 7.7],
			"to": [8.6, 24.3, 7.8],
			"rotation": {"angle": 0, "axis": "y", "origin": [0.3, 0, -0.3]},
			"faces": {
				"north": {"uv": [3, 9, 3.25, 9.25], "texture": "#0"},
				"east": {"uv": [9, 3, 9.25, 3.25], "texture": "#0"},
				"south": {"uv": [3.5, 9, 3.75, 9.25], "texture": "#0"},
				"west": {"uv": [9, 3.5, 9.25, 3.75], "texture": "#0"},
				"up": {"uv": [4.25, 9.25, 4, 9], "texture": "#0"},
				"down": {"uv": [9.25, 4, 9, 4.25], "texture": "#0"}
			}
		},
		{
			"from": [8.5, 24.1, 7.9],
			"to": [8.6, 24.3, 8],
			"rotation": {"angle": 0, "axis": "y", "origin": [0.3, 0, -0.3]},
			"faces": {
				"north": {"uv": [4.5, 9, 4.75, 9.25], "texture": "#0"},
				"east": {"uv": [9, 4.5, 9.25, 4.75], "texture": "#0"},
				"south": {"uv": [5, 9, 5.25, 9.25], "texture": "#0"},
				"west": {"uv": [9, 5, 9.25, 5.25], "texture": "#0"},
				"up": {"uv": [5.75, 9.25, 5.5, 9], "texture": "#0"},
				"down": {"uv": [9.25, 5.5, 9, 5.75], "texture": "#0"}
			}
		},
		{
			"from": [8.5, 24.1, 8.1],
			"to": [8.6, 24.3, 8.2],
			"rotation": {"angle": 0, "axis": "y", "origin": [0.3, 0, -0.3]},
			"faces": {
				"north": {"uv": [6, 9, 6.25, 9.25], "texture": "#0"},
				"east": {"uv": [9, 6, 9.25, 6.25], "texture": "#0"},
				"south": {"uv": [6.5, 9, 6.75, 9.25], "texture": "#0"},
				"west": {"uv": [9, 6.5, 9.25, 6.75], "texture": "#0"},
				"up": {"uv": [7.25, 9.25, 7, 9], "texture": "#0"},
				"down": {"uv": [9.25, 7, 9, 7.25], "texture": "#0"}
			}
		},
		{
			"from": [8.5, 24.1, 8.3],
			"to": [8.6, 24.3, 8.4],
			"rotation": {"angle": 0, "axis": "y", "origin": [0.3, 0, -0.3]},
			"faces": {
				"north": {"uv": [7.5, 9, 7.75, 9.25], "texture": "#0"},
				"east": {"uv": [9, 7.5, 9.25, 7.75], "texture": "#0"},
				"south": {"uv": [8, 9, 8.25, 9.25], "texture": "#0"},
				"west": {"uv": [9, 8, 9.25, 8.25], "texture": "#0"},
				"up": {"uv": [8.75, 9.25, 8.5, 9], "texture": "#0"},
				"down": {"uv": [9.25, 8.5, 9, 8.75], "texture": "#0"}
			}
		},
		{
			"from": [8.5, 24.1, 8.5],
			"to": [8.6, 24.3, 8.6],
			"rotation": {"angle": 0, "axis": "y", "origin": [0.3, 0, -0.3]},
			"faces": {
				"north": {"uv": [9, 9, 9.25, 9.25], "texture": "#0"},
				"east": {"uv": [0, 9.5, 0.25, 9.75], "texture": "#0"},
				"south": {"uv": [9.5, 0, 9.75, 0.25], "texture": "#0"},
				"west": {"uv": [0.5, 9.5, 0.75, 9.75], "texture": "#0"},
				"up": {"uv": [9.75, 0.75, 9.5, 0.5], "texture": "#0"},
				"down": {"uv": [1.25, 9.5, 1, 9.75], "texture": "#0"}
			}
		},
		{
			"from": [8.3, 24.1, 8.5],
			"to": [8.4, 24.3, 8.6],
			"rotation": {"angle": 0, "axis": "y", "origin": [0.3, 0, -0.3]},
			"faces": {
				"north": {"uv": [9.5, 1, 9.75, 1.25], "texture": "#0"},
				"east": {"uv": [1.5, 9.5, 1.75, 9.75], "texture": "#0"},
				"south": {"uv": [9.5, 1.5, 9.75, 1.75], "texture": "#0"},
				"west": {"uv": [2, 9.5, 2.25, 9.75], "texture": "#0"},
				"up": {"uv": [9.75, 2.25, 9.5, 2], "texture": "#0"},
				"down": {"uv": [2.75, 9.5, 2.5, 9.75], "texture": "#0"}
			}
		},
		{
			"from": [8.1, 24.1, 8.5],
			"to": [8.2, 24.3, 8.6],
			"rotation": {"angle": 0, "axis": "y", "origin": [0.3, 0, -0.3]},
			"faces": {
				"north": {"uv": [9.5, 2.5, 9.75, 2.75], "texture": "#0"},
				"east": {"uv": [3, 9.5, 3.25, 9.75], "texture": "#0"},
				"south": {"uv": [9.5, 3, 9.75, 3.25], "texture": "#0"},
				"west": {"uv": [3.5, 9.5, 3.75, 9.75], "texture": "#0"},
				"up": {"uv": [9.75, 3.75, 9.5, 3.5], "texture": "#0"},
				"down": {"uv": [4.25, 9.5, 4, 9.75], "texture": "#0"}
			}
		},
		{
			"from": [7.9, 24.1, 8.5],
			"to": [8, 24.3, 8.6],
			"rotation": {"angle": 0, "axis": "y", "origin": [0.3, 0, -0.3]},
			"faces": {
				"north": {"uv": [9.5, 4, 9.75, 4.25], "texture": "#0"},
				"east": {"uv": [4.5, 9.5, 4.75, 9.75], "texture": "#0"},
				"south": {"uv": [9.5, 4.5, 9.75, 4.75], "texture": "#0"},
				"west": {"uv": [5, 9.5, 5.25, 9.75], "texture": "#0"},
				"up": {"uv": [9.75, 5.25, 9.5, 5], "texture": "#0"},
				"down": {"uv": [5.75, 9.5, 5.5, 9.75], "texture": "#0"}
			}
		},
		{
			"from": [7.7, 24.1, 8.5],
			"to": [7.8, 24.3, 8.6],
			"rotation": {"angle": 0, "axis": "y", "origin": [0.3, 0, -0.3]},
			"faces": {
				"north": {"uv": [9.5, 5.5, 9.75, 5.75], "texture": "#0"},
				"east": {"uv": [6, 9.5, 6.25, 9.75], "texture": "#0"},
				"south": {"uv": [9.5, 6, 9.75, 6.25], "texture": "#0"},
				"west": {"uv": [6.5, 9.5, 6.75, 9.75], "texture": "#0"},
				"up": {"uv": [9.75, 6.75, 9.5, 6.5], "texture": "#0"},
				"down": {"uv": [7.25, 9.5, 7, 9.75], "texture": "#0"}
			}
		},
		{
			"from": [7.5, 24.1, 8.5],
			"to": [7.6, 24.3, 8.6],
			"rotation": {"angle": 0, "axis": "y", "origin": [0.3, 0, -0.3]},
			"faces": {
				"north": {"uv": [9.5, 7, 9.75, 7.25], "texture": "#0"},
				"east": {"uv": [7.5, 9.5, 7.75, 9.75], "texture": "#0"},
				"south": {"uv": [9.5, 7.5, 9.75, 7.75], "texture": "#0"},
				"west": {"uv": [8, 9.5, 8.25, 9.75], "texture": "#0"},
				"up": {"uv": [9.75, 8.25, 9.5, 8], "texture": "#0"},
				"down": {"uv": [8.75, 9.5, 8.5, 9.75], "texture": "#0"}
			}
		},
		{
			"from": [7.4, 24.1, 8.2],
			"to": [7.5, 24.3, 8.3],
			"rotation": {"angle": 0, "axis": "y", "origin": [0.3, 0, -0.3]},
			"faces": {
				"north": {"uv": [9.5, 8.5, 9.75, 8.75], "texture": "#0"},
				"east": {"uv": [9, 9.5, 9.25, 9.75], "texture": "#0"},
				"south": {"uv": [9.5, 9, 9.75, 9.25], "texture": "#0"},
				"west": {"uv": [9.5, 9.5, 9.75, 9.75], "texture": "#0"},
				"up": {"uv": [0.25, 10.25, 0, 10], "texture": "#0"},
				"down": {"uv": [10.25, 0, 10, 0.25], "texture": "#0"}
			}
		},
		{
			"from": [7.4, 24.1, 8],
			"to": [7.5, 24.3, 8.1],
			"rotation": {"angle": 0, "axis": "y", "origin": [0.3, 0, -0.3]},
			"faces": {
				"north": {"uv": [2, 10, 2.25, 10.25], "texture": "#0"},
				"east": {"uv": [10, 2, 10.25, 2.25], "texture": "#0"},
				"south": {"uv": [2.5, 10, 2.75, 10.25], "texture": "#0"},
				"west": {"uv": [10, 2.5, 10.25, 2.75], "texture": "#0"},
				"up": {"uv": [3.25, 10.25, 3, 10], "texture": "#0"},
				"down": {"uv": [10.25, 3, 10, 3.25], "texture": "#0"}
			}
		},
		{
			"from": [7.4, 24.1, 7.8],
			"to": [7.5, 24.3, 7.9],
			"rotation": {"angle": 0, "axis": "y", "origin": [0.3, 0, -0.3]},
			"faces": {
				"north": {"uv": [3.5, 10, 3.75, 10.25], "texture": "#0"},
				"east": {"uv": [10, 3.5, 10.25, 3.75], "texture": "#0"},
				"south": {"uv": [4, 10, 4.25, 10.25], "texture": "#0"},
				"west": {"uv": [10, 4, 10.25, 4.25], "texture": "#0"},
				"up": {"uv": [4.75, 10.25, 4.5, 10], "texture": "#0"},
				"down": {"uv": [10.25, 4.5, 10, 4.75], "texture": "#0"}
			}
		},
		{
			"from": [7.4, 24.1, 7.6],
			"to": [7.5, 24.3, 7.7],
			"rotation": {"angle": 0, "axis": "y", "origin": [0.3, 0, -0.3]},
			"faces": {
				"north": {"uv": [5, 10, 5.25, 10.25], "texture": "#0"},
				"east": {"uv": [10, 5, 10.25, 5.25], "texture": "#0"},
				"south": {"uv": [5.5, 10, 5.75, 10.25], "texture": "#0"},
				"west": {"uv": [10, 5.5, 10.25, 5.75], "texture": "#0"},
				"up": {"uv": [6.25, 10.25, 6, 10], "texture": "#0"},
				"down": {"uv": [10.25, 6, 10, 6.25], "texture": "#0"}
			}
		},
		{
			"from": [7.4, 24.1, 8.4],
			"to": [7.5, 24.3, 8.5],
			"rotation": {"angle": 0, "axis": "y", "origin": [0.3, 0, -0.3]},
			"faces": {
				"north": {"uv": [0.5, 10, 0.75, 10.25], "texture": "#0"},
				"east": {"uv": [10, 0.5, 10.25, 0.75], "texture": "#0"},
				"south": {"uv": [1, 10, 1.25, 10.25], "texture": "#0"},
				"west": {"uv": [10, 1, 10.25, 1.25], "texture": "#0"},
				"up": {"uv": [1.75, 10.25, 1.5, 10], "texture": "#0"},
				"down": {"uv": [10.25, 1.5, 10, 1.75], "texture": "#0"}
			}
		},
		{
			"from": [6.6, 20.8, 6.6],
			"to": [9.4, 20.9, 9.4],
			"rotation": {"angle": 0, "axis": "y", "origin": [0.3, 0, -0.3]},
			"faces": {
				"north": {"uv": [7.5, 4, 9, 4.25], "texture": "#0"},
				"east": {"uv": [7.5, 4.5, 9, 4.75], "texture": "#0"},
				"south": {"uv": [7.5, 6, 9, 6.25], "texture": "#0"},
				"west": {"uv": [6.5, 7.5, 8, 7.75], "texture": "#0"},
				"up": {"uv": [7.5, 7.5, 6, 6], "texture": "#0"},
				"down": {"uv": [1.5, 6.5, 0, 8], "texture": "#0"}
			}
		}
	],
	"display": {
		"ground": {
			"rotation": [90, 0, 0],
			"translation": [0, -2, 0]
		},
		"gui": {
			"rotation": [1, -5, 37],
			"translation": [0.5, -1, 0]
		}
	}
}