{
	"credit": "By MR_SET_",
	"texture_size": [32, 32],
	"textures": {
		"0": "block/twisting_vines",
		"particle": "block/twisting_vines"
	},
	"elements": [
		{
			"from": [8, 0, 3],
			"to": [8, 15, 13],
			"faces": {
				"north": {"uv": [0, 0, 0, 7.5], "texture": "#0"},
				"east": {"uv": [10, 0, 5, 7.5], "texture": "#0"},
				"south": {"uv": [0, 0, 0, 7.5], "texture": "#0"},
				"west": {"uv": [5, 0, 10, 7.5], "texture": "#0"},
				"up": {"uv": [0, 5, 0, 0], "texture": "#0"},
				"down": {"uv": [0, 0, 0, 5], "texture": "#0"}
			}
		},
		{
			"from": [2.8, 0, 7.8],
			"to": [12.8, 15, 7.8],
			"faces": {
				"north": {"uv": [5, 0, 10, 7.5], "texture": "#0"},
				"east": {"uv": [0, 0, 0, 7.5], "texture": "#0"},
				"south": {"uv": [10, 0, 5, 7.5], "texture": "#0"},
				"west": {"uv": [0, 0, 0, 7.5], "texture": "#0"},
				"up": {"uv": [0, 5, 0, 0], "rotation": 90, "texture": "#0"},
				"down": {"uv": [0, 0, 0, 5], "rotation": 270, "texture": "#0"}
			}
		}
	],
	"display": {
		"thirdperson_righthand": {
			"translation": [0, 3.75, 0]
		},
		"thirdperson_lefthand": {
			"translation": [0, 3.75, 0]
		},
		"firstperson_righthand": {
			"rotation": [-16, 0, 0],
			"translation": [0, 4.75, 0]
		},
		"firstperson_lefthand": {
			"rotation": [-16, 0, 0],
			"translation": [0, 4.75, 0]
		},
		"ground": {
			"translation": [0, 5, 0]
		},
		"gui": {
			"rotation": [13, 46, 15],
			"translation": [0, 2.75, 0],
			"scale": [1.4, 1.4, 1.4]
		},
		"fixed": {
			"translation": [0, 47.75, 16.25],
			"scale": [4, 4, 4]
		}
	}
}