{
	"credit": "Made with Blockbench",
	"parent": "item/handheld",
	"textures": {
		"layer0": "item/listkok",
		"particle": "item/listkok"
	},
	"display": {
		"thirdperson_righthand": {
			"translation": [4.5, -2.5, 0]
		},
		"thirdperson_lefthand": {
			"translation": [-5, -2.5, 0]
		},
		"firstperson_righthand": {
			"rotation": [0, -20, 0],
			"translation": [5.5, -3, 0]
		},
		"firstperson_lefthand": {
			"rotation": [0, -20, 0],
			"translation": [-3.25, -1, -0.5]
		},
		"ground": {
			"translation": [3.75, -4, 0]
		},
		"gui": {
			"translation": [8.25, -10.75, 0],
			"scale": [2.5, 2.5, 2.5]
		},
		"fixed": {
			"translation": [8.5, -11.5, 0],
			"scale": [3, 3, 3]
		}
	}
}