{
	"credit": "Made with Blockbench",
	"parent": "item/handheld",
	"textures": {
		"layer0": "item/poro",
		"particle": "item/poro"
	},
	"display": {
		"thirdperson_righthand": {
			"translation": [2.25, -2, 0]
		},
		"thirdperson_lefthand": {
			"translation": [-3.5, -2, 0]
		},
		"firstperson_righthand": {
			"rotation": [0, -20, 0],
			"translation": [4, -2.5, -1]
		},
		"firstperson_lefthand": {
			"rotation": [0, -20, 0],
			"translation": [-3.5, -2, -2]
		},
		"ground": {
			"translation": [3.75, -4.75, 0]
		},
		"gui": {
			"translation": [6, -8, 0],
			"scale": [2, 2, 2]
		},
		"fixed": {
			"translation": [8.5, -11.5, 0],
			"scale": [3, 3, 3]
		}
	}
}