{
	"credit": "Made with Blockbench",
	"textures": {
		"0": "item/sig",
		"particle": "item/sig"
	},
	"elements": [
		{
			"name": "hexadecagon",
			"from": [7.95027, 7.75, 5.5],
			"to": [8.04973, 8.25, 8.5],
			"rotation": {"angle": -45, "axis": "z", "origin": [8, 8, 8]},
			"faces": {
				"north": {"uv": [8, 8, 8.25, 8.5], "texture": "#0"},
				"east": {"uv": [0, 0, 3, 0.5], "texture": "#0"},
				"south": {"uv": [9, 0, 9.25, 0.5], "texture": "#0"},
				"west": {"uv": [0, 1, 3, 1.5], "texture": "#0"},
				"up": {"uv": [6.25, 3, 6, 0], "texture": "#0"},
				"down": {"uv": [6.25, 3, 6, 6], "texture": "#0"}
			}
		},
		{
			"name": "hexadecagon",
			"from": [7.95027, 7.75, 5.5],
			"to": [8.04973, 8.25, 8.5],
			"rotation": {"angle": -22.5, "axis": "z", "origin": [8, 8, 8]},
			"faces": {
				"north": {"uv": [9, 1, 9.25, 1.5], "texture": "#0"},
				"east": {"uv": [0, 2, 3, 2.5], "texture": "#0"},
				"south": {"uv": [9, 2, 9.25, 2.5], "texture": "#0"},
				"west": {"uv": [0, 3, 3, 3.5], "texture": "#0"},
				"up": {"uv": [6.25, 9, 6, 6], "texture": "#0"},
				"down": {"uv": [7.25, 0, 7, 3], "texture": "#0"}
			}
		},
		{
			"name": "hexadecagon",
			"from": [7.95027, 7.75, 5.5],
			"to": [8.04973, 8.25, 8.5],
			"rotation": {"angle": 0, "axis": "z", "origin": [8, 8, 8]},
			"faces": {
				"north": {"uv": [3, 9, 3.25, 9.5], "texture": "#0"},
				"east": {"uv": [3, 0, 6, 0.5], "texture": "#0"},
				"south": {"uv": [4, 9, 4.25, 9.5], "texture": "#0"},
				"west": {"uv": [3, 1, 6, 1.5], "texture": "#0"},
				"up": {"uv": [7.25, 6, 7, 3], "texture": "#0"},
				"down": {"uv": [7.25, 6, 7, 9], "texture": "#0"}
			}
		},
		{
			"name": "hexadecagon",
			"from": [7.95027, 7.75, 5.5],
			"to": [8.04973, 8.25, 8.5],
			"rotation": {"angle": 22.5, "axis": "z", "origin": [8, 8, 8]},
			"faces": {
				"north": {"uv": [5, 9, 5.25, 9.5], "texture": "#0"},
				"east": {"uv": [3, 2, 6, 2.5], "texture": "#0"},
				"south": {"uv": [6, 9, 6.25, 9.5], "texture": "#0"},
				"west": {"uv": [3, 3, 6, 3.5], "texture": "#0"},
				"up": {"uv": [0.25, 11, 0, 8], "texture": "#0"},
				"down": {"uv": [8.25, 0, 8, 3], "texture": "#0"}
			}
		},
		{
			"name": "hexadecagon",
			"from": [7.95027, 7.75, 5.5],
			"to": [8.04973, 8.25, 8.5],
			"rotation": {"angle": 45, "axis": "z", "origin": [8, 8, 8]},
			"faces": {
				"north": {"uv": [7, 9, 7.25, 9.5], "texture": "#0"},
				"east": {"uv": [0, 4, 3, 4.5], "texture": "#0"},
				"south": {"uv": [8, 9, 8.25, 9.5], "texture": "#0"},
				"west": {"uv": [3, 4, 6, 4.5], "texture": "#0"},
				"up": {"uv": [1.25, 11, 1, 8], "texture": "#0"},
				"down": {"uv": [2.25, 8, 2, 11], "texture": "#0"}
			}
		},
		{
			"name": "hexadecagon",
			"from": [7.75, 7.95027, 5.5],
			"to": [8.25, 8.04973, 8.5],
			"rotation": {"angle": -22.5, "axis": "z", "origin": [8, 8, 8]},
			"faces": {
				"north": {"uv": [9, 8, 9.5, 8.25], "texture": "#0"},
				"east": {"uv": [3, 8, 6, 8.25], "texture": "#0"},
				"south": {"uv": [9, 9, 9.5, 9.25], "texture": "#0"},
				"west": {"uv": [8, 3, 11, 3.25], "texture": "#0"},
				"up": {"uv": [0.5, 8, 0, 5], "texture": "#0"},
				"down": {"uv": [1.5, 5, 1, 8], "texture": "#0"}
			}
		},
		{
			"name": "hexadecagon",
			"from": [7.75, 7.95027, 5.5],
			"to": [8.25, 8.04973, 8.5],
			"rotation": {"angle": 0, "axis": "z", "origin": [8, 8, 8]},
			"faces": {
				"north": {"uv": [10, 0, 10.5, 0.25], "texture": "#0"},
				"east": {"uv": [8, 4, 11, 4.25], "texture": "#0"},
				"south": {"uv": [10, 1, 10.5, 1.25], "texture": "#0"},
				"west": {"uv": [8, 5, 11, 5.25], "texture": "#0"},
				"up": {"uv": [2.5, 8, 2, 5], "texture": "#0"},
				"down": {"uv": [3.5, 5, 3, 8], "texture": "#0"}
			}
		},
		{
			"name": "hexadecagon",
			"from": [7.75, 7.95027, 5.5],
			"to": [8.25, 8.04973, 8.5],
			"rotation": {"angle": 22.5, "axis": "z", "origin": [8, 8, 8]},
			"faces": {
				"north": {"uv": [10, 2, 10.5, 2.25], "texture": "#0"},
				"east": {"uv": [8, 6, 11, 6.25], "texture": "#0"},
				"south": {"uv": [3, 10, 3.5, 10.25], "texture": "#0"},
				"west": {"uv": [8, 7, 11, 7.25], "texture": "#0"},
				"up": {"uv": [4.5, 8, 4, 5], "texture": "#0"},
				"down": {"uv": [5.5, 5, 5, 8], "texture": "#0"}
			}
		}
	],
	"gui_light": "front",
	"display": {
		"firstperson_righthand": {
			"rotation": [16, 0, 0],
			"translation": [3.5, 0.5, 0.5],
			"scale": [2, 2, 1.5]
		},
		"ground": {
			"translation": [0, -3.5, 0],
			"scale": [1.5, 1.5, 1.5]
		},
		"gui": {
			"rotation": [-37, -38, -56],
			"translation": [-2.25, 1.5, 0],
			"scale": [4, 4, 4]
		}
	},
	"groups": [
		{
			"name": "hexadecagon",
			"origin": [8, 8, 8],
			"color": 0,
			"children": [0, 1, 2, 3, 4, 5, 6, 7]
		}
	]
}