{
	"credit": "Made with Blockbench",
	"texture_size": [32, 32],
	"textures": {
		"0": "item/ammo/kartech",
		"1": "item/ammo/kartech_logo",
		"particle": "item/ammo/kartech"
	},
	"elements": [
		{
			"name": "a",
			"from": [10.58877, 3.91447, 5.8],
			"to": [11.58877, 4.01447, 7.8],
			"rotation": {"angle": 22.5, "axis": "z", "origin": [-2.63623, 1.7095, -0.9]},
			"faces": {
				"north": {"uv": [0, 0, 0.5, 0.5], "texture": "#0"},
				"east": {"uv": [0, 0, 0.5, 0.5], "texture": "#0"},
				"south": {"uv": [0, 0, 0.5, 0.5], "texture": "#0"},
				"west": {"uv": [0, 0, 0.5, 0.5], "texture": "#0"},
				"up": {"uv": [0, 0, 0.5, 0.5], "texture": "#0"},
				"down": {"uv": [0, 0, 0.5, 0.5], "texture": "#0"}
			}
		},
		{
			"name": "a",
			"from": [7.85, 6.9, 5.95],
			"to": [8.35, 8.8, 6.45],
			"rotation": {"angle": 0, "axis": "y", "origin": [-0.7, 6.6, -0.8]},
			"faces": {
				"north": {"uv": [11.5, 10, 11.625, 10.75], "texture": "#0"},
				"east": {"uv": [7.5, 2, 7.75, 2.75], "texture": "#0"},
				"south": {"uv": [11.5, 11, 11.625, 11.75], "texture": "#0"},
				"west": {"uv": [3, 7.5, 3.25, 8.25], "texture": "#0"},
				"up": {"uv": [2.625, 13.75, 2.5, 13.5], "texture": "#0"},
				"down": {"uv": [14.125, 2, 14, 2.25], "texture": "#0"}
			}
		},
		{
			"name": "a",
			"from": [7.25, 6.9, 6.55],
			"to": [7.75, 8.8, 7.05],
			"rotation": {"angle": 0, "axis": "y", "origin": [-1.3, 6.6, -0.2]},
			"faces": {
				"north": {"uv": [11.5, 10, 11.625, 10.75], "texture": "#0"},
				"east": {"uv": [7.5, 2, 7.75, 2.75], "texture": "#0"},
				"south": {"uv": [11.5, 11, 11.625, 11.75], "texture": "#0"},
				"west": {"uv": [3, 7.5, 3.25, 8.25], "texture": "#0"},
				"up": {"uv": [2.625, 13.75, 2.5, 13.5], "texture": "#0"},
				"down": {"uv": [14.125, 2, 14, 2.25], "texture": "#0"}
			}
		},
		{
			"name": "a",
			"from": [7.25, 6.9, 7.15],
			"to": [7.75, 8.8, 7.65],
			"rotation": {"angle": 0, "axis": "y", "origin": [-1.3, 6.6, 0.4]},
			"faces": {
				"north": {"uv": [11.5, 10, 11.625, 10.75], "texture": "#0"},
				"east": {"uv": [7.5, 2, 7.75, 2.75], "texture": "#0"},
				"south": {"uv": [11.5, 11, 11.625, 11.75], "texture": "#0"},
				"west": {"uv": [3, 7.5, 3.25, 8.25], "texture": "#0"},
				"up": {"uv": [2.625, 13.75, 2.5, 13.5], "texture": "#0"},
				"down": {"uv": [14.125, 2, 14, 2.25], "texture": "#0"}
			}
		},
		{
			"name": "a",
			"from": [7.25, 6.9, 5.95],
			"to": [7.75, 8.8, 6.45],
			"rotation": {"angle": 0, "axis": "y", "origin": [-1.3, 6.6, -0.8]},
			"faces": {
				"north": {"uv": [11.5, 10, 11.625, 10.75], "texture": "#0"},
				"east": {"uv": [7.5, 2, 7.75, 2.75], "texture": "#0"},
				"south": {"uv": [11.5, 11, 11.625, 11.75], "texture": "#0"},
				"west": {"uv": [3, 7.5, 3.25, 8.25], "texture": "#0"},
				"up": {"uv": [2.625, 13.75, 2.5, 13.5], "texture": "#0"},
				"down": {"uv": [14.125, 2, 14, 2.25], "texture": "#0"}
			}
		},
		{
			"name": "a",
			"from": [6.65, 6.9, 6.55],
			"to": [7.15, 8.8, 7.05],
			"rotation": {"angle": 0, "axis": "y", "origin": [-1.9, 6.6, -0.2]},
			"faces": {
				"north": {"uv": [11.5, 10, 11.625, 10.75], "texture": "#0"},
				"east": {"uv": [7.5, 2, 7.75, 2.75], "texture": "#0"},
				"south": {"uv": [11.5, 11, 11.625, 11.75], "texture": "#0"},
				"west": {"uv": [3, 7.5, 3.25, 8.25], "texture": "#0"},
				"up": {"uv": [2.625, 13.75, 2.5, 13.5], "texture": "#0"},
				"down": {"uv": [14.125, 2, 14, 2.25], "texture": "#0"}
			}
		},
		{
			"name": "a",
			"from": [6.65, 6.9, 7.15],
			"to": [7.15, 8.8, 7.65],
			"rotation": {"angle": 0, "axis": "y", "origin": [-1.9, 6.6, 0.4]},
			"faces": {
				"north": {"uv": [11.5, 10, 11.625, 10.75], "texture": "#0"},
				"east": {"uv": [7.5, 2, 7.75, 2.75], "texture": "#0"},
				"south": {"uv": [11.5, 11, 11.625, 11.75], "texture": "#0"},
				"west": {"uv": [3, 7.5, 3.25, 8.25], "texture": "#0"},
				"up": {"uv": [2.625, 13.75, 2.5, 13.5], "texture": "#0"},
				"down": {"uv": [14.125, 2, 14, 2.25], "texture": "#0"}
			}
		},
		{
			"name": "a",
			"from": [6.65, 6.9, 5.95],
			"to": [7.15, 8.8, 6.45],
			"rotation": {"angle": 0, "axis": "y", "origin": [-1.9, 6.6, -0.8]},
			"faces": {
				"north": {"uv": [11.5, 10, 11.625, 10.75], "texture": "#0"},
				"east": {"uv": [7.5, 2, 7.75, 2.75], "texture": "#0"},
				"south": {"uv": [11.5, 11, 11.625, 11.75], "texture": "#0"},
				"west": {"uv": [3, 7.5, 3.25, 8.25], "texture": "#0"},
				"up": {"uv": [2.625, 13.75, 2.5, 13.5], "texture": "#0"},
				"down": {"uv": [14.125, 2, 14, 2.25], "texture": "#0"}
			}
		},
		{
			"name": "a",
			"from": [7.85, 6.9, 6.55],
			"to": [8.35, 8.8, 7.05],
			"rotation": {"angle": 0, "axis": "y", "origin": [-0.7, 6.6, -0.2]},
			"faces": {
				"north": {"uv": [11.5, 10, 11.625, 10.75], "texture": "#0"},
				"east": {"uv": [7.5, 2, 7.75, 2.75], "texture": "#0"},
				"south": {"uv": [11.5, 11, 11.625, 11.75], "texture": "#0"},
				"west": {"uv": [3, 7.5, 3.25, 8.25], "texture": "#0"},
				"up": {"uv": [2.625, 13.75, 2.5, 13.5], "texture": "#0"},
				"down": {"uv": [14.125, 2, 14, 2.25], "texture": "#0"}
			}
		},
		{
			"name": "a",
			"from": [7.85, 6.9, 7.15],
			"to": [8.35, 8.8, 7.65],
			"rotation": {"angle": 0, "axis": "y", "origin": [-0.7, 6.6, 0.4]},
			"faces": {
				"north": {"uv": [11.5, 10, 11.625, 10.75], "texture": "#0"},
				"east": {"uv": [7.5, 2, 7.75, 2.75], "texture": "#0"},
				"south": {"uv": [11.5, 11, 11.625, 11.75], "texture": "#0"},
				"west": {"uv": [3, 7.5, 3.25, 8.25], "texture": "#0"},
				"up": {"uv": [2.625, 13.75, 2.5, 13.5], "texture": "#0"},
				"down": {"uv": [14.125, 2, 14, 2.25], "texture": "#0"}
			}
		},
		{
			"name": "a",
			"from": [6.5, 5.67986, 12.45535],
			"to": [8.5, 6.67986, 12.55535],
			"rotation": {"angle": -22.5, "axis": "x", "origin": [-0.5, -1.64706, 1.68332]},
			"faces": {
				"north": {"uv": [0, 0, 0.5, 0.5], "rotation": 270, "texture": "#0"},
				"east": {"uv": [0, 0, 0.5, 0.5], "rotation": 90, "texture": "#0"},
				"south": {"uv": [0, 0, 0.5, 0.5], "rotation": 270, "texture": "#0"},
				"west": {"uv": [0, 0, 0.5, 0.5], "rotation": 270, "texture": "#0"},
				"up": {"uv": [0, 0, 0.5, 0.5], "texture": "#0"},
				"down": {"uv": [0, 0, 0.5, 0.5], "rotation": 180, "texture": "#0"}
			}
		},
		{
			"name": "a",
			"from": [6.5, 3.83459, 9.66644],
			"to": [8.5, 3.93459, 10.66644],
			"rotation": {"angle": -22.5, "axis": "x", "origin": [-0.5, 2.22842, -3.64819]},
			"faces": {
				"north": {"uv": [0, 0, 0.5, 0.5], "texture": "#0"},
				"east": {"uv": [0, 0, 0.5, 0.5], "texture": "#0"},
				"south": {"uv": [0, 0, 0.5, 0.5], "texture": "#0"},
				"west": {"uv": [0, 0, 0.5, 0.5], "texture": "#0"},
				"up": {"uv": [0, 0, 0.5, 0.5], "rotation": 90, "texture": "#0"},
				"down": {"uv": [0, 0, 0.5, 0.5], "rotation": 270, "texture": "#0"}
			}
		},
		{
			"name": "a",
			"from": [5.33785, 9.1903, 5.8],
			"to": [6.33785, 9.2903, 7.8],
			"rotation": {"angle": -22.5, "axis": "z", "origin": [5.33785, 9.1903, 5.8]},
			"faces": {
				"north": {"uv": [0, 0, 0.5, 0.5], "texture": "#0"},
				"east": {"uv": [0, 0, 0.5, 0.5], "texture": "#0"},
				"south": {"uv": [0, 0, 0.5, 0.5], "texture": "#0"},
				"west": {"uv": [0, 0, 0.5, 0.5], "texture": "#0"},
				"up": {"uv": [0, 0, 0.5, 0.5], "texture": "#0"},
				"down": {"uv": [0, 0, 0.5, 0.5], "texture": "#0"}
			}
		},
		{
			"name": "a",
			"from": [8.5, 6.9, 5.8],
			"to": [8.7, 8.9, 7.8],
			"rotation": {"angle": 0, "axis": "y", "origin": [-0.5, 6.6, -0.9]},
			"faces": {
				"north": {"uv": [0, 16, 1.5, 0], "texture": "#1"},
				"east": {"uv": [0, 0, 16, 16], "texture": "#1"},
				"south": {"uv": [14.5, 0, 16, 16], "texture": "#1"},
				"west": {"uv": [0.625, 0, 0, 0.5], "texture": "#0"},
				"up": {"uv": [15.91406, 0, 0, 1.5], "rotation": 90, "texture": "#1"},
				"down": {"uv": [0.875, 0, 0, 0.75], "rotation": 270, "texture": "#0"}
			}
		},
		{
			"name": "a",
			"from": [6.3, 6.9, 5.8],
			"to": [6.5, 8.9, 7.8],
			"rotation": {"angle": 0, "axis": "y", "origin": [-0.5, 6.6, -0.9]},
			"faces": {
				"north": {"uv": [14.5, 0, 16, 16], "texture": "#1"},
				"east": {"uv": [0.625, 0, 0, 0.5], "texture": "#0"},
				"south": {"uv": [0, 16, 1.5, 0], "texture": "#1"},
				"west": {"uv": [0, 0, 16, 16], "texture": "#1"},
				"up": {"uv": [15.91406, 0, 0, 1.5], "rotation": 270, "texture": "#1"},
				"down": {"uv": [0.875, 0, 0, 0.75], "rotation": 90, "texture": "#0"}
			}
		},
		{
			"name": "a",
			"from": [6.5, 6.9, 7.8],
			"to": [8.5, 8.9, 8],
			"rotation": {"angle": 0, "axis": "y", "origin": [-0.5, 6.6, -0.9]},
			"faces": {
				"north": {"uv": [0.625, 0, 0, 0.5], "texture": "#0"},
				"east": {"uv": [0, 16, 1.5, 0], "texture": "#1"},
				"south": {"uv": [0, 0, 16, 16], "texture": "#1"},
				"west": {"uv": [14.5, 0, 16, 16], "texture": "#1"},
				"up": {"uv": [15.91406, 0, 0, 1.5], "rotation": 180, "texture": "#1"},
				"down": {"uv": [0.875, 0, 0, 0.75], "rotation": 180, "texture": "#0"}
			}
		},
		{
			"name": "a",
			"from": [6.5, 6.7, 5.8],
			"to": [8.5, 6.9, 7.8],
			"rotation": {"angle": 0, "axis": "x", "origin": [-0.5, 6.6, -0.9]},
			"faces": {
				"north": {"uv": [15.91406, 0, 0, 1.5], "rotation": 180, "texture": "#1"},
				"east": {"uv": [14.5, 0, 16, 16], "rotation": 90, "texture": "#1"},
				"south": {"uv": [0.875, 0, 0, 0.75], "texture": "#0"},
				"west": {"uv": [0, 16, 1.5, 0], "rotation": 270, "texture": "#1"},
				"up": {"uv": [0.625, 0, 0, 0.5], "texture": "#0"},
				"down": {"uv": [0, 0, 16, 16], "rotation": 180, "texture": "#1"}
			}
		},
		{
			"name": "a",
			"from": [6.5, 6.9, 5.6],
			"to": [8.5, 8.9, 5.8],
			"rotation": {"angle": 0, "axis": "y", "origin": [-0.5, 6.6, -0.9]},
			"faces": {
				"north": {"uv": [0, 0, 16, 16], "texture": "#1"},
				"east": {"uv": [14.5, 0, 16, 16], "texture": "#1"},
				"south": {"uv": [0.625, 0, 0, 0.5], "texture": "#0"},
				"west": {"uv": [0, 16, 1.5, 0], "texture": "#1"},
				"up": {"uv": [15.91406, 0, 0, 1.5], "texture": "#1"},
				"down": {"uv": [0.875, 0, 0, 0.75], "texture": "#0"}
			}
		}
	],
	"display": {
		"thirdperson_righthand": {
			"rotation": [60, 0, 0],
			"translation": [0.5, 0.5, 0.75]
		},
		"thirdperson_lefthand": {
			"rotation": [60, 0, 0],
			"translation": [0.5, 0.5, 0.75]
		},
		"firstperson_righthand": {
			"rotation": [0, 100, 0],
			"translation": [-1.5, 4.5, 4.5],
			"scale": [0.75, 1, 1]
		},
		"firstperson_lefthand": {
			"rotation": [0, 100, 0],
			"translation": [0.25, 4.25, 4],
			"scale": [0.75, 1, 1]
		},
		"ground": {
			"translation": [0, -3.5, 0],
			"scale": [1.5, 1.5, 1.5]
		},
		"gui": {
			"rotation": [30, 140, 0],
			"translation": [1.25, 0.25, 0],
			"scale": [2.9, 2.9, 2.9]
		},
		"fixed": {
			"translation": [1, 0, 1],
			"scale": [2.7, 2.7, 2.7]
		}
	}
}