{
    "providers": [
        {
            "type": "bitmap",
            "file": "minecraft:font/flags/france.png",
            "ascent": 8,
            "height": 9,
            "chars": [
                "\u0100"
            ]
        },
        {
            "type": "bitmap",
            "file": "minecraft:font/flags/noname.png",
            "ascent": 8,
            "height": 9,
            "chars": [
                "\u0101"
            ]
        },
        {
            "type": "bitmap",
            "file": "minecraft:font/flags/germany.png",
            "ascent": 8,
            "height": 9,
            "chars": [
                "\u0102"
            ]
        },
        {
            "type": "bitmap",
            "file": "minecraft:font/flags/ussr.png",
            "ascent": 8,
            "height": 9,
            "chars": [
                "\u0103"
            ]
        },
        {
            "type": "bitmap",
            "file": "minecraft:font/flags/afganistan.png",
            "ascent": 8,
            "height": 9,
            "chars": [
                "\u0104"
            ]
        },
        {
            "type": "bitmap",
            "file": "minecraft:font/flags/albania.png",
            "ascent": 8,
            "height": 9,
            "chars": [
                "\u0105"
            ]
        },
        {
            "type": "bitmap",
            "file": "minecraft:font/flags/argentina.png",
            "ascent": 8,
            "height": 9,
            "chars": [
                "\u0106"
            ]
        },
        {
            "type": "bitmap",
            "file": "minecraft:font/flags/australia.png",
            "ascent": 8,
            "height": 9,
            "chars": [
                "\u0107"
            ]
        },
        {
            "type": "bitmap",
            "file": "minecraft:font/flags/belgium.png",
            "ascent": 8,
            "height": 9,
            "chars": [
                "\u0108"
            ]
        },
        {
            "type": "bitmap",
            "file": "minecraft:font/flags/bolivia.png",
            "ascent": 8,
            "height": 9,
            "chars": [
                "\u0109"
            ]
        },
        {
            "type": "bitmap",
            "file": "minecraft:font/flags/brazil.png",
            "ascent": 8,
            "height": 9,
            "chars": [
                "\u010A"
            ]
        },
        {
            "type": "bitmap",
            "file": "minecraft:font/flags/bulgaria.png",
            "ascent": 8,
            "height": 9,
            "chars": [
                "\u010B"
            ]
        },
        {
            "type": "bitmap",
            "file": "minecraft:font/flags/canada.png",
            "ascent": 8,
            "height": 9,
            "chars": [
                "\u010C"
            ]
        },
        {
            "type": "bitmap",
            "file": "minecraft:font/flags/chile.png",
            "ascent": 8,
            "height": 9,
            "chars": [
                "\u010D"
            ]
        },
        {
            "type": "bitmap",
            "file": "minecraft:font/flags/china-communism.png",
            "ascent": 8,
            "height": 9,
            "chars": [
                "\u010E"
            ]
        },
        {
            "type": "bitmap",
            "file": "minecraft:font/flags/china-republic.png",
            "ascent": 8,
            "height": 9,
            "chars": [
                "\u010F"
            ]
        },
        {
            "type": "bitmap",
            "file": "minecraft:font/flags/columbia.png",
            "ascent": 8,
            "height": 9,
            "chars": [
                "\u0110"
            ]
        },
        {
            "type": "bitmap",
            "file": "minecraft:font/flags/costa-rica.png",
            "ascent": 8,
            "height": 9,
            "chars": [
                "\u0111"
            ]
        },
        {
            "type": "bitmap",
            "file": "minecraft:font/flags/cuba.png",
            "ascent": 8,
            "height": 9,
            "chars": [
                "\u0112"
            ]
        },
        {
            "type": "bitmap",
            "file": "minecraft:font/flags/denmark.png",
            "ascent": 8,
            "height": 9,
            "chars": [
                "\u0113"
            ]
        },
        {
            "type": "bitmap",
            "file": "minecraft:font/flags/dominicana.png",
            "ascent": 8,
            "height": 9,
            "chars": [
                "\u0114"
            ]
        },
        {
            "type": "bitmap",
            "file": "minecraft:font/flags/egypt.png",
            "ascent": 8,
            "height": 9,
            "chars": [
                "\u0115"
            ]
        },
        {
            "type": "bitmap",
            "file": "minecraft:font/flags/england.png",
            "ascent": 8,
            "height": 9,
            "chars": [
                "\u0116"
            ]
        },
        {
            "type": "bitmap",
            "file": "minecraft:font/flags/equador.png",
            "ascent": 8,
            "height": 9,
            "chars": [
                "\u0117"
            ]
        },
        {
            "type": "bitmap",
            "file": "minecraft:font/flags/estonia.png",
            "ascent": 8,
            "height": 9,
            "chars": [
                "\u0118"
            ]
        },
        {
            "type": "bitmap",
            "file": "minecraft:font/flags/finland.png",
            "ascent": 8,
            "height": 9,
            "chars": [
                "\u0119"
            ]
        },
        {
            "type": "bitmap",
            "file": "minecraft:font/flags/greece.png",
            "ascent": 8,
            "height": 9,
            "chars": [
                "\u011A"
            ]
        },
        {
            "type": "bitmap",
            "file": "minecraft:font/flags/guangxi.png",
            "ascent": 8,
            "height": 9,
            "chars": [
                "\u011B"
            ]
        },
        {
            "type": "bitmap",
            "file": "minecraft:font/flags/guatemala.png",
            "ascent": 8,
            "height": 9,
            "chars": [
                "\u011C"
            ]
        },
        {
            "type": "bitmap",
            "file": "minecraft:font/flags/haiti.png",
            "ascent": 8,
            "height": 9,
            "chars": [
                "\u011D"
            ]
        },
        {
            "type": "bitmap",
            "file": "minecraft:font/flags/honduras.png",
            "ascent": 8,
            "height": 9,
            "chars": [
                "\u011E"
            ]
        },
        {
            "type": "bitmap",
            "file": "minecraft:font/flags/hungary.png",
            "ascent": 8,
            "height": 9,
            "chars": [
                "\u011F"
            ]
        },
        {
            "type": "bitmap",
            "file": "minecraft:font/flags/india.png",
            "ascent": 8,
            "height": 9,
            "chars": [
                "\u0120"
            ]
        },
        {
            "type": "bitmap",
            "file": "minecraft:font/flags/iran.png",
            "ascent": 8,
            "height": 9,
            "chars": [
                "\u0121"
            ]
        },
        {
            "type": "bitmap",
            "file": "minecraft:font/flags/iraq.png",
            "ascent": 8,
            "height": 9,
            "chars": [
                "\u0122"
            ]
        },
        {
            "type": "bitmap",
            "file": "minecraft:font/flags/irish.png",
            "ascent": 8,
            "height": 9,
            "chars": [
                "\u0123"
            ]
        },
        {
            "type": "bitmap",
            "file": "minecraft:font/flags/italy.png",
            "ascent": 8,
            "height": 9,
            "chars": [
                "\u0124"
            ]
        },
        {
            "type": "bitmap",
            "file": "minecraft:font/flags/japan.png",
            "ascent": 8,
            "height": 9,
            "chars": [
                "\u0125"
            ]
        },
        {
            "type": "bitmap",
            "file": "minecraft:font/flags/latvia.png",
            "ascent": 8,
            "height": 9,
            "chars": [
                "\u0126"
            ]
        },
        {
            "type": "bitmap",
            "file": "minecraft:font/flags/liberia.png",
            "ascent": 8,
            "height": 9,
            "chars": [
                "\u0127"
            ]
        },
        {
            "type": "bitmap",
            "file": "minecraft:font/flags/lithuania.png",
            "ascent": 8,
            "height": 9,
            "chars": [
                "\u0128"
            ]
        },
        {
            "type": "bitmap",
            "file": "minecraft:font/flags/luxembourg.png",
            "ascent": 8,
            "height": 9,
            "chars": [
                "\u0129"
            ]
        },
        {
            "type": "bitmap",
            "file": "minecraft:font/flags/mexico.png",
            "ascent": 8,
            "height": 9,
            "chars": [
                "\u012A"
            ]
        },
        {
            "type": "bitmap",
            "file": "minecraft:font/flags/mongolia.png",
            "ascent": 8,
            "height": 9,
            "chars": [
                "\u012B"
            ]
        },
        {
            "type": "bitmap",
            "file": "minecraft:font/flags/morocco.png",
            "ascent": 8,
            "height": 9,
            "chars": [
                "\u012C"
            ]
        },
        {
            "type": "bitmap",
            "file": "minecraft:font/flags/nejd.png",
            "ascent": 8,
            "height": 9,
            "chars": [
                "\u012D"
            ]
        },
        {
            "type": "bitmap",
            "file": "minecraft:font/flags/netherlands.png",
            "ascent": 8,
            "height": 9,
            "chars": [
                "\u012E"
            ]
        },
        {
            "type": "bitmap",
            "file": "minecraft:font/flags/new-zealand.png",
            "ascent": 8,
            "height": 9,
            "chars": [
                "\u012F"
            ]
        },
        {
            "type": "bitmap",
            "file": "minecraft:font/flags/nikaragua.png",
            "ascent": 8,
            "height": 9,
            "chars": [
                "\u0130"
            ]
        },
        {
            "type": "bitmap",
            "file": "minecraft:font/flags/norway.png",
            "ascent": 8,
            "height": 9,
            "chars": [
                "\u0131"
            ]
        },
        {
            "type": "bitmap",
            "file": "minecraft:font/flags/oman.png",
            "ascent": 8,
            "height": 9,
            "chars": [
                "\u0132"
            ]
        },
        {
            "type": "bitmap",
            "file": "minecraft:font/flags/panama.png",
            "ascent": 8,
            "height": 9,
            "chars": [
                "\u0133"
            ]
        },
        {
            "type": "bitmap",
            "file": "minecraft:font/flags/paraguay.png",
            "ascent": 8,
            "height": 9,
            "chars": [
                "\u0134"
            ]
        },
        {
            "type": "bitmap",
            "file": "minecraft:font/flags/peru.png",
            "ascent": 8,
            "height": 9,
            "chars": [
                "\u0135"
            ]
        },
        {
            "type": "bitmap",
            "file": "minecraft:font/flags/poland.png",
            "ascent": 8,
            "height": 9,
            "chars": [
                "\u0136"
            ]
        },
        {
            "type": "bitmap",
            "file": "minecraft:font/flags/portugal.png",
            "ascent": 8,
            "height": 9,
            "chars": [
                "\u0137"
            ]
        },
        {
            "type": "bitmap",
            "file": "minecraft:font/flags/romania.png",
            "ascent": 8,
            "height": 9,
            "chars": [
                "\u0138"
            ]
        },
        {
            "type": "bitmap",
            "file": "minecraft:font/flags/salvador.png",
            "ascent": 8,
            "height": 9,
            "chars": [
                "\u0139"
            ]
        },
        {
            "type": "bitmap",
            "file": "minecraft:font/flags/siam.png",
            "ascent": 8,
            "height": 9,
            "chars": [
                "\u013A"
            ]
        },
        {
            "type": "bitmap",
            "file": "minecraft:font/flags/slovakia.png",
            "ascent": 8,
            "height": 9,
            "chars": [
                "\u013B"
            ]
        },
        {
            "type": "bitmap",
            "file": "minecraft:font/flags/spain.png",
            "ascent": 8,
            "height": 9,
            "chars": [
                "\u013C"
            ]
        },
        {
            "type": "bitmap",
            "file": "minecraft:font/flags/sweden.png",
            "ascent": 8,
            "height": 9,
            "chars": [
                "\u013D"
            ]
        },
        {
            "type": "bitmap",
            "file": "minecraft:font/flags/swi.png",
            "ascent": 8,
            "height": 9,
            "chars": [
                "\u013E"
            ]
        },
        {
            "type": "bitmap",
            "file": "minecraft:font/flags/tibet.png",
            "ascent": 8,
            "height": 9,
            "chars": [
                "\u013F"
            ]
        },
        {
            "type": "bitmap",
            "file": "minecraft:font/flags/turkey.png",
            "ascent": 8,
            "height": 9,
            "chars": [
                "\u0140"
            ]
        },
        {
            "type": "bitmap",
            "file": "minecraft:font/flags/tuva.png",
            "ascent": 8,
            "height": 9,
            "chars": [
                "\u0141"
            ]
        },
        {
            "type": "bitmap",
            "file": "minecraft:font/flags/uar.png",
            "ascent": 8,
            "height": 9,
            "chars": [
                "\u0142"
            ]
        },
        {
            "type": "bitmap",
            "file": "minecraft:font/flags/uruguay.png",
            "ascent": 8,
            "height": 9,
            "chars": [
                "\u0143"
            ]
        },
        {
            "type": "bitmap",
            "file": "minecraft:font/flags/usa.png",
            "ascent": 8,
            "height": 9,
            "chars": [
                "\u0144"
            ]
        },
        {
            "type": "bitmap",
            "file": "minecraft:font/flags/venezuel.png",
            "ascent": 8,
            "height": 9,
            "chars": [
                "\u0145"
            ]
        },
        {
            "type": "bitmap",
            "file": "minecraft:font/flags/xibei-san-ma.png",
            "ascent": 8,
            "height": 9,
            "chars": [
                "\u0146"
            ]
        },
        {
            "type": "bitmap",
            "file": "minecraft:font/flags/xinjiang.png",
            "ascent": 8,
            "height": 9,
            "chars": [
                "\u0147"
            ]
        },
        {
            "type": "bitmap",
            "file": "minecraft:font/flags/yugoslavia.png",
            "ascent": 8,
            "height": 9,
            "chars": [
                "\u0148"
            ]
        },
        {
            "type": "bitmap",
            "file": "minecraft:font/flags/yunnan.png",
            "ascent": 8,
            "height": 9,
            "chars": [
                "\u0149"
            ]
        },
        {
            "type": "bitmap",
            "file": "minecraft:font/flags/bohemy.png",
            "ascent": 8,
            "height": 9,
            "chars": [
                "\u014A"
            ]
        },
        {
            "type": "bitmap",
            "file": "minecraft:font/flags/yemen.png",
            "ascent": 8,
            "height": 9,
            "chars": [
                "\u014B"
            ]
        },
        {
            "type": "bitmap",
            "file": "minecraft:font/flags/khatai.png",
            "ascent": 8,
            "height": 9,
            "chars": [
                "\u014C"
            ]
        },
        {
            "type": "bitmap",
            "file": "minecraft:font/flags/danzig.png",
            "ascent": 8,
            "height": 9,
            "chars": [
                "\u014D"
            ]
        },
        {
            "type": "bitmap",
            "file": "minecraft:font/donates/kommersant.png",
            "ascent": 8,
            "height": 9,
            "chars": [
                "\u014E"
            ]
        },
        {
            "type": "bitmap",
            "file": "minecraft:font/donates/aristocrat.png",
            "ascent": 8,
            "height": 9,
            "chars": [
                "\u014F"
            ]
        },
        {
            "type": "bitmap",
            "file": "minecraft:font/donates/kapitalist.png",
            "ascent": 8,
            "height": 9,
            "chars": [
                "\u0150"
            ]
        },
        {
            "type": "bitmap",
            "file": "minecraft:font/donates/magnat.png",
            "ascent": 8,
            "height": 9,
            "chars": [
                "\u0151"
            ]
        },
        {
            "type": "bitmap",
            "file": "minecraft:font/donates/gospodin.png",
            "ascent": 8,
            "height": 9,
            "chars": [
                "\u0152"
            ]
        },
        {
            "type": "bitmap",
            "file": "minecraft:font/donates/imperalist.png",
            "ascent": 8,
            "height": 9,
            "chars": [
                "\u0153"
            ]
        },
        {
            "type": "bitmap",
            "file": "minecraft:font/donates/sponsor.png",
            "ascent": 8,
            "height": 9,
            "chars": [
                "\u0154"
            ]
        },
        {
            "type": "bitmap",
            "file": "minecraft:font/donates/media1.png",
            "ascent": 8,
            "height": 9,
            "chars": [
                "\u0155"
            ]
        },
        {
            "type": "bitmap",
            "file": "minecraft:font/donates/media2.png",
            "ascent": 8,
            "height": 9,
            "chars": [
                "\u0156"
            ]
        },
        {
            "type": "bitmap",
            "file": "minecraft:font/donates/media3.png",
            "ascent": 8,
            "height": 9,
            "chars": [
                "\u0157"
            ]
        },
        {
            "type": "bitmap",
            "file": "minecraft:font/donates/gosudar.png",
            "ascent": 8,
            "height": 9,
            "chars": [
                "\u0158"
            ]
        },
        {
            "type": "bitmap",
            "file": "minecraft:font/donates/cbt.png",
            "ascent": 8,
            "height": 9,
            "chars": [
                "\u0159"
            ]
        },
        {
            "type": "bitmap",
            "file": "minecraft:font/donates/mlmod.png",
            "ascent": 8,
            "height": 9,
            "chars": [
                "\u015A"
            ]
        },
        {
            "type": "bitmap",
            "file": "minecraft:font/donates/lite.png",
            "ascent": 8,
            "height": 9,
            "chars": [
                "\u015B"
            ]
        },
        {
            "type": "bitmap",
            "file": "minecraft:font/donates/mod.png",
            "ascent": 8,
            "height": 9,
            "chars": [
                "\u015C"
            ]
        },
        {
            "type": "bitmap",
            "file": "minecraft:font/donates/rpadmin.png",
            "ascent": 8,
            "height": 9,
            "chars": [
                "\u015D"
            ]
        },
        {
            "type": "bitmap",
            "file": "minecraft:font/donates/stmod.png",
            "ascent": 8,
            "height": 9,
            "chars": [
                "\u015E"
            ]
        },
        {
            "type": "bitmap",
            "file": "minecraft:font/donates/strp.png",
            "ascent": 8,
            "height": 9,
            "chars": [
                "\u015F"
            ]
        },
        {
            "type": "bitmap",
            "file": "minecraft:font/donates/admin.png",
            "ascent": 8,
            "height": 9,
            "chars": [
                "\u0160"
            ]
        },
        {
            "type": "bitmap",
            "file": "minecraft:font/donates/stadmin.png",
            "ascent": 8,
            "height": 9,
            "chars": [
                "\u0161"
            ]
        },
        {
            "type": "bitmap",
            "file": "minecraft:font/donates/helper.png",
            "ascent": 8,
            "height": 9,
            "chars": [
                "\u0162"
            ]
        },
        {
            "type": "bitmap",
            "file": "minecraft:font/donates/owner.png",
            "ascent": 8,
            "height": 9,
            "chars": [
                "\u0163"
            ]
        },
        {
            "type": "bitmap",
            "file": "minecraft:font/years/winter.png",
            "ascent": 8,
            "height": 9,
            "chars": [
                "\u0164"
            ]
        },
        {
            "type": "bitmap",
            "file": "minecraft:font/years/spring.png",
            "ascent": 8,
            "height": 9,
            "chars": [
                "\u0165"
            ]
        },
        {
            "type": "bitmap",
            "file": "minecraft:font/years/summer.png",
            "ascent": 8,
            "height": 9,
            "chars": [
                "\u0166"
            ]
        },
        {
            "type": "bitmap",
            "file": "minecraft:font/years/fall.png",
            "ascent": 8,
            "height": 9,
            "chars": [
                "\u0167"
            ]
        },
        {
            "type": "bitmap",
            "file": "minecraft:font/years/newy.png",
            "ascent": 8,
            "height": 9,
            "chars": [
                "\u0168"
            ]
        }
    ]
}