{
	"credit": "Made with Blockbench",
	"texture_size": [32, 32],
	"textures": {
		"0": "item/korob2",
		"1": "item/korob22",
		"particle": "item/korob2"
	},
	"elements": [
		{
			"from": [7.32683, 7.04774, 6.51884],
			"to": [9.22683, 8.44774, 6.71884],
			"rotation": {"angle": 0, "axis": "y", "origin": [6.52683, 6.84774, 6.01884]},
			"faces": {
				"north": {"uv": [1.3125, 2, 16, 14.48302], "texture": "#1"},
				"east": {"uv": [8.25781, 10.02912, 8.39258, 10.81135], "texture": "#1"},
				"south": {"uv": [2, 0, 3, 0.75], "texture": "#0"},
				"west": {"uv": [7.35938, 7.97342, 7.49414, 8.75565], "texture": "#1"},
				"up": {"uv": [9.16406, 9.51709, 8.08594, 9.38672], "texture": "#1"},
				"down": {"uv": [10, 7.5, 9, 7.625], "texture": "#0"}
			}
		},
		{
			"from": [6.02683, 8.54774, 6.51884],
			"to": [6.72683, 8.64774, 8.51884],
			"rotation": {"angle": -22.5, "axis": "z", "origin": [6.52683, 6.84774, 6.01884]},
			"faces": {
				"north": {"uv": [3.77344, 2.60742, 4.17773, 2.73779], "texture": "#1"},
				"east": {"uv": [9, 6.5, 10, 6.625], "texture": "#0"},
				"south": {"uv": [9.74219, 5.17706, 10.14648, 5.30743], "texture": "#1"},
				"west": {"uv": [9.70313, 8.14724, 10.78125, 8.27762], "texture": "#1"},
				"up": {"uv": [3.63867, 2.08594, 3.23438, 1.04297], "texture": "#1"},
				"down": {"uv": [2.56055, 3.12891, 2.15625, 4.17188], "texture": "#1"}
			}
		},
		{
			"from": [9.77317, 8.34774, 6.51884],
			"to": [10.47317, 8.44774, 8.51884],
			"rotation": {"angle": 22.5, "axis": "z", "origin": [9.47317, 6.84774, 6.01884]},
			"faces": {
				"north": {"uv": [1.61719, 13.55859, 2.02148, 13.68896], "texture": "#1"},
				"east": {"uv": [10.24219, 0.52148, 11.32031, 0.65186], "texture": "#1"},
				"south": {"uv": [14.01563, 1.56445, 14.41992, 1.69482], "texture": "#1"},
				"west": {"uv": [9.5, 1, 10.5, 1.125], "texture": "#0"},
				"up": {"uv": [3.63867, 3.12891, 3.23438, 2.08594], "texture": "#1"},
				"down": {"uv": [3.09961, 3.12891, 2.69531, 4.17188], "texture": "#1"}
			}
		},
		{
			"from": [7.32683, 7.04774, 6.71884],
			"to": [7.52683, 8.44774, 8.31884],
			"rotation": {"angle": 0, "axis": "y", "origin": [6.52683, 6.84774, 6.01884]},
			"faces": {
				"north": {"uv": [4.5, 9.5, 4.625, 10.25], "texture": "#0"},
				"east": {"uv": [3, 0, 3.75, 0.75], "texture": "#0"},
				"south": {"uv": [5, 9.5, 5.125, 10.25], "texture": "#0"},
				"west": {"uv": [1.07813, 3.12891, 1.88672, 3.91113], "texture": "#1"},
				"up": {"uv": [6.68945, 8.99749, 6.55469, 8.21527], "texture": "#1"},
				"down": {"uv": [6.125, 9.5, 6, 10.25], "texture": "#0"}
			}
		},
		{
			"from": [7.32683, 7.24774, 8.81884],
			"to": [9.22683, 7.34774, 10.01884],
			"rotation": {"angle": -22.5, "axis": "x", "origin": [7.02683, 6.84774, 6.01884]},
			"faces": {
				"north": {"uv": [9, 6, 10, 6.125], "texture": "#0"},
				"east": {"uv": [0.53906, 13.55859, 1.21289, 13.68896], "texture": "#1"},
				"south": {"uv": [8.19531, 9.87042, 9.27344, 10.00079], "texture": "#1"},
				"west": {"uv": [14.01563, 1.04297, 14.68945, 1.17334], "texture": "#1"},
				"up": {"uv": [2.15625, 2.73779, 1.07813, 2.08594], "texture": "#1"},
				"down": {"uv": [3.23438, 1.04297, 2.15625, 1.69482], "texture": "#1"}
			}
		},
		{
			"from": [7.32683, 7.35536, 9.95711],
			"to": [9.22683, 7.85536, 10.05711],
			"rotation": {"angle": -22.5, "axis": "x", "origin": [6.52683, 6.75536, 6.05711]},
			"faces": {
				"north": {"uv": [3.23438, 3.12891, 4.3125, 3.38965], "texture": "#1"},
				"east": {"uv": [2.15625, 13.55859, 2.29102, 13.81934], "texture": "#1"},
				"south": {"uv": [3.77344, 1.04297, 4.85156, 1.30371], "texture": "#1"},
				"west": {"uv": [14.01563, 2.08594, 14.15039, 2.34668], "texture": "#1"},
				"up": {"uv": [7.23906, 8.72504, 6.16093, 8.59467], "texture": "#1"},
				"down": {"uv": [10, 5.5, 9, 5.625], "texture": "#0"}
			}
		},
		{
			"from": [7.32683, 7.04774, 8.31884],
			"to": [9.22683, 8.44774, 8.51884],
			"rotation": {"angle": 0, "axis": "y", "origin": [6.52683, 6.84774, 6.01884]},
			"faces": {
				"north": {"uv": [1, 0, 2, 0.75], "texture": "#0"},
				"east": {"uv": [9.67969, 5.10147, 9.81445, 5.8837], "texture": "#1"},
				"south": {"uv": [1.07813, 1.04297, 2.15625, 1.8252], "texture": "#1"},
				"west": {"uv": [5.87501, 8.94081, 6.00977, 9.72303], "texture": "#1"},
				"up": {"uv": [7.29219, 8.85201, 6.21406, 8.72164], "texture": "#1"},
				"down": {"uv": [10, 5, 9, 5.125], "texture": "#0"}
			}
		},
		{
			"from": [7.32683, 6.84774, 6.51884],
			"to": [9.22683, 7.04774, 8.51884],
			"rotation": {"angle": 0, "axis": "y", "origin": [6.52683, 6.84774, 6.01884]},
			"faces": {
				"north": {"uv": [0, 13.42256, 17.25, 16.6875], "texture": "#1"},
				"east": {"uv": [8.35157, 10.0518, 9.42969, 10.18217], "texture": "#1"},
				"south": {"uv": [10.01563, 8.56292, 11.09376, 8.69329], "texture": "#1"},
				"west": {"uv": [10.24219, 0, 11.32031, 0.13037], "texture": "#1"},
				"up": {"uv": [1, 1, 0, 0], "texture": "#0"},
				"down": {"uv": [2.64063, 1.46621, 1.5625, 2.50917], "texture": "#1"}
			}
		},
		{
			"from": [9.02683, 7.04774, 6.71884],
			"to": [9.22683, 8.44774, 8.31884],
			"rotation": {"angle": 0, "axis": "y", "origin": [6.52683, 6.84774, 6.01884]},
			"faces": {
				"north": {"uv": [9.5, 1.5, 9.625, 2.25], "texture": "#0"},
				"east": {"uv": [2.15625, 2.08594, 2.96484, 2.86816], "texture": "#1"},
				"south": {"uv": [9.5, 2.5, 9.625, 3.25], "texture": "#0"},
				"west": {"uv": [0, 3, 0.75, 3.75], "texture": "#0"},
				"up": {"uv": [3.125, 10.25, 3, 9.5], "texture": "#0"},
				"down": {"uv": [3.625, 9.5, 3.5, 10.25], "texture": "#0"}
			}
		},
		{
			"name": "hexadecagon",
			"from": [8.65027, 8.3, 7.85],
			"to": [8.94973, 8.4, 8.15],
			"rotation": {"angle": 0, "axis": "y", "origin": [8.3, 8, 8]},
			"faces": {
				"north": {"uv": [11.5, 10, 11.625, 10.75], "texture": "#0"},
				"east": {"uv": [7.5, 2, 7.75, 2.75], "texture": "#0"},
				"south": {"uv": [11.5, 11, 11.625, 11.75], "texture": "#0"},
				"west": {"uv": [3, 7.5, 3.25, 8.25], "texture": "#0"},
				"up": {"uv": [2.125, 14.25, 2, 14], "texture": "#0"},
				"down": {"uv": [14.125, 2, 14, 2.25], "texture": "#0"}
			}
		},
		{
			"name": "hexadecagon",
			"from": [8.75027, 7, 7.75],
			"to": [8.84973, 8.5, 7.85],
			"rotation": {"angle": -45, "axis": "y", "origin": [8.8, 8, 8]},
			"faces": {
				"north": {"uv": [0, 13, 0.125, 13.75], "texture": "#0"},
				"east": {"uv": [9, 3, 9.25, 3.75], "texture": "#0"},
				"south": {"uv": [13, 0, 13.125, 0.75], "texture": "#0"},
				"west": {"uv": [9, 4, 9.25, 4.75], "texture": "#0"},
				"up": {"uv": [14.625, 0.75, 14.5, 0.5], "texture": "#0"},
				"down": {"uv": [1.125, 14.5, 1, 14.75], "texture": "#0"}
			}
		},
		{
			"name": "hexadecagon",
			"from": [8.75027, 7, 7.75],
			"to": [8.84973, 8.5, 7.85],
			"rotation": {"angle": -22.5, "axis": "y", "origin": [8.8, 8, 8]},
			"faces": {
				"north": {"uv": [12.5, 11, 12.625, 11.75], "texture": "#0"},
				"east": {"uv": [9, 2, 9.25, 2.75], "texture": "#0"},
				"south": {"uv": [12.5, 12, 12.625, 12.75], "texture": "#0"},
				"west": {"uv": [2.5, 9, 2.75, 9.75], "texture": "#0"},
				"up": {"uv": [14.625, 0.25, 14.5, 0], "texture": "#0"},
				"down": {"uv": [0.625, 14.5, 0.5, 14.75], "texture": "#0"}
			}
		},
		{
			"name": "hexadecagon",
			"from": [8.75027, 7, 7.75],
			"to": [8.84973, 8.5, 7.85],
			"rotation": {"angle": 0, "axis": "y", "origin": [8.8, 8, 8]},
			"faces": {
				"north": {"uv": [10, 12.5, 10.125, 13.25], "texture": "#0"},
				"east": {"uv": [1.5, 9, 1.75, 9.75], "texture": "#0"},
				"south": {"uv": [12.5, 10, 12.625, 10.75], "texture": "#0"},
				"west": {"uv": [2, 9, 2.25, 9.75], "texture": "#0"},
				"up": {"uv": [14.125, 14.25, 14, 14], "texture": "#0"},
				"down": {"uv": [0.125, 14.5, 0, 14.75], "texture": "#0"}
			}
		},
		{
			"name": "hexadecagon",
			"from": [8.75027, 7, 7.75],
			"to": [8.84973, 8.5, 7.85],
			"rotation": {"angle": 22.5, "axis": "y", "origin": [8.8, 8, 8]},
			"faces": {
				"north": {"uv": [9, 12.5, 9.125, 13.25], "texture": "#0"},
				"east": {"uv": [1, 9, 1.25, 9.75], "texture": "#0"},
				"south": {"uv": [12.5, 9, 12.625, 9.75], "texture": "#0"},
				"west": {"uv": [9, 1, 9.25, 1.75], "texture": "#0"},
				"up": {"uv": [13.625, 14.25, 13.5, 14], "texture": "#0"},
				"down": {"uv": [14.125, 13.5, 14, 13.75], "texture": "#0"}
			}
		},
		{
			"name": "hexadecagon",
			"from": [8.75027, 7, 8.15],
			"to": [8.84973, 8.5, 8.25],
			"rotation": {"angle": 45, "axis": "y", "origin": [8.8, 8, 8]},
			"faces": {
				"north": {"uv": [12.5, 8, 12.625, 8.75], "texture": "#0"},
				"east": {"uv": [9, 0, 9.25, 0.75], "texture": "#0"},
				"south": {"uv": [8.5, 12.5, 8.625, 13.25], "texture": "#0"},
				"west": {"uv": [0.5, 9, 0.75, 9.75], "texture": "#0"},
				"up": {"uv": [13.125, 14.25, 13, 14], "texture": "#0"},
				"down": {"uv": [14.125, 13, 14, 13.25], "texture": "#0"}
			}
		},
		{
			"name": "hexadecagon",
			"from": [8.95, 7, 7.95027],
			"to": [9.05, 8.5, 8.04973],
			"rotation": {"angle": -22.5, "axis": "y", "origin": [8.8, 8, 8]},
			"faces": {
				"north": {"uv": [8.5, 8, 8.75, 8.75], "texture": "#0"},
				"east": {"uv": [7.5, 12.5, 7.625, 13.25], "texture": "#0"},
				"south": {"uv": [0, 9, 0.25, 9.75], "texture": "#0"},
				"west": {"uv": [8, 12.5, 8.125, 13.25], "texture": "#0"},
				"up": {"uv": [12.75, 14.125, 12.5, 14], "texture": "#0"},
				"down": {"uv": [14.25, 12.5, 14, 12.625], "texture": "#0"}
			}
		},
		{
			"name": "hexadecagon",
			"from": [8.95, 7, 7.95027],
			"to": [9.05, 8.5, 8.04973],
			"rotation": {"angle": 0, "axis": "y", "origin": [8.8, 8, 8]},
			"faces": {
				"north": {"uv": [8.5, 6, 8.75, 6.75], "texture": "#0"},
				"east": {"uv": [7, 12.5, 7.125, 13.25], "texture": "#0"},
				"south": {"uv": [8.5, 7, 8.75, 7.75], "texture": "#0"},
				"west": {"uv": [12.5, 7, 12.625, 7.75], "texture": "#0"},
				"up": {"uv": [12.25, 14.125, 12, 14], "texture": "#0"},
				"down": {"uv": [14.25, 12, 14, 12.125], "texture": "#0"}
			}
		},
		{
			"name": "hexadecagon",
			"from": [8.95, 7, 7.95027],
			"to": [9.05, 8.5, 8.04973],
			"rotation": {"angle": 22.5, "axis": "y", "origin": [8.8, 8, 8]},
			"faces": {
				"north": {"uv": [8.5, 4, 8.75, 4.75], "texture": "#0"},
				"east": {"uv": [12.5, 6, 12.625, 6.75], "texture": "#0"},
				"south": {"uv": [8.5, 5, 8.75, 5.75], "texture": "#0"},
				"west": {"uv": [6.5, 12.5, 6.625, 13.25], "texture": "#0"},
				"up": {"uv": [11.75, 14.125, 11.5, 14], "texture": "#0"},
				"down": {"uv": [14.25, 11.5, 14, 11.625], "texture": "#0"}
			}
		},
		{
			"name": "hexadecagon",
			"from": [8.75027, 7, 8.15],
			"to": [8.84973, 8.5, 8.25],
			"rotation": {"angle": 0, "axis": "y", "origin": [8.8, 8, 8]},
			"faces": {
				"north": {"uv": [10, 12.5, 10.125, 13.25], "texture": "#0"},
				"east": {"uv": [1.5, 9, 1.75, 9.75], "texture": "#0"},
				"south": {"uv": [12.5, 10, 12.625, 10.75], "texture": "#0"},
				"west": {"uv": [2, 9, 2.25, 9.75], "texture": "#0"},
				"up": {"uv": [14.125, 14.25, 14, 14], "texture": "#0"},
				"down": {"uv": [0.125, 14.5, 0, 14.75], "texture": "#0"}
			}
		},
		{
			"name": "hexadecagon",
			"from": [8.75027, 7, 8.15],
			"to": [8.84973, 8.5, 8.25],
			"rotation": {"angle": 22.5, "axis": "y", "origin": [8.8, 8, 8]},
			"faces": {
				"north": {"uv": [9, 12.5, 9.125, 13.25], "texture": "#0"},
				"east": {"uv": [1, 9, 1.25, 9.75], "texture": "#0"},
				"south": {"uv": [12.5, 9, 12.625, 9.75], "texture": "#0"},
				"west": {"uv": [9, 1, 9.25, 1.75], "texture": "#0"},
				"up": {"uv": [13.625, 14.25, 13.5, 14], "texture": "#0"},
				"down": {"uv": [14.125, 13.5, 14, 13.75], "texture": "#0"}
			}
		},
		{
			"name": "hexadecagon",
			"from": [8.75027, 7, 8.15],
			"to": [8.84973, 8.5, 8.25],
			"rotation": {"angle": -22.5, "axis": "y", "origin": [8.8, 8, 8]},
			"faces": {
				"north": {"uv": [12.5, 11, 12.625, 11.75], "texture": "#0"},
				"east": {"uv": [9, 2, 9.25, 2.75], "texture": "#0"},
				"south": {"uv": [12.5, 12, 12.625, 12.75], "texture": "#0"},
				"west": {"uv": [2.5, 9, 2.75, 9.75], "texture": "#0"},
				"up": {"uv": [14.625, 0.25, 14.5, 0], "texture": "#0"},
				"down": {"uv": [0.625, 14.5, 0.5, 14.75], "texture": "#0"}
			}
		},
		{
			"name": "hexadecagon",
			"from": [8.75027, 7, 8.15],
			"to": [8.84973, 8.5, 8.25],
			"rotation": {"angle": -45, "axis": "y", "origin": [8.8, 8, 8]},
			"faces": {
				"north": {"uv": [0, 13, 0.125, 13.75], "texture": "#0"},
				"east": {"uv": [9, 3, 9.25, 3.75], "texture": "#0"},
				"south": {"uv": [13, 0, 13.125, 0.75], "texture": "#0"},
				"west": {"uv": [9, 4, 9.25, 4.75], "texture": "#0"},
				"up": {"uv": [14.625, 0.75, 14.5, 0.5], "texture": "#0"},
				"down": {"uv": [1.125, 14.5, 1, 14.75], "texture": "#0"}
			}
		},
		{
			"name": "hexadecagon",
			"from": [8.55, 7, 7.95027],
			"to": [8.65, 8.5, 8.04973],
			"rotation": {"angle": 22.5, "axis": "y", "origin": [8.8, 8, 8]},
			"faces": {
				"north": {"uv": [8.5, 4, 8.75, 4.75], "texture": "#0"},
				"east": {"uv": [12.5, 6, 12.625, 6.75], "texture": "#0"},
				"south": {"uv": [8.5, 5, 8.75, 5.75], "texture": "#0"},
				"west": {"uv": [6.5, 12.5, 6.625, 13.25], "texture": "#0"},
				"up": {"uv": [11.75, 14.125, 11.5, 14], "texture": "#0"},
				"down": {"uv": [14.25, 11.5, 14, 11.625], "texture": "#0"}
			}
		},
		{
			"name": "hexadecagon",
			"from": [8.55, 7, 7.95027],
			"to": [8.65, 8.5, 8.04973],
			"rotation": {"angle": 0, "axis": "y", "origin": [8.8, 8, 8]},
			"faces": {
				"north": {"uv": [8.5, 6, 8.75, 6.75], "texture": "#0"},
				"east": {"uv": [7, 12.5, 7.125, 13.25], "texture": "#0"},
				"south": {"uv": [8.5, 7, 8.75, 7.75], "texture": "#0"},
				"west": {"uv": [12.5, 7, 12.625, 7.75], "texture": "#0"},
				"up": {"uv": [12.25, 14.125, 12, 14], "texture": "#0"},
				"down": {"uv": [14.25, 12, 14, 12.125], "texture": "#0"}
			}
		},
		{
			"name": "hexadecagon",
			"from": [8.55, 7, 7.95027],
			"to": [8.65, 8.5, 8.04973],
			"rotation": {"angle": -22.5, "axis": "y", "origin": [8.8, 8, 8]},
			"faces": {
				"north": {"uv": [8.5, 8, 8.75, 8.75], "texture": "#0"},
				"east": {"uv": [7.5, 12.5, 7.625, 13.25], "texture": "#0"},
				"south": {"uv": [0, 9, 0.25, 9.75], "texture": "#0"},
				"west": {"uv": [8, 12.5, 8.125, 13.25], "texture": "#0"},
				"up": {"uv": [12.75, 14.125, 12.5, 14], "texture": "#0"},
				"down": {"uv": [14.25, 12.5, 14, 12.625], "texture": "#0"}
			}
		},
		{
			"name": "hexadecagon",
			"from": [8.75027, 7, 7.75],
			"to": [8.84973, 8.5, 7.85],
			"rotation": {"angle": 45, "axis": "y", "origin": [8.8, 8, 8]},
			"faces": {
				"north": {"uv": [12.5, 8, 12.625, 8.75], "texture": "#0"},
				"east": {"uv": [9, 0, 9.25, 0.75], "texture": "#0"},
				"south": {"uv": [8.5, 12.5, 8.625, 13.25], "texture": "#0"},
				"west": {"uv": [0.5, 9, 0.75, 9.75], "texture": "#0"},
				"up": {"uv": [13.125, 14.25, 13, 14], "texture": "#0"},
				"down": {"uv": [14.125, 13, 14, 13.25], "texture": "#0"}
			}
		},
		{
			"name": "hexadecagon",
			"from": [8.15027, 8.3, 7.85],
			"to": [8.44973, 8.4, 8.15],
			"rotation": {"angle": 0, "axis": "y", "origin": [7.8, 8, 8]},
			"faces": {
				"north": {"uv": [11.5, 10, 11.625, 10.75], "texture": "#0"},
				"east": {"uv": [7.5, 2, 7.75, 2.75], "texture": "#0"},
				"south": {"uv": [11.5, 11, 11.625, 11.75], "texture": "#0"},
				"west": {"uv": [3, 7.5, 3.25, 8.25], "texture": "#0"},
				"up": {"uv": [2.125, 14.25, 2, 14], "texture": "#0"},
				"down": {"uv": [14.125, 2, 14, 2.25], "texture": "#0"}
			}
		},
		{
			"name": "hexadecagon",
			"from": [8.25027, 7, 7.75],
			"to": [8.34973, 8.5, 7.85],
			"rotation": {"angle": -45, "axis": "y", "origin": [8.3, 8, 8]},
			"faces": {
				"north": {"uv": [0, 13, 0.125, 13.75], "texture": "#0"},
				"east": {"uv": [9, 3, 9.25, 3.75], "texture": "#0"},
				"south": {"uv": [13, 0, 13.125, 0.75], "texture": "#0"},
				"west": {"uv": [9, 4, 9.25, 4.75], "texture": "#0"},
				"up": {"uv": [14.625, 0.75, 14.5, 0.5], "texture": "#0"},
				"down": {"uv": [1.125, 14.5, 1, 14.75], "texture": "#0"}
			}
		},
		{
			"name": "hexadecagon",
			"from": [8.25027, 7, 7.75],
			"to": [8.34973, 8.5, 7.85],
			"rotation": {"angle": -22.5, "axis": "y", "origin": [8.3, 8, 8]},
			"faces": {
				"north": {"uv": [12.5, 11, 12.625, 11.75], "texture": "#0"},
				"east": {"uv": [9, 2, 9.25, 2.75], "texture": "#0"},
				"south": {"uv": [12.5, 12, 12.625, 12.75], "texture": "#0"},
				"west": {"uv": [2.5, 9, 2.75, 9.75], "texture": "#0"},
				"up": {"uv": [14.625, 0.25, 14.5, 0], "texture": "#0"},
				"down": {"uv": [0.625, 14.5, 0.5, 14.75], "texture": "#0"}
			}
		},
		{
			"name": "hexadecagon",
			"from": [8.25027, 7, 7.75],
			"to": [8.34973, 8.5, 7.85],
			"rotation": {"angle": 0, "axis": "y", "origin": [8.3, 8, 8]},
			"faces": {
				"north": {"uv": [10, 12.5, 10.125, 13.25], "texture": "#0"},
				"east": {"uv": [1.5, 9, 1.75, 9.75], "texture": "#0"},
				"south": {"uv": [12.5, 10, 12.625, 10.75], "texture": "#0"},
				"west": {"uv": [2, 9, 2.25, 9.75], "texture": "#0"},
				"up": {"uv": [14.125, 14.25, 14, 14], "texture": "#0"},
				"down": {"uv": [0.125, 14.5, 0, 14.75], "texture": "#0"}
			}
		},
		{
			"name": "hexadecagon",
			"from": [8.25027, 7, 7.75],
			"to": [8.34973, 8.5, 7.85],
			"rotation": {"angle": 22.5, "axis": "y", "origin": [8.3, 8, 8]},
			"faces": {
				"north": {"uv": [9, 12.5, 9.125, 13.25], "texture": "#0"},
				"east": {"uv": [1, 9, 1.25, 9.75], "texture": "#0"},
				"south": {"uv": [12.5, 9, 12.625, 9.75], "texture": "#0"},
				"west": {"uv": [9, 1, 9.25, 1.75], "texture": "#0"},
				"up": {"uv": [13.625, 14.25, 13.5, 14], "texture": "#0"},
				"down": {"uv": [14.125, 13.5, 14, 13.75], "texture": "#0"}
			}
		},
		{
			"name": "hexadecagon",
			"from": [8.25027, 7, 8.15],
			"to": [8.34973, 8.5, 8.25],
			"rotation": {"angle": 45, "axis": "y", "origin": [8.3, 8, 8]},
			"faces": {
				"north": {"uv": [12.5, 8, 12.625, 8.75], "texture": "#0"},
				"east": {"uv": [9, 0, 9.25, 0.75], "texture": "#0"},
				"south": {"uv": [8.5, 12.5, 8.625, 13.25], "texture": "#0"},
				"west": {"uv": [0.5, 9, 0.75, 9.75], "texture": "#0"},
				"up": {"uv": [13.125, 14.25, 13, 14], "texture": "#0"},
				"down": {"uv": [14.125, 13, 14, 13.25], "texture": "#0"}
			}
		},
		{
			"name": "hexadecagon",
			"from": [8.45, 7, 7.95027],
			"to": [8.55, 8.5, 8.04973],
			"rotation": {"angle": -22.5, "axis": "y", "origin": [8.3, 8, 8]},
			"faces": {
				"north": {"uv": [8.5, 8, 8.75, 8.75], "texture": "#0"},
				"east": {"uv": [7.5, 12.5, 7.625, 13.25], "texture": "#0"},
				"south": {"uv": [0, 9, 0.25, 9.75], "texture": "#0"},
				"west": {"uv": [8, 12.5, 8.125, 13.25], "texture": "#0"},
				"up": {"uv": [12.75, 14.125, 12.5, 14], "texture": "#0"},
				"down": {"uv": [14.25, 12.5, 14, 12.625], "texture": "#0"}
			}
		},
		{
			"name": "hexadecagon",
			"from": [8.45, 7, 7.95027],
			"to": [8.55, 8.5, 8.04973],
			"rotation": {"angle": 0, "axis": "y", "origin": [8.3, 8, 8]},
			"faces": {
				"north": {"uv": [8.5, 6, 8.75, 6.75], "texture": "#0"},
				"east": {"uv": [7, 12.5, 7.125, 13.25], "texture": "#0"},
				"south": {"uv": [8.5, 7, 8.75, 7.75], "texture": "#0"},
				"west": {"uv": [12.5, 7, 12.625, 7.75], "texture": "#0"},
				"up": {"uv": [12.25, 14.125, 12, 14], "texture": "#0"},
				"down": {"uv": [14.25, 12, 14, 12.125], "texture": "#0"}
			}
		},
		{
			"name": "hexadecagon",
			"from": [8.45, 7, 7.95027],
			"to": [8.55, 8.5, 8.04973],
			"rotation": {"angle": 22.5, "axis": "y", "origin": [8.3, 8, 8]},
			"faces": {
				"north": {"uv": [8.5, 4, 8.75, 4.75], "texture": "#0"},
				"east": {"uv": [12.5, 6, 12.625, 6.75], "texture": "#0"},
				"south": {"uv": [8.5, 5, 8.75, 5.75], "texture": "#0"},
				"west": {"uv": [6.5, 12.5, 6.625, 13.25], "texture": "#0"},
				"up": {"uv": [11.75, 14.125, 11.5, 14], "texture": "#0"},
				"down": {"uv": [14.25, 11.5, 14, 11.625], "texture": "#0"}
			}
		},
		{
			"name": "hexadecagon",
			"from": [8.25027, 7, 8.15],
			"to": [8.34973, 8.5, 8.25],
			"rotation": {"angle": 0, "axis": "y", "origin": [8.3, 8, 8]},
			"faces": {
				"north": {"uv": [10, 12.5, 10.125, 13.25], "texture": "#0"},
				"east": {"uv": [1.5, 9, 1.75, 9.75], "texture": "#0"},
				"south": {"uv": [12.5, 10, 12.625, 10.75], "texture": "#0"},
				"west": {"uv": [2, 9, 2.25, 9.75], "texture": "#0"},
				"up": {"uv": [14.125, 14.25, 14, 14], "texture": "#0"},
				"down": {"uv": [0.125, 14.5, 0, 14.75], "texture": "#0"}
			}
		},
		{
			"name": "hexadecagon",
			"from": [8.25027, 7, 8.15],
			"to": [8.34973, 8.5, 8.25],
			"rotation": {"angle": 22.5, "axis": "y", "origin": [8.3, 8, 8]},
			"faces": {
				"north": {"uv": [9, 12.5, 9.125, 13.25], "texture": "#0"},
				"east": {"uv": [1, 9, 1.25, 9.75], "texture": "#0"},
				"south": {"uv": [12.5, 9, 12.625, 9.75], "texture": "#0"},
				"west": {"uv": [9, 1, 9.25, 1.75], "texture": "#0"},
				"up": {"uv": [13.625, 14.25, 13.5, 14], "texture": "#0"},
				"down": {"uv": [14.125, 13.5, 14, 13.75], "texture": "#0"}
			}
		},
		{
			"name": "hexadecagon",
			"from": [8.25027, 7, 8.15],
			"to": [8.34973, 8.5, 8.25],
			"rotation": {"angle": -22.5, "axis": "y", "origin": [8.3, 8, 8]},
			"faces": {
				"north": {"uv": [12.5, 11, 12.625, 11.75], "texture": "#0"},
				"east": {"uv": [9, 2, 9.25, 2.75], "texture": "#0"},
				"south": {"uv": [12.5, 12, 12.625, 12.75], "texture": "#0"},
				"west": {"uv": [2.5, 9, 2.75, 9.75], "texture": "#0"},
				"up": {"uv": [14.625, 0.25, 14.5, 0], "texture": "#0"},
				"down": {"uv": [0.625, 14.5, 0.5, 14.75], "texture": "#0"}
			}
		},
		{
			"name": "hexadecagon",
			"from": [8.25027, 7, 8.15],
			"to": [8.34973, 8.5, 8.25],
			"rotation": {"angle": -45, "axis": "y", "origin": [8.3, 8, 8]},
			"faces": {
				"north": {"uv": [0, 13, 0.125, 13.75], "texture": "#0"},
				"east": {"uv": [9, 3, 9.25, 3.75], "texture": "#0"},
				"south": {"uv": [13, 0, 13.125, 0.75], "texture": "#0"},
				"west": {"uv": [9, 4, 9.25, 4.75], "texture": "#0"},
				"up": {"uv": [14.625, 0.75, 14.5, 0.5], "texture": "#0"},
				"down": {"uv": [1.125, 14.5, 1, 14.75], "texture": "#0"}
			}
		},
		{
			"name": "hexadecagon",
			"from": [8.05, 7, 7.95027],
			"to": [8.15, 8.5, 8.04973],
			"rotation": {"angle": 22.5, "axis": "y", "origin": [8.3, 8, 8]},
			"faces": {
				"north": {"uv": [8.5, 4, 8.75, 4.75], "texture": "#0"},
				"east": {"uv": [12.5, 6, 12.625, 6.75], "texture": "#0"},
				"south": {"uv": [8.5, 5, 8.75, 5.75], "texture": "#0"},
				"west": {"uv": [6.5, 12.5, 6.625, 13.25], "texture": "#0"},
				"up": {"uv": [11.75, 14.125, 11.5, 14], "texture": "#0"},
				"down": {"uv": [14.25, 11.5, 14, 11.625], "texture": "#0"}
			}
		},
		{
			"name": "hexadecagon",
			"from": [8.05, 7, 7.95027],
			"to": [8.15, 8.5, 8.04973],
			"rotation": {"angle": 0, "axis": "y", "origin": [8.3, 8, 8]},
			"faces": {
				"north": {"uv": [8.5, 6, 8.75, 6.75], "texture": "#0"},
				"east": {"uv": [7, 12.5, 7.125, 13.25], "texture": "#0"},
				"south": {"uv": [8.5, 7, 8.75, 7.75], "texture": "#0"},
				"west": {"uv": [12.5, 7, 12.625, 7.75], "texture": "#0"},
				"up": {"uv": [12.25, 14.125, 12, 14], "texture": "#0"},
				"down": {"uv": [14.25, 12, 14, 12.125], "texture": "#0"}
			}
		},
		{
			"name": "hexadecagon",
			"from": [8.05, 7, 7.95027],
			"to": [8.15, 8.5, 8.04973],
			"rotation": {"angle": -22.5, "axis": "y", "origin": [8.3, 8, 8]},
			"faces": {
				"north": {"uv": [8.5, 8, 8.75, 8.75], "texture": "#0"},
				"east": {"uv": [7.5, 12.5, 7.625, 13.25], "texture": "#0"},
				"south": {"uv": [0, 9, 0.25, 9.75], "texture": "#0"},
				"west": {"uv": [8, 12.5, 8.125, 13.25], "texture": "#0"},
				"up": {"uv": [12.75, 14.125, 12.5, 14], "texture": "#0"},
				"down": {"uv": [14.25, 12.5, 14, 12.625], "texture": "#0"}
			}
		},
		{
			"name": "hexadecagon",
			"from": [8.25027, 7, 7.75],
			"to": [8.34973, 8.5, 7.85],
			"rotation": {"angle": 45, "axis": "y", "origin": [8.3, 8, 8]},
			"faces": {
				"north": {"uv": [12.5, 8, 12.625, 8.75], "texture": "#0"},
				"east": {"uv": [9, 0, 9.25, 0.75], "texture": "#0"},
				"south": {"uv": [8.5, 12.5, 8.625, 13.25], "texture": "#0"},
				"west": {"uv": [0.5, 9, 0.75, 9.75], "texture": "#0"},
				"up": {"uv": [13.125, 14.25, 13, 14], "texture": "#0"},
				"down": {"uv": [14.125, 13, 14, 13.25], "texture": "#0"}
			}
		},
		{
			"name": "hexadecagon",
			"from": [7.65027, 8.3, 7.85],
			"to": [7.94973, 8.4, 8.15],
			"rotation": {"angle": 0, "axis": "y", "origin": [7.3, 8, 8]},
			"faces": {
				"north": {"uv": [11.5, 10, 11.625, 10.75], "texture": "#0"},
				"east": {"uv": [7.5, 2, 7.75, 2.75], "texture": "#0"},
				"south": {"uv": [11.5, 11, 11.625, 11.75], "texture": "#0"},
				"west": {"uv": [3, 7.5, 3.25, 8.25], "texture": "#0"},
				"up": {"uv": [2.125, 14.25, 2, 14], "texture": "#0"},
				"down": {"uv": [14.125, 2, 14, 2.25], "texture": "#0"}
			}
		},
		{
			"name": "hexadecagon",
			"from": [7.75027, 7, 7.75],
			"to": [7.84973, 8.5, 7.85],
			"rotation": {"angle": -45, "axis": "y", "origin": [7.8, 8, 8]},
			"faces": {
				"north": {"uv": [0, 13, 0.125, 13.75], "texture": "#0"},
				"east": {"uv": [9, 3, 9.25, 3.75], "texture": "#0"},
				"south": {"uv": [13, 0, 13.125, 0.75], "texture": "#0"},
				"west": {"uv": [9, 4, 9.25, 4.75], "texture": "#0"},
				"up": {"uv": [14.625, 0.75, 14.5, 0.5], "texture": "#0"},
				"down": {"uv": [1.125, 14.5, 1, 14.75], "texture": "#0"}
			}
		},
		{
			"name": "hexadecagon",
			"from": [7.75027, 7, 7.75],
			"to": [7.84973, 8.5, 7.85],
			"rotation": {"angle": -22.5, "axis": "y", "origin": [7.8, 8, 8]},
			"faces": {
				"north": {"uv": [12.5, 11, 12.625, 11.75], "texture": "#0"},
				"east": {"uv": [9, 2, 9.25, 2.75], "texture": "#0"},
				"south": {"uv": [12.5, 12, 12.625, 12.75], "texture": "#0"},
				"west": {"uv": [2.5, 9, 2.75, 9.75], "texture": "#0"},
				"up": {"uv": [14.625, 0.25, 14.5, 0], "texture": "#0"},
				"down": {"uv": [0.625, 14.5, 0.5, 14.75], "texture": "#0"}
			}
		},
		{
			"name": "hexadecagon",
			"from": [7.75027, 7, 7.75],
			"to": [7.84973, 8.5, 7.85],
			"rotation": {"angle": 0, "axis": "y", "origin": [7.8, 8, 8]},
			"faces": {
				"north": {"uv": [10, 12.5, 10.125, 13.25], "texture": "#0"},
				"east": {"uv": [1.5, 9, 1.75, 9.75], "texture": "#0"},
				"south": {"uv": [12.5, 10, 12.625, 10.75], "texture": "#0"},
				"west": {"uv": [2, 9, 2.25, 9.75], "texture": "#0"},
				"up": {"uv": [14.125, 14.25, 14, 14], "texture": "#0"},
				"down": {"uv": [0.125, 14.5, 0, 14.75], "texture": "#0"}
			}
		},
		{
			"name": "hexadecagon",
			"from": [7.75027, 7, 7.75],
			"to": [7.84973, 8.5, 7.85],
			"rotation": {"angle": 22.5, "axis": "y", "origin": [7.8, 8, 8]},
			"faces": {
				"north": {"uv": [9, 12.5, 9.125, 13.25], "texture": "#0"},
				"east": {"uv": [1, 9, 1.25, 9.75], "texture": "#0"},
				"south": {"uv": [12.5, 9, 12.625, 9.75], "texture": "#0"},
				"west": {"uv": [9, 1, 9.25, 1.75], "texture": "#0"},
				"up": {"uv": [13.625, 14.25, 13.5, 14], "texture": "#0"},
				"down": {"uv": [14.125, 13.5, 14, 13.75], "texture": "#0"}
			}
		},
		{
			"name": "hexadecagon",
			"from": [7.75027, 7, 8.15],
			"to": [7.84973, 8.5, 8.25],
			"rotation": {"angle": 45, "axis": "y", "origin": [7.8, 8, 8]},
			"faces": {
				"north": {"uv": [12.5, 8, 12.625, 8.75], "texture": "#0"},
				"east": {"uv": [9, 0, 9.25, 0.75], "texture": "#0"},
				"south": {"uv": [8.5, 12.5, 8.625, 13.25], "texture": "#0"},
				"west": {"uv": [0.5, 9, 0.75, 9.75], "texture": "#0"},
				"up": {"uv": [13.125, 14.25, 13, 14], "texture": "#0"},
				"down": {"uv": [14.125, 13, 14, 13.25], "texture": "#0"}
			}
		},
		{
			"name": "hexadecagon",
			"from": [7.95, 7, 7.95027],
			"to": [8.05, 8.5, 8.04973],
			"rotation": {"angle": -22.5, "axis": "y", "origin": [7.8, 8, 8]},
			"faces": {
				"north": {"uv": [8.5, 8, 8.75, 8.75], "texture": "#0"},
				"east": {"uv": [7.5, 12.5, 7.625, 13.25], "texture": "#0"},
				"south": {"uv": [0, 9, 0.25, 9.75], "texture": "#0"},
				"west": {"uv": [8, 12.5, 8.125, 13.25], "texture": "#0"},
				"up": {"uv": [12.75, 14.125, 12.5, 14], "texture": "#0"},
				"down": {"uv": [14.25, 12.5, 14, 12.625], "texture": "#0"}
			}
		},
		{
			"name": "hexadecagon",
			"from": [7.95, 7, 7.95027],
			"to": [8.05, 8.5, 8.04973],
			"rotation": {"angle": 0, "axis": "y", "origin": [7.8, 8, 8]},
			"faces": {
				"north": {"uv": [8.5, 6, 8.75, 6.75], "texture": "#0"},
				"east": {"uv": [7, 12.5, 7.125, 13.25], "texture": "#0"},
				"south": {"uv": [8.5, 7, 8.75, 7.75], "texture": "#0"},
				"west": {"uv": [12.5, 7, 12.625, 7.75], "texture": "#0"},
				"up": {"uv": [12.25, 14.125, 12, 14], "texture": "#0"},
				"down": {"uv": [14.25, 12, 14, 12.125], "texture": "#0"}
			}
		},
		{
			"name": "hexadecagon",
			"from": [7.95, 7, 7.95027],
			"to": [8.05, 8.5, 8.04973],
			"rotation": {"angle": 22.5, "axis": "y", "origin": [7.8, 8, 8]},
			"faces": {
				"north": {"uv": [8.5, 4, 8.75, 4.75], "texture": "#0"},
				"east": {"uv": [12.5, 6, 12.625, 6.75], "texture": "#0"},
				"south": {"uv": [8.5, 5, 8.75, 5.75], "texture": "#0"},
				"west": {"uv": [6.5, 12.5, 6.625, 13.25], "texture": "#0"},
				"up": {"uv": [11.75, 14.125, 11.5, 14], "texture": "#0"},
				"down": {"uv": [14.25, 11.5, 14, 11.625], "texture": "#0"}
			}
		},
		{
			"name": "hexadecagon",
			"from": [7.75027, 7, 8.15],
			"to": [7.84973, 8.5, 8.25],
			"rotation": {"angle": 0, "axis": "y", "origin": [7.8, 8, 8]},
			"faces": {
				"north": {"uv": [10, 12.5, 10.125, 13.25], "texture": "#0"},
				"east": {"uv": [1.5, 9, 1.75, 9.75], "texture": "#0"},
				"south": {"uv": [12.5, 10, 12.625, 10.75], "texture": "#0"},
				"west": {"uv": [2, 9, 2.25, 9.75], "texture": "#0"},
				"up": {"uv": [14.125, 14.25, 14, 14], "texture": "#0"},
				"down": {"uv": [0.125, 14.5, 0, 14.75], "texture": "#0"}
			}
		},
		{
			"name": "hexadecagon",
			"from": [7.75027, 7, 8.15],
			"to": [7.84973, 8.5, 8.25],
			"rotation": {"angle": 22.5, "axis": "y", "origin": [7.8, 8, 8]},
			"faces": {
				"north": {"uv": [9, 12.5, 9.125, 13.25], "texture": "#0"},
				"east": {"uv": [1, 9, 1.25, 9.75], "texture": "#0"},
				"south": {"uv": [12.5, 9, 12.625, 9.75], "texture": "#0"},
				"west": {"uv": [9, 1, 9.25, 1.75], "texture": "#0"},
				"up": {"uv": [13.625, 14.25, 13.5, 14], "texture": "#0"},
				"down": {"uv": [14.125, 13.5, 14, 13.75], "texture": "#0"}
			}
		},
		{
			"name": "hexadecagon",
			"from": [7.75027, 7, 8.15],
			"to": [7.84973, 8.5, 8.25],
			"rotation": {"angle": -22.5, "axis": "y", "origin": [7.8, 8, 8]},
			"faces": {
				"north": {"uv": [12.5, 11, 12.625, 11.75], "texture": "#0"},
				"east": {"uv": [9, 2, 9.25, 2.75], "texture": "#0"},
				"south": {"uv": [12.5, 12, 12.625, 12.75], "texture": "#0"},
				"west": {"uv": [2.5, 9, 2.75, 9.75], "texture": "#0"},
				"up": {"uv": [14.625, 0.25, 14.5, 0], "texture": "#0"},
				"down": {"uv": [0.625, 14.5, 0.5, 14.75], "texture": "#0"}
			}
		},
		{
			"name": "hexadecagon",
			"from": [7.75027, 7, 8.15],
			"to": [7.84973, 8.5, 8.25],
			"rotation": {"angle": -45, "axis": "y", "origin": [7.8, 8, 8]},
			"faces": {
				"north": {"uv": [0, 13, 0.125, 13.75], "texture": "#0"},
				"east": {"uv": [9, 3, 9.25, 3.75], "texture": "#0"},
				"south": {"uv": [13, 0, 13.125, 0.75], "texture": "#0"},
				"west": {"uv": [9, 4, 9.25, 4.75], "texture": "#0"},
				"up": {"uv": [14.625, 0.75, 14.5, 0.5], "texture": "#0"},
				"down": {"uv": [1.125, 14.5, 1, 14.75], "texture": "#0"}
			}
		},
		{
			"name": "hexadecagon",
			"from": [7.55, 7, 7.95027],
			"to": [7.65, 8.5, 8.04973],
			"rotation": {"angle": 22.5, "axis": "y", "origin": [7.8, 8, 8]},
			"faces": {
				"north": {"uv": [8.5, 4, 8.75, 4.75], "texture": "#0"},
				"east": {"uv": [12.5, 6, 12.625, 6.75], "texture": "#0"},
				"south": {"uv": [8.5, 5, 8.75, 5.75], "texture": "#0"},
				"west": {"uv": [6.5, 12.5, 6.625, 13.25], "texture": "#0"},
				"up": {"uv": [11.75, 14.125, 11.5, 14], "texture": "#0"},
				"down": {"uv": [14.25, 11.5, 14, 11.625], "texture": "#0"}
			}
		},
		{
			"name": "hexadecagon",
			"from": [7.55, 7, 7.95027],
			"to": [7.65, 8.5, 8.04973],
			"rotation": {"angle": 0, "axis": "y", "origin": [7.8, 8, 8]},
			"faces": {
				"north": {"uv": [8.5, 6, 8.75, 6.75], "texture": "#0"},
				"east": {"uv": [7, 12.5, 7.125, 13.25], "texture": "#0"},
				"south": {"uv": [8.5, 7, 8.75, 7.75], "texture": "#0"},
				"west": {"uv": [12.5, 7, 12.625, 7.75], "texture": "#0"},
				"up": {"uv": [12.25, 14.125, 12, 14], "texture": "#0"},
				"down": {"uv": [14.25, 12, 14, 12.125], "texture": "#0"}
			}
		},
		{
			"name": "hexadecagon",
			"from": [7.55, 7, 7.95027],
			"to": [7.65, 8.5, 8.04973],
			"rotation": {"angle": -22.5, "axis": "y", "origin": [7.8, 8, 8]},
			"faces": {
				"north": {"uv": [8.5, 8, 8.75, 8.75], "texture": "#0"},
				"east": {"uv": [7.5, 12.5, 7.625, 13.25], "texture": "#0"},
				"south": {"uv": [0, 9, 0.25, 9.75], "texture": "#0"},
				"west": {"uv": [8, 12.5, 8.125, 13.25], "texture": "#0"},
				"up": {"uv": [12.75, 14.125, 12.5, 14], "texture": "#0"},
				"down": {"uv": [14.25, 12.5, 14, 12.625], "texture": "#0"}
			}
		},
		{
			"name": "hexadecagon",
			"from": [7.75027, 7, 7.75],
			"to": [7.84973, 8.5, 7.85],
			"rotation": {"angle": 45, "axis": "y", "origin": [7.8, 8, 8]},
			"faces": {
				"north": {"uv": [12.5, 8, 12.625, 8.75], "texture": "#0"},
				"east": {"uv": [9, 0, 9.25, 0.75], "texture": "#0"},
				"south": {"uv": [8.5, 12.5, 8.625, 13.25], "texture": "#0"},
				"west": {"uv": [0.5, 9, 0.75, 9.75], "texture": "#0"},
				"up": {"uv": [13.125, 14.25, 13, 14], "texture": "#0"},
				"down": {"uv": [14.125, 13, 14, 13.25], "texture": "#0"}
			}
		},
		{
			"name": "hexadecagon",
			"from": [8.65027, 8.3, 7.35],
			"to": [8.94973, 8.4, 7.65],
			"rotation": {"angle": 0, "axis": "y", "origin": [8.3, 8, 7.5]},
			"faces": {
				"north": {"uv": [11.5, 10, 11.625, 10.75], "texture": "#0"},
				"east": {"uv": [7.5, 2, 7.75, 2.75], "texture": "#0"},
				"south": {"uv": [11.5, 11, 11.625, 11.75], "texture": "#0"},
				"west": {"uv": [3, 7.5, 3.25, 8.25], "texture": "#0"},
				"up": {"uv": [2.125, 14.25, 2, 14], "texture": "#0"},
				"down": {"uv": [14.125, 2, 14, 2.25], "texture": "#0"}
			}
		},
		{
			"name": "hexadecagon",
			"from": [8.75027, 7, 7.25],
			"to": [8.84973, 8.5, 7.35],
			"rotation": {"angle": -45, "axis": "y", "origin": [8.8, 8, 7.5]},
			"faces": {
				"north": {"uv": [0, 13, 0.125, 13.75], "texture": "#0"},
				"east": {"uv": [9, 3, 9.25, 3.75], "texture": "#0"},
				"south": {"uv": [13, 0, 13.125, 0.75], "texture": "#0"},
				"west": {"uv": [9, 4, 9.25, 4.75], "texture": "#0"},
				"up": {"uv": [14.625, 0.75, 14.5, 0.5], "texture": "#0"},
				"down": {"uv": [1.125, 14.5, 1, 14.75], "texture": "#0"}
			}
		},
		{
			"name": "hexadecagon",
			"from": [8.75027, 7, 7.25],
			"to": [8.84973, 8.5, 7.35],
			"rotation": {"angle": -22.5, "axis": "y", "origin": [8.8, 8, 7.5]},
			"faces": {
				"north": {"uv": [12.5, 11, 12.625, 11.75], "texture": "#0"},
				"east": {"uv": [9, 2, 9.25, 2.75], "texture": "#0"},
				"south": {"uv": [12.5, 12, 12.625, 12.75], "texture": "#0"},
				"west": {"uv": [2.5, 9, 2.75, 9.75], "texture": "#0"},
				"up": {"uv": [14.625, 0.25, 14.5, 0], "texture": "#0"},
				"down": {"uv": [0.625, 14.5, 0.5, 14.75], "texture": "#0"}
			}
		},
		{
			"name": "hexadecagon",
			"from": [8.75027, 7, 7.25],
			"to": [8.84973, 8.5, 7.35],
			"rotation": {"angle": 0, "axis": "y", "origin": [8.8, 8, 7.5]},
			"faces": {
				"north": {"uv": [10, 12.5, 10.125, 13.25], "texture": "#0"},
				"east": {"uv": [1.5, 9, 1.75, 9.75], "texture": "#0"},
				"south": {"uv": [12.5, 10, 12.625, 10.75], "texture": "#0"},
				"west": {"uv": [2, 9, 2.25, 9.75], "texture": "#0"},
				"up": {"uv": [14.125, 14.25, 14, 14], "texture": "#0"},
				"down": {"uv": [0.125, 14.5, 0, 14.75], "texture": "#0"}
			}
		},
		{
			"name": "hexadecagon",
			"from": [8.75027, 7, 7.25],
			"to": [8.84973, 8.5, 7.35],
			"rotation": {"angle": 22.5, "axis": "y", "origin": [8.8, 8, 7.5]},
			"faces": {
				"north": {"uv": [9, 12.5, 9.125, 13.25], "texture": "#0"},
				"east": {"uv": [1, 9, 1.25, 9.75], "texture": "#0"},
				"south": {"uv": [12.5, 9, 12.625, 9.75], "texture": "#0"},
				"west": {"uv": [9, 1, 9.25, 1.75], "texture": "#0"},
				"up": {"uv": [13.625, 14.25, 13.5, 14], "texture": "#0"},
				"down": {"uv": [14.125, 13.5, 14, 13.75], "texture": "#0"}
			}
		},
		{
			"name": "hexadecagon",
			"from": [8.75027, 7, 7.65],
			"to": [8.84973, 8.5, 7.75],
			"rotation": {"angle": 45, "axis": "y", "origin": [8.8, 8, 7.5]},
			"faces": {
				"north": {"uv": [12.5, 8, 12.625, 8.75], "texture": "#0"},
				"east": {"uv": [9, 0, 9.25, 0.75], "texture": "#0"},
				"south": {"uv": [8.5, 12.5, 8.625, 13.25], "texture": "#0"},
				"west": {"uv": [0.5, 9, 0.75, 9.75], "texture": "#0"},
				"up": {"uv": [13.125, 14.25, 13, 14], "texture": "#0"},
				"down": {"uv": [14.125, 13, 14, 13.25], "texture": "#0"}
			}
		},
		{
			"name": "hexadecagon",
			"from": [8.95, 7, 7.45027],
			"to": [9.05, 8.5, 7.54973],
			"rotation": {"angle": -22.5, "axis": "y", "origin": [8.8, 8, 7.5]},
			"faces": {
				"north": {"uv": [8.5, 8, 8.75, 8.75], "texture": "#0"},
				"east": {"uv": [7.5, 12.5, 7.625, 13.25], "texture": "#0"},
				"south": {"uv": [0, 9, 0.25, 9.75], "texture": "#0"},
				"west": {"uv": [8, 12.5, 8.125, 13.25], "texture": "#0"},
				"up": {"uv": [12.75, 14.125, 12.5, 14], "texture": "#0"},
				"down": {"uv": [14.25, 12.5, 14, 12.625], "texture": "#0"}
			}
		},
		{
			"name": "hexadecagon",
			"from": [8.95, 7, 7.45027],
			"to": [9.05, 8.5, 7.54973],
			"rotation": {"angle": 0, "axis": "y", "origin": [8.8, 8, 7.5]},
			"faces": {
				"north": {"uv": [8.5, 6, 8.75, 6.75], "texture": "#0"},
				"east": {"uv": [7, 12.5, 7.125, 13.25], "texture": "#0"},
				"south": {"uv": [8.5, 7, 8.75, 7.75], "texture": "#0"},
				"west": {"uv": [12.5, 7, 12.625, 7.75], "texture": "#0"},
				"up": {"uv": [12.25, 14.125, 12, 14], "texture": "#0"},
				"down": {"uv": [14.25, 12, 14, 12.125], "texture": "#0"}
			}
		},
		{
			"name": "hexadecagon",
			"from": [8.95, 7, 7.45027],
			"to": [9.05, 8.5, 7.54973],
			"rotation": {"angle": 22.5, "axis": "y", "origin": [8.8, 8, 7.5]},
			"faces": {
				"north": {"uv": [8.5, 4, 8.75, 4.75], "texture": "#0"},
				"east": {"uv": [12.5, 6, 12.625, 6.75], "texture": "#0"},
				"south": {"uv": [8.5, 5, 8.75, 5.75], "texture": "#0"},
				"west": {"uv": [6.5, 12.5, 6.625, 13.25], "texture": "#0"},
				"up": {"uv": [11.75, 14.125, 11.5, 14], "texture": "#0"},
				"down": {"uv": [14.25, 11.5, 14, 11.625], "texture": "#0"}
			}
		},
		{
			"name": "hexadecagon",
			"from": [8.75027, 7, 7.65],
			"to": [8.84973, 8.5, 7.75],
			"rotation": {"angle": 0, "axis": "y", "origin": [8.8, 8, 7.5]},
			"faces": {
				"north": {"uv": [10, 12.5, 10.125, 13.25], "texture": "#0"},
				"east": {"uv": [1.5, 9, 1.75, 9.75], "texture": "#0"},
				"south": {"uv": [12.5, 10, 12.625, 10.75], "texture": "#0"},
				"west": {"uv": [2, 9, 2.25, 9.75], "texture": "#0"},
				"up": {"uv": [14.125, 14.25, 14, 14], "texture": "#0"},
				"down": {"uv": [0.125, 14.5, 0, 14.75], "texture": "#0"}
			}
		},
		{
			"name": "hexadecagon",
			"from": [8.75027, 7, 7.65],
			"to": [8.84973, 8.5, 7.75],
			"rotation": {"angle": 22.5, "axis": "y", "origin": [8.8, 8, 7.5]},
			"faces": {
				"north": {"uv": [9, 12.5, 9.125, 13.25], "texture": "#0"},
				"east": {"uv": [1, 9, 1.25, 9.75], "texture": "#0"},
				"south": {"uv": [12.5, 9, 12.625, 9.75], "texture": "#0"},
				"west": {"uv": [9, 1, 9.25, 1.75], "texture": "#0"},
				"up": {"uv": [13.625, 14.25, 13.5, 14], "texture": "#0"},
				"down": {"uv": [14.125, 13.5, 14, 13.75], "texture": "#0"}
			}
		},
		{
			"name": "hexadecagon",
			"from": [8.75027, 7, 7.65],
			"to": [8.84973, 8.5, 7.75],
			"rotation": {"angle": -22.5, "axis": "y", "origin": [8.8, 8, 7.5]},
			"faces": {
				"north": {"uv": [12.5, 11, 12.625, 11.75], "texture": "#0"},
				"east": {"uv": [9, 2, 9.25, 2.75], "texture": "#0"},
				"south": {"uv": [12.5, 12, 12.625, 12.75], "texture": "#0"},
				"west": {"uv": [2.5, 9, 2.75, 9.75], "texture": "#0"},
				"up": {"uv": [14.625, 0.25, 14.5, 0], "texture": "#0"},
				"down": {"uv": [0.625, 14.5, 0.5, 14.75], "texture": "#0"}
			}
		},
		{
			"name": "hexadecagon",
			"from": [8.75027, 7, 7.65],
			"to": [8.84973, 8.5, 7.75],
			"rotation": {"angle": -45, "axis": "y", "origin": [8.8, 8, 7.5]},
			"faces": {
				"north": {"uv": [0, 13, 0.125, 13.75], "texture": "#0"},
				"east": {"uv": [9, 3, 9.25, 3.75], "texture": "#0"},
				"south": {"uv": [13, 0, 13.125, 0.75], "texture": "#0"},
				"west": {"uv": [9, 4, 9.25, 4.75], "texture": "#0"},
				"up": {"uv": [14.625, 0.75, 14.5, 0.5], "texture": "#0"},
				"down": {"uv": [1.125, 14.5, 1, 14.75], "texture": "#0"}
			}
		},
		{
			"name": "hexadecagon",
			"from": [8.55, 7, 7.45027],
			"to": [8.65, 8.5, 7.54973],
			"rotation": {"angle": 22.5, "axis": "y", "origin": [8.8, 8, 7.5]},
			"faces": {
				"north": {"uv": [8.5, 4, 8.75, 4.75], "texture": "#0"},
				"east": {"uv": [12.5, 6, 12.625, 6.75], "texture": "#0"},
				"south": {"uv": [8.5, 5, 8.75, 5.75], "texture": "#0"},
				"west": {"uv": [6.5, 12.5, 6.625, 13.25], "texture": "#0"},
				"up": {"uv": [11.75, 14.125, 11.5, 14], "texture": "#0"},
				"down": {"uv": [14.25, 11.5, 14, 11.625], "texture": "#0"}
			}
		},
		{
			"name": "hexadecagon",
			"from": [8.55, 7, 7.45027],
			"to": [8.65, 8.5, 7.54973],
			"rotation": {"angle": 0, "axis": "y", "origin": [8.8, 8, 7.5]},
			"faces": {
				"north": {"uv": [8.5, 6, 8.75, 6.75], "texture": "#0"},
				"east": {"uv": [7, 12.5, 7.125, 13.25], "texture": "#0"},
				"south": {"uv": [8.5, 7, 8.75, 7.75], "texture": "#0"},
				"west": {"uv": [12.5, 7, 12.625, 7.75], "texture": "#0"},
				"up": {"uv": [12.25, 14.125, 12, 14], "texture": "#0"},
				"down": {"uv": [14.25, 12, 14, 12.125], "texture": "#0"}
			}
		},
		{
			"name": "hexadecagon",
			"from": [8.55, 7, 7.45027],
			"to": [8.65, 8.5, 7.54973],
			"rotation": {"angle": -22.5, "axis": "y", "origin": [8.8, 8, 7.5]},
			"faces": {
				"north": {"uv": [8.5, 8, 8.75, 8.75], "texture": "#0"},
				"east": {"uv": [7.5, 12.5, 7.625, 13.25], "texture": "#0"},
				"south": {"uv": [0, 9, 0.25, 9.75], "texture": "#0"},
				"west": {"uv": [8, 12.5, 8.125, 13.25], "texture": "#0"},
				"up": {"uv": [12.75, 14.125, 12.5, 14], "texture": "#0"},
				"down": {"uv": [14.25, 12.5, 14, 12.625], "texture": "#0"}
			}
		},
		{
			"name": "hexadecagon",
			"from": [8.75027, 7, 7.25],
			"to": [8.84973, 8.5, 7.35],
			"rotation": {"angle": 45, "axis": "y", "origin": [8.8, 8, 7.5]},
			"faces": {
				"north": {"uv": [12.5, 8, 12.625, 8.75], "texture": "#0"},
				"east": {"uv": [9, 0, 9.25, 0.75], "texture": "#0"},
				"south": {"uv": [8.5, 12.5, 8.625, 13.25], "texture": "#0"},
				"west": {"uv": [0.5, 9, 0.75, 9.75], "texture": "#0"},
				"up": {"uv": [13.125, 14.25, 13, 14], "texture": "#0"},
				"down": {"uv": [14.125, 13, 14, 13.25], "texture": "#0"}
			}
		},
		{
			"name": "hexadecagon",
			"from": [8.15027, 8.3, 7.35],
			"to": [8.44973, 8.4, 7.65],
			"rotation": {"angle": 0, "axis": "y", "origin": [7.8, 8, 7.5]},
			"faces": {
				"north": {"uv": [11.5, 10, 11.625, 10.75], "texture": "#0"},
				"east": {"uv": [7.5, 2, 7.75, 2.75], "texture": "#0"},
				"south": {"uv": [11.5, 11, 11.625, 11.75], "texture": "#0"},
				"west": {"uv": [3, 7.5, 3.25, 8.25], "texture": "#0"},
				"up": {"uv": [2.125, 14.25, 2, 14], "texture": "#0"},
				"down": {"uv": [14.125, 2, 14, 2.25], "texture": "#0"}
			}
		},
		{
			"name": "hexadecagon",
			"from": [8.25027, 7, 7.25],
			"to": [8.34973, 8.5, 7.35],
			"rotation": {"angle": -45, "axis": "y", "origin": [8.3, 8, 7.5]},
			"faces": {
				"north": {"uv": [0, 13, 0.125, 13.75], "texture": "#0"},
				"east": {"uv": [9, 3, 9.25, 3.75], "texture": "#0"},
				"south": {"uv": [13, 0, 13.125, 0.75], "texture": "#0"},
				"west": {"uv": [9, 4, 9.25, 4.75], "texture": "#0"},
				"up": {"uv": [14.625, 0.75, 14.5, 0.5], "texture": "#0"},
				"down": {"uv": [1.125, 14.5, 1, 14.75], "texture": "#0"}
			}
		},
		{
			"name": "hexadecagon",
			"from": [8.25027, 7, 7.25],
			"to": [8.34973, 8.5, 7.35],
			"rotation": {"angle": -22.5, "axis": "y", "origin": [8.3, 8, 7.5]},
			"faces": {
				"north": {"uv": [12.5, 11, 12.625, 11.75], "texture": "#0"},
				"east": {"uv": [9, 2, 9.25, 2.75], "texture": "#0"},
				"south": {"uv": [12.5, 12, 12.625, 12.75], "texture": "#0"},
				"west": {"uv": [2.5, 9, 2.75, 9.75], "texture": "#0"},
				"up": {"uv": [14.625, 0.25, 14.5, 0], "texture": "#0"},
				"down": {"uv": [0.625, 14.5, 0.5, 14.75], "texture": "#0"}
			}
		},
		{
			"name": "hexadecagon",
			"from": [8.25027, 7, 7.25],
			"to": [8.34973, 8.5, 7.35],
			"rotation": {"angle": 0, "axis": "y", "origin": [8.3, 8, 7.5]},
			"faces": {
				"north": {"uv": [10, 12.5, 10.125, 13.25], "texture": "#0"},
				"east": {"uv": [1.5, 9, 1.75, 9.75], "texture": "#0"},
				"south": {"uv": [12.5, 10, 12.625, 10.75], "texture": "#0"},
				"west": {"uv": [2, 9, 2.25, 9.75], "texture": "#0"},
				"up": {"uv": [14.125, 14.25, 14, 14], "texture": "#0"},
				"down": {"uv": [0.125, 14.5, 0, 14.75], "texture": "#0"}
			}
		},
		{
			"name": "hexadecagon",
			"from": [8.25027, 7, 7.25],
			"to": [8.34973, 8.5, 7.35],
			"rotation": {"angle": 22.5, "axis": "y", "origin": [8.3, 8, 7.5]},
			"faces": {
				"north": {"uv": [9, 12.5, 9.125, 13.25], "texture": "#0"},
				"east": {"uv": [1, 9, 1.25, 9.75], "texture": "#0"},
				"south": {"uv": [12.5, 9, 12.625, 9.75], "texture": "#0"},
				"west": {"uv": [9, 1, 9.25, 1.75], "texture": "#0"},
				"up": {"uv": [13.625, 14.25, 13.5, 14], "texture": "#0"},
				"down": {"uv": [14.125, 13.5, 14, 13.75], "texture": "#0"}
			}
		},
		{
			"name": "hexadecagon",
			"from": [8.25027, 7, 7.65],
			"to": [8.34973, 8.5, 7.75],
			"rotation": {"angle": 45, "axis": "y", "origin": [8.3, 8, 7.5]},
			"faces": {
				"north": {"uv": [12.5, 8, 12.625, 8.75], "texture": "#0"},
				"east": {"uv": [9, 0, 9.25, 0.75], "texture": "#0"},
				"south": {"uv": [8.5, 12.5, 8.625, 13.25], "texture": "#0"},
				"west": {"uv": [0.5, 9, 0.75, 9.75], "texture": "#0"},
				"up": {"uv": [13.125, 14.25, 13, 14], "texture": "#0"},
				"down": {"uv": [14.125, 13, 14, 13.25], "texture": "#0"}
			}
		},
		{
			"name": "hexadecagon",
			"from": [8.45, 7, 7.45027],
			"to": [8.55, 8.5, 7.54973],
			"rotation": {"angle": -22.5, "axis": "y", "origin": [8.3, 8, 7.5]},
			"faces": {
				"north": {"uv": [8.5, 8, 8.75, 8.75], "texture": "#0"},
				"east": {"uv": [7.5, 12.5, 7.625, 13.25], "texture": "#0"},
				"south": {"uv": [0, 9, 0.25, 9.75], "texture": "#0"},
				"west": {"uv": [8, 12.5, 8.125, 13.25], "texture": "#0"},
				"up": {"uv": [12.75, 14.125, 12.5, 14], "texture": "#0"},
				"down": {"uv": [14.25, 12.5, 14, 12.625], "texture": "#0"}
			}
		},
		{
			"name": "hexadecagon",
			"from": [8.45, 7, 7.45027],
			"to": [8.55, 8.5, 7.54973],
			"rotation": {"angle": 0, "axis": "y", "origin": [8.3, 8, 7.5]},
			"faces": {
				"north": {"uv": [8.5, 6, 8.75, 6.75], "texture": "#0"},
				"east": {"uv": [7, 12.5, 7.125, 13.25], "texture": "#0"},
				"south": {"uv": [8.5, 7, 8.75, 7.75], "texture": "#0"},
				"west": {"uv": [12.5, 7, 12.625, 7.75], "texture": "#0"},
				"up": {"uv": [12.25, 14.125, 12, 14], "texture": "#0"},
				"down": {"uv": [14.25, 12, 14, 12.125], "texture": "#0"}
			}
		},
		{
			"name": "hexadecagon",
			"from": [8.45, 7, 7.45027],
			"to": [8.55, 8.5, 7.54973],
			"rotation": {"angle": 22.5, "axis": "y", "origin": [8.3, 8, 7.5]},
			"faces": {
				"north": {"uv": [8.5, 4, 8.75, 4.75], "texture": "#0"},
				"east": {"uv": [12.5, 6, 12.625, 6.75], "texture": "#0"},
				"south": {"uv": [8.5, 5, 8.75, 5.75], "texture": "#0"},
				"west": {"uv": [6.5, 12.5, 6.625, 13.25], "texture": "#0"},
				"up": {"uv": [11.75, 14.125, 11.5, 14], "texture": "#0"},
				"down": {"uv": [14.25, 11.5, 14, 11.625], "texture": "#0"}
			}
		},
		{
			"name": "hexadecagon",
			"from": [8.25027, 7, 7.65],
			"to": [8.34973, 8.5, 7.75],
			"rotation": {"angle": 0, "axis": "y", "origin": [8.3, 8, 7.5]},
			"faces": {
				"north": {"uv": [10, 12.5, 10.125, 13.25], "texture": "#0"},
				"east": {"uv": [1.5, 9, 1.75, 9.75], "texture": "#0"},
				"south": {"uv": [12.5, 10, 12.625, 10.75], "texture": "#0"},
				"west": {"uv": [2, 9, 2.25, 9.75], "texture": "#0"},
				"up": {"uv": [14.125, 14.25, 14, 14], "texture": "#0"},
				"down": {"uv": [0.125, 14.5, 0, 14.75], "texture": "#0"}
			}
		},
		{
			"name": "hexadecagon",
			"from": [8.25027, 7, 7.65],
			"to": [8.34973, 8.5, 7.75],
			"rotation": {"angle": 22.5, "axis": "y", "origin": [8.3, 8, 7.5]},
			"faces": {
				"north": {"uv": [9, 12.5, 9.125, 13.25], "texture": "#0"},
				"east": {"uv": [1, 9, 1.25, 9.75], "texture": "#0"},
				"south": {"uv": [12.5, 9, 12.625, 9.75], "texture": "#0"},
				"west": {"uv": [9, 1, 9.25, 1.75], "texture": "#0"},
				"up": {"uv": [13.625, 14.25, 13.5, 14], "texture": "#0"},
				"down": {"uv": [14.125, 13.5, 14, 13.75], "texture": "#0"}
			}
		},
		{
			"name": "hexadecagon",
			"from": [8.25027, 7, 7.65],
			"to": [8.34973, 8.5, 7.75],
			"rotation": {"angle": -22.5, "axis": "y", "origin": [8.3, 8, 7.5]},
			"faces": {
				"north": {"uv": [12.5, 11, 12.625, 11.75], "texture": "#0"},
				"east": {"uv": [9, 2, 9.25, 2.75], "texture": "#0"},
				"south": {"uv": [12.5, 12, 12.625, 12.75], "texture": "#0"},
				"west": {"uv": [2.5, 9, 2.75, 9.75], "texture": "#0"},
				"up": {"uv": [14.625, 0.25, 14.5, 0], "texture": "#0"},
				"down": {"uv": [0.625, 14.5, 0.5, 14.75], "texture": "#0"}
			}
		},
		{
			"name": "hexadecagon",
			"from": [8.25027, 7, 7.65],
			"to": [8.34973, 8.5, 7.75],
			"rotation": {"angle": -45, "axis": "y", "origin": [8.3, 8, 7.5]},
			"faces": {
				"north": {"uv": [0, 13, 0.125, 13.75], "texture": "#0"},
				"east": {"uv": [9, 3, 9.25, 3.75], "texture": "#0"},
				"south": {"uv": [13, 0, 13.125, 0.75], "texture": "#0"},
				"west": {"uv": [9, 4, 9.25, 4.75], "texture": "#0"},
				"up": {"uv": [14.625, 0.75, 14.5, 0.5], "texture": "#0"},
				"down": {"uv": [1.125, 14.5, 1, 14.75], "texture": "#0"}
			}
		},
		{
			"name": "hexadecagon",
			"from": [8.05, 7, 7.45027],
			"to": [8.15, 8.5, 7.54973],
			"rotation": {"angle": 22.5, "axis": "y", "origin": [8.3, 8, 7.5]},
			"faces": {
				"north": {"uv": [8.5, 4, 8.75, 4.75], "texture": "#0"},
				"east": {"uv": [12.5, 6, 12.625, 6.75], "texture": "#0"},
				"south": {"uv": [8.5, 5, 8.75, 5.75], "texture": "#0"},
				"west": {"uv": [6.5, 12.5, 6.625, 13.25], "texture": "#0"},
				"up": {"uv": [11.75, 14.125, 11.5, 14], "texture": "#0"},
				"down": {"uv": [14.25, 11.5, 14, 11.625], "texture": "#0"}
			}
		},
		{
			"name": "hexadecagon",
			"from": [8.05, 7, 7.45027],
			"to": [8.15, 8.5, 7.54973],
			"rotation": {"angle": 0, "axis": "y", "origin": [8.3, 8, 7.5]},
			"faces": {
				"north": {"uv": [8.5, 6, 8.75, 6.75], "texture": "#0"},
				"east": {"uv": [7, 12.5, 7.125, 13.25], "texture": "#0"},
				"south": {"uv": [8.5, 7, 8.75, 7.75], "texture": "#0"},
				"west": {"uv": [12.5, 7, 12.625, 7.75], "texture": "#0"},
				"up": {"uv": [12.25, 14.125, 12, 14], "texture": "#0"},
				"down": {"uv": [14.25, 12, 14, 12.125], "texture": "#0"}
			}
		},
		{
			"name": "hexadecagon",
			"from": [8.05, 7, 7.45027],
			"to": [8.15, 8.5, 7.54973],
			"rotation": {"angle": -22.5, "axis": "y", "origin": [8.3, 8, 7.5]},
			"faces": {
				"north": {"uv": [8.5, 8, 8.75, 8.75], "texture": "#0"},
				"east": {"uv": [7.5, 12.5, 7.625, 13.25], "texture": "#0"},
				"south": {"uv": [0, 9, 0.25, 9.75], "texture": "#0"},
				"west": {"uv": [8, 12.5, 8.125, 13.25], "texture": "#0"},
				"up": {"uv": [12.75, 14.125, 12.5, 14], "texture": "#0"},
				"down": {"uv": [14.25, 12.5, 14, 12.625], "texture": "#0"}
			}
		},
		{
			"name": "hexadecagon",
			"from": [8.25027, 7, 7.25],
			"to": [8.34973, 8.5, 7.35],
			"rotation": {"angle": 45, "axis": "y", "origin": [8.3, 8, 7.5]},
			"faces": {
				"north": {"uv": [12.5, 8, 12.625, 8.75], "texture": "#0"},
				"east": {"uv": [9, 0, 9.25, 0.75], "texture": "#0"},
				"south": {"uv": [8.5, 12.5, 8.625, 13.25], "texture": "#0"},
				"west": {"uv": [0.5, 9, 0.75, 9.75], "texture": "#0"},
				"up": {"uv": [13.125, 14.25, 13, 14], "texture": "#0"},
				"down": {"uv": [14.125, 13, 14, 13.25], "texture": "#0"}
			}
		},
		{
			"name": "hexadecagon",
			"from": [7.65027, 8.3, 7.35],
			"to": [7.94973, 8.4, 7.65],
			"rotation": {"angle": 0, "axis": "y", "origin": [7.3, 8, 7.5]},
			"faces": {
				"north": {"uv": [11.5, 10, 11.625, 10.75], "texture": "#0"},
				"east": {"uv": [7.5, 2, 7.75, 2.75], "texture": "#0"},
				"south": {"uv": [11.5, 11, 11.625, 11.75], "texture": "#0"},
				"west": {"uv": [3, 7.5, 3.25, 8.25], "texture": "#0"},
				"up": {"uv": [2.125, 14.25, 2, 14], "texture": "#0"},
				"down": {"uv": [14.125, 2, 14, 2.25], "texture": "#0"}
			}
		},
		{
			"name": "hexadecagon",
			"from": [7.75027, 7, 7.25],
			"to": [7.84973, 8.5, 7.35],
			"rotation": {"angle": -45, "axis": "y", "origin": [7.8, 8, 7.5]},
			"faces": {
				"north": {"uv": [0, 13, 0.125, 13.75], "texture": "#0"},
				"east": {"uv": [9, 3, 9.25, 3.75], "texture": "#0"},
				"south": {"uv": [13, 0, 13.125, 0.75], "texture": "#0"},
				"west": {"uv": [9, 4, 9.25, 4.75], "texture": "#0"},
				"up": {"uv": [14.625, 0.75, 14.5, 0.5], "texture": "#0"},
				"down": {"uv": [1.125, 14.5, 1, 14.75], "texture": "#0"}
			}
		},
		{
			"name": "hexadecagon",
			"from": [7.75027, 7, 7.25],
			"to": [7.84973, 8.5, 7.35],
			"rotation": {"angle": -22.5, "axis": "y", "origin": [7.8, 8, 7.5]},
			"faces": {
				"north": {"uv": [12.5, 11, 12.625, 11.75], "texture": "#0"},
				"east": {"uv": [9, 2, 9.25, 2.75], "texture": "#0"},
				"south": {"uv": [12.5, 12, 12.625, 12.75], "texture": "#0"},
				"west": {"uv": [2.5, 9, 2.75, 9.75], "texture": "#0"},
				"up": {"uv": [14.625, 0.25, 14.5, 0], "texture": "#0"},
				"down": {"uv": [0.625, 14.5, 0.5, 14.75], "texture": "#0"}
			}
		},
		{
			"name": "hexadecagon",
			"from": [7.75027, 7, 7.25],
			"to": [7.84973, 8.5, 7.35],
			"rotation": {"angle": 0, "axis": "y", "origin": [7.8, 8, 7.5]},
			"faces": {
				"north": {"uv": [10, 12.5, 10.125, 13.25], "texture": "#0"},
				"east": {"uv": [1.5, 9, 1.75, 9.75], "texture": "#0"},
				"south": {"uv": [12.5, 10, 12.625, 10.75], "texture": "#0"},
				"west": {"uv": [2, 9, 2.25, 9.75], "texture": "#0"},
				"up": {"uv": [14.125, 14.25, 14, 14], "texture": "#0"},
				"down": {"uv": [0.125, 14.5, 0, 14.75], "texture": "#0"}
			}
		},
		{
			"name": "hexadecagon",
			"from": [7.75027, 7, 7.25],
			"to": [7.84973, 8.5, 7.35],
			"rotation": {"angle": 22.5, "axis": "y", "origin": [7.8, 8, 7.5]},
			"faces": {
				"north": {"uv": [9, 12.5, 9.125, 13.25], "texture": "#0"},
				"east": {"uv": [1, 9, 1.25, 9.75], "texture": "#0"},
				"south": {"uv": [12.5, 9, 12.625, 9.75], "texture": "#0"},
				"west": {"uv": [9, 1, 9.25, 1.75], "texture": "#0"},
				"up": {"uv": [13.625, 14.25, 13.5, 14], "texture": "#0"},
				"down": {"uv": [14.125, 13.5, 14, 13.75], "texture": "#0"}
			}
		},
		{
			"name": "hexadecagon",
			"from": [7.75027, 7, 7.65],
			"to": [7.84973, 8.5, 7.75],
			"rotation": {"angle": 45, "axis": "y", "origin": [7.8, 8, 7.5]},
			"faces": {
				"north": {"uv": [12.5, 8, 12.625, 8.75], "texture": "#0"},
				"east": {"uv": [9, 0, 9.25, 0.75], "texture": "#0"},
				"south": {"uv": [8.5, 12.5, 8.625, 13.25], "texture": "#0"},
				"west": {"uv": [0.5, 9, 0.75, 9.75], "texture": "#0"},
				"up": {"uv": [13.125, 14.25, 13, 14], "texture": "#0"},
				"down": {"uv": [14.125, 13, 14, 13.25], "texture": "#0"}
			}
		},
		{
			"name": "hexadecagon",
			"from": [7.95, 7, 7.45027],
			"to": [8.05, 8.5, 7.54973],
			"rotation": {"angle": -22.5, "axis": "y", "origin": [7.8, 8, 7.5]},
			"faces": {
				"north": {"uv": [8.5, 8, 8.75, 8.75], "texture": "#0"},
				"east": {"uv": [7.5, 12.5, 7.625, 13.25], "texture": "#0"},
				"south": {"uv": [0, 9, 0.25, 9.75], "texture": "#0"},
				"west": {"uv": [8, 12.5, 8.125, 13.25], "texture": "#0"},
				"up": {"uv": [12.75, 14.125, 12.5, 14], "texture": "#0"},
				"down": {"uv": [14.25, 12.5, 14, 12.625], "texture": "#0"}
			}
		},
		{
			"name": "hexadecagon",
			"from": [7.95, 7, 7.45027],
			"to": [8.05, 8.5, 7.54973],
			"rotation": {"angle": 0, "axis": "y", "origin": [7.8, 8, 7.5]},
			"faces": {
				"north": {"uv": [8.5, 6, 8.75, 6.75], "texture": "#0"},
				"east": {"uv": [7, 12.5, 7.125, 13.25], "texture": "#0"},
				"south": {"uv": [8.5, 7, 8.75, 7.75], "texture": "#0"},
				"west": {"uv": [12.5, 7, 12.625, 7.75], "texture": "#0"},
				"up": {"uv": [12.25, 14.125, 12, 14], "texture": "#0"},
				"down": {"uv": [14.25, 12, 14, 12.125], "texture": "#0"}
			}
		},
		{
			"name": "hexadecagon",
			"from": [7.95, 7, 7.45027],
			"to": [8.05, 8.5, 7.54973],
			"rotation": {"angle": 22.5, "axis": "y", "origin": [7.8, 8, 7.5]},
			"faces": {
				"north": {"uv": [8.5, 4, 8.75, 4.75], "texture": "#0"},
				"east": {"uv": [12.5, 6, 12.625, 6.75], "texture": "#0"},
				"south": {"uv": [8.5, 5, 8.75, 5.75], "texture": "#0"},
				"west": {"uv": [6.5, 12.5, 6.625, 13.25], "texture": "#0"},
				"up": {"uv": [11.75, 14.125, 11.5, 14], "texture": "#0"},
				"down": {"uv": [14.25, 11.5, 14, 11.625], "texture": "#0"}
			}
		},
		{
			"name": "hexadecagon",
			"from": [7.75027, 7, 7.65],
			"to": [7.84973, 8.5, 7.75],
			"rotation": {"angle": 0, "axis": "y", "origin": [7.8, 8, 7.5]},
			"faces": {
				"north": {"uv": [10, 12.5, 10.125, 13.25], "texture": "#0"},
				"east": {"uv": [1.5, 9, 1.75, 9.75], "texture": "#0"},
				"south": {"uv": [12.5, 10, 12.625, 10.75], "texture": "#0"},
				"west": {"uv": [2, 9, 2.25, 9.75], "texture": "#0"},
				"up": {"uv": [14.125, 14.25, 14, 14], "texture": "#0"},
				"down": {"uv": [0.125, 14.5, 0, 14.75], "texture": "#0"}
			}
		},
		{
			"name": "hexadecagon",
			"from": [7.75027, 7, 7.65],
			"to": [7.84973, 8.5, 7.75],
			"rotation": {"angle": 22.5, "axis": "y", "origin": [7.8, 8, 7.5]},
			"faces": {
				"north": {"uv": [9, 12.5, 9.125, 13.25], "texture": "#0"},
				"east": {"uv": [1, 9, 1.25, 9.75], "texture": "#0"},
				"south": {"uv": [12.5, 9, 12.625, 9.75], "texture": "#0"},
				"west": {"uv": [9, 1, 9.25, 1.75], "texture": "#0"},
				"up": {"uv": [13.625, 14.25, 13.5, 14], "texture": "#0"},
				"down": {"uv": [14.125, 13.5, 14, 13.75], "texture": "#0"}
			}
		},
		{
			"name": "hexadecagon",
			"from": [7.75027, 7, 7.65],
			"to": [7.84973, 8.5, 7.75],
			"rotation": {"angle": -22.5, "axis": "y", "origin": [7.8, 8, 7.5]},
			"faces": {
				"north": {"uv": [12.5, 11, 12.625, 11.75], "texture": "#0"},
				"east": {"uv": [9, 2, 9.25, 2.75], "texture": "#0"},
				"south": {"uv": [12.5, 12, 12.625, 12.75], "texture": "#0"},
				"west": {"uv": [2.5, 9, 2.75, 9.75], "texture": "#0"},
				"up": {"uv": [14.625, 0.25, 14.5, 0], "texture": "#0"},
				"down": {"uv": [0.625, 14.5, 0.5, 14.75], "texture": "#0"}
			}
		},
		{
			"name": "hexadecagon",
			"from": [7.75027, 7, 7.65],
			"to": [7.84973, 8.5, 7.75],
			"rotation": {"angle": -45, "axis": "y", "origin": [7.8, 8, 7.5]},
			"faces": {
				"north": {"uv": [0, 13, 0.125, 13.75], "texture": "#0"},
				"east": {"uv": [9, 3, 9.25, 3.75], "texture": "#0"},
				"south": {"uv": [13, 0, 13.125, 0.75], "texture": "#0"},
				"west": {"uv": [9, 4, 9.25, 4.75], "texture": "#0"},
				"up": {"uv": [14.625, 0.75, 14.5, 0.5], "texture": "#0"},
				"down": {"uv": [1.125, 14.5, 1, 14.75], "texture": "#0"}
			}
		},
		{
			"name": "hexadecagon",
			"from": [7.55, 7, 7.45027],
			"to": [7.65, 8.5, 7.54973],
			"rotation": {"angle": 22.5, "axis": "y", "origin": [7.8, 8, 7.5]},
			"faces": {
				"north": {"uv": [8.5, 4, 8.75, 4.75], "texture": "#0"},
				"east": {"uv": [12.5, 6, 12.625, 6.75], "texture": "#0"},
				"south": {"uv": [8.5, 5, 8.75, 5.75], "texture": "#0"},
				"west": {"uv": [6.5, 12.5, 6.625, 13.25], "texture": "#0"},
				"up": {"uv": [11.75, 14.125, 11.5, 14], "texture": "#0"},
				"down": {"uv": [14.25, 11.5, 14, 11.625], "texture": "#0"}
			}
		},
		{
			"name": "hexadecagon",
			"from": [7.55, 7, 7.45027],
			"to": [7.65, 8.5, 7.54973],
			"rotation": {"angle": 0, "axis": "y", "origin": [7.8, 8, 7.5]},
			"faces": {
				"north": {"uv": [8.5, 6, 8.75, 6.75], "texture": "#0"},
				"east": {"uv": [7, 12.5, 7.125, 13.25], "texture": "#0"},
				"south": {"uv": [8.5, 7, 8.75, 7.75], "texture": "#0"},
				"west": {"uv": [12.5, 7, 12.625, 7.75], "texture": "#0"},
				"up": {"uv": [12.25, 14.125, 12, 14], "texture": "#0"},
				"down": {"uv": [14.25, 12, 14, 12.125], "texture": "#0"}
			}
		},
		{
			"name": "hexadecagon",
			"from": [7.55, 7, 7.45027],
			"to": [7.65, 8.5, 7.54973],
			"rotation": {"angle": -22.5, "axis": "y", "origin": [7.8, 8, 7.5]},
			"faces": {
				"north": {"uv": [8.5, 8, 8.75, 8.75], "texture": "#0"},
				"east": {"uv": [7.5, 12.5, 7.625, 13.25], "texture": "#0"},
				"south": {"uv": [0, 9, 0.25, 9.75], "texture": "#0"},
				"west": {"uv": [8, 12.5, 8.125, 13.25], "texture": "#0"},
				"up": {"uv": [12.75, 14.125, 12.5, 14], "texture": "#0"},
				"down": {"uv": [14.25, 12.5, 14, 12.625], "texture": "#0"}
			}
		},
		{
			"name": "hexadecagon",
			"from": [7.75027, 7, 7.25],
			"to": [7.84973, 8.5, 7.35],
			"rotation": {"angle": 45, "axis": "y", "origin": [7.8, 8, 7.5]},
			"faces": {
				"north": {"uv": [12.5, 8, 12.625, 8.75], "texture": "#0"},
				"east": {"uv": [9, 0, 9.25, 0.75], "texture": "#0"},
				"south": {"uv": [8.5, 12.5, 8.625, 13.25], "texture": "#0"},
				"west": {"uv": [0.5, 9, 0.75, 9.75], "texture": "#0"},
				"up": {"uv": [13.125, 14.25, 13, 14], "texture": "#0"},
				"down": {"uv": [14.125, 13, 14, 13.25], "texture": "#0"}
			}
		},
		{
			"name": "hexadecagon",
			"from": [8.65027, 8.3, 6.85],
			"to": [8.94973, 8.4, 7.15],
			"rotation": {"angle": 0, "axis": "y", "origin": [8.3, 8, 7]},
			"faces": {
				"north": {"uv": [11.5, 10, 11.625, 10.75], "texture": "#0"},
				"east": {"uv": [7.5, 2, 7.75, 2.75], "texture": "#0"},
				"south": {"uv": [11.5, 11, 11.625, 11.75], "texture": "#0"},
				"west": {"uv": [3, 7.5, 3.25, 8.25], "texture": "#0"},
				"up": {"uv": [2.125, 14.25, 2, 14], "texture": "#0"},
				"down": {"uv": [14.125, 2, 14, 2.25], "texture": "#0"}
			}
		},
		{
			"name": "hexadecagon",
			"from": [8.75027, 7, 6.75],
			"to": [8.84973, 8.5, 6.85],
			"rotation": {"angle": -45, "axis": "y", "origin": [8.8, 8, 7]},
			"faces": {
				"north": {"uv": [0, 13, 0.125, 13.75], "texture": "#0"},
				"east": {"uv": [9, 3, 9.25, 3.75], "texture": "#0"},
				"south": {"uv": [13, 0, 13.125, 0.75], "texture": "#0"},
				"west": {"uv": [9, 4, 9.25, 4.75], "texture": "#0"},
				"up": {"uv": [14.625, 0.75, 14.5, 0.5], "texture": "#0"},
				"down": {"uv": [1.125, 14.5, 1, 14.75], "texture": "#0"}
			}
		},
		{
			"name": "hexadecagon",
			"from": [8.75027, 7, 6.75],
			"to": [8.84973, 8.5, 6.85],
			"rotation": {"angle": -22.5, "axis": "y", "origin": [8.8, 8, 7]},
			"faces": {
				"north": {"uv": [12.5, 11, 12.625, 11.75], "texture": "#0"},
				"east": {"uv": [9, 2, 9.25, 2.75], "texture": "#0"},
				"south": {"uv": [12.5, 12, 12.625, 12.75], "texture": "#0"},
				"west": {"uv": [2.5, 9, 2.75, 9.75], "texture": "#0"},
				"up": {"uv": [14.625, 0.25, 14.5, 0], "texture": "#0"},
				"down": {"uv": [0.625, 14.5, 0.5, 14.75], "texture": "#0"}
			}
		},
		{
			"name": "hexadecagon",
			"from": [8.75027, 7, 6.75],
			"to": [8.84973, 8.5, 6.85],
			"rotation": {"angle": 0, "axis": "y", "origin": [8.8, 8, 7]},
			"faces": {
				"north": {"uv": [10, 12.5, 10.125, 13.25], "texture": "#0"},
				"east": {"uv": [1.5, 9, 1.75, 9.75], "texture": "#0"},
				"south": {"uv": [12.5, 10, 12.625, 10.75], "texture": "#0"},
				"west": {"uv": [2, 9, 2.25, 9.75], "texture": "#0"},
				"up": {"uv": [14.125, 14.25, 14, 14], "texture": "#0"},
				"down": {"uv": [0.125, 14.5, 0, 14.75], "texture": "#0"}
			}
		},
		{
			"name": "hexadecagon",
			"from": [8.75027, 7, 6.75],
			"to": [8.84973, 8.5, 6.85],
			"rotation": {"angle": 22.5, "axis": "y", "origin": [8.8, 8, 7]},
			"faces": {
				"north": {"uv": [9, 12.5, 9.125, 13.25], "texture": "#0"},
				"east": {"uv": [1, 9, 1.25, 9.75], "texture": "#0"},
				"south": {"uv": [12.5, 9, 12.625, 9.75], "texture": "#0"},
				"west": {"uv": [9, 1, 9.25, 1.75], "texture": "#0"},
				"up": {"uv": [13.625, 14.25, 13.5, 14], "texture": "#0"},
				"down": {"uv": [14.125, 13.5, 14, 13.75], "texture": "#0"}
			}
		},
		{
			"name": "hexadecagon",
			"from": [8.75027, 7, 7.15],
			"to": [8.84973, 8.5, 7.25],
			"rotation": {"angle": 45, "axis": "y", "origin": [8.8, 8, 7]},
			"faces": {
				"north": {"uv": [12.5, 8, 12.625, 8.75], "texture": "#0"},
				"east": {"uv": [9, 0, 9.25, 0.75], "texture": "#0"},
				"south": {"uv": [8.5, 12.5, 8.625, 13.25], "texture": "#0"},
				"west": {"uv": [0.5, 9, 0.75, 9.75], "texture": "#0"},
				"up": {"uv": [13.125, 14.25, 13, 14], "texture": "#0"},
				"down": {"uv": [14.125, 13, 14, 13.25], "texture": "#0"}
			}
		},
		{
			"name": "hexadecagon",
			"from": [8.95, 7, 6.95027],
			"to": [9.05, 8.5, 7.04973],
			"rotation": {"angle": -22.5, "axis": "y", "origin": [8.8, 8, 7]},
			"faces": {
				"north": {"uv": [8.5, 8, 8.75, 8.75], "texture": "#0"},
				"east": {"uv": [7.5, 12.5, 7.625, 13.25], "texture": "#0"},
				"south": {"uv": [0, 9, 0.25, 9.75], "texture": "#0"},
				"west": {"uv": [8, 12.5, 8.125, 13.25], "texture": "#0"},
				"up": {"uv": [12.75, 14.125, 12.5, 14], "texture": "#0"},
				"down": {"uv": [14.25, 12.5, 14, 12.625], "texture": "#0"}
			}
		},
		{
			"name": "hexadecagon",
			"from": [8.95, 7, 6.95027],
			"to": [9.05, 8.5, 7.04973],
			"rotation": {"angle": 0, "axis": "y", "origin": [8.8, 8, 7]},
			"faces": {
				"north": {"uv": [8.5, 6, 8.75, 6.75], "texture": "#0"},
				"east": {"uv": [7, 12.5, 7.125, 13.25], "texture": "#0"},
				"south": {"uv": [8.5, 7, 8.75, 7.75], "texture": "#0"},
				"west": {"uv": [12.5, 7, 12.625, 7.75], "texture": "#0"},
				"up": {"uv": [12.25, 14.125, 12, 14], "texture": "#0"},
				"down": {"uv": [14.25, 12, 14, 12.125], "texture": "#0"}
			}
		},
		{
			"name": "hexadecagon",
			"from": [8.95, 7, 6.95027],
			"to": [9.05, 8.5, 7.04973],
			"rotation": {"angle": 22.5, "axis": "y", "origin": [8.8, 8, 7]},
			"faces": {
				"north": {"uv": [8.5, 4, 8.75, 4.75], "texture": "#0"},
				"east": {"uv": [12.5, 6, 12.625, 6.75], "texture": "#0"},
				"south": {"uv": [8.5, 5, 8.75, 5.75], "texture": "#0"},
				"west": {"uv": [6.5, 12.5, 6.625, 13.25], "texture": "#0"},
				"up": {"uv": [11.75, 14.125, 11.5, 14], "texture": "#0"},
				"down": {"uv": [14.25, 11.5, 14, 11.625], "texture": "#0"}
			}
		},
		{
			"name": "hexadecagon",
			"from": [8.75027, 7, 7.15],
			"to": [8.84973, 8.5, 7.25],
			"rotation": {"angle": 0, "axis": "y", "origin": [8.8, 8, 7]},
			"faces": {
				"north": {"uv": [10, 12.5, 10.125, 13.25], "texture": "#0"},
				"east": {"uv": [1.5, 9, 1.75, 9.75], "texture": "#0"},
				"south": {"uv": [12.5, 10, 12.625, 10.75], "texture": "#0"},
				"west": {"uv": [2, 9, 2.25, 9.75], "texture": "#0"},
				"up": {"uv": [14.125, 14.25, 14, 14], "texture": "#0"},
				"down": {"uv": [0.125, 14.5, 0, 14.75], "texture": "#0"}
			}
		},
		{
			"name": "hexadecagon",
			"from": [8.75027, 7, 7.15],
			"to": [8.84973, 8.5, 7.25],
			"rotation": {"angle": 22.5, "axis": "y", "origin": [8.8, 8, 7]},
			"faces": {
				"north": {"uv": [9, 12.5, 9.125, 13.25], "texture": "#0"},
				"east": {"uv": [1, 9, 1.25, 9.75], "texture": "#0"},
				"south": {"uv": [12.5, 9, 12.625, 9.75], "texture": "#0"},
				"west": {"uv": [9, 1, 9.25, 1.75], "texture": "#0"},
				"up": {"uv": [13.625, 14.25, 13.5, 14], "texture": "#0"},
				"down": {"uv": [14.125, 13.5, 14, 13.75], "texture": "#0"}
			}
		},
		{
			"name": "hexadecagon",
			"from": [8.75027, 7, 7.15],
			"to": [8.84973, 8.5, 7.25],
			"rotation": {"angle": -22.5, "axis": "y", "origin": [8.8, 8, 7]},
			"faces": {
				"north": {"uv": [12.5, 11, 12.625, 11.75], "texture": "#0"},
				"east": {"uv": [9, 2, 9.25, 2.75], "texture": "#0"},
				"south": {"uv": [12.5, 12, 12.625, 12.75], "texture": "#0"},
				"west": {"uv": [2.5, 9, 2.75, 9.75], "texture": "#0"},
				"up": {"uv": [14.625, 0.25, 14.5, 0], "texture": "#0"},
				"down": {"uv": [0.625, 14.5, 0.5, 14.75], "texture": "#0"}
			}
		},
		{
			"name": "hexadecagon",
			"from": [8.75027, 7, 7.15],
			"to": [8.84973, 8.5, 7.25],
			"rotation": {"angle": -45, "axis": "y", "origin": [8.8, 8, 7]},
			"faces": {
				"north": {"uv": [0, 13, 0.125, 13.75], "texture": "#0"},
				"east": {"uv": [9, 3, 9.25, 3.75], "texture": "#0"},
				"south": {"uv": [13, 0, 13.125, 0.75], "texture": "#0"},
				"west": {"uv": [9, 4, 9.25, 4.75], "texture": "#0"},
				"up": {"uv": [14.625, 0.75, 14.5, 0.5], "texture": "#0"},
				"down": {"uv": [1.125, 14.5, 1, 14.75], "texture": "#0"}
			}
		},
		{
			"name": "hexadecagon",
			"from": [8.55, 7, 6.95027],
			"to": [8.65, 8.5, 7.04973],
			"rotation": {"angle": 22.5, "axis": "y", "origin": [8.8, 8, 7]},
			"faces": {
				"north": {"uv": [8.5, 4, 8.75, 4.75], "texture": "#0"},
				"east": {"uv": [12.5, 6, 12.625, 6.75], "texture": "#0"},
				"south": {"uv": [8.5, 5, 8.75, 5.75], "texture": "#0"},
				"west": {"uv": [6.5, 12.5, 6.625, 13.25], "texture": "#0"},
				"up": {"uv": [11.75, 14.125, 11.5, 14], "texture": "#0"},
				"down": {"uv": [14.25, 11.5, 14, 11.625], "texture": "#0"}
			}
		},
		{
			"name": "hexadecagon",
			"from": [8.55, 7, 6.95027],
			"to": [8.65, 8.5, 7.04973],
			"rotation": {"angle": 0, "axis": "y", "origin": [8.8, 8, 7]},
			"faces": {
				"north": {"uv": [8.5, 6, 8.75, 6.75], "texture": "#0"},
				"east": {"uv": [7, 12.5, 7.125, 13.25], "texture": "#0"},
				"south": {"uv": [8.5, 7, 8.75, 7.75], "texture": "#0"},
				"west": {"uv": [12.5, 7, 12.625, 7.75], "texture": "#0"},
				"up": {"uv": [12.25, 14.125, 12, 14], "texture": "#0"},
				"down": {"uv": [14.25, 12, 14, 12.125], "texture": "#0"}
			}
		},
		{
			"name": "hexadecagon",
			"from": [8.55, 7, 6.95027],
			"to": [8.65, 8.5, 7.04973],
			"rotation": {"angle": -22.5, "axis": "y", "origin": [8.8, 8, 7]},
			"faces": {
				"north": {"uv": [8.5, 8, 8.75, 8.75], "texture": "#0"},
				"east": {"uv": [7.5, 12.5, 7.625, 13.25], "texture": "#0"},
				"south": {"uv": [0, 9, 0.25, 9.75], "texture": "#0"},
				"west": {"uv": [8, 12.5, 8.125, 13.25], "texture": "#0"},
				"up": {"uv": [12.75, 14.125, 12.5, 14], "texture": "#0"},
				"down": {"uv": [14.25, 12.5, 14, 12.625], "texture": "#0"}
			}
		},
		{
			"name": "hexadecagon",
			"from": [8.75027, 7, 6.75],
			"to": [8.84973, 8.5, 6.85],
			"rotation": {"angle": 45, "axis": "y", "origin": [8.8, 8, 7]},
			"faces": {
				"north": {"uv": [12.5, 8, 12.625, 8.75], "texture": "#0"},
				"east": {"uv": [9, 0, 9.25, 0.75], "texture": "#0"},
				"south": {"uv": [8.5, 12.5, 8.625, 13.25], "texture": "#0"},
				"west": {"uv": [0.5, 9, 0.75, 9.75], "texture": "#0"},
				"up": {"uv": [13.125, 14.25, 13, 14], "texture": "#0"},
				"down": {"uv": [14.125, 13, 14, 13.25], "texture": "#0"}
			}
		},
		{
			"name": "hexadecagon",
			"from": [8.15027, 8.3, 6.85],
			"to": [8.44973, 8.4, 7.15],
			"rotation": {"angle": 0, "axis": "y", "origin": [7.8, 8, 7]},
			"faces": {
				"north": {"uv": [11.5, 10, 11.625, 10.75], "texture": "#0"},
				"east": {"uv": [7.5, 2, 7.75, 2.75], "texture": "#0"},
				"south": {"uv": [11.5, 11, 11.625, 11.75], "texture": "#0"},
				"west": {"uv": [3, 7.5, 3.25, 8.25], "texture": "#0"},
				"up": {"uv": [2.125, 14.25, 2, 14], "texture": "#0"},
				"down": {"uv": [14.125, 2, 14, 2.25], "texture": "#0"}
			}
		},
		{
			"name": "hexadecagon",
			"from": [8.25027, 7, 6.75],
			"to": [8.34973, 8.5, 6.85],
			"rotation": {"angle": -45, "axis": "y", "origin": [8.3, 8, 7]},
			"faces": {
				"north": {"uv": [0, 13, 0.125, 13.75], "texture": "#0"},
				"east": {"uv": [9, 3, 9.25, 3.75], "texture": "#0"},
				"south": {"uv": [13, 0, 13.125, 0.75], "texture": "#0"},
				"west": {"uv": [9, 4, 9.25, 4.75], "texture": "#0"},
				"up": {"uv": [14.625, 0.75, 14.5, 0.5], "texture": "#0"},
				"down": {"uv": [1.125, 14.5, 1, 14.75], "texture": "#0"}
			}
		},
		{
			"name": "hexadecagon",
			"from": [8.25027, 7, 6.75],
			"to": [8.34973, 8.5, 6.85],
			"rotation": {"angle": -22.5, "axis": "y", "origin": [8.3, 8, 7]},
			"faces": {
				"north": {"uv": [12.5, 11, 12.625, 11.75], "texture": "#0"},
				"east": {"uv": [9, 2, 9.25, 2.75], "texture": "#0"},
				"south": {"uv": [12.5, 12, 12.625, 12.75], "texture": "#0"},
				"west": {"uv": [2.5, 9, 2.75, 9.75], "texture": "#0"},
				"up": {"uv": [14.625, 0.25, 14.5, 0], "texture": "#0"},
				"down": {"uv": [0.625, 14.5, 0.5, 14.75], "texture": "#0"}
			}
		},
		{
			"name": "hexadecagon",
			"from": [8.25027, 7, 6.75],
			"to": [8.34973, 8.5, 6.85],
			"rotation": {"angle": 0, "axis": "y", "origin": [8.3, 8, 7]},
			"faces": {
				"north": {"uv": [10, 12.5, 10.125, 13.25], "texture": "#0"},
				"east": {"uv": [1.5, 9, 1.75, 9.75], "texture": "#0"},
				"south": {"uv": [12.5, 10, 12.625, 10.75], "texture": "#0"},
				"west": {"uv": [2, 9, 2.25, 9.75], "texture": "#0"},
				"up": {"uv": [14.125, 14.25, 14, 14], "texture": "#0"},
				"down": {"uv": [0.125, 14.5, 0, 14.75], "texture": "#0"}
			}
		},
		{
			"name": "hexadecagon",
			"from": [8.25027, 7, 6.75],
			"to": [8.34973, 8.5, 6.85],
			"rotation": {"angle": 22.5, "axis": "y", "origin": [8.3, 8, 7]},
			"faces": {
				"north": {"uv": [9, 12.5, 9.125, 13.25], "texture": "#0"},
				"east": {"uv": [1, 9, 1.25, 9.75], "texture": "#0"},
				"south": {"uv": [12.5, 9, 12.625, 9.75], "texture": "#0"},
				"west": {"uv": [9, 1, 9.25, 1.75], "texture": "#0"},
				"up": {"uv": [13.625, 14.25, 13.5, 14], "texture": "#0"},
				"down": {"uv": [14.125, 13.5, 14, 13.75], "texture": "#0"}
			}
		},
		{
			"name": "hexadecagon",
			"from": [8.25027, 7, 7.15],
			"to": [8.34973, 8.5, 7.25],
			"rotation": {"angle": 45, "axis": "y", "origin": [8.3, 8, 7]},
			"faces": {
				"north": {"uv": [12.5, 8, 12.625, 8.75], "texture": "#0"},
				"east": {"uv": [9, 0, 9.25, 0.75], "texture": "#0"},
				"south": {"uv": [8.5, 12.5, 8.625, 13.25], "texture": "#0"},
				"west": {"uv": [0.5, 9, 0.75, 9.75], "texture": "#0"},
				"up": {"uv": [13.125, 14.25, 13, 14], "texture": "#0"},
				"down": {"uv": [14.125, 13, 14, 13.25], "texture": "#0"}
			}
		},
		{
			"name": "hexadecagon",
			"from": [8.45, 7, 6.95027],
			"to": [8.55, 8.5, 7.04973],
			"rotation": {"angle": -22.5, "axis": "y", "origin": [8.3, 8, 7]},
			"faces": {
				"north": {"uv": [8.5, 8, 8.75, 8.75], "texture": "#0"},
				"east": {"uv": [7.5, 12.5, 7.625, 13.25], "texture": "#0"},
				"south": {"uv": [0, 9, 0.25, 9.75], "texture": "#0"},
				"west": {"uv": [8, 12.5, 8.125, 13.25], "texture": "#0"},
				"up": {"uv": [12.75, 14.125, 12.5, 14], "texture": "#0"},
				"down": {"uv": [14.25, 12.5, 14, 12.625], "texture": "#0"}
			}
		},
		{
			"name": "hexadecagon",
			"from": [8.45, 7, 6.95027],
			"to": [8.55, 8.5, 7.04973],
			"rotation": {"angle": 0, "axis": "y", "origin": [8.3, 8, 7]},
			"faces": {
				"north": {"uv": [8.5, 6, 8.75, 6.75], "texture": "#0"},
				"east": {"uv": [7, 12.5, 7.125, 13.25], "texture": "#0"},
				"south": {"uv": [8.5, 7, 8.75, 7.75], "texture": "#0"},
				"west": {"uv": [12.5, 7, 12.625, 7.75], "texture": "#0"},
				"up": {"uv": [12.25, 14.125, 12, 14], "texture": "#0"},
				"down": {"uv": [14.25, 12, 14, 12.125], "texture": "#0"}
			}
		},
		{
			"name": "hexadecagon",
			"from": [8.45, 7, 6.95027],
			"to": [8.55, 8.5, 7.04973],
			"rotation": {"angle": 22.5, "axis": "y", "origin": [8.3, 8, 7]},
			"faces": {
				"north": {"uv": [8.5, 4, 8.75, 4.75], "texture": "#0"},
				"east": {"uv": [12.5, 6, 12.625, 6.75], "texture": "#0"},
				"south": {"uv": [8.5, 5, 8.75, 5.75], "texture": "#0"},
				"west": {"uv": [6.5, 12.5, 6.625, 13.25], "texture": "#0"},
				"up": {"uv": [11.75, 14.125, 11.5, 14], "texture": "#0"},
				"down": {"uv": [14.25, 11.5, 14, 11.625], "texture": "#0"}
			}
		},
		{
			"name": "hexadecagon",
			"from": [8.25027, 7, 7.15],
			"to": [8.34973, 8.5, 7.25],
			"rotation": {"angle": 0, "axis": "y", "origin": [8.3, 8, 7]},
			"faces": {
				"north": {"uv": [10, 12.5, 10.125, 13.25], "texture": "#0"},
				"east": {"uv": [1.5, 9, 1.75, 9.75], "texture": "#0"},
				"south": {"uv": [12.5, 10, 12.625, 10.75], "texture": "#0"},
				"west": {"uv": [2, 9, 2.25, 9.75], "texture": "#0"},
				"up": {"uv": [14.125, 14.25, 14, 14], "texture": "#0"},
				"down": {"uv": [0.125, 14.5, 0, 14.75], "texture": "#0"}
			}
		},
		{
			"name": "hexadecagon",
			"from": [8.25027, 7, 7.15],
			"to": [8.34973, 8.5, 7.25],
			"rotation": {"angle": 22.5, "axis": "y", "origin": [8.3, 8, 7]},
			"faces": {
				"north": {"uv": [9, 12.5, 9.125, 13.25], "texture": "#0"},
				"east": {"uv": [1, 9, 1.25, 9.75], "texture": "#0"},
				"south": {"uv": [12.5, 9, 12.625, 9.75], "texture": "#0"},
				"west": {"uv": [9, 1, 9.25, 1.75], "texture": "#0"},
				"up": {"uv": [13.625, 14.25, 13.5, 14], "texture": "#0"},
				"down": {"uv": [14.125, 13.5, 14, 13.75], "texture": "#0"}
			}
		},
		{
			"name": "hexadecagon",
			"from": [8.25027, 7, 7.15],
			"to": [8.34973, 8.5, 7.25],
			"rotation": {"angle": -22.5, "axis": "y", "origin": [8.3, 8, 7]},
			"faces": {
				"north": {"uv": [12.5, 11, 12.625, 11.75], "texture": "#0"},
				"east": {"uv": [9, 2, 9.25, 2.75], "texture": "#0"},
				"south": {"uv": [12.5, 12, 12.625, 12.75], "texture": "#0"},
				"west": {"uv": [2.5, 9, 2.75, 9.75], "texture": "#0"},
				"up": {"uv": [14.625, 0.25, 14.5, 0], "texture": "#0"},
				"down": {"uv": [0.625, 14.5, 0.5, 14.75], "texture": "#0"}
			}
		},
		{
			"name": "hexadecagon",
			"from": [8.25027, 7, 7.15],
			"to": [8.34973, 8.5, 7.25],
			"rotation": {"angle": -45, "axis": "y", "origin": [8.3, 8, 7]},
			"faces": {
				"north": {"uv": [0, 13, 0.125, 13.75], "texture": "#0"},
				"east": {"uv": [9, 3, 9.25, 3.75], "texture": "#0"},
				"south": {"uv": [13, 0, 13.125, 0.75], "texture": "#0"},
				"west": {"uv": [9, 4, 9.25, 4.75], "texture": "#0"},
				"up": {"uv": [14.625, 0.75, 14.5, 0.5], "texture": "#0"},
				"down": {"uv": [1.125, 14.5, 1, 14.75], "texture": "#0"}
			}
		},
		{
			"name": "hexadecagon",
			"from": [8.05, 7, 6.95027],
			"to": [8.15, 8.5, 7.04973],
			"rotation": {"angle": 22.5, "axis": "y", "origin": [8.3, 8, 7]},
			"faces": {
				"north": {"uv": [8.5, 4, 8.75, 4.75], "texture": "#0"},
				"east": {"uv": [12.5, 6, 12.625, 6.75], "texture": "#0"},
				"south": {"uv": [8.5, 5, 8.75, 5.75], "texture": "#0"},
				"west": {"uv": [6.5, 12.5, 6.625, 13.25], "texture": "#0"},
				"up": {"uv": [11.75, 14.125, 11.5, 14], "texture": "#0"},
				"down": {"uv": [14.25, 11.5, 14, 11.625], "texture": "#0"}
			}
		},
		{
			"name": "hexadecagon",
			"from": [8.05, 7, 6.95027],
			"to": [8.15, 8.5, 7.04973],
			"rotation": {"angle": 0, "axis": "y", "origin": [8.3, 8, 7]},
			"faces": {
				"north": {"uv": [8.5, 6, 8.75, 6.75], "texture": "#0"},
				"east": {"uv": [7, 12.5, 7.125, 13.25], "texture": "#0"},
				"south": {"uv": [8.5, 7, 8.75, 7.75], "texture": "#0"},
				"west": {"uv": [12.5, 7, 12.625, 7.75], "texture": "#0"},
				"up": {"uv": [12.25, 14.125, 12, 14], "texture": "#0"},
				"down": {"uv": [14.25, 12, 14, 12.125], "texture": "#0"}
			}
		},
		{
			"name": "hexadecagon",
			"from": [8.05, 7, 6.95027],
			"to": [8.15, 8.5, 7.04973],
			"rotation": {"angle": -22.5, "axis": "y", "origin": [8.3, 8, 7]},
			"faces": {
				"north": {"uv": [8.5, 8, 8.75, 8.75], "texture": "#0"},
				"east": {"uv": [7.5, 12.5, 7.625, 13.25], "texture": "#0"},
				"south": {"uv": [0, 9, 0.25, 9.75], "texture": "#0"},
				"west": {"uv": [8, 12.5, 8.125, 13.25], "texture": "#0"},
				"up": {"uv": [12.75, 14.125, 12.5, 14], "texture": "#0"},
				"down": {"uv": [14.25, 12.5, 14, 12.625], "texture": "#0"}
			}
		},
		{
			"name": "hexadecagon",
			"from": [8.25027, 7, 6.75],
			"to": [8.34973, 8.5, 6.85],
			"rotation": {"angle": 45, "axis": "y", "origin": [8.3, 8, 7]},
			"faces": {
				"north": {"uv": [12.5, 8, 12.625, 8.75], "texture": "#0"},
				"east": {"uv": [9, 0, 9.25, 0.75], "texture": "#0"},
				"south": {"uv": [8.5, 12.5, 8.625, 13.25], "texture": "#0"},
				"west": {"uv": [0.5, 9, 0.75, 9.75], "texture": "#0"},
				"up": {"uv": [13.125, 14.25, 13, 14], "texture": "#0"},
				"down": {"uv": [14.125, 13, 14, 13.25], "texture": "#0"}
			}
		},
		{
			"name": "hexadecagon",
			"from": [7.65027, 8.3, 6.85],
			"to": [7.94973, 8.4, 7.15],
			"rotation": {"angle": 0, "axis": "y", "origin": [7.3, 8, 7]},
			"faces": {
				"north": {"uv": [11.5, 10, 11.625, 10.75], "texture": "#0"},
				"east": {"uv": [7.5, 2, 7.75, 2.75], "texture": "#0"},
				"south": {"uv": [11.5, 11, 11.625, 11.75], "texture": "#0"},
				"west": {"uv": [3, 7.5, 3.25, 8.25], "texture": "#0"},
				"up": {"uv": [2.125, 14.25, 2, 14], "texture": "#0"},
				"down": {"uv": [14.125, 2, 14, 2.25], "texture": "#0"}
			}
		},
		{
			"name": "hexadecagon",
			"from": [7.75027, 7, 6.75],
			"to": [7.84973, 8.5, 6.85],
			"rotation": {"angle": -45, "axis": "y", "origin": [7.8, 8, 7]},
			"faces": {
				"north": {"uv": [0, 13, 0.125, 13.75], "texture": "#0"},
				"east": {"uv": [9, 3, 9.25, 3.75], "texture": "#0"},
				"south": {"uv": [13, 0, 13.125, 0.75], "texture": "#0"},
				"west": {"uv": [9, 4, 9.25, 4.75], "texture": "#0"},
				"up": {"uv": [14.625, 0.75, 14.5, 0.5], "texture": "#0"},
				"down": {"uv": [1.125, 14.5, 1, 14.75], "texture": "#0"}
			}
		},
		{
			"name": "hexadecagon",
			"from": [7.75027, 7, 6.75],
			"to": [7.84973, 8.5, 6.85],
			"rotation": {"angle": -22.5, "axis": "y", "origin": [7.8, 8, 7]},
			"faces": {
				"north": {"uv": [12.5, 11, 12.625, 11.75], "texture": "#0"},
				"east": {"uv": [9, 2, 9.25, 2.75], "texture": "#0"},
				"south": {"uv": [12.5, 12, 12.625, 12.75], "texture": "#0"},
				"west": {"uv": [2.5, 9, 2.75, 9.75], "texture": "#0"},
				"up": {"uv": [14.625, 0.25, 14.5, 0], "texture": "#0"},
				"down": {"uv": [0.625, 14.5, 0.5, 14.75], "texture": "#0"}
			}
		},
		{
			"name": "hexadecagon",
			"from": [7.75027, 7, 6.75],
			"to": [7.84973, 8.5, 6.85],
			"rotation": {"angle": 0, "axis": "y", "origin": [7.8, 8, 7]},
			"faces": {
				"north": {"uv": [10, 12.5, 10.125, 13.25], "texture": "#0"},
				"east": {"uv": [1.5, 9, 1.75, 9.75], "texture": "#0"},
				"south": {"uv": [12.5, 10, 12.625, 10.75], "texture": "#0"},
				"west": {"uv": [2, 9, 2.25, 9.75], "texture": "#0"},
				"up": {"uv": [14.125, 14.25, 14, 14], "texture": "#0"},
				"down": {"uv": [0.125, 14.5, 0, 14.75], "texture": "#0"}
			}
		},
		{
			"name": "hexadecagon",
			"from": [7.75027, 7, 6.75],
			"to": [7.84973, 8.5, 6.85],
			"rotation": {"angle": 22.5, "axis": "y", "origin": [7.8, 8, 7]},
			"faces": {
				"north": {"uv": [9, 12.5, 9.125, 13.25], "texture": "#0"},
				"east": {"uv": [1, 9, 1.25, 9.75], "texture": "#0"},
				"south": {"uv": [12.5, 9, 12.625, 9.75], "texture": "#0"},
				"west": {"uv": [9, 1, 9.25, 1.75], "texture": "#0"},
				"up": {"uv": [13.625, 14.25, 13.5, 14], "texture": "#0"},
				"down": {"uv": [14.125, 13.5, 14, 13.75], "texture": "#0"}
			}
		},
		{
			"name": "hexadecagon",
			"from": [7.75027, 7, 7.15],
			"to": [7.84973, 8.5, 7.25],
			"rotation": {"angle": 45, "axis": "y", "origin": [7.8, 8, 7]},
			"faces": {
				"north": {"uv": [12.5, 8, 12.625, 8.75], "texture": "#0"},
				"east": {"uv": [9, 0, 9.25, 0.75], "texture": "#0"},
				"south": {"uv": [8.5, 12.5, 8.625, 13.25], "texture": "#0"},
				"west": {"uv": [0.5, 9, 0.75, 9.75], "texture": "#0"},
				"up": {"uv": [13.125, 14.25, 13, 14], "texture": "#0"},
				"down": {"uv": [14.125, 13, 14, 13.25], "texture": "#0"}
			}
		},
		{
			"name": "hexadecagon",
			"from": [7.95, 7, 6.95027],
			"to": [8.05, 8.5, 7.04973],
			"rotation": {"angle": -22.5, "axis": "y", "origin": [7.8, 8, 7]},
			"faces": {
				"north": {"uv": [8.5, 8, 8.75, 8.75], "texture": "#0"},
				"east": {"uv": [7.5, 12.5, 7.625, 13.25], "texture": "#0"},
				"south": {"uv": [0, 9, 0.25, 9.75], "texture": "#0"},
				"west": {"uv": [8, 12.5, 8.125, 13.25], "texture": "#0"},
				"up": {"uv": [12.75, 14.125, 12.5, 14], "texture": "#0"},
				"down": {"uv": [14.25, 12.5, 14, 12.625], "texture": "#0"}
			}
		},
		{
			"name": "hexadecagon",
			"from": [7.95, 7, 6.95027],
			"to": [8.05, 8.5, 7.04973],
			"rotation": {"angle": 0, "axis": "y", "origin": [7.8, 8, 7]},
			"faces": {
				"north": {"uv": [8.5, 6, 8.75, 6.75], "texture": "#0"},
				"east": {"uv": [7, 12.5, 7.125, 13.25], "texture": "#0"},
				"south": {"uv": [8.5, 7, 8.75, 7.75], "texture": "#0"},
				"west": {"uv": [12.5, 7, 12.625, 7.75], "texture": "#0"},
				"up": {"uv": [12.25, 14.125, 12, 14], "texture": "#0"},
				"down": {"uv": [14.25, 12, 14, 12.125], "texture": "#0"}
			}
		},
		{
			"name": "hexadecagon",
			"from": [7.95, 7, 6.95027],
			"to": [8.05, 8.5, 7.04973],
			"rotation": {"angle": 22.5, "axis": "y", "origin": [7.8, 8, 7]},
			"faces": {
				"north": {"uv": [8.5, 4, 8.75, 4.75], "texture": "#0"},
				"east": {"uv": [12.5, 6, 12.625, 6.75], "texture": "#0"},
				"south": {"uv": [8.5, 5, 8.75, 5.75], "texture": "#0"},
				"west": {"uv": [6.5, 12.5, 6.625, 13.25], "texture": "#0"},
				"up": {"uv": [11.75, 14.125, 11.5, 14], "texture": "#0"},
				"down": {"uv": [14.25, 11.5, 14, 11.625], "texture": "#0"}
			}
		},
		{
			"name": "hexadecagon",
			"from": [7.75027, 7, 7.15],
			"to": [7.84973, 8.5, 7.25],
			"rotation": {"angle": 0, "axis": "y", "origin": [7.8, 8, 7]},
			"faces": {
				"north": {"uv": [10, 12.5, 10.125, 13.25], "texture": "#0"},
				"east": {"uv": [1.5, 9, 1.75, 9.75], "texture": "#0"},
				"south": {"uv": [12.5, 10, 12.625, 10.75], "texture": "#0"},
				"west": {"uv": [2, 9, 2.25, 9.75], "texture": "#0"},
				"up": {"uv": [14.125, 14.25, 14, 14], "texture": "#0"},
				"down": {"uv": [0.125, 14.5, 0, 14.75], "texture": "#0"}
			}
		},
		{
			"name": "hexadecagon",
			"from": [7.75027, 7, 7.15],
			"to": [7.84973, 8.5, 7.25],
			"rotation": {"angle": 22.5, "axis": "y", "origin": [7.8, 8, 7]},
			"faces": {
				"north": {"uv": [9, 12.5, 9.125, 13.25], "texture": "#0"},
				"east": {"uv": [1, 9, 1.25, 9.75], "texture": "#0"},
				"south": {"uv": [12.5, 9, 12.625, 9.75], "texture": "#0"},
				"west": {"uv": [9, 1, 9.25, 1.75], "texture": "#0"},
				"up": {"uv": [13.625, 14.25, 13.5, 14], "texture": "#0"},
				"down": {"uv": [14.125, 13.5, 14, 13.75], "texture": "#0"}
			}
		},
		{
			"name": "hexadecagon",
			"from": [7.75027, 7, 7.15],
			"to": [7.84973, 8.5, 7.25],
			"rotation": {"angle": -22.5, "axis": "y", "origin": [7.8, 8, 7]},
			"faces": {
				"north": {"uv": [12.5, 11, 12.625, 11.75], "texture": "#0"},
				"east": {"uv": [9, 2, 9.25, 2.75], "texture": "#0"},
				"south": {"uv": [12.5, 12, 12.625, 12.75], "texture": "#0"},
				"west": {"uv": [2.5, 9, 2.75, 9.75], "texture": "#0"},
				"up": {"uv": [14.625, 0.25, 14.5, 0], "texture": "#0"},
				"down": {"uv": [0.625, 14.5, 0.5, 14.75], "texture": "#0"}
			}
		},
		{
			"name": "hexadecagon",
			"from": [7.75027, 7, 7.15],
			"to": [7.84973, 8.5, 7.25],
			"rotation": {"angle": -45, "axis": "y", "origin": [7.8, 8, 7]},
			"faces": {
				"north": {"uv": [0, 13, 0.125, 13.75], "texture": "#0"},
				"east": {"uv": [9, 3, 9.25, 3.75], "texture": "#0"},
				"south": {"uv": [13, 0, 13.125, 0.75], "texture": "#0"},
				"west": {"uv": [9, 4, 9.25, 4.75], "texture": "#0"},
				"up": {"uv": [14.625, 0.75, 14.5, 0.5], "texture": "#0"},
				"down": {"uv": [1.125, 14.5, 1, 14.75], "texture": "#0"}
			}
		},
		{
			"name": "hexadecagon",
			"from": [7.55, 7, 6.95027],
			"to": [7.65, 8.5, 7.04973],
			"rotation": {"angle": 22.5, "axis": "y", "origin": [7.8, 8, 7]},
			"faces": {
				"north": {"uv": [8.5, 4, 8.75, 4.75], "texture": "#0"},
				"east": {"uv": [12.5, 6, 12.625, 6.75], "texture": "#0"},
				"south": {"uv": [8.5, 5, 8.75, 5.75], "texture": "#0"},
				"west": {"uv": [6.5, 12.5, 6.625, 13.25], "texture": "#0"},
				"up": {"uv": [11.75, 14.125, 11.5, 14], "texture": "#0"},
				"down": {"uv": [14.25, 11.5, 14, 11.625], "texture": "#0"}
			}
		},
		{
			"name": "hexadecagon",
			"from": [7.55, 7, 6.95027],
			"to": [7.65, 8.5, 7.04973],
			"rotation": {"angle": 0, "axis": "y", "origin": [7.8, 8, 7]},
			"faces": {
				"north": {"uv": [8.5, 6, 8.75, 6.75], "texture": "#0"},
				"east": {"uv": [7, 12.5, 7.125, 13.25], "texture": "#0"},
				"south": {"uv": [8.5, 7, 8.75, 7.75], "texture": "#0"},
				"west": {"uv": [12.5, 7, 12.625, 7.75], "texture": "#0"},
				"up": {"uv": [12.25, 14.125, 12, 14], "texture": "#0"},
				"down": {"uv": [14.25, 12, 14, 12.125], "texture": "#0"}
			}
		},
		{
			"name": "hexadecagon",
			"from": [7.55, 7, 6.95027],
			"to": [7.65, 8.5, 7.04973],
			"rotation": {"angle": -22.5, "axis": "y", "origin": [7.8, 8, 7]},
			"faces": {
				"north": {"uv": [8.5, 8, 8.75, 8.75], "texture": "#0"},
				"east": {"uv": [7.5, 12.5, 7.625, 13.25], "texture": "#0"},
				"south": {"uv": [0, 9, 0.25, 9.75], "texture": "#0"},
				"west": {"uv": [8, 12.5, 8.125, 13.25], "texture": "#0"},
				"up": {"uv": [12.75, 14.125, 12.5, 14], "texture": "#0"},
				"down": {"uv": [14.25, 12.5, 14, 12.625], "texture": "#0"}
			}
		},
		{
			"name": "hexadecagon",
			"from": [7.75027, 7, 6.75],
			"to": [7.84973, 8.5, 6.85],
			"rotation": {"angle": 45, "axis": "y", "origin": [7.8, 8, 7]},
			"faces": {
				"north": {"uv": [12.5, 8, 12.625, 8.75], "texture": "#0"},
				"east": {"uv": [9, 0, 9.25, 0.75], "texture": "#0"},
				"south": {"uv": [8.5, 12.5, 8.625, 13.25], "texture": "#0"},
				"west": {"uv": [0.5, 9, 0.75, 9.75], "texture": "#0"},
				"up": {"uv": [13.125, 14.25, 13, 14], "texture": "#0"},
				"down": {"uv": [14.125, 13, 14, 13.25], "texture": "#0"}
			}
		}
	],
	"display": {
		"firstperson_righthand": {
			"rotation": [8, 124, 0],
			"translation": [-1.25, 4.25, 4]
		},
		"firstperson_lefthand": {
			"rotation": [0, 124, 0],
			"translation": [-0.75, 4.25, 4]
		},
		"ground": {
			"translation": [0, -2.25, 0],
			"scale": [1.5, 1.5, 1.5]
		},
		"gui": {
			"rotation": [37, 155, 0],
			"translation": [0.5, 0, 0],
			"scale": [3, 3, 3]
		}
	},
	"groups": [
		0,
		1,
		2,
		3,
		4,
		5,
		6,
		7,
		8,
		{
			"name": "hexadecagon",
			"origin": [8, 8, 8],
			"color": 0,
			"children": [
				9,
				10,
				11,
				12,
				13,
				14,
				15,
				16,
				17,
				18,
				19,
				20,
				21,
				22,
				23,
				24,
				25,
				26,
				27,
				28,
				29,
				30,
				31,
				32,
				33,
				34,
				35,
				36,
				37,
				38,
				39,
				40,
				41,
				42,
				43,
				44,
				45,
				46,
				47,
				48,
				49,
				50,
				51,
				52,
				53,
				54,
				55,
				56,
				57,
				58,
				59
			]
		},
		{
			"name": "hexadecagon",
			"origin": [8, 8, 8],
			"color": 0,
			"children": [
				60,
				61,
				62,
				63,
				64,
				65,
				66,
				67,
				68,
				69,
				70,
				71,
				72,
				73,
				74,
				75,
				76,
				77,
				78,
				79,
				80,
				81,
				82,
				83,
				84,
				85,
				86,
				87,
				88,
				89,
				90,
				91,
				92,
				93,
				94,
				95,
				96,
				97,
				98,
				99,
				100,
				101,
				102,
				103,
				104,
				105,
				106,
				107,
				108,
				109,
				110
			]
		},
		{
			"name": "hexadecagon",
			"origin": [8, 8, 8],
			"color": 0,
			"children": [
				111,
				112,
				113,
				114,
				115,
				116,
				117,
				118,
				119,
				120,
				121,
				122,
				123,
				124,
				125,
				126,
				127,
				128,
				129,
				130,
				131,
				132,
				133,
				134,
				135,
				136,
				137,
				138,
				139,
				140,
				141,
				142,
				143,
				144,
				145,
				146,
				147,
				148,
				149,
				150,
				151,
				152,
				153,
				154,
				155,
				156,
				157,
				158,
				159,
				160,
				161
			]
		}
	]
}