{
	"credit": "Made with Blockbench",
	"texture_size": [32, 32],
	"textures": {
		"0": "item/pfammo",
		"particle": "item/pfammo"
	},
	"elements": [
		{
			"from": [4.24264, -3.48528, 1],
			"to": [5.64264, -2.48528, 3],
			"rotation": {"angle": -45, "axis": "z", "origin": [13.24264, -5.48528, 0]},
			"faces": {
				"north": {"uv": [1, 10.5, 1.75, 11], "texture": "#0"},
				"east": {"uv": [9, 6.5, 10, 7], "texture": "#0"},
				"south": {"uv": [2, 10.5, 2.75, 11], "texture": "#0"},
				"west": {"uv": [9, 7, 10, 7.5], "texture": "#0"},
				"up": {"uv": [9.25, 1, 8.5, 0], "texture": "#0"},
				"down": {"uv": [9.25, 1, 8.5, 2], "texture": "#0"}
			}
		},
		{
			"from": [10.35736, -3.48528, 1],
			"to": [11.75736, -2.48528, 3],
			"rotation": {"angle": 45, "axis": "z", "origin": [2.75736, -5.48528, 0]},
			"faces": {
				"north": {"uv": [3, 10.5, 3.75, 11], "texture": "#0"},
				"east": {"uv": [9, 9, 10, 9.5], "texture": "#0"},
				"south": {"uv": [10.5, 4.5, 11.25, 5], "texture": "#0"},
				"west": {"uv": [0, 9.5, 1, 10], "texture": "#0"},
				"up": {"uv": [9.25, 3, 8.5, 2], "texture": "#0"},
				"down": {"uv": [3.75, 8.5, 3, 9.5], "texture": "#0"}
			}
		},
		{
			"from": [9.62174, 0, 3.01703],
			"to": [10.57174, 1.9, 5.48703],
			"rotation": {"angle": 22.5, "axis": "y", "origin": [-0.16326, 0, 5.10703]},
			"faces": {
				"north": {"uv": [9.5, 0, 10, 1], "texture": "#0"},
				"east": {"uv": [6, 0, 7.25, 1], "texture": "#0"},
				"south": {"uv": [1, 9.5, 1.5, 10.5], "texture": "#0"},
				"west": {"uv": [6, 1, 7.25, 2], "texture": "#0"},
				"up": {"uv": [8, 9.25, 7.5, 8], "texture": "#0"},
				"down": {"uv": [9, 6, 8.5, 7.25], "texture": "#0"}
			}
		},
		{
			"from": [7.05, -1.10316, 5.34999],
			"to": [8.95, -0.15316, 7.81999],
			"rotation": {"angle": 22.5, "axis": "x", "origin": [0.4, 15.23684, 4.96999]},
			"faces": {
				"north": {"uv": [9.5, 1, 10.5, 1.5], "texture": "#0"},
				"east": {"uv": [8.5, 7.5, 9.75, 8], "texture": "#0"},
				"south": {"uv": [1.5, 9.5, 2.5, 10], "texture": "#0"},
				"west": {"uv": [8.5, 8, 9.75, 8.5], "texture": "#0"},
				"up": {"uv": [4, 7.25, 3, 6], "texture": "#0"},
				"down": {"uv": [5, 6, 4, 7.25], "texture": "#0"}
			}
		},
		{
			"from": [7.05, 2.82176, 0.28398],
			"to": [8.95, 3.77176, 2.75398],
			"rotation": {"angle": -22.5, "axis": "x", "origin": [0.4, -0.21824, 4.36898]},
			"faces": {
				"north": {"uv": [9.5, 1.5, 10.5, 2], "texture": "#0"},
				"east": {"uv": [8.5, 8.5, 9.75, 9], "texture": "#0"},
				"south": {"uv": [9.5, 2, 10.5, 2.5], "texture": "#0"},
				"west": {"uv": [9, 6, 10.25, 6.5], "texture": "#0"},
				"up": {"uv": [6, 7.25, 5, 6], "texture": "#0"},
				"down": {"uv": [7, 6, 6, 7.25], "texture": "#0"}
			}
		},
		{
			"from": [5.42826, 0, 3.01703],
			"to": [6.37826, 1.9, 5.48703],
			"rotation": {"angle": -22.5, "axis": "y", "origin": [16.16326, 0, 5.10703]},
			"faces": {
				"north": {"uv": [2.5, 9.5, 3, 10.5], "texture": "#0"},
				"east": {"uv": [7, 5, 8.25, 6], "texture": "#0"},
				"south": {"uv": [9.5, 2.5, 10, 3.5], "texture": "#0"},
				"west": {"uv": [7, 6, 8.25, 7], "texture": "#0"},
				"up": {"uv": [8.5, 10.25, 8, 9], "texture": "#0"},
				"down": {"uv": [9, 9, 8.5, 10.25], "texture": "#0"}
			}
		},
		{
			"from": [7, -1.16122, -3.81052],
			"to": [9, -0.16122, -0.21052],
			"rotation": {"angle": -22.5, "axis": "x", "origin": [0, 16.03878, -0.81052]},
			"faces": {
				"north": {"uv": [3, 9.5, 4, 10], "texture": "#0"},
				"east": {"uv": [4, 7.5, 5.75, 8], "texture": "#0"},
				"south": {"uv": [9.5, 3.5, 10.5, 4], "texture": "#0"},
				"west": {"uv": [7.5, 4, 9.25, 4.5], "texture": "#0"},
				"up": {"uv": [3, 2.75, 2, 1], "texture": "#0"},
				"down": {"uv": [1, 3, 0, 4.75], "texture": "#0"}
			}
		},
		{
			"from": [7, 2.97027, 1.52213],
			"to": [9, 3.97027, 5.12213],
			"rotation": {"angle": 22.5, "axis": "x", "origin": [0, -0.22973, -0.17787]},
			"faces": {
				"north": {"uv": [4, 9.5, 5, 10], "texture": "#0"},
				"east": {"uv": [7.5, 4.5, 9.25, 5], "texture": "#0"},
				"south": {"uv": [9.5, 4, 10.5, 4.5], "texture": "#0"},
				"west": {"uv": [4, 8, 5.75, 8.5], "texture": "#0"},
				"up": {"uv": [2, 4.75, 1, 3], "texture": "#0"},
				"down": {"uv": [4, 1, 3, 2.75], "texture": "#0"}
			}
		},
		{
			"from": [7, 2, 1],
			"to": [9, 3, 3],
			"faces": {
				"north": {"uv": [9.5, 4.5, 10.5, 5], "texture": "#0"},
				"east": {"uv": [5, 9.5, 6, 10], "texture": "#0"},
				"south": {"uv": [9.5, 5, 10.5, 5.5], "texture": "#0"},
				"west": {"uv": [9.5, 5.5, 10.5, 6], "texture": "#0"},
				"up": {"uv": [8, 8, 7, 7], "texture": "#0"},
				"down": {"uv": [8.5, 0, 7.5, 1], "texture": "#0"}
			}
		},
		{
			"from": [8.49949, -8, 1],
			"to": [9.89949, -7, 3],
			"rotation": {"angle": -45, "axis": "z", "origin": [16.89949, -1, 0]},
			"faces": {
				"north": {"uv": [10.5, 5, 11.25, 5.5], "texture": "#0"},
				"east": {"uv": [6, 9.5, 7, 10], "texture": "#0"},
				"south": {"uv": [10.5, 5.5, 11.25, 6], "texture": "#0"},
				"west": {"uv": [9, 9.5, 10, 10], "texture": "#0"},
				"up": {"uv": [9.25, 4, 8.5, 3], "texture": "#0"},
				"down": {"uv": [4.75, 8.5, 4, 9.5], "texture": "#0"}
			}
		},
		{
			"from": [6.10051, -8, 1],
			"to": [7.50051, -7, 3],
			"rotation": {"angle": 45, "axis": "z", "origin": [-0.89949, -1, 0]},
			"faces": {
				"north": {"uv": [10.5, 6, 11.25, 6.5], "texture": "#0"},
				"east": {"uv": [0, 10, 1, 10.5], "texture": "#0"},
				"south": {"uv": [10.5, 6.5, 11.25, 7], "texture": "#0"},
				"west": {"uv": [10, 0, 11, 0.5], "texture": "#0"},
				"up": {"uv": [5.75, 9.5, 5, 8.5], "texture": "#0"},
				"down": {"uv": [9.25, 5, 8.5, 6], "texture": "#0"}
			}
		},
		{
			"from": [7, -1, 1],
			"to": [9, 0, 3],
			"faces": {
				"north": {"uv": [10, 0.5, 11, 1], "texture": "#0"},
				"east": {"uv": [1.5, 10, 2.5, 10.5], "texture": "#0"},
				"south": {"uv": [10, 2.5, 11, 3], "texture": "#0"},
				"west": {"uv": [3, 10, 4, 10.5], "texture": "#0"},
				"up": {"uv": [8.5, 2, 7.5, 1], "texture": "#0"},
				"down": {"uv": [8.5, 2, 7.5, 3], "texture": "#0"}
			}
		},
		{
			"from": [5.29291, 0, -1.35477],
			"to": [6.29291, 2, 2.24523],
			"rotation": {"angle": 22.5, "axis": "y", "origin": [16.59291, 0, -0.95477]},
			"faces": {
				"north": {"uv": [7.5, 9.5, 8, 10.5], "texture": "#0"},
				"east": {"uv": [2, 3, 3.75, 4], "texture": "#0"},
				"south": {"uv": [4, 10, 4.5, 11], "texture": "#0"},
				"west": {"uv": [4, 0, 5.75, 1], "texture": "#0"},
				"up": {"uv": [6.5, 9.25, 6, 7.5], "texture": "#0"},
				"down": {"uv": [7, 7.5, 6.5, 9.25], "texture": "#0"}
			}
		},
		{
			"from": [9.70709, 0, -1.35477],
			"to": [10.70709, 2, 2.24523],
			"rotation": {"angle": -22.5, "axis": "y", "origin": [-0.59291, 0, -0.95477]},
			"faces": {
				"north": {"uv": [4.5, 10, 5, 11], "texture": "#0"},
				"east": {"uv": [4, 1, 5.75, 2], "texture": "#0"},
				"south": {"uv": [5, 10, 5.5, 11], "texture": "#0"},
				"west": {"uv": [2, 4, 3.75, 5], "texture": "#0"},
				"up": {"uv": [7.5, 9.75, 7, 8], "texture": "#0"},
				"down": {"uv": [8.5, 7, 8, 8.75], "texture": "#0"}
			}
		},
		{
			"from": [6, 0, 1],
			"to": [10, 2, 3],
			"faces": {
				"north": {"uv": [0, 0, 2, 1], "texture": "#0"},
				"east": {"uv": [3, 7.5, 4, 8.5], "texture": "#0"},
				"south": {"uv": [0, 1, 2, 2], "texture": "#0"},
				"west": {"uv": [7.5, 3, 8.5, 4], "texture": "#0"},
				"up": {"uv": [2, 3, 0, 2], "texture": "#0"},
				"down": {"uv": [4, 0, 2, 1], "texture": "#0"}
			}
		},
		{
			"name": "hexadecagon",
			"from": [7.92044, 0.6, 5.5],
			"to": [8.07956, 1.4, 12.5],
			"rotation": {"angle": -45, "axis": "z", "origin": [8, 1, 8]},
			"faces": {
				"north": {"uv": [10.5, 7, 10.625, 7.375], "texture": "#0"},
				"east": {"uv": [4, 2, 7.5, 2.375], "texture": "#0"},
				"south": {"uv": [7.5, 10.5, 7.625, 10.875], "texture": "#0"},
				"west": {"uv": [4, 2.5, 7.5, 2.875], "texture": "#0"},
				"up": {"uv": [5.625, 13.5, 5.5, 10], "texture": "#0"},
				"down": {"uv": [6.125, 10, 6, 13.5], "texture": "#0"}
			}
		},
		{
			"name": "hexadecagon",
			"from": [7.92044, 0.6, 5.5],
			"to": [8.07956, 1.4, 12.5],
			"rotation": {"angle": -22.5, "axis": "z", "origin": [8, 1, 8]},
			"faces": {
				"north": {"uv": [10.5, 7.5, 10.625, 7.875], "texture": "#0"},
				"east": {"uv": [4, 3, 7.5, 3.375], "texture": "#0"},
				"south": {"uv": [8, 10.5, 8.125, 10.875], "texture": "#0"},
				"west": {"uv": [4, 3.5, 7.5, 3.875], "texture": "#0"},
				"up": {"uv": [6.625, 13.5, 6.5, 10], "texture": "#0"},
				"down": {"uv": [10.125, 6.5, 10, 10], "texture": "#0"}
			}
		},
		{
			"name": "hexadecagon",
			"from": [7.92044, 0.6, 5.5],
			"to": [8.07956, 1.4, 12.5],
			"rotation": {"angle": 0, "axis": "z", "origin": [8, 1, 8]},
			"faces": {
				"north": {"uv": [10.5, 8, 10.625, 8.375], "texture": "#0"},
				"east": {"uv": [4, 4, 7.5, 4.375], "texture": "#0"},
				"south": {"uv": [8.5, 10.5, 8.625, 10.875], "texture": "#0"},
				"west": {"uv": [4, 4.5, 7.5, 4.875], "texture": "#0"},
				"up": {"uv": [7.125, 13.5, 7, 10], "texture": "#0"},
				"down": {"uv": [9.125, 10, 9, 13.5], "texture": "#0"}
			}
		},
		{
			"name": "hexadecagon",
			"from": [7.92044, 0.6, 5.5],
			"to": [8.07956, 1.4, 12.5],
			"rotation": {"angle": 22.5, "axis": "z", "origin": [8, 1, 8]},
			"faces": {
				"north": {"uv": [10.5, 8.5, 10.625, 8.875], "texture": "#0"},
				"east": {"uv": [0, 5, 3.5, 5.375], "texture": "#0"},
				"south": {"uv": [10.5, 9, 10.625, 9.375], "texture": "#0"},
				"west": {"uv": [3.5, 5, 7, 5.375], "texture": "#0"},
				"up": {"uv": [9.625, 13.5, 9.5, 10], "texture": "#0"},
				"down": {"uv": [10.125, 10, 10, 13.5], "texture": "#0"}
			}
		},
		{
			"name": "hexadecagon",
			"from": [7.92044, 0.6, 5.5],
			"to": [8.07956, 1.4, 12.5],
			"rotation": {"angle": 45, "axis": "z", "origin": [8, 1, 8]},
			"faces": {
				"north": {"uv": [10.5, 9.5, 10.625, 9.875], "texture": "#0"},
				"east": {"uv": [0, 5.5, 3.5, 5.875], "texture": "#0"},
				"south": {"uv": [10.5, 10, 10.625, 10.375], "texture": "#0"},
				"west": {"uv": [3.5, 5.5, 7, 5.875], "texture": "#0"},
				"up": {"uv": [0.125, 14, 0, 10.5], "texture": "#0"},
				"down": {"uv": [0.625, 10.5, 0.5, 14], "texture": "#0"}
			}
		},
		{
			"name": "hexadecagon",
			"from": [7.6, 0.92044, 5.5],
			"to": [8.4, 1.07956, 12.5],
			"rotation": {"angle": -22.5, "axis": "z", "origin": [8, 1, 8]},
			"faces": {
				"north": {"uv": [10.5, 10.5, 10.875, 10.625], "texture": "#0"},
				"east": {"uv": [10, 3, 13.5, 3.125], "texture": "#0"},
				"south": {"uv": [11, 0, 11.375, 0.125], "texture": "#0"},
				"west": {"uv": [10.5, 1, 14, 1.125], "texture": "#0"},
				"up": {"uv": [0.375, 9.5, 0, 6], "texture": "#0"},
				"down": {"uv": [0.875, 6, 0.5, 9.5], "texture": "#0"}
			}
		},
		{
			"name": "hexadecagon",
			"from": [7.6, 0.92044, 5.5],
			"to": [8.4, 1.07956, 12.5],
			"rotation": {"angle": 0, "axis": "z", "origin": [8, 1, 8]},
			"faces": {
				"north": {"uv": [11, 0.5, 11.375, 0.625], "texture": "#0"},
				"east": {"uv": [10.5, 1.5, 14, 1.625], "texture": "#0"},
				"south": {"uv": [1, 11, 1.375, 11.125], "texture": "#0"},
				"west": {"uv": [10.5, 2, 14, 2.125], "texture": "#0"},
				"up": {"uv": [1.375, 9.5, 1, 6], "texture": "#0"},
				"down": {"uv": [1.875, 6, 1.5, 9.5], "texture": "#0"}
			}
		},
		{
			"name": "hexadecagon",
			"from": [7.6, 0.92044, 5.5],
			"to": [8.4, 1.07956, 12.5],
			"rotation": {"angle": 22.5, "axis": "z", "origin": [8, 1, 8]},
			"faces": {
				"north": {"uv": [1.5, 11, 1.875, 11.125], "texture": "#0"},
				"east": {"uv": [10.5, 3.5, 14, 3.625], "texture": "#0"},
				"south": {"uv": [2, 11, 2.375, 11.125], "texture": "#0"},
				"west": {"uv": [10.5, 4, 14, 4.125], "texture": "#0"},
				"up": {"uv": [2.375, 9.5, 2, 6], "texture": "#0"},
				"down": {"uv": [2.875, 6, 2.5, 9.5], "texture": "#0"}
			}
		}
	],
	"gui_light": "front",
	"display": {
		"thirdperson_righthand": {
			"rotation": [70, 0, 0],
			"translation": [0, 2, 7.25]
		},
		"thirdperson_lefthand": {
			"rotation": [70, 0, 0],
			"translation": [0, 2, 7.25]
		},
		"firstperson_righthand": {
			"rotation": [42, 0, 0],
			"translation": [5, 4.5, 4]
		},
		"firstperson_lefthand": {
			"rotation": [42, 0, 0],
			"translation": [5, 4.5, 4]
		},
		"ground": {
			"translation": [0, 5.75, 0]
		},
		"gui": {
			"rotation": [80, 43, -57],
			"translation": [8, 4, 0],
			"scale": [1.3, 1.3, 1.3]
		}
	},
	"groups": [
		0,
		1,
		2,
		3,
		4,
		5,
		6,
		7,
		8,
		9,
		10,
		11,
		12,
		13,
		14,
		{
			"name": "hexadecagon",
			"origin": [8, 8, 8],
			"color": 0,
			"children": [15, 16, 17, 18, 19, 20, 21, 22]
		}
	]
}