{
	"credit": "Made with Blockbench",
	"texture_size": [32, 32],
	"textures": {
		"0": "item/11mm",
		"particle": "item/11mm"
	},
	"elements": [
		{
			"from": [7.4, -8.3, 3.2],
			"to": [8.6, -3.3, 4.9],
			"faces": {
				"north": {"uv": [2, 0, 2.625, 2.5], "texture": "#0"},
				"east": {"uv": [0, 0, 0.875, 2.5], "texture": "#0"},
				"south": {"uv": [0, 2.5, 0.625, 5], "texture": "#0"},
				"west": {"uv": [1, 0, 1.875, 2.5], "texture": "#0"},
				"up": {"uv": [4.625, 0.875, 4, 0], "texture": "#0"},
				"down": {"uv": [4.625, 1, 4, 1.875], "texture": "#0"}
			}
		},
		{
			"from": [7.3, -3.3, 3.1],
			"to": [8.7, -1.3, 5],
			"faces": {
				"north": {"uv": [3, 0, 3.75, 1], "texture": "#0"},
				"east": {"uv": [1, 2.5, 2, 3.5], "texture": "#0"},
				"south": {"uv": [3, 1, 3.75, 2], "texture": "#0"},
				"west": {"uv": [2, 2.5, 3, 3.5], "texture": "#0"},
				"up": {"uv": [3.75, 3, 3, 2], "texture": "#0"},
				"down": {"uv": [3.75, 3, 3, 4], "texture": "#0"}
			}
		},
		{
			"from": [7.4, -8.5, 3],
			"to": [8.6, -8.3, 4.9],
			"faces": {
				"north": {"uv": [4.5, 4, 5.125, 4.125], "texture": "#0"},
				"east": {"uv": [1, 4.5, 2, 4.625], "texture": "#0"},
				"south": {"uv": [4.5, 4.5, 5.125, 4.625], "texture": "#0"},
				"west": {"uv": [2, 4.5, 3, 4.625], "texture": "#0"},
				"up": {"uv": [1.625, 4.5, 1, 3.5], "texture": "#0"},
				"down": {"uv": [2.625, 3.5, 2, 4.5], "texture": "#0"}
			}
		},
		{
			"from": [7.4, -0.15216, 4.32669],
			"to": [7.5, 0.54784, 4.72669],
			"rotation": {"angle": 22.5, "axis": "x", "origin": [0, 1.24784, 0.92669]},
			"faces": {
				"north": {"uv": [4, 5, 4.125, 5.375], "texture": "#0"},
				"east": {"uv": [3, 4.5, 3.25, 4.875], "texture": "#0"},
				"south": {"uv": [4.5, 5, 4.625, 5.375], "texture": "#0"},
				"west": {"uv": [3.5, 4.5, 3.75, 4.875], "texture": "#0"},
				"up": {"uv": [5.625, 0.25, 5.5, 0], "texture": "#0"},
				"down": {"uv": [0.625, 5.5, 0.5, 5.75], "texture": "#0"}
			}
		},
		{
			"from": [8.5, -0.15216, 4.32669],
			"to": [8.6, 0.54784, 4.72669],
			"rotation": {"angle": 22.5, "axis": "x", "origin": [16, 1.24784, 0.92669]},
			"faces": {
				"north": {"uv": [5, 5, 5.125, 5.375], "texture": "#0"},
				"east": {"uv": [4.5, 3.5, 4.75, 3.875], "texture": "#0"},
				"south": {"uv": [0, 5.5, 0.125, 5.875], "texture": "#0"},
				"west": {"uv": [4, 4.5, 4.25, 4.875], "texture": "#0"},
				"up": {"uv": [5.625, 0.75, 5.5, 0.5], "texture": "#0"},
				"down": {"uv": [1.125, 5.5, 1, 5.75], "texture": "#0"}
			}
		},
		{
			"from": [7.4, -1.3, 3.8],
			"to": [8.6, -0.7, 4.9],
			"faces": {
				"north": {"uv": [3, 4, 3.625, 4.25], "texture": "#0"},
				"east": {"uv": [4, 3.5, 4.5, 3.75], "texture": "#0"},
				"south": {"uv": [4, 3, 4.625, 3.25], "texture": "#0"},
				"west": {"uv": [4, 4, 4.5, 4.25], "texture": "#0"},
				"up": {"uv": [4.625, 2.5, 4, 2], "texture": "#0"},
				"down": {"uv": [4.625, 2.5, 4, 3], "texture": "#0"}
			}
		},
		{
			"name": "hexadecagon",
			"from": [7.94669, -1.344, 3.54],
			"to": [8.05331, -0.808, 3.9688],
			"rotation": {"angle": -45, "axis": "z", "origin": [8, -1.076, 3.7008]},
			"faces": {
				"north": {"uv": [5.5, 1, 5.625, 1.25], "texture": "#0"},
				"east": {"uv": [0, 5, 0.25, 5.25], "texture": "#0"},
				"south": {"uv": [1.5, 5.5, 1.625, 5.75], "texture": "#0"},
				"west": {"uv": [5, 0, 5.25, 0.25], "texture": "#0"},
				"up": {"uv": [5.625, 1.75, 5.5, 1.5], "texture": "#0"},
				"down": {"uv": [2.125, 5.5, 2, 5.75], "texture": "#0"}
			}
		},
		{
			"name": "hexadecagon",
			"from": [7.94669, -1.344, 3.54],
			"to": [8.05331, -0.808, 3.9688],
			"rotation": {"angle": -22.5, "axis": "z", "origin": [8, -1.076, 3.7008]},
			"faces": {
				"north": {"uv": [5.5, 2, 5.625, 2.25], "texture": "#0"},
				"east": {"uv": [0.5, 5, 0.75, 5.25], "texture": "#0"},
				"south": {"uv": [2.5, 5.5, 2.625, 5.75], "texture": "#0"},
				"west": {"uv": [5, 0.5, 5.25, 0.75], "texture": "#0"},
				"up": {"uv": [5.625, 2.75, 5.5, 2.5], "texture": "#0"},
				"down": {"uv": [3.125, 5.5, 3, 5.75], "texture": "#0"}
			}
		},
		{
			"name": "hexadecagon",
			"from": [7.94669, -1.344, 3.54],
			"to": [8.05331, -0.808, 3.9688],
			"rotation": {"angle": 0, "axis": "y", "origin": [8, -1.076, 3.7008]},
			"faces": {
				"north": {"uv": [5.5, 3, 5.625, 3.25], "texture": "#0"},
				"east": {"uv": [1, 5, 1.25, 5.25], "texture": "#0"},
				"south": {"uv": [3.5, 5.5, 3.625, 5.75], "texture": "#0"},
				"west": {"uv": [5, 1, 5.25, 1.25], "texture": "#0"},
				"up": {"uv": [5.625, 3.75, 5.5, 3.5], "texture": "#0"},
				"down": {"uv": [4.125, 5.5, 4, 5.75], "texture": "#0"}
			}
		},
		{
			"name": "hexadecagon",
			"from": [7.94669, -1.344, 3.54],
			"to": [8.05331, -0.808, 3.9688],
			"rotation": {"angle": 22.5, "axis": "z", "origin": [8, -1.076, 3.7008]},
			"faces": {
				"north": {"uv": [5.5, 4, 5.625, 4.25], "texture": "#0"},
				"east": {"uv": [1.5, 5, 1.75, 5.25], "texture": "#0"},
				"south": {"uv": [4.5, 5.5, 4.625, 5.75], "texture": "#0"},
				"west": {"uv": [5, 1.5, 5.25, 1.75], "texture": "#0"},
				"up": {"uv": [5.625, 4.75, 5.5, 4.5], "texture": "#0"},
				"down": {"uv": [5.125, 5.5, 5, 5.75], "texture": "#0"}
			}
		},
		{
			"name": "hexadecagon",
			"from": [7.96609, -1.24973, 3.23797],
			"to": [8.03391, -0.90874, 3.32939],
			"rotation": {"angle": -45, "axis": "z", "origin": [8, -1.07923, 3.15889]},
			"faces": {
				"north": {"uv": [6.5, 7, 6.625, 7.125], "texture": "#0"},
				"east": {"uv": [7, 6.5, 7.125, 6.625], "texture": "#0"},
				"south": {"uv": [7, 7, 7.125, 7.125], "texture": "#0"},
				"west": {"uv": [0, 7.5, 0.125, 7.625], "texture": "#0"},
				"up": {"uv": [7.625, 0.125, 7.5, 0], "texture": "#0"},
				"down": {"uv": [0.625, 7.5, 0.5, 7.625], "texture": "#0"}
			}
		},
		{
			"name": "hexadecagon",
			"from": [7.96609, -1.24973, 3.23797],
			"to": [8.03391, -0.90874, 3.32939],
			"rotation": {"angle": -22.5, "axis": "z", "origin": [8, -1.07923, 3.15889]},
			"faces": {
				"north": {"uv": [7.5, 0.5, 7.625, 0.625], "texture": "#0"},
				"east": {"uv": [1, 7.5, 1.125, 7.625], "texture": "#0"},
				"south": {"uv": [7.5, 1, 7.625, 1.125], "texture": "#0"},
				"west": {"uv": [1.5, 7.5, 1.625, 7.625], "texture": "#0"},
				"up": {"uv": [7.625, 1.625, 7.5, 1.5], "texture": "#0"},
				"down": {"uv": [2.125, 7.5, 2, 7.625], "texture": "#0"}
			}
		},
		{
			"name": "hexadecagon",
			"from": [7.96609, -1.24973, 3.23797],
			"to": [8.03391, -0.90874, 3.32939],
			"rotation": {"angle": 0, "axis": "y", "origin": [8, -1.07923, 3.15889]},
			"faces": {
				"north": {"uv": [7.5, 2, 7.625, 2.125], "texture": "#0"},
				"east": {"uv": [2.5, 7.5, 2.625, 7.625], "texture": "#0"},
				"south": {"uv": [7.5, 2.5, 7.625, 2.625], "texture": "#0"},
				"west": {"uv": [3, 7.5, 3.125, 7.625], "texture": "#0"},
				"up": {"uv": [7.625, 3.125, 7.5, 3], "texture": "#0"},
				"down": {"uv": [3.625, 7.5, 3.5, 7.625], "texture": "#0"}
			}
		},
		{
			"name": "hexadecagon",
			"from": [7.96609, -1.24973, 3.23797],
			"to": [8.03391, -0.90874, 3.32939],
			"rotation": {"angle": 22.5, "axis": "z", "origin": [8, -1.07923, 3.15889]},
			"faces": {
				"north": {"uv": [7.5, 3.5, 7.625, 3.625], "texture": "#0"},
				"east": {"uv": [4, 7.5, 4.125, 7.625], "texture": "#0"},
				"south": {"uv": [7.5, 4, 7.625, 4.125], "texture": "#0"},
				"west": {"uv": [4.5, 7.5, 4.625, 7.625], "texture": "#0"},
				"up": {"uv": [7.625, 4.625, 7.5, 4.5], "texture": "#0"},
				"down": {"uv": [5.125, 7.5, 5, 7.625], "texture": "#0"}
			}
		},
		{
			"name": "hexadecagon",
			"from": [7.96609, -1.24973, 3.23797],
			"to": [8.03391, -0.90874, 3.32939],
			"rotation": {"angle": 45, "axis": "z", "origin": [8, -1.07923, 3.15889]},
			"faces": {
				"north": {"uv": [7.5, 5, 7.625, 5.125], "texture": "#0"},
				"east": {"uv": [5.5, 7.5, 5.625, 7.625], "texture": "#0"},
				"south": {"uv": [7.5, 5.5, 7.625, 5.625], "texture": "#0"},
				"west": {"uv": [6, 7.5, 6.125, 7.625], "texture": "#0"},
				"up": {"uv": [7.625, 6.125, 7.5, 6], "texture": "#0"},
				"down": {"uv": [6.625, 7.5, 6.5, 7.625], "texture": "#0"}
			}
		},
		{
			"name": "hexadecagon",
			"from": [7.8295, -1.11315, 3.23797],
			"to": [8.1705, -1.04532, 3.32939],
			"rotation": {"angle": -22.5, "axis": "z", "origin": [8, -1.07923, 3.15889]},
			"faces": {
				"north": {"uv": [7.5, 6.5, 7.625, 6.625], "texture": "#0"},
				"east": {"uv": [7, 7.5, 7.125, 7.625], "texture": "#0"},
				"south": {"uv": [7.5, 7, 7.625, 7.125], "texture": "#0"},
				"west": {"uv": [7.5, 7.5, 7.625, 7.625], "texture": "#0"},
				"up": {"uv": [0.125, 8.125, 0, 8], "texture": "#0"},
				"down": {"uv": [8.125, 0, 8, 0.125], "texture": "#0"}
			}
		},
		{
			"name": "hexadecagon",
			"from": [7.8295, -1.11315, 3.23797],
			"to": [8.1705, -1.04532, 3.32939],
			"rotation": {"angle": 0, "axis": "y", "origin": [8, -1.07923, 3.15889]},
			"faces": {
				"north": {"uv": [0.5, 8, 0.625, 8.125], "texture": "#0"},
				"east": {"uv": [8, 0.5, 8.125, 0.625], "texture": "#0"},
				"south": {"uv": [1, 8, 1.125, 8.125], "texture": "#0"},
				"west": {"uv": [8, 1, 8.125, 1.125], "texture": "#0"},
				"up": {"uv": [1.625, 8.125, 1.5, 8], "texture": "#0"},
				"down": {"uv": [8.125, 1.5, 8, 1.625], "texture": "#0"}
			}
		},
		{
			"name": "hexadecagon",
			"from": [7.8295, -1.11315, 3.23797],
			"to": [8.1705, -1.04532, 3.32939],
			"rotation": {"angle": 22.5, "axis": "z", "origin": [8, -1.07923, 3.15889]},
			"faces": {
				"north": {"uv": [2, 8, 2.125, 8.125], "texture": "#0"},
				"east": {"uv": [8, 2, 8.125, 2.125], "texture": "#0"},
				"south": {"uv": [2.5, 8, 2.625, 8.125], "texture": "#0"},
				"west": {"uv": [8, 2.5, 8.125, 2.625], "texture": "#0"},
				"up": {"uv": [3.125, 8.125, 3, 8], "texture": "#0"},
				"down": {"uv": [8.125, 3, 8, 3.125], "texture": "#0"}
			}
		},
		{
			"name": "hexadecagon",
			"from": [7.94669, -1.344, 3.54],
			"to": [8.05331, -0.808, 3.9688],
			"rotation": {"angle": 45, "axis": "z", "origin": [8, -1.076, 3.7008]},
			"faces": {
				"north": {"uv": [5.5, 5, 5.625, 5.25], "texture": "#0"},
				"east": {"uv": [2, 5, 2.25, 5.25], "texture": "#0"},
				"south": {"uv": [5.5, 5.5, 5.625, 5.75], "texture": "#0"},
				"west": {"uv": [5, 2, 5.25, 2.25], "texture": "#0"},
				"up": {"uv": [0.125, 6.25, 0, 6], "texture": "#0"},
				"down": {"uv": [6.125, 0, 6, 0.25], "texture": "#0"}
			}
		},
		{
			"name": "hexadecagon",
			"from": [7.732, -1.12931, 3.54],
			"to": [8.268, -1.02269, 3.9688],
			"rotation": {"angle": -22.5, "axis": "z", "origin": [8, -1.076, 3.7008]},
			"faces": {
				"north": {"uv": [0.5, 6, 0.75, 6.125], "texture": "#0"},
				"east": {"uv": [6, 0.5, 6.25, 0.625], "texture": "#0"},
				"south": {"uv": [1, 6, 1.25, 6.125], "texture": "#0"},
				"west": {"uv": [6, 1, 6.25, 1.125], "texture": "#0"},
				"up": {"uv": [2.75, 5.25, 2.5, 5], "texture": "#0"},
				"down": {"uv": [5.25, 2.5, 5, 2.75], "texture": "#0"}
			}
		},
		{
			"name": "hexadecagon",
			"from": [7.94989, -1.32256, 3.41243],
			"to": [8.05011, -0.81872, 3.5475],
			"rotation": {"angle": -45, "axis": "z", "origin": [8, -1.07064, 3.29558]},
			"faces": {
				"north": {"uv": [1.5, 6, 1.625, 6.25], "texture": "#0"},
				"east": {"uv": [6, 1.5, 6.125, 1.75], "texture": "#0"},
				"south": {"uv": [2, 6, 2.125, 6.25], "texture": "#0"},
				"west": {"uv": [6, 2, 6.125, 2.25], "texture": "#0"},
				"up": {"uv": [3.625, 8.125, 3.5, 8], "texture": "#0"},
				"down": {"uv": [8.125, 3.5, 8, 3.625], "texture": "#0"}
			}
		},
		{
			"name": "hexadecagon",
			"from": [7.94989, -1.32256, 3.41243],
			"to": [8.05011, -0.81872, 3.5475],
			"rotation": {"angle": -22.5, "axis": "z", "origin": [8, -1.07064, 3.29558]},
			"faces": {
				"north": {"uv": [2.5, 6, 2.625, 6.25], "texture": "#0"},
				"east": {"uv": [6, 2.5, 6.125, 2.75], "texture": "#0"},
				"south": {"uv": [3, 6, 3.125, 6.25], "texture": "#0"},
				"west": {"uv": [6, 3, 6.125, 3.25], "texture": "#0"},
				"up": {"uv": [4.125, 8.125, 4, 8], "texture": "#0"},
				"down": {"uv": [8.125, 4, 8, 4.125], "texture": "#0"}
			}
		},
		{
			"name": "hexadecagon",
			"from": [7.94989, -1.32256, 3.41243],
			"to": [8.05011, -0.81872, 3.5475],
			"rotation": {"angle": 0, "axis": "y", "origin": [8, -1.07064, 3.29558]},
			"faces": {
				"north": {"uv": [3.5, 6, 3.625, 6.25], "texture": "#0"},
				"east": {"uv": [6, 3.5, 6.125, 3.75], "texture": "#0"},
				"south": {"uv": [4, 6, 4.125, 6.25], "texture": "#0"},
				"west": {"uv": [6, 4, 6.125, 4.25], "texture": "#0"},
				"up": {"uv": [4.625, 8.125, 4.5, 8], "texture": "#0"},
				"down": {"uv": [8.125, 4.5, 8, 4.625], "texture": "#0"}
			}
		},
		{
			"name": "hexadecagon",
			"from": [7.94989, -1.32256, 3.41243],
			"to": [8.05011, -0.81872, 3.5475],
			"rotation": {"angle": 22.5, "axis": "z", "origin": [8, -1.07064, 3.29558]},
			"faces": {
				"north": {"uv": [4.5, 6, 4.625, 6.25], "texture": "#0"},
				"east": {"uv": [6, 4.5, 6.125, 4.75], "texture": "#0"},
				"south": {"uv": [5, 6, 5.125, 6.25], "texture": "#0"},
				"west": {"uv": [6, 5, 6.125, 5.25], "texture": "#0"},
				"up": {"uv": [5.125, 8.125, 5, 8], "texture": "#0"},
				"down": {"uv": [8.125, 5, 8, 5.125], "texture": "#0"}
			}
		},
		{
			"name": "hexadecagon",
			"from": [7.94989, -1.32256, 3.41243],
			"to": [8.05011, -0.81872, 3.5475],
			"rotation": {"angle": 45, "axis": "z", "origin": [8, -1.07064, 3.29558]},
			"faces": {
				"north": {"uv": [5.5, 6, 5.625, 6.25], "texture": "#0"},
				"east": {"uv": [6, 5.5, 6.125, 5.75], "texture": "#0"},
				"south": {"uv": [6, 6, 6.125, 6.25], "texture": "#0"},
				"west": {"uv": [0, 6.5, 0.125, 6.75], "texture": "#0"},
				"up": {"uv": [5.625, 8.125, 5.5, 8], "texture": "#0"},
				"down": {"uv": [8.125, 5.5, 8, 5.625], "texture": "#0"}
			}
		},
		{
			"name": "hexadecagon",
			"from": [7.74808, -1.12075, 3.41243],
			"to": [8.25192, -1.02053, 3.5475],
			"rotation": {"angle": -22.5, "axis": "z", "origin": [8, -1.07064, 3.29558]},
			"faces": {
				"north": {"uv": [6.5, 0, 6.75, 0.125], "texture": "#0"},
				"east": {"uv": [6, 8, 6.125, 8.125], "texture": "#0"},
				"south": {"uv": [0.5, 6.5, 0.75, 6.625], "texture": "#0"},
				"west": {"uv": [8, 6, 8.125, 6.125], "texture": "#0"},
				"up": {"uv": [6.75, 0.625, 6.5, 0.5], "texture": "#0"},
				"down": {"uv": [1.25, 6.5, 1, 6.625], "texture": "#0"}
			}
		},
		{
			"name": "hexadecagon",
			"from": [7.74808, -1.12075, 3.41243],
			"to": [8.25192, -1.02053, 3.5475],
			"rotation": {"angle": 0, "axis": "y", "origin": [8, -1.07064, 3.29558]},
			"faces": {
				"north": {"uv": [6.5, 1, 6.75, 1.125], "texture": "#0"},
				"east": {"uv": [6.5, 8, 6.625, 8.125], "texture": "#0"},
				"south": {"uv": [1.5, 6.5, 1.75, 6.625], "texture": "#0"},
				"west": {"uv": [8, 6.5, 8.125, 6.625], "texture": "#0"},
				"up": {"uv": [6.75, 1.625, 6.5, 1.5], "texture": "#0"},
				"down": {"uv": [2.25, 6.5, 2, 6.625], "texture": "#0"}
			}
		},
		{
			"name": "hexadecagon",
			"from": [7.74808, -1.12075, 3.41243],
			"to": [8.25192, -1.02053, 3.5475],
			"rotation": {"angle": 22.5, "axis": "z", "origin": [8, -1.07064, 3.29558]},
			"faces": {
				"north": {"uv": [6.5, 2, 6.75, 2.125], "texture": "#0"},
				"east": {"uv": [7, 8, 7.125, 8.125], "texture": "#0"},
				"south": {"uv": [2.5, 6.5, 2.75, 6.625], "texture": "#0"},
				"west": {"uv": [8, 7, 8.125, 7.125], "texture": "#0"},
				"up": {"uv": [6.75, 2.625, 6.5, 2.5], "texture": "#0"},
				"down": {"uv": [3.25, 6.5, 3, 6.625], "texture": "#0"}
			}
		},
		{
			"name": "hexadecagon",
			"from": [7.9529, -1.30241, 3.30217],
			"to": [8.0471, -0.8288, 3.42913],
			"rotation": {"angle": -45, "axis": "z", "origin": [8, -1.0656, 3.19233]},
			"faces": {
				"north": {"uv": [6.5, 3, 6.625, 3.25], "texture": "#0"},
				"east": {"uv": [3.5, 6.5, 3.625, 6.75], "texture": "#0"},
				"south": {"uv": [6.5, 3.5, 6.625, 3.75], "texture": "#0"},
				"west": {"uv": [4, 6.5, 4.125, 6.75], "texture": "#0"},
				"up": {"uv": [7.625, 8.125, 7.5, 8], "texture": "#0"},
				"down": {"uv": [8.125, 7.5, 8, 7.625], "texture": "#0"}
			}
		},
		{
			"name": "hexadecagon",
			"from": [7.9529, -1.30241, 3.30217],
			"to": [8.0471, -0.8288, 3.42913],
			"rotation": {"angle": -22.5, "axis": "z", "origin": [8, -1.0656, 3.19233]},
			"faces": {
				"north": {"uv": [6.5, 4, 6.625, 4.25], "texture": "#0"},
				"east": {"uv": [4.5, 6.5, 4.625, 6.75], "texture": "#0"},
				"south": {"uv": [6.5, 4.5, 6.625, 4.75], "texture": "#0"},
				"west": {"uv": [5, 6.5, 5.125, 6.75], "texture": "#0"},
				"up": {"uv": [8.125, 8.125, 8, 8], "texture": "#0"},
				"down": {"uv": [0.125, 8.5, 0, 8.625], "texture": "#0"}
			}
		},
		{
			"name": "hexadecagon",
			"from": [7.9529, -1.30241, 3.30217],
			"to": [8.0471, -0.8288, 3.42913],
			"rotation": {"angle": 0, "axis": "y", "origin": [8, -1.0656, 3.19233]},
			"faces": {
				"north": {"uv": [6.5, 5, 6.625, 5.25], "texture": "#0"},
				"east": {"uv": [5.5, 6.5, 5.625, 6.75], "texture": "#0"},
				"south": {"uv": [6.5, 5.5, 6.625, 5.75], "texture": "#0"},
				"west": {"uv": [6, 6.5, 6.125, 6.75], "texture": "#0"},
				"up": {"uv": [8.625, 0.125, 8.5, 0], "texture": "#0"},
				"down": {"uv": [0.625, 8.5, 0.5, 8.625], "texture": "#0"}
			}
		},
		{
			"name": "hexadecagon",
			"from": [7.9529, -1.30241, 3.30217],
			"to": [8.0471, -0.8288, 3.42913],
			"rotation": {"angle": 22.5, "axis": "z", "origin": [8, -1.0656, 3.19233]},
			"faces": {
				"north": {"uv": [6.5, 6, 6.625, 6.25], "texture": "#0"},
				"east": {"uv": [6.5, 6.5, 6.625, 6.75], "texture": "#0"},
				"south": {"uv": [0, 7, 0.125, 7.25], "texture": "#0"},
				"west": {"uv": [7, 0, 7.125, 0.25], "texture": "#0"},
				"up": {"uv": [8.625, 0.625, 8.5, 0.5], "texture": "#0"},
				"down": {"uv": [1.125, 8.5, 1, 8.625], "texture": "#0"}
			}
		},
		{
			"name": "hexadecagon",
			"from": [7.9529, -1.30241, 3.30217],
			"to": [8.0471, -0.8288, 3.42913],
			"rotation": {"angle": 45, "axis": "z", "origin": [8, -1.0656, 3.19233]},
			"faces": {
				"north": {"uv": [0.5, 7, 0.625, 7.25], "texture": "#0"},
				"east": {"uv": [7, 0.5, 7.125, 0.75], "texture": "#0"},
				"south": {"uv": [1, 7, 1.125, 7.25], "texture": "#0"},
				"west": {"uv": [7, 1, 7.125, 1.25], "texture": "#0"},
				"up": {"uv": [8.625, 1.125, 8.5, 1], "texture": "#0"},
				"down": {"uv": [1.625, 8.5, 1.5, 8.625], "texture": "#0"}
			}
		},
		{
			"name": "hexadecagon",
			"from": [7.7632, -1.11271, 3.30217],
			"to": [8.2368, -1.0185, 3.42913],
			"rotation": {"angle": -22.5, "axis": "z", "origin": [8, -1.0656, 3.19233]},
			"faces": {
				"north": {"uv": [1.5, 7, 1.75, 7.125], "texture": "#0"},
				"east": {"uv": [8.5, 1.5, 8.625, 1.625], "texture": "#0"},
				"south": {"uv": [7, 1.5, 7.25, 1.625], "texture": "#0"},
				"west": {"uv": [2, 8.5, 2.125, 8.625], "texture": "#0"},
				"up": {"uv": [2.25, 7.125, 2, 7], "texture": "#0"},
				"down": {"uv": [7.25, 2, 7, 2.125], "texture": "#0"}
			}
		},
		{
			"name": "hexadecagon",
			"from": [7.7632, -1.11271, 3.30217],
			"to": [8.2368, -1.0185, 3.42913],
			"rotation": {"angle": 0, "axis": "y", "origin": [8, -1.0656, 3.19233]},
			"faces": {
				"north": {"uv": [2.5, 7, 2.75, 7.125], "texture": "#0"},
				"east": {"uv": [8.5, 2, 8.625, 2.125], "texture": "#0"},
				"south": {"uv": [7, 2.5, 7.25, 2.625], "texture": "#0"},
				"west": {"uv": [2.5, 8.5, 2.625, 8.625], "texture": "#0"},
				"up": {"uv": [3.25, 7.125, 3, 7], "texture": "#0"},
				"down": {"uv": [7.25, 3, 7, 3.125], "texture": "#0"}
			}
		},
		{
			"name": "hexadecagon",
			"from": [7.7632, -1.11271, 3.30217],
			"to": [8.2368, -1.0185, 3.42913],
			"rotation": {"angle": 22.5, "axis": "z", "origin": [8, -1.0656, 3.19233]},
			"faces": {
				"north": {"uv": [3.5, 7, 3.75, 7.125], "texture": "#0"},
				"east": {"uv": [8.5, 2.5, 8.625, 2.625], "texture": "#0"},
				"south": {"uv": [7, 3.5, 7.25, 3.625], "texture": "#0"},
				"west": {"uv": [3, 8.5, 3.125, 8.625], "texture": "#0"},
				"up": {"uv": [4.25, 7.125, 4, 7], "texture": "#0"},
				"down": {"uv": [7.25, 4, 7, 4.125], "texture": "#0"}
			}
		},
		{
			"name": "hexadecagon",
			"from": [7.732, -1.12931, 3.54],
			"to": [8.268, -1.02269, 3.9688],
			"rotation": {"angle": 0, "axis": "y", "origin": [8, -1.076, 3.7008]},
			"faces": {
				"north": {"uv": [4.5, 7, 4.75, 7.125], "texture": "#0"},
				"east": {"uv": [7, 4.5, 7.25, 4.625], "texture": "#0"},
				"south": {"uv": [5, 7, 5.25, 7.125], "texture": "#0"},
				"west": {"uv": [7, 5, 7.25, 5.125], "texture": "#0"},
				"up": {"uv": [3.25, 5.25, 3, 5], "texture": "#0"},
				"down": {"uv": [5.25, 3, 5, 3.25], "texture": "#0"}
			}
		},
		{
			"name": "hexadecagon",
			"from": [7.732, -1.12931, 3.54],
			"to": [8.268, -1.02269, 3.9688],
			"rotation": {"angle": 22.5, "axis": "z", "origin": [8, -1.076, 3.7008]},
			"faces": {
				"north": {"uv": [5.5, 7, 5.75, 7.125], "texture": "#0"},
				"east": {"uv": [7, 5.5, 7.25, 5.625], "texture": "#0"},
				"south": {"uv": [6, 7, 6.25, 7.125], "texture": "#0"},
				"west": {"uv": [7, 6, 7.25, 6.125], "texture": "#0"},
				"up": {"uv": [3.75, 5.25, 3.5, 5], "texture": "#0"},
				"down": {"uv": [5.25, 3.5, 5, 3.75], "texture": "#0"}
			}
		}
	],
	"display": {
		"thirdperson_righthand": {
			"rotation": [40, 0, 0],
			"translation": [0, 7, 11.75]
		},
		"thirdperson_lefthand": {
			"rotation": [40, 0, 0],
			"translation": [0, 7, 11.75]
		},
		"firstperson_righthand": {
			"rotation": [0, 33, 0],
			"translation": [7.5, 13, 0]
		},
		"firstperson_lefthand": {
			"rotation": [0, 33, 0],
			"translation": [7.5, 13, 0]
		},
		"ground": {
			"rotation": [0, 0, 90],
			"translation": [-12.75, -1.75, 4.25]
		},
		"gui": {
			"rotation": [0, 143, 0],
			"translation": [4.75, 21.25, 0],
			"scale": [1.7, 1.7, 1.7]
		}
	},
	"groups": [
		0,
		1,
		2,
		3,
		4,
		5,
		{
			"name": "hexadecagon",
			"origin": [8, 8, 8],
			"color": 0,
			"children": [
				6,
				7,
				8,
				9,
				{
					"name": "hexadecagon",
					"origin": [8, 8, 8],
					"color": 0,
					"children": [10, 11, 12, 13, 14, 15, 16, 17]
				},
				18,
				19,
				{
					"name": "hexadecagon",
					"origin": [8, 8, 8],
					"color": 0,
					"children": [20, 21, 22, 23, 24, 25, 26, 27]
				},
				{
					"name": "hexadecagon",
					"origin": [8, 8, 8],
					"color": 0,
					"children": [28, 29, 30, 31, 32, 33, 34, 35]
				},
				36,
				37
			]
		}
	]
}