{
	"credit": "Made with Blockbench",
	"texture_size": [64, 64],
	"textures": {
		"0": "item/guns/colt-m1873",
		"particle": "item/guns/colt-m1873"
	},
	"elements": [
		{
			"from": [7.7, 9.55, -2.25],
			"to": [8.3, 9.75, 7.025],
			"rotation": {"angle": 0, "axis": "y", "origin": [0, 8.25, 1.25]},
			"faces": {
				"north": {"uv": [0.258, 9.508, 0.40625, 9.5625], "texture": "#0"},
				"east": {"uv": [4.758, 1.258, 7.0625, 1.3125], "texture": "#0"},
				"south": {"uv": [9.508, 0.258, 9.65625, 0.3125], "texture": "#0"},
				"west": {"uv": [5.008, 0.008, 7.3125, 0.0625], "texture": "#0"},
				"up": {"uv": [0.15625, 2.3125, 0.008, 0.008], "texture": "#0"},
				"down": {"uv": [0.40625, 0.008, 0.258, 2.3125], "texture": "#0"}
			}
		},
		{
			"from": [7.7, 8.75, -2.25],
			"to": [8.3, 8.95, 7.025],
			"rotation": {"angle": 0, "axis": "y", "origin": [0, 7.45, 1.25]},
			"faces": {
				"north": {"uv": [0.508, 9.508, 0.65625, 9.5625], "texture": "#0"},
				"east": {"uv": [5.008, 0.258, 7.3125, 0.3125], "texture": "#0"},
				"south": {"uv": [9.508, 0.508, 9.65625, 0.5625], "texture": "#0"},
				"west": {"uv": [5.008, 0.508, 7.3125, 0.5625], "texture": "#0"},
				"up": {"uv": [0.65625, 2.3125, 0.508, 0.008], "texture": "#0"},
				"down": {"uv": [0.90625, 0.008, 0.758, 2.3125], "texture": "#0"}
			}
		},
		{
			"from": [7.9, 9.75, -2],
			"to": [8.1, 10.15, -1.5],
			"rotation": {"angle": 0, "axis": "y", "origin": [0, 8.25, -1]},
			"faces": {
				"north": {"uv": [9.508, 7.758, 9.5625, 7.84375], "texture": "#0"},
				"east": {"uv": [3.758, 9.258, 3.875, 9.34375], "texture": "#0"},
				"south": {"uv": [8.008, 9.508, 8.0625, 9.59375], "texture": "#0"},
				"west": {"uv": [9.258, 3.758, 9.375, 3.84375], "texture": "#0"},
				"up": {"uv": [9.5625, 5.375, 9.508, 5.258], "texture": "#0"},
				"down": {"uv": [5.5625, 9.508, 5.508, 9.625], "texture": "#0"}
			}
		},
		{
			"from": [3.95198, 16.49437, -2.275],
			"to": [4.25198, 16.69437, 7.025],
			"rotation": {"angle": -45, "axis": "z", "origin": [-2.24802, 7.99437, 1.25]},
			"faces": {
				"north": {"uv": [9.758, 6.508, 9.8125, 6.5625], "texture": "#0"},
				"east": {"uv": [5.008, 2.008, 7.3125, 2.0625], "texture": "#0"},
				"south": {"uv": [6.758, 9.758, 6.8125, 9.8125], "texture": "#0"},
				"west": {"uv": [5.008, 2.258, 7.3125, 2.3125], "texture": "#0"},
				"up": {"uv": [3.0625, 7.0625, 3.008, 4.758], "texture": "#0"},
				"down": {"uv": [0.8125, 5.008, 0.758, 7.3125], "texture": "#0"}
			}
		},
		{
			"from": [11.74802, 16.49437, -2.275],
			"to": [12.04802, 16.69437, 7.025],
			"rotation": {"angle": 45, "axis": "z", "origin": [18.24802, 7.99437, 1.25]},
			"faces": {
				"north": {"uv": [9.758, 6.758, 9.8125, 6.8125], "texture": "#0"},
				"east": {"uv": [5.008, 2.508, 7.3125, 2.5625], "texture": "#0"},
				"south": {"uv": [7.008, 9.758, 7.0625, 9.8125], "texture": "#0"},
				"west": {"uv": [3.258, 5.008, 5.5625, 5.0625], "texture": "#0"},
				"up": {"uv": [1.0625, 7.3125, 1.008, 5.008], "texture": "#0"},
				"down": {"uv": [1.3125, 5.258, 1.258, 7.5625], "texture": "#0"}
			}
		},
		{
			"from": [11.73589, 1.81777, -2.275],
			"to": [12.03589, 2.01777, 7.025],
			"rotation": {"angle": -45, "axis": "z", "origin": [18.23589, 10.51777, 1.25]},
			"faces": {
				"north": {"uv": [9.758, 7.008, 9.8125, 7.0625], "texture": "#0"},
				"east": {"uv": [5.008, 3.258, 7.3125, 3.3125], "texture": "#0"},
				"south": {"uv": [7.258, 9.758, 7.3125, 9.8125], "texture": "#0"},
				"west": {"uv": [5.008, 3.508, 7.3125, 3.5625], "texture": "#0"},
				"up": {"uv": [1.5625, 7.5625, 1.508, 5.258], "texture": "#0"},
				"down": {"uv": [1.8125, 5.258, 1.758, 7.5625], "texture": "#0"}
			}
		},
		{
			"from": [3.96411, 1.81777, -2.275],
			"to": [4.26411, 2.01777, 7.025],
			"rotation": {"angle": 45, "axis": "z", "origin": [-2.23589, 10.51777, 1.25]},
			"faces": {
				"north": {"uv": [9.758, 7.258, 9.8125, 7.3125], "texture": "#0"},
				"east": {"uv": [5.008, 4.258, 7.3125, 4.3125], "texture": "#0"},
				"south": {"uv": [7.508, 9.758, 7.5625, 9.8125], "texture": "#0"},
				"west": {"uv": [5.008, 4.508, 7.3125, 4.5625], "texture": "#0"},
				"up": {"uv": [2.0625, 7.5625, 2.008, 5.258], "texture": "#0"},
				"down": {"uv": [2.5625, 5.258, 2.508, 7.5625], "texture": "#0"}
			}
		},
		{
			"from": [7.5, 8.95, -2.25],
			"to": [7.7, 9.55, 7.025],
			"rotation": {"angle": 0, "axis": "y", "origin": [0, 8.25, 1.25]},
			"faces": {
				"north": {"uv": [0.758, 9.508, 0.8125, 9.65625], "texture": "#0"},
				"east": {"uv": [1.008, 0.008, 3.3125, 0.15625], "texture": "#0"},
				"south": {"uv": [9.508, 0.758, 9.5625, 0.90625], "texture": "#0"},
				"west": {"uv": [1.008, 0.258, 3.3125, 0.40625], "texture": "#0"},
				"up": {"uv": [2.8125, 7.5625, 2.758, 5.258], "texture": "#0"},
				"down": {"uv": [3.3125, 5.258, 3.258, 7.5625], "texture": "#0"}
			}
		},
		{
			"from": [8.3, 8.95, -2.25],
			"to": [8.5, 9.55, 7.025],
			"rotation": {"angle": 0, "axis": "y", "origin": [0.8, 8.25, 1.25]},
			"faces": {
				"north": {"uv": [1.008, 9.508, 1.0625, 9.65625], "texture": "#0"},
				"east": {"uv": [1.008, 0.508, 3.3125, 0.65625], "texture": "#0"},
				"south": {"uv": [9.508, 1.008, 9.5625, 1.15625], "texture": "#0"},
				"west": {"uv": [1.008, 0.758, 3.3125, 0.90625], "texture": "#0"},
				"up": {"uv": [3.5625, 7.5625, 3.508, 5.258], "texture": "#0"},
				"down": {"uv": [3.8125, 5.258, 3.758, 7.5625], "texture": "#0"}
			}
		},
		{
			"from": [8.41, 8.84, -1.2],
			"to": [8.89, 9, 5.8],
			"rotation": {"angle": 0, "axis": "y", "origin": [2.25, 7.8, 2.6]},
			"faces": {
				"north": {"uv": [9.758, 7.508, 9.875, 7.53125], "texture": "#0"},
				"east": {"uv": [7.508, 6.508, 9.242, 6.53125], "texture": "#0"},
				"south": {"uv": [7.758, 9.758, 7.875, 9.78125], "texture": "#0"},
				"west": {"uv": [7.508, 6.758, 9.242, 6.78125], "texture": "#0"},
				"up": {"uv": [1.125, 3.492, 1.008, 1.758], "texture": "#0"},
				"down": {"uv": [1.375, 1.758, 1.258, 3.492], "texture": "#0"}
			}
		},
		{
			"from": [5.41158, 14.3955, -1.22],
			"to": [5.65158, 14.5555, 5.8],
			"rotation": {"angle": -45, "axis": "z", "origin": [0.45158, 7.5955, 2.6]},
			"faces": {
				"north": {"uv": [4.758, 10.508, 4.8125, 10.53125], "texture": "#0"},
				"east": {"uv": [7.258, 7.508, 8.992, 7.53125], "texture": "#0"},
				"south": {"uv": [10.508, 4.758, 10.5625, 4.78125], "texture": "#0"},
				"west": {"uv": [7.758, 0.758, 9.492, 0.78125], "texture": "#0"},
				"up": {"uv": [0.5625, 7.242, 0.508, 5.508], "texture": "#0"},
				"down": {"uv": [2.3125, 5.508, 2.258, 7.242], "texture": "#0"}
			}
		},
		{
			"from": [11.64842, 14.3955, -1.22],
			"to": [11.88842, 14.5555, 7.575],
			"rotation": {"angle": 45, "axis": "z", "origin": [16.84842, 7.5955, 2.6]},
			"faces": {
				"north": {"uv": [5.008, 10.508, 5.0625, 10.53125], "texture": "#0"},
				"east": {"uv": [7.258, 7.008, 9.4375, 7.03125], "texture": "#0"},
				"south": {"uv": [10.508, 5.008, 10.5625, 5.03125], "texture": "#0"},
				"west": {"uv": [7.258, 7.258, 9.4375, 7.28125], "texture": "#0"},
				"up": {"uv": [5.0625, 7.4375, 5.008, 5.258], "texture": "#0"},
				"down": {"uv": [5.3125, 5.258, 5.258, 7.4375], "texture": "#0"}
			}
		},
		{
			"from": [5.42129, 2.65422, -1.22],
			"to": [5.66129, 2.81422, 5.8],
			"rotation": {"angle": 45, "axis": "z", "origin": [0.46129, 9.61422, 2.6]},
			"faces": {
				"north": {"uv": [5.258, 10.508, 5.3125, 10.53125], "texture": "#0"},
				"east": {"uv": [7.758, 1.008, 9.492, 1.03125], "texture": "#0"},
				"south": {"uv": [10.508, 5.258, 10.5625, 5.28125], "texture": "#0"},
				"west": {"uv": [7.758, 1.258, 9.492, 1.28125], "texture": "#0"},
				"up": {"uv": [5.5625, 7.492, 5.508, 5.758], "texture": "#0"},
				"down": {"uv": [5.8125, 5.758, 5.758, 7.492], "texture": "#0"}
			}
		},
		{
			"from": [5.42129, 2.75422, -1.02],
			"to": [5.66129, 3.41422, -0.8],
			"rotation": {"angle": 45, "axis": "z", "origin": [0.46129, 9.61422, 2.6]},
			"faces": {
				"north": {"uv": [1.258, 9.508, 1.3125, 9.65625], "texture": "#0"},
				"east": {"uv": [9.508, 1.258, 9.5625, 1.40625], "texture": "#0"},
				"south": {"uv": [1.508, 9.508, 1.5625, 9.65625], "texture": "#0"},
				"west": {"uv": [9.508, 1.508, 9.5625, 1.65625], "texture": "#0"},
				"up": {"uv": [9.8125, 7.8125, 9.758, 7.758], "texture": "#0"},
				"down": {"uv": [8.0625, 9.758, 8.008, 9.8125], "texture": "#0"}
			}
		},
		{
			"from": [8.89, 8.36, -1.2],
			"to": [9.05, 8.84, 5.8],
			"rotation": {"angle": 0, "axis": "y", "origin": [2.89, 7.8, 2.6]},
			"faces": {
				"north": {"uv": [9.758, 8.008, 9.78125, 8.125], "texture": "#0"},
				"east": {"uv": [1.508, 1.758, 3.242, 1.875], "texture": "#0"},
				"south": {"uv": [8.258, 9.758, 8.28125, 9.875], "texture": "#0"},
				"west": {"uv": [2.008, 1.008, 3.742, 1.125], "texture": "#0"},
				"up": {"uv": [6.28125, 9.242, 6.258, 7.508], "texture": "#0"},
				"down": {"uv": [6.53125, 7.508, 6.508, 9.242], "texture": "#0"}
			}
		},
		{
			"from": [8.41, 8.2, -1.2],
			"to": [8.89, 8.36, 5.8],
			"rotation": {"angle": 0, "axis": "y", "origin": [2.25, 7.16, 2.6]},
			"faces": {
				"north": {"uv": [9.758, 8.258, 9.875, 8.28125], "texture": "#0"},
				"east": {"uv": [7.758, 1.508, 9.492, 1.53125], "texture": "#0"},
				"south": {"uv": [8.508, 9.758, 8.625, 9.78125], "texture": "#0"},
				"west": {"uv": [7.758, 1.758, 9.492, 1.78125], "texture": "#0"},
				"up": {"uv": [1.625, 3.742, 1.508, 2.008], "texture": "#0"},
				"down": {"uv": [1.875, 2.008, 1.758, 3.742], "texture": "#0"}
			}
		},
		{
			"from": [8.25, 8.36, -1.2],
			"to": [8.41, 8.84, 5.8],
			"rotation": {"angle": 0, "axis": "y", "origin": [2.25, 7.8, 2.6]},
			"faces": {
				"north": {"uv": [9.758, 8.508, 9.78125, 8.625], "texture": "#0"},
				"east": {"uv": [2.008, 1.258, 3.742, 1.375], "texture": "#0"},
				"south": {"uv": [8.758, 9.758, 8.78125, 9.875], "texture": "#0"},
				"west": {"uv": [2.008, 1.508, 3.742, 1.625], "texture": "#0"},
				"up": {"uv": [0.03125, 9.492, 0.008, 7.758], "texture": "#0"},
				"down": {"uv": [0.28125, 7.758, 0.258, 9.492], "texture": "#0"}
			}
		},
		{
			"from": [8.157, 8.1397, -0.876],
			"to": [8.3522, 8.7497, -0.754],
			"rotation": {"angle": 0, "axis": "y", "origin": [0.837, 7.4565, 2.662]},
			"faces": {
				"north": {"uv": [1.758, 9.508, 1.8125, 9.65625], "texture": "#0"},
				"east": {"uv": [9.758, 4.508, 9.78125, 4.65625], "texture": "#0"},
				"south": {"uv": [9.508, 1.758, 9.5625, 1.90625], "texture": "#0"},
				"west": {"uv": [4.758, 9.758, 4.78125, 9.90625], "texture": "#0"},
				"up": {"uv": [5.5625, 10.53125, 5.508, 10.508], "texture": "#0"},
				"down": {"uv": [10.5625, 5.508, 10.508, 5.53125], "texture": "#0"}
			}
		},
		{
			"from": [7.7178, 8.1397, -0.876],
			"to": [7.913, 8.7497, -0.754],
			"rotation": {"angle": 0, "axis": "y", "origin": [0.3978, 7.4565, 2.662]},
			"faces": {
				"north": {"uv": [2.008, 9.508, 2.0625, 9.65625], "texture": "#0"},
				"east": {"uv": [9.758, 4.758, 9.78125, 4.90625], "texture": "#0"},
				"south": {"uv": [9.508, 2.008, 9.5625, 2.15625], "texture": "#0"},
				"west": {"uv": [5.008, 9.758, 5.03125, 9.90625], "texture": "#0"},
				"up": {"uv": [5.8125, 10.53125, 5.758, 10.508], "texture": "#0"},
				"down": {"uv": [10.5625, 5.758, 10.508, 5.78125], "texture": "#0"}
			}
		},
		{
			"from": [7.913, 8.1397, -0.876],
			"to": [8.157, 8.3227, -0.754],
			"rotation": {"angle": 0, "axis": "y", "origin": [0.5198, 7.4565, 2.662]},
			"faces": {
				"north": {"uv": [6.008, 10.508, 6.0625, 10.53125], "texture": "#0"},
				"east": {"uv": [10.758, 1.508, 10.78125, 1.53125], "texture": "#0"},
				"south": {"uv": [10.508, 6.008, 10.5625, 6.03125], "texture": "#0"},
				"west": {"uv": [1.758, 10.758, 1.78125, 10.78125], "texture": "#0"},
				"up": {"uv": [6.3125, 10.53125, 6.258, 10.508], "texture": "#0"},
				"down": {"uv": [10.5625, 6.258, 10.508, 6.28125], "texture": "#0"}
			}
		},
		{
			"from": [7.913, 8.5667, -0.876],
			"to": [8.157, 8.7497, -0.754],
			"rotation": {"angle": 0, "axis": "y", "origin": [0.5198, 7.8835, 2.662]},
			"faces": {
				"north": {"uv": [6.508, 10.508, 6.5625, 10.53125], "texture": "#0"},
				"east": {"uv": [10.758, 1.758, 10.78125, 1.78125], "texture": "#0"},
				"south": {"uv": [10.508, 6.508, 10.5625, 6.53125], "texture": "#0"},
				"west": {"uv": [2.008, 10.758, 2.03125, 10.78125], "texture": "#0"},
				"up": {"uv": [6.8125, 10.53125, 6.758, 10.508], "texture": "#0"},
				"down": {"uv": [10.5625, 6.758, 10.508, 6.78125], "texture": "#0"}
			}
		},
		{
			"from": [11.63871, 2.65422, -1.22],
			"to": [11.87871, 2.81422, 5.8],
			"rotation": {"angle": -45, "axis": "z", "origin": [16.83871, 9.61422, 2.6]},
			"faces": {
				"north": {"uv": [7.008, 10.508, 7.0625, 10.53125], "texture": "#0"},
				"east": {"uv": [7.758, 2.258, 9.492, 2.28125], "texture": "#0"},
				"south": {"uv": [10.508, 7.008, 10.5625, 7.03125], "texture": "#0"},
				"west": {"uv": [7.758, 2.508, 9.492, 2.53125], "texture": "#0"},
				"up": {"uv": [0.0625, 7.742, 0.008, 6.008], "texture": "#0"},
				"down": {"uv": [0.3125, 6.008, 0.258, 7.742], "texture": "#0"}
			}
		},
		{
			"from": [8.35, 8.1, 5.3],
			"to": [8.95, 9.1, 6.7],
			"rotation": {"angle": 0, "axis": "y", "origin": [0.65, 7.6, 2.75]},
			"faces": {
				"north": {"uv": [5.508, 8.008, 5.65625, 8.242], "texture": "#0"},
				"east": {"uv": [3.008, 2.508, 3.34375, 2.742], "texture": "#0"},
				"south": {"uv": [8.008, 5.508, 8.15625, 5.742], "texture": "#0"},
				"west": {"uv": [3.258, 1.758, 3.59375, 1.992], "texture": "#0"},
				"up": {"uv": [1.40625, 8.09375, 1.258, 7.758], "texture": "#0"},
				"down": {"uv": [1.65625, 7.758, 1.508, 8.09375], "texture": "#0"}
			}
		},
		{
			"from": [4.60198, 15.84437, 5.225],
			"to": [4.90198, 16.04437, 6.775],
			"rotation": {"angle": -45, "axis": "z", "origin": [-1.59802, 7.34437, 2.75]},
			"faces": {
				"north": {"uv": [9.758, 8.758, 9.8125, 8.8125], "texture": "#0"},
				"east": {"uv": [8.758, 3.508, 9.125, 3.5625], "texture": "#0"},
				"south": {"uv": [9.008, 9.758, 9.0625, 9.8125], "texture": "#0"},
				"west": {"uv": [3.758, 8.758, 4.125, 8.8125], "texture": "#0"},
				"up": {"uv": [4.3125, 9.125, 4.258, 8.758], "texture": "#0"},
				"down": {"uv": [8.8125, 4.258, 8.758, 4.625], "texture": "#0"}
			}
		},
		{
			"from": [12.39802, 15.84437, 5.25],
			"to": [12.69802, 16.04437, 6.75],
			"rotation": {"angle": 45, "axis": "z", "origin": [18.89802, 7.34437, 2.75]},
			"faces": {
				"north": {"uv": [9.758, 9.008, 9.8125, 9.0625], "texture": "#0"},
				"east": {"uv": [8.758, 3.758, 9.125, 3.8125], "texture": "#0"},
				"south": {"uv": [9.258, 9.758, 9.3125, 9.8125], "texture": "#0"},
				"west": {"uv": [4.508, 8.758, 4.875, 8.8125], "texture": "#0"},
				"up": {"uv": [8.8125, 5.125, 8.758, 4.758], "texture": "#0"},
				"down": {"uv": [5.0625, 8.758, 5.008, 9.125], "texture": "#0"}
			}
		},
		{
			"from": [12.38589, 1.16777, 5.225],
			"to": [12.68589, 1.36777, 6.775],
			"rotation": {"angle": -45, "axis": "z", "origin": [18.88589, 9.86777, 2.75]},
			"faces": {
				"north": {"uv": [9.758, 9.258, 9.8125, 9.3125], "texture": "#0"},
				"east": {"uv": [5.258, 8.758, 5.625, 8.8125], "texture": "#0"},
				"south": {"uv": [9.508, 9.758, 9.5625, 9.8125], "texture": "#0"},
				"west": {"uv": [7.508, 8.758, 7.875, 8.8125], "texture": "#0"},
				"up": {"uv": [5.8125, 9.125, 5.758, 8.758], "texture": "#0"},
				"down": {"uv": [8.8125, 8.008, 8.758, 8.375], "texture": "#0"}
			}
		},
		{
			"from": [4.61411, 1.16777, 5.225],
			"to": [4.91411, 1.36777, 6.775],
			"rotation": {"angle": 45, "axis": "z", "origin": [-1.58589, 9.86777, 2.75]},
			"faces": {
				"north": {"uv": [9.758, 9.508, 9.8125, 9.5625], "texture": "#0"},
				"east": {"uv": [8.258, 8.758, 8.625, 8.8125], "texture": "#0"},
				"south": {"uv": [9.758, 9.758, 9.8125, 9.8125], "texture": "#0"},
				"west": {"uv": [8.758, 8.758, 9.125, 8.8125], "texture": "#0"},
				"up": {"uv": [9.0625, 0.625, 9.008, 0.258], "texture": "#0"},
				"down": {"uv": [0.8125, 9.008, 0.758, 9.375], "texture": "#0"}
			}
		},
		{
			"from": [8.15, 8.3, 5.275],
			"to": [9.15, 8.9, 6.75],
			"rotation": {"angle": 0, "axis": "y", "origin": [0.65, 7.6, 2.75]},
			"faces": {
				"north": {"uv": [5.758, 8.008, 5.992, 8.15625], "texture": "#0"},
				"east": {"uv": [7.508, 0.508, 7.875, 0.65625], "texture": "#0"},
				"south": {"uv": [8.008, 5.758, 8.242, 5.90625], "texture": "#0"},
				"west": {"uv": [7.508, 2.008, 7.875, 2.15625], "texture": "#0"},
				"up": {"uv": [6.242, 6.125, 6.008, 5.758], "texture": "#0"},
				"down": {"uv": [6.492, 1.508, 6.258, 1.875], "texture": "#0"}
			}
		},
		{
			"from": [7.6, 8.65, 5.25],
			"to": [8.4, 9.85, 6.825],
			"rotation": {"angle": 0, "axis": "y", "origin": [0, 8.25, 2.6]},
			"faces": {
				"north": {"uv": [1.008, 7.508, 1.1875, 7.8125], "texture": "#0"},
				"east": {"uv": [5.758, 1.508, 6.15625, 1.8125], "texture": "#0"},
				"south": {"uv": [7.508, 2.258, 7.6875, 2.5625], "texture": "#0"},
				"west": {"uv": [5.758, 2.758, 6.15625, 3.0625], "texture": "#0"},
				"up": {"uv": [6.9375, 1.90625, 6.758, 1.508], "texture": "#0"},
				"down": {"uv": [6.9375, 2.758, 6.758, 3.15625], "texture": "#0"}
			}
		},
		{
			"from": [7.8, 8.175, 5.25],
			"to": [8.2, 8.65, 5.4],
			"rotation": {"angle": 0, "axis": "y", "origin": [0, 8.25, 2.6]},
			"faces": {
				"north": {"uv": [4.008, 9.258, 4.09375, 9.375], "texture": "#0"},
				"east": {"uv": [0.008, 10.008, 0.03125, 10.125], "texture": "#0"},
				"south": {"uv": [9.258, 4.008, 9.34375, 4.125], "texture": "#0"},
				"west": {"uv": [10.008, 0.008, 10.03125, 0.125], "texture": "#0"},
				"up": {"uv": [2.34375, 10.53125, 2.258, 10.508], "texture": "#0"},
				"down": {"uv": [10.59375, 2.258, 10.508, 2.28125], "texture": "#0"}
			}
		},
		{
			"from": [7.8, 7.75, 5.4],
			"to": [8.2, 9.95, 6.8],
			"rotation": {"angle": 0, "axis": "y", "origin": [0, 8.25, 2.6]},
			"faces": {
				"north": {"uv": [1.758, 7.758, 1.84375, 8.3125], "texture": "#0"},
				"east": {"uv": [0.758, 4.258, 1.09375, 4.8125], "texture": "#0"},
				"south": {"uv": [2.008, 7.758, 2.09375, 8.3125], "texture": "#0"},
				"west": {"uv": [4.258, 0.758, 4.59375, 1.3125], "texture": "#0"},
				"up": {"uv": [8.34375, 8.09375, 8.258, 7.758], "texture": "#0"},
				"down": {"uv": [8.34375, 8.258, 8.258, 8.59375], "texture": "#0"}
			}
		},
		{
			"from": [7.65, 7.67755, 15.30494],
			"to": [8.35, 7.92755, 15.60494],
			"rotation": {"angle": 45, "axis": "x", "origin": [0, 12.50255, 11.10494]},
			"faces": {
				"north": {"uv": [4.258, 9.258, 4.4375, 9.3125], "texture": "#0"},
				"east": {"uv": [0.258, 10.008, 0.3125, 10.0625], "texture": "#0"},
				"south": {"uv": [9.258, 4.258, 9.4375, 4.3125], "texture": "#0"},
				"west": {"uv": [10.008, 0.258, 10.0625, 0.3125], "texture": "#0"},
				"up": {"uv": [9.4375, 4.5625, 9.258, 4.508], "texture": "#0"},
				"down": {"uv": [4.9375, 9.258, 4.758, 9.3125], "texture": "#0"}
			}
		},
		{
			"from": [7.625, 6.62183, 8.01678],
			"to": [8.375, 6.72183, 8.59178],
			"rotation": {"angle": -22.5, "axis": "x", "origin": [0, 12.72183, 11.41678]},
			"faces": {
				"north": {"uv": [9.508, 8.008, 9.6875, 8.03125], "texture": "#0"},
				"east": {"uv": [0.508, 10.008, 0.625, 10.03125], "texture": "#0"},
				"south": {"uv": [8.258, 9.508, 8.4375, 9.53125], "texture": "#0"},
				"west": {"uv": [10.008, 0.508, 10.125, 0.53125], "texture": "#0"},
				"up": {"uv": [1.1875, 9.125, 1.008, 9.008], "texture": "#0"},
				"down": {"uv": [1.4375, 9.008, 1.258, 9.125], "texture": "#0"}
			}
		},
		{
			"from": [7.625, 5.9424, 12.90365],
			"to": [8.375, 6.4424, 13.00365],
			"rotation": {"angle": 22.5, "axis": "x", "origin": [0, 11.8424, 11.50365]},
			"faces": {
				"north": {"uv": [1.508, 9.008, 1.6875, 9.125], "texture": "#0"},
				"east": {"uv": [0.758, 10.008, 0.78125, 10.125], "texture": "#0"},
				"south": {"uv": [2.258, 9.008, 2.4375, 9.125], "texture": "#0"},
				"west": {"uv": [10.008, 0.758, 10.03125, 0.875], "texture": "#0"},
				"up": {"uv": [9.6875, 8.28125, 9.508, 8.258], "texture": "#0"},
				"down": {"uv": [8.6875, 9.508, 8.508, 9.53125], "texture": "#0"}
			}
		},
		{
			"from": [7.6, 11.33479, 12.10458],
			"to": [8.4, 12.13479, 12.20458],
			"rotation": {"angle": 45, "axis": "x", "origin": [0, 10.73479, 4.10458]},
			"faces": {
				"north": {"uv": [8.258, 3.258, 8.4375, 3.4375], "texture": "#0"},
				"east": {"uv": [9.508, 8.508, 9.53125, 8.6875], "texture": "#0"},
				"south": {"uv": [8.258, 3.508, 8.4375, 3.6875], "texture": "#0"},
				"west": {"uv": [8.758, 9.508, 8.78125, 9.6875], "texture": "#0"},
				"up": {"uv": [9.6875, 8.78125, 9.508, 8.758], "texture": "#0"},
				"down": {"uv": [9.1875, 9.508, 9.008, 9.53125], "texture": "#0"}
			}
		},
		{
			"from": [7.7, 5.23586, 11.98988],
			"to": [8.3, 5.33586, 12.48988],
			"rotation": {"angle": 22.5, "axis": "x", "origin": [0, 13.33586, 11.38988]},
			"faces": {
				"north": {"uv": [9.758, 5.008, 9.90625, 5.03125], "texture": "#0"},
				"east": {"uv": [1.008, 10.008, 1.125, 10.03125], "texture": "#0"},
				"south": {"uv": [5.258, 9.758, 5.40625, 9.78125], "texture": "#0"},
				"west": {"uv": [10.008, 1.008, 10.125, 1.03125], "texture": "#0"},
				"up": {"uv": [4.90625, 9.125, 4.758, 9.008], "texture": "#0"},
				"down": {"uv": [9.15625, 4.758, 9.008, 4.875], "texture": "#0"}
			}
		},
		{
			"from": [7.8, 11.02821, 5.69422],
			"to": [8.2, 11.52821, 5.79422],
			"rotation": {"angle": -45, "axis": "x", "origin": [0, 12.12821, 13.79422]},
			"faces": {
				"north": {"uv": [9.258, 4.758, 9.34375, 4.875], "texture": "#0"},
				"east": {"uv": [1.258, 10.008, 1.28125, 10.125], "texture": "#0"},
				"south": {"uv": [5.008, 9.258, 5.09375, 9.375], "texture": "#0"},
				"west": {"uv": [10.008, 1.258, 10.03125, 1.375], "texture": "#0"},
				"up": {"uv": [2.59375, 10.53125, 2.508, 10.508], "texture": "#0"},
				"down": {"uv": [10.59375, 2.508, 10.508, 2.53125], "texture": "#0"}
			}
		},
		{
			"from": [7.8, 8.84776, 6.72629],
			"to": [8.2, 9.64776, 6.82629],
			"rotation": {"angle": -22.5, "axis": "x", "origin": [0, 11.84776, 14.82629]},
			"faces": {
				"north": {"uv": [9.008, 5.508, 9.09375, 5.6875], "texture": "#0"},
				"east": {"uv": [9.508, 9.008, 9.53125, 9.1875], "texture": "#0"},
				"south": {"uv": [9.008, 5.758, 9.09375, 5.9375], "texture": "#0"},
				"west": {"uv": [9.258, 9.508, 9.28125, 9.6875], "texture": "#0"},
				"up": {"uv": [2.84375, 10.53125, 2.758, 10.508], "texture": "#0"},
				"down": {"uv": [10.59375, 2.758, 10.508, 2.78125], "texture": "#0"}
			}
		},
		{
			"from": [7.8, 4.46839, 10.6817],
			"to": [8.2, 4.86839, 10.7817],
			"rotation": {"angle": 22.5, "axis": "x", "origin": [0, 11.86839, 15.0817]},
			"faces": {
				"north": {"uv": [9.508, 3.758, 9.59375, 3.84375], "texture": "#0"},
				"east": {"uv": [3.008, 10.508, 3.03125, 10.59375], "texture": "#0"},
				"south": {"uv": [4.008, 9.508, 4.09375, 9.59375], "texture": "#0"},
				"west": {"uv": [10.508, 3.008, 10.53125, 3.09375], "texture": "#0"},
				"up": {"uv": [3.34375, 10.53125, 3.258, 10.508], "texture": "#0"},
				"down": {"uv": [10.59375, 3.258, 10.508, 3.28125], "texture": "#0"}
			}
		},
		{
			"from": [7.825, 6.86839, 8.1817],
			"to": [8.175, 7.16839, 8.2817],
			"rotation": {"angle": 0, "axis": "y", "origin": [0, 11.86839, 15.0817]},
			"faces": {
				"north": {"uv": [9.508, 9.258, 9.59375, 9.3125], "texture": "#0"},
				"east": {"uv": [7.258, 10.508, 7.28125, 10.5625], "texture": "#0"},
				"south": {"uv": [9.508, 9.508, 9.59375, 9.5625], "texture": "#0"},
				"west": {"uv": [10.508, 7.258, 10.53125, 7.3125], "texture": "#0"},
				"up": {"uv": [3.59375, 10.53125, 3.508, 10.508], "texture": "#0"},
				"down": {"uv": [10.59375, 3.508, 10.508, 3.53125], "texture": "#0"}
			}
		},
		{
			"from": [7.8, 10.0076, 6.53536],
			"to": [8.2, 10.3076, 6.63536],
			"rotation": {"angle": -22.5, "axis": "x", "origin": [0, 12.5076, 15.63536]},
			"faces": {
				"north": {"uv": [0.008, 9.758, 0.09375, 9.8125], "texture": "#0"},
				"east": {"uv": [7.508, 10.508, 7.53125, 10.5625], "texture": "#0"},
				"south": {"uv": [9.758, 0.008, 9.84375, 0.0625], "texture": "#0"},
				"west": {"uv": [10.508, 7.508, 10.53125, 7.5625], "texture": "#0"},
				"up": {"uv": [3.84375, 10.53125, 3.758, 10.508], "texture": "#0"},
				"down": {"uv": [10.59375, 3.758, 10.508, 3.78125], "texture": "#0"}
			}
		},
		{
			"from": [7.7, 5.43149, 9.30641],
			"to": [8.3, 5.53149, 10.25641],
			"rotation": {"angle": 0, "axis": "y", "origin": [0, 11.43149, 6.10641]},
			"faces": {
				"north": {"uv": [9.758, 5.258, 9.90625, 5.28125], "texture": "#0"},
				"east": {"uv": [9.508, 5.508, 9.742, 5.53125], "texture": "#0"},
				"south": {"uv": [5.508, 9.758, 5.65625, 9.78125], "texture": "#0"},
				"west": {"uv": [5.758, 9.508, 5.992, 9.53125], "texture": "#0"},
				"up": {"uv": [6.15625, 8.242, 6.008, 8.008], "texture": "#0"},
				"down": {"uv": [8.15625, 6.008, 8.008, 6.242], "texture": "#0"}
			}
		},
		{
			"from": [7.7, 6.75649, 8.25641],
			"to": [8.3, 6.85649, 10.25641],
			"rotation": {"angle": 0, "axis": "y", "origin": [0, 12.75649, 6.10641]},
			"faces": {
				"north": {"uv": [9.758, 5.508, 9.90625, 5.53125], "texture": "#0"},
				"east": {"uv": [9.008, 8.258, 9.492, 8.28125], "texture": "#0"},
				"south": {"uv": [5.758, 9.758, 5.90625, 9.78125], "texture": "#0"},
				"west": {"uv": [9.008, 8.508, 9.492, 8.53125], "texture": "#0"},
				"up": {"uv": [6.65625, 1.992, 6.508, 1.508], "texture": "#0"},
				"down": {"uv": [6.65625, 2.758, 6.508, 3.242], "texture": "#0"}
			}
		},
		{
			"from": [7.7, 6.78149, 7.53141],
			"to": [8.3, 6.88149, 8.25641],
			"rotation": {"angle": 0, "axis": "y", "origin": [0, 12.78149, 4.10641]},
			"faces": {
				"north": {"uv": [9.758, 5.758, 9.90625, 5.78125], "texture": "#0"},
				"east": {"uv": [0.258, 9.758, 0.4375, 9.78125], "texture": "#0"},
				"south": {"uv": [6.008, 9.758, 6.15625, 9.78125], "texture": "#0"},
				"west": {"uv": [9.758, 0.258, 9.9375, 0.28125], "texture": "#0"},
				"up": {"uv": [1.65625, 8.6875, 1.508, 8.508], "texture": "#0"},
				"down": {"uv": [1.90625, 8.508, 1.758, 8.6875], "texture": "#0"}
			}
		},
		{
			"from": [7.7, 6.83149, 6.83141],
			"to": [8.3, 6.93149, 7.55641],
			"rotation": {"angle": 0, "axis": "y", "origin": [0, 12.83149, 3.40641]},
			"faces": {
				"north": {"uv": [9.758, 6.008, 9.90625, 6.03125], "texture": "#0"},
				"east": {"uv": [0.508, 9.758, 0.6875, 9.78125], "texture": "#0"},
				"south": {"uv": [6.258, 9.758, 6.40625, 9.78125], "texture": "#0"},
				"west": {"uv": [9.758, 0.508, 9.9375, 0.53125], "texture": "#0"},
				"up": {"uv": [2.15625, 8.6875, 2.008, 8.508], "texture": "#0"},
				"down": {"uv": [8.65625, 2.008, 8.508, 2.1875], "texture": "#0"}
			}
		},
		{
			"from": [7.6, 6.95, 6.1],
			"to": [8.4, 7.75, 6.8],
			"rotation": {"angle": 0, "axis": "y", "origin": [0, 8.25, 2.6]},
			"faces": {
				"north": {"uv": [3.758, 8.258, 3.9375, 8.4375], "texture": "#0"},
				"east": {"uv": [8.258, 3.758, 8.4375, 3.9375], "texture": "#0"},
				"south": {"uv": [8.258, 4.258, 8.4375, 4.4375], "texture": "#0"},
				"west": {"uv": [4.508, 8.258, 4.6875, 8.4375], "texture": "#0"},
				"up": {"uv": [8.4375, 4.6875, 8.258, 4.508], "texture": "#0"},
				"down": {"uv": [4.9375, 8.258, 4.758, 8.4375], "texture": "#0"}
			}
		},
		{
			"from": [7.6, 6.85, 8.248],
			"to": [8.4, 7.55, 11.2],
			"rotation": {"angle": 0, "axis": "y", "origin": [0, 8.25, 4.8]},
			"faces": {
				"north": {"uv": [8.258, 4.758, 8.4375, 4.9375], "texture": "#0"},
				"east": {"uv": [5.008, 4.758, 5.742, 4.9375], "texture": "#0"},
				"south": {"uv": [5.008, 8.258, 5.1875, 8.4375], "texture": "#0"},
				"west": {"uv": [5.258, 0.758, 5.992, 0.9375], "texture": "#0"},
				"up": {"uv": [4.1875, 5.992, 4.008, 5.258], "texture": "#0"},
				"down": {"uv": [4.4375, 5.258, 4.258, 5.992], "texture": "#0"}
			}
		},
		{
			"from": [8.375, 6.975, 9.823],
			"to": [8.775, 7.675, 10.025],
			"rotation": {"angle": 0, "axis": "y", "origin": [0.775, 8.375, 4.8]},
			"faces": {
				"north": {"uv": [6.008, 9.008, 6.09375, 9.1875], "texture": "#0"},
				"east": {"uv": [9.258, 5.008, 9.3125, 5.1875], "texture": "#0"},
				"south": {"uv": [9.008, 6.008, 9.09375, 6.1875], "texture": "#0"},
				"west": {"uv": [5.258, 9.258, 5.3125, 9.4375], "texture": "#0"},
				"up": {"uv": [0.84375, 9.8125, 0.758, 9.758], "texture": "#0"},
				"down": {"uv": [9.84375, 0.758, 9.758, 0.8125], "texture": "#0"}
			}
		},
		{
			"from": [9.025, 4.1, 9.773],
			"to": [9.55, 4.725, 10.25],
			"rotation": {"angle": 22.5, "axis": "z", "origin": [1.425, 5.425, 4.775]},
			"faces": {
				"north": {"uv": [9.008, 5.008, 9.125, 5.15625], "texture": "#0"},
				"east": {"uv": [5.258, 9.008, 5.375, 9.15625], "texture": "#0"},
				"south": {"uv": [9.008, 5.258, 9.125, 5.40625], "texture": "#0"},
				"west": {"uv": [5.508, 9.008, 5.625, 9.15625], "texture": "#0"},
				"up": {"uv": [8.875, 9.125, 8.758, 9.008], "texture": "#0"},
				"down": {"uv": [9.125, 9.008, 9.008, 9.125], "texture": "#0"}
			}
		},
		{
			"from": [10.04579, 10.1427, 9.798],
			"to": [10.64579, 10.7427, 10.225],
			"rotation": {"angle": -22.5, "axis": "z", "origin": [2.44579, 11.4427, 4.775]},
			"faces": {
				"north": {"uv": [3.008, 8.758, 3.15625, 8.90625], "texture": "#0"},
				"east": {"uv": [2.258, 9.258, 2.34375, 9.40625], "texture": "#0"},
				"south": {"uv": [3.258, 8.758, 3.40625, 8.90625], "texture": "#0"},
				"west": {"uv": [2.508, 9.258, 2.59375, 9.40625], "texture": "#0"},
				"up": {"uv": [2.90625, 9.34375, 2.758, 9.258], "texture": "#0"},
				"down": {"uv": [9.40625, 2.758, 9.258, 2.84375], "texture": "#0"}
			}
		},
		{
			"from": [8.175, 7.175, 9.873],
			"to": [8.975, 7.475, 9.975],
			"rotation": {"angle": 0, "axis": "y", "origin": [0.575, 8.375, 4.8]},
			"faces": {
				"north": {"uv": [9.258, 5.258, 9.4375, 5.3125], "texture": "#0"},
				"east": {"uv": [7.758, 10.508, 7.78125, 10.5625], "texture": "#0"},
				"south": {"uv": [5.508, 9.258, 5.6875, 9.3125], "texture": "#0"},
				"west": {"uv": [10.508, 7.758, 10.53125, 7.8125], "texture": "#0"},
				"up": {"uv": [1.1875, 9.78125, 1.008, 9.758], "texture": "#0"},
				"down": {"uv": [9.9375, 1.008, 9.758, 1.03125], "texture": "#0"}
			}
		},
		{
			"from": [10.04033, 1.33028, 9.848],
			"to": [10.34033, 1.53028, 10],
			"rotation": {"angle": 45, "axis": "z", "origin": [1.94033, 2.23028, 4.8]},
			"faces": {
				"north": {"uv": [1.508, 10.008, 1.5625, 10.0625], "texture": "#0"},
				"east": {"uv": [8.008, 10.508, 8.03125, 10.5625], "texture": "#0"},
				"south": {"uv": [10.008, 1.508, 10.0625, 1.5625], "texture": "#0"},
				"west": {"uv": [10.508, 8.008, 10.53125, 8.0625], "texture": "#0"},
				"up": {"uv": [8.3125, 10.53125, 8.258, 10.508], "texture": "#0"},
				"down": {"uv": [10.5625, 8.258, 10.508, 8.28125], "texture": "#0"}
			}
		},
		{
			"from": [6.80967, 1.33028, 9.848],
			"to": [7.10967, 1.53028, 10],
			"rotation": {"angle": -45, "axis": "z", "origin": [15.20967, 2.23028, 4.8]},
			"faces": {
				"north": {"uv": [1.758, 10.008, 1.8125, 10.0625], "texture": "#0"},
				"east": {"uv": [8.508, 10.508, 8.53125, 10.5625], "texture": "#0"},
				"south": {"uv": [10.008, 1.758, 10.0625, 1.8125], "texture": "#0"},
				"west": {"uv": [10.508, 8.508, 10.53125, 8.5625], "texture": "#0"},
				"up": {"uv": [8.8125, 10.53125, 8.758, 10.508], "texture": "#0"},
				"down": {"uv": [10.5625, 8.758, 10.508, 8.78125], "texture": "#0"}
			}
		},
		{
			"from": [6.80967, 13.11972, 9.848],
			"to": [7.10967, 13.31972, 10],
			"rotation": {"angle": 45, "axis": "z", "origin": [15.20967, 12.41972, 4.8]},
			"faces": {
				"north": {"uv": [2.008, 10.008, 2.0625, 10.0625], "texture": "#0"},
				"east": {"uv": [9.008, 10.508, 9.03125, 10.5625], "texture": "#0"},
				"south": {"uv": [10.008, 2.008, 10.0625, 2.0625], "texture": "#0"},
				"west": {"uv": [10.508, 9.008, 10.53125, 9.0625], "texture": "#0"},
				"up": {"uv": [9.3125, 10.53125, 9.258, 10.508], "texture": "#0"},
				"down": {"uv": [10.5625, 9.258, 10.508, 9.28125], "texture": "#0"}
			}
		},
		{
			"from": [10.04033, 13.11972, 9.848],
			"to": [10.34033, 13.31972, 10],
			"rotation": {"angle": -45, "axis": "z", "origin": [1.94033, 12.41972, 4.8]},
			"faces": {
				"north": {"uv": [2.258, 10.008, 2.3125, 10.0625], "texture": "#0"},
				"east": {"uv": [9.508, 10.508, 9.53125, 10.5625], "texture": "#0"},
				"south": {"uv": [10.008, 2.258, 10.0625, 2.3125], "texture": "#0"},
				"west": {"uv": [10.508, 9.508, 10.53125, 9.5625], "texture": "#0"},
				"up": {"uv": [9.8125, 10.53125, 9.758, 10.508], "texture": "#0"},
				"down": {"uv": [10.5625, 9.758, 10.508, 9.78125], "texture": "#0"}
			}
		},
		{
			"from": [7.6, 6.882, 7.55],
			"to": [8.4, 7.55, 8.256],
			"rotation": {"angle": 0, "axis": "y", "origin": [0, 8.25, 1.856]},
			"faces": {
				"north": {"uv": [2.258, 8.508, 2.4375, 8.65625], "texture": "#0"},
				"east": {"uv": [2.508, 8.508, 2.6875, 8.65625], "texture": "#0"},
				"south": {"uv": [2.758, 8.508, 2.9375, 8.65625], "texture": "#0"},
				"west": {"uv": [8.508, 2.758, 8.6875, 2.90625], "texture": "#0"},
				"up": {"uv": [8.4375, 5.1875, 8.258, 5.008], "texture": "#0"},
				"down": {"uv": [5.4375, 8.258, 5.258, 8.4375], "texture": "#0"}
			}
		},
		{
			"from": [7.6, 6.914, 6.808],
			"to": [8.4, 7.55, 7.558],
			"rotation": {"angle": 0, "axis": "y", "origin": [0, 8.25, 1.408]},
			"faces": {
				"north": {"uv": [3.008, 8.508, 3.1875, 8.65625], "texture": "#0"},
				"east": {"uv": [3.258, 8.508, 3.4375, 8.65625], "texture": "#0"},
				"south": {"uv": [8.508, 3.258, 8.6875, 3.40625], "texture": "#0"},
				"west": {"uv": [3.508, 8.508, 3.6875, 8.65625], "texture": "#0"},
				"up": {"uv": [8.4375, 5.4375, 8.258, 5.258], "texture": "#0"},
				"down": {"uv": [5.6875, 8.258, 5.508, 8.4375], "texture": "#0"}
			}
		},
		{
			"from": [7.6, 6.75, 9.9],
			"to": [8.4, 6.85, 11.2],
			"rotation": {"angle": 0, "axis": "y", "origin": [0, 7.55, 4.8]},
			"faces": {
				"north": {"uv": [1.258, 9.758, 1.4375, 9.78125], "texture": "#0"},
				"east": {"uv": [2.258, 9.508, 2.5625, 9.53125], "texture": "#0"},
				"south": {"uv": [9.758, 1.258, 9.9375, 1.28125], "texture": "#0"},
				"west": {"uv": [9.508, 2.258, 9.8125, 2.28125], "texture": "#0"},
				"up": {"uv": [7.6875, 3.5625, 7.508, 3.258], "texture": "#0"},
				"down": {"uv": [7.6875, 4.258, 7.508, 4.5625], "texture": "#0"}
			}
		},
		{
			"from": [7.543, 6, 10.7],
			"to": [8.457, 6.75, 11.2],
			"rotation": {"angle": 0, "axis": "y", "origin": [0, 7.3, 4.8]},
			"faces": {
				"north": {"uv": [8.008, 4.758, 8.21875, 4.9375], "texture": "#0"},
				"east": {"uv": [2.508, 9.008, 2.625, 9.1875], "texture": "#0"},
				"south": {"uv": [8.008, 5.008, 8.21875, 5.1875], "texture": "#0"},
				"west": {"uv": [9.008, 2.758, 9.125, 2.9375], "texture": "#0"},
				"up": {"uv": [4.96875, 8.625, 4.758, 8.508], "texture": "#0"},
				"down": {"uv": [8.71875, 4.758, 8.508, 4.875], "texture": "#0"}
			}
		},
		{
			"from": [7.625, 1.8, 11.5],
			"to": [8.375, 2.4, 12.1],
			"rotation": {"angle": -45, "axis": "x", "origin": [0, 3.1, 5.6]},
			"faces": {
				"north": {"uv": [8.508, 3.508, 8.6875, 3.65625], "texture": "#0"},
				"east": {"uv": [8.758, 3.258, 8.90625, 3.40625], "texture": "#0"},
				"south": {"uv": [3.758, 8.508, 3.9375, 8.65625], "texture": "#0"},
				"west": {"uv": [3.508, 8.758, 3.65625, 8.90625], "texture": "#0"},
				"up": {"uv": [8.6875, 3.90625, 8.508, 3.758], "texture": "#0"},
				"down": {"uv": [4.1875, 8.508, 4.008, 8.65625], "texture": "#0"}
			}
		},
		{
			"from": [7.5, 7.75, 5.375],
			"to": [8.5, 8.65, 6.825],
			"rotation": {"angle": 0, "axis": "y", "origin": [0, 9.05, 2.6]},
			"faces": {
				"north": {"uv": [0.758, 3.258, 0.992, 3.46875], "texture": "#0"},
				"east": {"uv": [5.258, 1.008, 5.625, 1.21875], "texture": "#0"},
				"south": {"uv": [3.508, 0.758, 3.742, 0.96875], "texture": "#0"},
				"west": {"uv": [6.258, 5.758, 6.625, 5.96875], "texture": "#0"},
				"up": {"uv": [6.492, 3.125, 6.258, 2.758], "texture": "#0"},
				"down": {"uv": [6.492, 3.758, 6.258, 4.125], "texture": "#0"}
			}
		},
		{
			"from": [7.8, 9.95, 6.3],
			"to": [8.2, 10.35, 6.8],
			"rotation": {"angle": 0, "axis": "y", "origin": [0, 8.25, 2.6]},
			"faces": {
				"north": {"uv": [9.508, 4.008, 9.59375, 4.09375], "texture": "#0"},
				"east": {"uv": [9.258, 5.508, 9.375, 5.59375], "texture": "#0"},
				"south": {"uv": [4.258, 9.508, 4.34375, 9.59375], "texture": "#0"},
				"west": {"uv": [5.758, 9.258, 5.875, 9.34375], "texture": "#0"},
				"up": {"uv": [9.34375, 5.875, 9.258, 5.758], "texture": "#0"},
				"down": {"uv": [6.09375, 9.258, 6.008, 9.375], "texture": "#0"}
			}
		},
		{
			"from": [7.55, 10.15, 6.8],
			"to": [8.45, 10.35, 9.7],
			"rotation": {"angle": 0, "axis": "y", "origin": [0, 8.25, 2.6]},
			"faces": {
				"north": {"uv": [3.508, 9.258, 3.71875, 9.3125], "texture": "#0"},
				"east": {"uv": [6.758, 7.758, 7.46875, 7.8125], "texture": "#0"},
				"south": {"uv": [9.258, 3.508, 9.46875, 3.5625], "texture": "#0"},
				"west": {"uv": [7.508, 7.758, 8.21875, 7.8125], "texture": "#0"},
				"up": {"uv": [0.71875, 5.46875, 0.508, 4.758], "texture": "#0"},
				"down": {"uv": [2.46875, 4.758, 2.258, 5.46875], "texture": "#0"}
			}
		},
		{
			"from": [7.873, 9.40242, 11.9386],
			"to": [8.127, 9.52942, 12.3196],
			"rotation": {"angle": 22.5, "axis": "x", "origin": [-2.16, 14.73642, 4.4456]},
			"faces": {
				"north": {"uv": [10.008, 10.508, 10.0625, 10.53125], "texture": "#0"},
				"east": {"uv": [4.008, 10.508, 4.09375, 10.53125], "texture": "#0"},
				"south": {"uv": [10.508, 10.008, 10.5625, 10.03125], "texture": "#0"},
				"west": {"uv": [10.508, 4.008, 10.59375, 4.03125], "texture": "#0"},
				"up": {"uv": [1.5625, 9.84375, 1.508, 9.758], "texture": "#0"},
				"down": {"uv": [9.8125, 1.508, 9.758, 1.59375], "texture": "#0"}
			}
		},
		{
			"from": [7.848, 11.81557, 1.18167],
			"to": [8.152, 12.45057, 1.43567],
			"rotation": {"angle": -45, "axis": "x", "origin": [-2.16, 19.81657, 12.10367]},
			"faces": {
				"north": {"uv": [9.508, 2.508, 9.5625, 2.65625], "texture": "#0"},
				"east": {"uv": [2.758, 9.508, 2.8125, 9.65625], "texture": "#0"},
				"south": {"uv": [9.508, 2.758, 9.5625, 2.90625], "texture": "#0"},
				"west": {"uv": [3.008, 9.508, 3.0625, 9.65625], "texture": "#0"},
				"up": {"uv": [2.5625, 10.0625, 2.508, 10.008], "texture": "#0"},
				"down": {"uv": [10.0625, 2.508, 10.008, 2.5625], "texture": "#0"}
			}
		},
		{
			"from": [7.873, 6.18059, 10.09081],
			"to": [8.127, 6.61559, 10.21781],
			"rotation": {"angle": 0, "axis": "y", "origin": [-2.16, 19.56959, 18.85381]},
			"faces": {
				"north": {"uv": [1.758, 9.758, 1.8125, 9.84375], "texture": "#0"},
				"east": {"uv": [4.258, 10.508, 4.28125, 10.59375], "texture": "#0"},
				"south": {"uv": [9.758, 1.758, 9.8125, 1.84375], "texture": "#0"},
				"west": {"uv": [10.508, 4.258, 10.53125, 4.34375], "texture": "#0"},
				"up": {"uv": [10.3125, 10.53125, 10.258, 10.508], "texture": "#0"},
				"down": {"uv": [10.5625, 10.258, 10.508, 10.28125], "texture": "#0"}
			}
		},
		{
			"from": [7.898, 9.42646, 4.27061],
			"to": [8.102, 9.68046, 4.39761],
			"rotation": {"angle": -22.5, "axis": "x", "origin": [-2.16, 22.50746, 15.19261]},
			"faces": {
				"north": {"uv": [2.758, 10.008, 2.8125, 10.0625], "texture": "#0"},
				"east": {"uv": [10.508, 10.508, 10.53125, 10.5625], "texture": "#0"},
				"south": {"uv": [10.008, 2.758, 10.0625, 2.8125], "texture": "#0"},
				"west": {"uv": [0.008, 10.758, 0.03125, 10.8125], "texture": "#0"},
				"up": {"uv": [10.8125, 0.03125, 10.758, 0.008], "texture": "#0"},
				"down": {"uv": [0.3125, 10.758, 0.258, 10.78125], "texture": "#0"}
			}
		},
		{
			"from": [7.898, 4.39783, 17.13793],
			"to": [8.102, 4.77883, 17.26493],
			"rotation": {"angle": 22.5, "axis": "x", "origin": [-2.16, 23.19383, 17.26493]},
			"faces": {
				"north": {"uv": [2.008, 9.758, 2.0625, 9.84375], "texture": "#0"},
				"east": {"uv": [4.508, 10.508, 4.53125, 10.59375], "texture": "#0"},
				"south": {"uv": [9.758, 2.008, 9.8125, 2.09375], "texture": "#0"},
				"west": {"uv": [10.508, 4.508, 10.53125, 4.59375], "texture": "#0"},
				"up": {"uv": [10.8125, 0.28125, 10.758, 0.258], "texture": "#0"},
				"down": {"uv": [0.5625, 10.758, 0.508, 10.78125], "texture": "#0"}
			}
		},
		{
			"from": [7.923, 5.66009, 24.40541],
			"to": [8.077, 5.94109, 24.53241],
			"rotation": {"angle": 45, "axis": "x", "origin": [-2.16, 23.34009, 17.16641]},
			"faces": {
				"north": {"uv": [10.758, 0.508, 10.78125, 0.5625], "texture": "#0"},
				"east": {"uv": [0.758, 10.758, 0.78125, 10.8125], "texture": "#0"},
				"south": {"uv": [10.758, 0.758, 10.78125, 0.8125], "texture": "#0"},
				"west": {"uv": [1.008, 10.758, 1.03125, 10.8125], "texture": "#0"},
				"up": {"uv": [10.78125, 2.03125, 10.758, 2.008], "texture": "#0"},
				"down": {"uv": [2.28125, 10.758, 2.258, 10.78125], "texture": "#0"}
			}
		},
		{
			"from": [7.8, 8.7, 6.8],
			"to": [8.2, 9.1, 7],
			"rotation": {"angle": 0, "axis": "y", "origin": [0, 8.5, 2.6]},
			"faces": {
				"north": {"uv": [9.508, 4.258, 9.59375, 4.34375], "texture": "#0"},
				"east": {"uv": [2.258, 9.758, 2.3125, 9.84375], "texture": "#0"},
				"south": {"uv": [4.508, 9.508, 4.59375, 9.59375], "texture": "#0"},
				"west": {"uv": [2.508, 9.758, 2.5625, 9.84375], "texture": "#0"},
				"up": {"uv": [9.84375, 2.5625, 9.758, 2.508], "texture": "#0"},
				"down": {"uv": [2.84375, 9.758, 2.758, 9.8125], "texture": "#0"}
			}
		},
		{
			"from": [7.825, 8.50789, 6.2637],
			"to": [8.175, 9.00789, 7.2637],
			"rotation": {"angle": -22.5, "axis": "x", "origin": [0, 7.30789, 3.4637]},
			"faces": {
				"north": {"uv": [9.258, 6.008, 9.34375, 6.125], "texture": "#0"},
				"east": {"uv": [8.508, 0.008, 8.742, 0.125], "texture": "#0"},
				"south": {"uv": [6.258, 9.258, 6.34375, 9.375], "texture": "#0"},
				"west": {"uv": [8.508, 0.258, 8.742, 0.375], "texture": "#0"},
				"up": {"uv": [3.09375, 9.242, 3.008, 9.008], "texture": "#0"},
				"down": {"uv": [9.09375, 3.008, 9.008, 3.242], "texture": "#0"}
			}
		},
		{
			"from": [7.775, 8.71378, 12.35473],
			"to": [8.225, 8.91378, 12.80473],
			"rotation": {"angle": 22.5, "axis": "x", "origin": [0, 25.71378, 6.45473]},
			"faces": {
				"north": {"uv": [9.508, 5.758, 9.625, 5.8125], "texture": "#0"},
				"east": {"uv": [9.758, 2.758, 9.84375, 2.8125], "texture": "#0"},
				"south": {"uv": [6.008, 9.508, 6.125, 9.5625], "texture": "#0"},
				"west": {"uv": [3.008, 9.758, 3.09375, 9.8125], "texture": "#0"},
				"up": {"uv": [6.625, 9.34375, 6.508, 9.258], "texture": "#0"},
				"down": {"uv": [9.375, 6.508, 9.258, 6.59375], "texture": "#0"}
			}
		},
		{
			"from": [7.825, 13.25343, 2.21767],
			"to": [8.175, 13.75343, 2.61767],
			"rotation": {"angle": -22.5, "axis": "x", "origin": [0, 19.55343, 19.21767]},
			"faces": {
				"north": {"uv": [6.758, 9.258, 6.84375, 9.375], "texture": "#0"},
				"east": {"uv": [9.258, 6.758, 9.34375, 6.875], "texture": "#0"},
				"south": {"uv": [7.008, 9.258, 7.09375, 9.375], "texture": "#0"},
				"west": {"uv": [7.258, 9.258, 7.34375, 9.375], "texture": "#0"},
				"up": {"uv": [9.59375, 4.59375, 9.508, 4.508], "texture": "#0"},
				"down": {"uv": [4.84375, 9.508, 4.758, 9.59375], "texture": "#0"}
			}
		},
		{
			"from": [7.8, 6.92737, 5.92263],
			"to": [8.2, 7.32737, 6.12263],
			"rotation": {"angle": 0, "axis": "y", "origin": [0, 13.12737, 22.92263]},
			"faces": {
				"north": {"uv": [9.508, 4.758, 9.59375, 4.84375], "texture": "#0"},
				"east": {"uv": [9.758, 3.008, 9.8125, 3.09375], "texture": "#0"},
				"south": {"uv": [5.008, 9.508, 5.09375, 9.59375], "texture": "#0"},
				"west": {"uv": [3.258, 9.758, 3.3125, 9.84375], "texture": "#0"},
				"up": {"uv": [9.84375, 3.3125, 9.758, 3.258], "texture": "#0"},
				"down": {"uv": [3.59375, 9.758, 3.508, 9.8125], "texture": "#0"}
			}
		},
		{
			"from": [7.7, 7.85, 5.25],
			"to": [8.3, 8.15, 5.4],
			"rotation": {"angle": 0, "axis": "y", "origin": [0, 8.25, 2.6]},
			"faces": {
				"north": {"uv": [9.508, 3.008, 9.65625, 3.0625], "texture": "#0"},
				"east": {"uv": [10.758, 1.008, 10.78125, 1.0625], "texture": "#0"},
				"south": {"uv": [3.258, 9.508, 3.40625, 9.5625], "texture": "#0"},
				"west": {"uv": [1.258, 10.758, 1.28125, 10.8125], "texture": "#0"},
				"up": {"uv": [9.90625, 6.28125, 9.758, 6.258], "texture": "#0"},
				"down": {"uv": [6.65625, 9.758, 6.508, 9.78125], "texture": "#0"}
			}
		},
		{
			"from": [7.9, 8.35, 5.05],
			"to": [8.1, 8.55, 5.25],
			"rotation": {"angle": 0, "axis": "y", "origin": [0, 8.65, 3.85]},
			"faces": {
				"north": {"uv": [3.008, 10.008, 3.0625, 10.0625], "texture": "#0"},
				"east": {"uv": [10.008, 3.008, 10.0625, 3.0625], "texture": "#0"},
				"south": {"uv": [3.258, 10.008, 3.3125, 10.0625], "texture": "#0"},
				"west": {"uv": [10.008, 3.258, 10.0625, 3.3125], "texture": "#0"},
				"up": {"uv": [3.5625, 10.0625, 3.508, 10.008], "texture": "#0"},
				"down": {"uv": [10.0625, 3.508, 10.008, 3.5625], "texture": "#0"}
			}
		},
		{
			"from": [7.8, 8.25, 4.45],
			"to": [8.2, 8.65, 5.05],
			"rotation": {"angle": 0, "axis": "y", "origin": [0, 8.65, 4.35]},
			"faces": {
				"north": {"uv": [9.508, 5.008, 9.59375, 5.09375], "texture": "#0"},
				"east": {"uv": [3.008, 9.258, 3.15625, 9.34375], "texture": "#0"},
				"south": {"uv": [5.258, 9.508, 5.34375, 9.59375], "texture": "#0"},
				"west": {"uv": [9.258, 3.008, 9.40625, 3.09375], "texture": "#0"},
				"up": {"uv": [3.34375, 9.40625, 3.258, 9.258], "texture": "#0"},
				"down": {"uv": [9.34375, 3.258, 9.258, 3.40625], "texture": "#0"}
			}
		},
		{
			"from": [7.6, 8.15, 5.2],
			"to": [8.4, 8.65, 5.4],
			"rotation": {"angle": 0, "axis": "y", "origin": [0, 8.65, 2.6]},
			"faces": {
				"north": {"uv": [3.258, 9.008, 3.4375, 9.125], "texture": "#0"},
				"east": {"uv": [9.508, 6.008, 9.5625, 6.125], "texture": "#0"},
				"south": {"uv": [9.008, 3.258, 9.1875, 3.375], "texture": "#0"},
				"west": {"uv": [6.258, 9.508, 6.3125, 9.625], "texture": "#0"},
				"up": {"uv": [7.6875, 9.3125, 7.508, 9.258], "texture": "#0"},
				"down": {"uv": [7.9375, 9.258, 7.758, 9.3125], "texture": "#0"}
			}
		},
		{
			"from": [7.4, 8.85, 5.275],
			"to": [8.6, 9.65, 6.825],
			"rotation": {"angle": 0, "axis": "y", "origin": [0, 8.25, 2.6]},
			"faces": {
				"north": {"uv": [4.508, 7.508, 4.8125, 7.6875], "texture": "#0"},
				"east": {"uv": [7.258, 1.258, 7.625, 1.4375], "texture": "#0"},
				"south": {"uv": [5.008, 7.508, 5.3125, 7.6875], "texture": "#0"},
				"west": {"uv": [7.258, 3.758, 7.625, 3.9375], "texture": "#0"},
				"up": {"uv": [6.0625, 4.125, 5.758, 3.758], "texture": "#0"},
				"down": {"uv": [4.8125, 5.758, 4.508, 6.125], "texture": "#0"}
			}
		},
		{
			"from": [4.05198, 16.59437, 5.225],
			"to": [4.35198, 16.79437, 6.85],
			"rotation": {"angle": -45, "axis": "z", "origin": [-2.14802, 8.09437, 2.6]},
			"faces": {
				"north": {"uv": [3.758, 10.008, 3.8125, 10.0625], "texture": "#0"},
				"east": {"uv": [7.508, 8.508, 7.90625, 8.5625], "texture": "#0"},
				"south": {"uv": [10.008, 3.758, 10.0625, 3.8125], "texture": "#0"},
				"west": {"uv": [8.508, 7.758, 8.90625, 7.8125], "texture": "#0"},
				"up": {"uv": [8.0625, 8.90625, 8.008, 8.508], "texture": "#0"},
				"down": {"uv": [8.5625, 8.008, 8.508, 8.40625], "texture": "#0"}
			}
		},
		{
			"from": [11.64802, 16.59437, 5.225],
			"to": [11.94802, 16.79437, 6.85],
			"rotation": {"angle": 45, "axis": "z", "origin": [18.14802, 8.09437, 2.6]},
			"faces": {
				"north": {"uv": [4.008, 10.008, 4.0625, 10.0625], "texture": "#0"},
				"east": {"uv": [8.508, 8.508, 8.90625, 8.5625], "texture": "#0"},
				"south": {"uv": [10.008, 4.008, 10.0625, 4.0625], "texture": "#0"},
				"west": {"uv": [8.758, 0.008, 9.15625, 0.0625], "texture": "#0"},
				"up": {"uv": [8.8125, 0.65625, 8.758, 0.258], "texture": "#0"},
				"down": {"uv": [0.5625, 8.758, 0.508, 9.15625], "texture": "#0"}
			}
		},
		{
			"from": [4.05198, 1.70563, 5.225],
			"to": [4.35198, 1.90563, 6.85],
			"rotation": {"angle": 45, "axis": "z", "origin": [-2.14802, 10.40563, 2.6]},
			"faces": {
				"north": {"uv": [4.258, 10.008, 4.3125, 10.0625], "texture": "#0"},
				"east": {"uv": [0.758, 8.758, 1.15625, 8.8125], "texture": "#0"},
				"south": {"uv": [10.008, 4.258, 10.0625, 4.3125], "texture": "#0"},
				"west": {"uv": [1.258, 8.758, 1.65625, 8.8125], "texture": "#0"},
				"up": {"uv": [1.8125, 9.15625, 1.758, 8.758], "texture": "#0"},
				"down": {"uv": [2.0625, 8.758, 2.008, 9.15625], "texture": "#0"}
			}
		},
		{
			"from": [11.64802, 1.70563, 5.225],
			"to": [11.94802, 1.90563, 6.85],
			"rotation": {"angle": -45, "axis": "z", "origin": [18.14802, 10.40563, 2.6]},
			"faces": {
				"north": {"uv": [4.508, 10.008, 4.5625, 10.0625], "texture": "#0"},
				"east": {"uv": [8.758, 2.008, 9.15625, 2.0625], "texture": "#0"},
				"south": {"uv": [10.008, 4.508, 10.0625, 4.5625], "texture": "#0"},
				"west": {"uv": [2.258, 8.758, 2.65625, 8.8125], "texture": "#0"},
				"up": {"uv": [2.8125, 9.15625, 2.758, 8.758], "texture": "#0"},
				"down": {"uv": [8.8125, 2.758, 8.758, 3.15625], "texture": "#0"}
			}
		},
		{
			"name": "hexadecagon",
			"from": [7.7613, 7.64, 6.97],
			"to": [8.2387, 10.04, 8.39],
			"rotation": {"angle": -45, "axis": "z", "origin": [8, 8.84, 7.35]},
			"faces": {
				"north": {"uv": [6.758, 5.758, 6.875, 6.34375], "texture": "#0"},
				"east": {"uv": [2.008, 3.258, 2.34375, 3.84375], "texture": "#0"},
				"south": {"uv": [6.008, 6.758, 6.125, 7.34375], "texture": "#0"},
				"west": {"uv": [2.508, 3.258, 2.84375, 3.84375], "texture": "#0"},
				"up": {"uv": [0.875, 8.34375, 0.758, 8.008], "texture": "#0"},
				"down": {"uv": [1.125, 8.008, 1.008, 8.34375], "texture": "#0"}
			}
		},
		{
			"name": "hexadecagon",
			"from": [7.7613, 7.72, 6.95],
			"to": [8.2387, 9.96, 8.39],
			"rotation": {"angle": -22.5, "axis": "z", "origin": [8, 8.84, 7.35]},
			"faces": {
				"north": {"uv": [2.258, 7.258, 2.375, 7.8125], "texture": "#0"},
				"east": {"uv": [2.008, 2.008, 2.375, 2.5625], "texture": "#0"},
				"south": {"uv": [3.008, 7.258, 3.125, 7.8125], "texture": "#0"},
				"west": {"uv": [0.008, 2.508, 0.375, 3.0625], "texture": "#0"},
				"up": {"uv": [7.875, 3.125, 7.758, 2.758], "texture": "#0"},
				"down": {"uv": [3.375, 7.758, 3.258, 8.125], "texture": "#0"}
			}
		},
		{
			"name": "hexadecagon",
			"from": [7.7613, 9.96, 8.23],
			"to": [8.2387, 10.04, 8.39],
			"rotation": {"angle": -22.5, "axis": "z", "origin": [8, 8.84, 7.03]},
			"faces": {
				"north": {"uv": [4.758, 10.008, 4.875, 10.03125], "texture": "#0"},
				"east": {"uv": [10.758, 2.258, 10.78125, 2.28125], "texture": "#0"},
				"south": {"uv": [10.008, 4.758, 10.125, 4.78125], "texture": "#0"},
				"west": {"uv": [2.508, 10.758, 2.53125, 10.78125], "texture": "#0"},
				"up": {"uv": [5.125, 10.03125, 5.008, 10.008], "texture": "#0"},
				"down": {"uv": [10.125, 5.008, 10.008, 5.03125], "texture": "#0"}
			}
		},
		{
			"name": "hexadecagon",
			"from": [7.7613, 7.64, 8.23],
			"to": [8.2387, 7.72, 8.39],
			"rotation": {"angle": -22.5, "axis": "z", "origin": [8, 8.84, 7.03]},
			"faces": {
				"north": {"uv": [5.258, 10.008, 5.375, 10.03125], "texture": "#0"},
				"east": {"uv": [10.758, 2.508, 10.78125, 2.53125], "texture": "#0"},
				"south": {"uv": [10.008, 5.258, 10.125, 5.28125], "texture": "#0"},
				"west": {"uv": [2.758, 10.758, 2.78125, 10.78125], "texture": "#0"},
				"up": {"uv": [5.625, 10.03125, 5.508, 10.008], "texture": "#0"},
				"down": {"uv": [10.125, 5.508, 10.008, 5.53125], "texture": "#0"}
			}
		},
		{
			"name": "hexadecagon",
			"from": [7.7613, 7.64, 6.97],
			"to": [8.2387, 10.04, 8.39],
			"rotation": {"angle": 0, "axis": "y", "origin": [8, 8.84, 7.35]},
			"faces": {
				"north": {"uv": [6.258, 6.758, 6.375, 7.34375], "texture": "#0"},
				"east": {"uv": [3.008, 3.258, 3.34375, 3.84375], "texture": "#0"},
				"south": {"uv": [6.508, 6.758, 6.625, 7.34375], "texture": "#0"},
				"west": {"uv": [3.508, 0.008, 3.84375, 0.59375], "texture": "#0"},
				"up": {"uv": [2.375, 8.34375, 2.258, 8.008], "texture": "#0"},
				"down": {"uv": [8.125, 2.758, 8.008, 3.09375], "texture": "#0"}
			}
		},
		{
			"name": "hexadecagon",
			"from": [7.7613, 7.72, 6.925],
			"to": [8.2387, 9.96, 8.39],
			"rotation": {"angle": 22.5, "axis": "z", "origin": [8, 8.84, 7.35]},
			"faces": {
				"north": {"uv": [4.008, 7.258, 4.125, 7.8125], "texture": "#0"},
				"east": {"uv": [0.508, 2.508, 0.875, 3.0625], "texture": "#0"},
				"south": {"uv": [4.258, 7.258, 4.375, 7.8125], "texture": "#0"},
				"west": {"uv": [2.508, 2.008, 2.875, 2.5625], "texture": "#0"},
				"up": {"uv": [7.875, 3.625, 7.758, 3.258], "texture": "#0"},
				"down": {"uv": [3.625, 7.758, 3.508, 8.125], "texture": "#0"}
			}
		},
		{
			"name": "hexadecagon",
			"from": [7.7613, 9.96, 8.23],
			"to": [8.2387, 10.04, 8.39],
			"rotation": {"angle": 22.5, "axis": "z", "origin": [8, 8.84, 7.03]},
			"faces": {
				"north": {"uv": [5.758, 10.008, 5.875, 10.03125], "texture": "#0"},
				"east": {"uv": [10.758, 2.758, 10.78125, 2.78125], "texture": "#0"},
				"south": {"uv": [10.008, 5.758, 10.125, 5.78125], "texture": "#0"},
				"west": {"uv": [3.008, 10.758, 3.03125, 10.78125], "texture": "#0"},
				"up": {"uv": [6.125, 10.03125, 6.008, 10.008], "texture": "#0"},
				"down": {"uv": [10.125, 6.008, 10.008, 6.03125], "texture": "#0"}
			}
		},
		{
			"name": "hexadecagon",
			"from": [7.7613, 7.64, 8.23],
			"to": [8.2387, 7.72, 8.39],
			"rotation": {"angle": 22.5, "axis": "z", "origin": [8, 8.84, 7.03]},
			"faces": {
				"north": {"uv": [6.258, 10.008, 6.375, 10.03125], "texture": "#0"},
				"east": {"uv": [10.758, 3.008, 10.78125, 3.03125], "texture": "#0"},
				"south": {"uv": [10.008, 6.258, 10.125, 6.28125], "texture": "#0"},
				"west": {"uv": [3.258, 10.758, 3.28125, 10.78125], "texture": "#0"},
				"up": {"uv": [6.625, 10.03125, 6.508, 10.008], "texture": "#0"},
				"down": {"uv": [10.125, 6.508, 10.008, 6.53125], "texture": "#0"}
			}
		},
		{
			"name": "hexadecagon",
			"from": [7.7613, 7.64, 6.97],
			"to": [8.2387, 10.04, 8.39],
			"rotation": {"angle": 45, "axis": "z", "origin": [8, 8.84, 7.35]},
			"faces": {
				"north": {"uv": [6.758, 6.508, 6.875, 7.09375], "texture": "#0"},
				"east": {"uv": [0.758, 3.508, 1.09375, 4.09375], "texture": "#0"},
				"south": {"uv": [7.008, 4.758, 7.125, 5.34375], "texture": "#0"},
				"west": {"uv": [3.508, 2.508, 3.84375, 3.09375], "texture": "#0"},
				"up": {"uv": [3.125, 8.34375, 3.008, 8.008], "texture": "#0"},
				"down": {"uv": [8.125, 3.258, 8.008, 3.59375], "texture": "#0"}
			}
		},
		{
			"name": "hexadecagon",
			"from": [6.88, 8.6013, 6.95],
			"to": [9.12, 9.0787, 8.39],
			"rotation": {"angle": -22.5, "axis": "z", "origin": [8, 8.84, 7.35]},
			"faces": {
				"north": {"uv": [7.258, 4.008, 7.8125, 4.125], "texture": "#0"},
				"east": {"uv": [7.758, 3.758, 8.125, 3.875], "texture": "#0"},
				"south": {"uv": [7.258, 4.758, 7.8125, 4.875], "texture": "#0"},
				"west": {"uv": [7.758, 4.258, 8.125, 4.375], "texture": "#0"},
				"up": {"uv": [2.5625, 3.125, 2.008, 2.758], "texture": "#0"},
				"down": {"uv": [3.3125, 2.758, 2.758, 3.125], "texture": "#0"}
			}
		},
		{
			"name": "hexadecagon",
			"from": [9.12, 8.6013, 8.23],
			"to": [9.2, 9.0787, 8.39],
			"rotation": {"angle": -22.5, "axis": "z", "origin": [8, 8.84, 7.03]},
			"faces": {
				"north": {"uv": [6.758, 10.008, 6.78125, 10.125], "texture": "#0"},
				"east": {"uv": [10.008, 6.758, 10.03125, 6.875], "texture": "#0"},
				"south": {"uv": [7.008, 10.008, 7.03125, 10.125], "texture": "#0"},
				"west": {"uv": [10.008, 7.008, 10.03125, 7.125], "texture": "#0"},
				"up": {"uv": [10.78125, 3.28125, 10.758, 3.258], "texture": "#0"},
				"down": {"uv": [3.53125, 10.758, 3.508, 10.78125], "texture": "#0"}
			}
		},
		{
			"name": "hexadecagon",
			"from": [6.8, 8.6013, 8.23],
			"to": [6.88, 9.0787, 8.39],
			"rotation": {"angle": -22.5, "axis": "z", "origin": [8, 8.84, 7.03]},
			"faces": {
				"north": {"uv": [7.258, 10.008, 7.28125, 10.125], "texture": "#0"},
				"east": {"uv": [10.008, 7.258, 10.03125, 7.375], "texture": "#0"},
				"south": {"uv": [7.508, 10.008, 7.53125, 10.125], "texture": "#0"},
				"west": {"uv": [10.008, 7.508, 10.03125, 7.625], "texture": "#0"},
				"up": {"uv": [10.78125, 3.53125, 10.758, 3.508], "texture": "#0"},
				"down": {"uv": [3.78125, 10.758, 3.758, 10.78125], "texture": "#0"}
			}
		},
		{
			"name": "hexadecagon",
			"from": [6.8, 8.6013, 6.97],
			"to": [9.2, 9.0787, 8.39],
			"rotation": {"angle": 0, "axis": "y", "origin": [8, 8.84, 7.35]},
			"faces": {
				"north": {"uv": [7.008, 0.758, 7.59375, 0.875], "texture": "#0"},
				"east": {"uv": [8.008, 0.508, 8.34375, 0.625], "texture": "#0"},
				"south": {"uv": [7.008, 1.008, 7.59375, 1.125], "texture": "#0"},
				"west": {"uv": [8.008, 2.008, 8.34375, 2.125], "texture": "#0"},
				"up": {"uv": [4.09375, 3.59375, 3.508, 3.258], "texture": "#0"},
				"down": {"uv": [0.59375, 3.758, 0.008, 4.09375], "texture": "#0"}
			}
		},
		{
			"name": "hexadecagon",
			"from": [6.88, 8.6013, 6.925],
			"to": [9.12, 9.0787, 8.39],
			"rotation": {"angle": 22.5, "axis": "z", "origin": [8, 8.84, 7.35]},
			"faces": {
				"north": {"uv": [7.258, 5.008, 7.8125, 5.125], "texture": "#0"},
				"east": {"uv": [4.508, 7.758, 4.875, 7.875], "texture": "#0"},
				"south": {"uv": [7.258, 5.258, 7.8125, 5.375], "texture": "#0"},
				"west": {"uv": [7.758, 4.508, 8.125, 4.625], "texture": "#0"},
				"up": {"uv": [3.5625, 2.375, 3.008, 2.008], "texture": "#0"},
				"down": {"uv": [0.5625, 3.258, 0.008, 3.625], "texture": "#0"}
			}
		},
		{
			"name": "hexadecagon",
			"from": [9.12, 8.6013, 8.23],
			"to": [9.2, 9.0787, 8.39],
			"rotation": {"angle": 22.5, "axis": "z", "origin": [8, 8.84, 7.03]},
			"faces": {
				"north": {"uv": [7.758, 10.008, 7.78125, 10.125], "texture": "#0"},
				"east": {"uv": [10.008, 7.758, 10.03125, 7.875], "texture": "#0"},
				"south": {"uv": [8.008, 10.008, 8.03125, 10.125], "texture": "#0"},
				"west": {"uv": [10.008, 8.008, 10.03125, 8.125], "texture": "#0"},
				"up": {"uv": [10.78125, 3.78125, 10.758, 3.758], "texture": "#0"},
				"down": {"uv": [4.03125, 10.758, 4.008, 10.78125], "texture": "#0"}
			}
		},
		{
			"name": "hexadecagon",
			"from": [6.8, 8.6013, 8.23],
			"to": [6.88, 9.0787, 8.39],
			"rotation": {"angle": 22.5, "axis": "z", "origin": [8, 8.84, 7.03]},
			"faces": {
				"north": {"uv": [8.258, 10.008, 8.28125, 10.125], "texture": "#0"},
				"east": {"uv": [10.008, 8.258, 10.03125, 8.375], "texture": "#0"},
				"south": {"uv": [8.508, 10.008, 8.53125, 10.125], "texture": "#0"},
				"west": {"uv": [10.008, 8.508, 10.03125, 8.625], "texture": "#0"},
				"up": {"uv": [10.78125, 4.03125, 10.758, 4.008], "texture": "#0"},
				"down": {"uv": [4.28125, 10.758, 4.258, 10.78125], "texture": "#0"}
			}
		},
		{
			"name": "hexadecagon",
			"from": [7.7613, 9.96, 6.95],
			"to": [8.2387, 10.04, 7.11],
			"rotation": {"angle": -22.5, "axis": "z", "origin": [8, 8.84, 5.75]},
			"faces": {
				"north": {"uv": [8.758, 10.008, 8.875, 10.03125], "texture": "#0"},
				"east": {"uv": [10.758, 4.258, 10.78125, 4.28125], "texture": "#0"},
				"south": {"uv": [10.008, 8.758, 10.125, 8.78125], "texture": "#0"},
				"west": {"uv": [4.508, 10.758, 4.53125, 10.78125], "texture": "#0"},
				"up": {"uv": [9.125, 10.03125, 9.008, 10.008], "texture": "#0"},
				"down": {"uv": [10.125, 9.008, 10.008, 9.03125], "texture": "#0"}
			}
		},
		{
			"name": "hexadecagon",
			"from": [9.12, 8.6013, 6.95],
			"to": [9.2, 9.0787, 7.11],
			"rotation": {"angle": 22.5, "axis": "z", "origin": [8, 8.84, 5.75]},
			"faces": {
				"north": {"uv": [9.258, 10.008, 9.28125, 10.125], "texture": "#0"},
				"east": {"uv": [10.008, 9.258, 10.03125, 9.375], "texture": "#0"},
				"south": {"uv": [9.508, 10.008, 9.53125, 10.125], "texture": "#0"},
				"west": {"uv": [10.008, 9.508, 10.03125, 9.625], "texture": "#0"},
				"up": {"uv": [10.78125, 4.53125, 10.758, 4.508], "texture": "#0"},
				"down": {"uv": [4.78125, 10.758, 4.758, 10.78125], "texture": "#0"}
			}
		},
		{
			"name": "hexadecagon",
			"from": [9.12, 8.6013, 6.95],
			"to": [9.2, 9.0787, 7.11],
			"rotation": {"angle": -22.5, "axis": "z", "origin": [8, 8.84, 5.75]},
			"faces": {
				"north": {"uv": [9.758, 10.008, 9.78125, 10.125], "texture": "#0"},
				"east": {"uv": [10.008, 9.758, 10.03125, 9.875], "texture": "#0"},
				"south": {"uv": [10.008, 10.008, 10.03125, 10.125], "texture": "#0"},
				"west": {"uv": [0.008, 10.258, 0.03125, 10.375], "texture": "#0"},
				"up": {"uv": [10.78125, 4.78125, 10.758, 4.758], "texture": "#0"},
				"down": {"uv": [5.03125, 10.758, 5.008, 10.78125], "texture": "#0"}
			}
		},
		{
			"name": "hexadecagon",
			"from": [7.7613, 7.64, 6.95],
			"to": [8.2387, 7.72, 7.11],
			"rotation": {"angle": 22.5, "axis": "z", "origin": [8, 8.84, 5.75]},
			"faces": {
				"north": {"uv": [10.258, 0.008, 10.375, 0.03125], "texture": "#0"},
				"east": {"uv": [10.758, 5.008, 10.78125, 5.03125], "texture": "#0"},
				"south": {"uv": [0.258, 10.258, 0.375, 10.28125], "texture": "#0"},
				"west": {"uv": [5.258, 10.758, 5.28125, 10.78125], "texture": "#0"},
				"up": {"uv": [10.375, 0.28125, 10.258, 0.258], "texture": "#0"},
				"down": {"uv": [0.625, 10.258, 0.508, 10.28125], "texture": "#0"}
			}
		},
		{
			"name": "hexadecagon",
			"from": [7.7613, 7.64, 6.95],
			"to": [8.2387, 7.72, 7.11],
			"rotation": {"angle": -22.5, "axis": "z", "origin": [8, 8.84, 5.75]},
			"faces": {
				"north": {"uv": [10.258, 0.508, 10.375, 0.53125], "texture": "#0"},
				"east": {"uv": [10.758, 5.258, 10.78125, 5.28125], "texture": "#0"},
				"south": {"uv": [0.758, 10.258, 0.875, 10.28125], "texture": "#0"},
				"west": {"uv": [5.508, 10.758, 5.53125, 10.78125], "texture": "#0"},
				"up": {"uv": [10.375, 0.78125, 10.258, 0.758], "texture": "#0"},
				"down": {"uv": [1.125, 10.258, 1.008, 10.28125], "texture": "#0"}
			}
		},
		{
			"name": "hexadecagon",
			"from": [6.8, 8.6013, 6.95],
			"to": [6.88, 9.0787, 7.11],
			"rotation": {"angle": 22.5, "axis": "z", "origin": [8, 8.84, 5.75]},
			"faces": {
				"north": {"uv": [10.258, 1.008, 10.28125, 1.125], "texture": "#0"},
				"east": {"uv": [1.258, 10.258, 1.28125, 10.375], "texture": "#0"},
				"south": {"uv": [10.258, 1.258, 10.28125, 1.375], "texture": "#0"},
				"west": {"uv": [1.508, 10.258, 1.53125, 10.375], "texture": "#0"},
				"up": {"uv": [10.78125, 5.53125, 10.758, 5.508], "texture": "#0"},
				"down": {"uv": [5.78125, 10.758, 5.758, 10.78125], "texture": "#0"}
			}
		},
		{
			"name": "hexadecagon",
			"from": [6.8, 8.6013, 6.95],
			"to": [6.88, 9.0787, 7.11],
			"rotation": {"angle": -22.5, "axis": "z", "origin": [8, 8.84, 5.75]},
			"faces": {
				"north": {"uv": [10.258, 1.508, 10.28125, 1.625], "texture": "#0"},
				"east": {"uv": [1.758, 10.258, 1.78125, 10.375], "texture": "#0"},
				"south": {"uv": [10.258, 1.758, 10.28125, 1.875], "texture": "#0"},
				"west": {"uv": [2.008, 10.258, 2.03125, 10.375], "texture": "#0"},
				"up": {"uv": [10.78125, 5.78125, 10.758, 5.758], "texture": "#0"},
				"down": {"uv": [6.03125, 10.758, 6.008, 10.78125], "texture": "#0"}
			}
		},
		{
			"name": "hexadecagon",
			"from": [7.7613, 9.96, 6.95],
			"to": [8.2387, 10.04, 7.11],
			"rotation": {"angle": 22.5, "axis": "z", "origin": [8, 8.84, 5.75]},
			"faces": {
				"north": {"uv": [10.258, 2.008, 10.375, 2.03125], "texture": "#0"},
				"east": {"uv": [10.758, 6.008, 10.78125, 6.03125], "texture": "#0"},
				"south": {"uv": [2.258, 10.258, 2.375, 10.28125], "texture": "#0"},
				"west": {"uv": [6.258, 10.758, 6.28125, 10.78125], "texture": "#0"},
				"up": {"uv": [10.375, 2.28125, 10.258, 2.258], "texture": "#0"},
				"down": {"uv": [2.625, 10.258, 2.508, 10.28125], "texture": "#0"}
			}
		},
		{
			"name": "hexadecagon",
			"from": [7.74539, 7.56, 8.39],
			"to": [8.25461, 10.12, 9.69],
			"rotation": {"angle": -45, "axis": "z", "origin": [8, 8.84, 9.29]},
			"faces": {
				"north": {"uv": [4.008, 6.508, 4.125, 7.125], "texture": "#0"},
				"east": {"uv": [3.508, 3.758, 3.8125, 4.375], "texture": "#0"},
				"south": {"uv": [4.258, 6.508, 4.375, 7.125], "texture": "#0"},
				"west": {"uv": [4.008, 0.008, 4.3125, 0.625], "texture": "#0"},
				"up": {"uv": [6.875, 8.3125, 6.758, 8.008], "texture": "#0"},
				"down": {"uv": [7.125, 8.008, 7.008, 8.3125], "texture": "#0"}
			}
		},
		{
			"name": "hexadecagon",
			"from": [7.74539, 7.64, 8.39],
			"to": [8.25461, 10.04, 9.665],
			"rotation": {"angle": -22.5, "axis": "z", "origin": [8, 8.84, 9.29]},
			"faces": {
				"north": {"uv": [7.008, 5.508, 7.125, 6.09375], "texture": "#0"},
				"east": {"uv": [4.008, 4.258, 4.3125, 4.84375], "texture": "#0"},
				"south": {"uv": [7.008, 6.258, 7.125, 6.84375], "texture": "#0"},
				"west": {"uv": [4.508, 0.008, 4.8125, 0.59375], "texture": "#0"},
				"up": {"uv": [7.375, 8.3125, 7.258, 8.008], "texture": "#0"},
				"down": {"uv": [7.625, 8.008, 7.508, 8.3125], "texture": "#0"}
			}
		},
		{
			"name": "hexadecagon",
			"from": [7.74539, 7.56, 8.39],
			"to": [8.25461, 7.64, 8.55],
			"rotation": {"angle": -22.5, "axis": "z", "origin": [8, 8.84, 8.79]},
			"faces": {
				"north": {"uv": [10.258, 2.508, 10.375, 2.53125], "texture": "#0"},
				"east": {"uv": [10.758, 6.258, 10.78125, 6.28125], "texture": "#0"},
				"south": {"uv": [2.758, 10.258, 2.875, 10.28125], "texture": "#0"},
				"west": {"uv": [6.508, 10.758, 6.53125, 10.78125], "texture": "#0"},
				"up": {"uv": [10.375, 2.78125, 10.258, 2.758], "texture": "#0"},
				"down": {"uv": [3.125, 10.258, 3.008, 10.28125], "texture": "#0"}
			}
		},
		{
			"name": "hexadecagon",
			"from": [7.74539, 7.56, 9.53],
			"to": [8.25461, 7.64, 9.69],
			"rotation": {"angle": -22.5, "axis": "z", "origin": [8, 8.84, 9.29]},
			"faces": {
				"north": {"uv": [10.258, 3.008, 10.375, 3.03125], "texture": "#0"},
				"east": {"uv": [10.758, 6.508, 10.78125, 6.53125], "texture": "#0"},
				"south": {"uv": [3.258, 10.258, 3.375, 10.28125], "texture": "#0"},
				"west": {"uv": [6.758, 10.758, 6.78125, 10.78125], "texture": "#0"},
				"up": {"uv": [10.375, 3.28125, 10.258, 3.258], "texture": "#0"},
				"down": {"uv": [3.625, 10.258, 3.508, 10.28125], "texture": "#0"}
			}
		},
		{
			"name": "hexadecagon",
			"from": [7.74539, 10.04, 9.53],
			"to": [8.25461, 10.12, 9.69],
			"rotation": {"angle": -22.5, "axis": "z", "origin": [8, 8.84, 9.29]},
			"faces": {
				"north": {"uv": [10.258, 3.508, 10.375, 3.53125], "texture": "#0"},
				"east": {"uv": [10.758, 6.758, 10.78125, 6.78125], "texture": "#0"},
				"south": {"uv": [3.758, 10.258, 3.875, 10.28125], "texture": "#0"},
				"west": {"uv": [7.008, 10.758, 7.03125, 10.78125], "texture": "#0"},
				"up": {"uv": [10.375, 3.78125, 10.258, 3.758], "texture": "#0"},
				"down": {"uv": [4.125, 10.258, 4.008, 10.28125], "texture": "#0"}
			}
		},
		{
			"name": "hexadecagon",
			"from": [7.74539, 10.04, 8.39],
			"to": [8.25461, 10.12, 8.55],
			"rotation": {"angle": -22.5, "axis": "z", "origin": [8, 8.84, 8.79]},
			"faces": {
				"north": {"uv": [10.258, 4.008, 10.375, 4.03125], "texture": "#0"},
				"east": {"uv": [10.758, 7.008, 10.78125, 7.03125], "texture": "#0"},
				"south": {"uv": [4.258, 10.258, 4.375, 10.28125], "texture": "#0"},
				"west": {"uv": [7.258, 10.758, 7.28125, 10.78125], "texture": "#0"},
				"up": {"uv": [10.375, 4.28125, 10.258, 4.258], "texture": "#0"},
				"down": {"uv": [4.625, 10.258, 4.508, 10.28125], "texture": "#0"}
			}
		},
		{
			"name": "hexadecagon",
			"from": [7.74539, 7.64, 8.39],
			"to": [8.25461, 10.04, 9.715],
			"rotation": {"angle": 0, "axis": "y", "origin": [8, 8.84, 9.29]},
			"faces": {
				"north": {"uv": [7.008, 7.008, 7.125, 7.59375], "texture": "#0"},
				"east": {"uv": [3.758, 0.758, 4.09375, 1.34375], "texture": "#0"},
				"south": {"uv": [0.508, 7.258, 0.625, 7.84375], "texture": "#0"},
				"west": {"uv": [1.258, 3.758, 1.59375, 4.34375], "texture": "#0"},
				"up": {"uv": [4.125, 8.34375, 4.008, 8.008], "texture": "#0"},
				"down": {"uv": [4.375, 8.008, 4.258, 8.34375], "texture": "#0"}
			}
		},
		{
			"name": "hexadecagon",
			"from": [7.74539, 10.04, 9.53],
			"to": [8.25461, 10.12, 9.69],
			"rotation": {"angle": 0, "axis": "y", "origin": [8, 8.84, 9.29]},
			"faces": {
				"north": {"uv": [10.258, 4.508, 10.375, 4.53125], "texture": "#0"},
				"east": {"uv": [10.758, 7.258, 10.78125, 7.28125], "texture": "#0"},
				"south": {"uv": [4.758, 10.258, 4.875, 10.28125], "texture": "#0"},
				"west": {"uv": [7.508, 10.758, 7.53125, 10.78125], "texture": "#0"},
				"up": {"uv": [10.375, 4.78125, 10.258, 4.758], "texture": "#0"},
				"down": {"uv": [5.125, 10.258, 5.008, 10.28125], "texture": "#0"}
			}
		},
		{
			"name": "hexadecagon",
			"from": [7.74539, 10.04, 8.39],
			"to": [8.25461, 10.12, 8.55],
			"rotation": {"angle": 0, "axis": "y", "origin": [8, 8.84, 8.79]},
			"faces": {
				"north": {"uv": [10.258, 5.008, 10.375, 5.03125], "texture": "#0"},
				"east": {"uv": [10.758, 7.508, 10.78125, 7.53125], "texture": "#0"},
				"south": {"uv": [5.258, 10.258, 5.375, 10.28125], "texture": "#0"},
				"west": {"uv": [7.758, 10.758, 7.78125, 10.78125], "texture": "#0"},
				"up": {"uv": [10.375, 5.28125, 10.258, 5.258], "texture": "#0"},
				"down": {"uv": [5.625, 10.258, 5.508, 10.28125], "texture": "#0"}
			}
		},
		{
			"name": "hexadecagon",
			"from": [7.74539, 7.56, 9.53],
			"to": [8.25461, 7.64, 9.69],
			"rotation": {"angle": 0, "axis": "y", "origin": [8, 8.84, 9.29]},
			"faces": {
				"north": {"uv": [10.258, 5.508, 10.375, 5.53125], "texture": "#0"},
				"east": {"uv": [10.758, 7.758, 10.78125, 7.78125], "texture": "#0"},
				"south": {"uv": [5.758, 10.258, 5.875, 10.28125], "texture": "#0"},
				"west": {"uv": [8.008, 10.758, 8.03125, 10.78125], "texture": "#0"},
				"up": {"uv": [10.375, 5.78125, 10.258, 5.758], "texture": "#0"},
				"down": {"uv": [6.125, 10.258, 6.008, 10.28125], "texture": "#0"}
			}
		},
		{
			"name": "hexadecagon",
			"from": [7.74539, 7.56, 8.39],
			"to": [8.25461, 7.64, 8.55],
			"rotation": {"angle": 0, "axis": "y", "origin": [8, 8.84, 8.79]},
			"faces": {
				"north": {"uv": [10.258, 6.008, 10.375, 6.03125], "texture": "#0"},
				"east": {"uv": [10.758, 8.008, 10.78125, 8.03125], "texture": "#0"},
				"south": {"uv": [6.258, 10.258, 6.375, 10.28125], "texture": "#0"},
				"west": {"uv": [8.258, 10.758, 8.28125, 10.78125], "texture": "#0"},
				"up": {"uv": [10.375, 6.28125, 10.258, 6.258], "texture": "#0"},
				"down": {"uv": [6.625, 10.258, 6.508, 10.28125], "texture": "#0"}
			}
		},
		{
			"name": "hexadecagon",
			"from": [7.74539, 7.56, 8.39],
			"to": [8.25461, 10.12, 9.665],
			"rotation": {"angle": 22.5, "axis": "z", "origin": [8, 8.84, 9.29]},
			"faces": {
				"north": {"uv": [6.508, 4.758, 6.625, 5.375], "texture": "#0"},
				"east": {"uv": [1.758, 4.008, 2.0625, 4.625], "texture": "#0"},
				"south": {"uv": [6.508, 6.008, 6.625, 6.625], "texture": "#0"},
				"west": {"uv": [2.258, 4.008, 2.5625, 4.625], "texture": "#0"},
				"up": {"uv": [7.875, 8.3125, 7.758, 8.008], "texture": "#0"},
				"down": {"uv": [8.125, 8.008, 8.008, 8.3125], "texture": "#0"}
			}
		},
		{
			"name": "hexadecagon",
			"from": [7.74539, 7.56, 8.39],
			"to": [8.25461, 10.12, 9.69],
			"rotation": {"angle": 45, "axis": "z", "origin": [8, 8.84, 9.29]},
			"faces": {
				"north": {"uv": [4.508, 6.758, 4.625, 7.375], "texture": "#0"},
				"east": {"uv": [4.008, 2.508, 4.3125, 3.125], "texture": "#0"},
				"south": {"uv": [4.758, 6.758, 4.875, 7.375], "texture": "#0"},
				"west": {"uv": [2.758, 4.008, 3.0625, 4.625], "texture": "#0"},
				"up": {"uv": [8.375, 0.3125, 8.258, 0.008], "texture": "#0"},
				"down": {"uv": [1.375, 8.258, 1.258, 8.5625], "texture": "#0"}
			}
		},
		{
			"name": "hexadecagon",
			"from": [6.8, 8.58539, 8.39],
			"to": [9.2, 9.09461, 9.665],
			"rotation": {"angle": -22.5, "axis": "z", "origin": [8, 8.84, 9.29]},
			"faces": {
				"north": {"uv": [7.008, 1.508, 7.59375, 1.625], "texture": "#0"},
				"east": {"uv": [8.008, 6.258, 8.3125, 6.375], "texture": "#0"},
				"south": {"uv": [7.008, 1.758, 7.59375, 1.875], "texture": "#0"},
				"west": {"uv": [2.508, 8.258, 2.8125, 8.375], "texture": "#0"},
				"up": {"uv": [4.84375, 3.5625, 4.258, 3.258], "texture": "#0"},
				"down": {"uv": [5.09375, 1.508, 4.508, 1.8125], "texture": "#0"}
			}
		},
		{
			"from": [7.475, 8.4, 9.7],
			"to": [8.55, 10.35, 10.1],
			"rotation": {"angle": 0, "axis": "y", "origin": [0, 8.2, 2.5]},
			"faces": {
				"north": {"uv": [5.258, 1.508, 5.53125, 1.992], "texture": "#0"},
				"east": {"uv": [3.758, 7.758, 3.84375, 8.242], "texture": "#0"},
				"south": {"uv": [5.258, 2.758, 5.53125, 3.242], "texture": "#0"},
				"west": {"uv": [5.008, 7.758, 5.09375, 8.242], "texture": "#0"},
				"up": {"uv": [5.53125, 8.59375, 5.258, 8.508], "texture": "#0"},
				"down": {"uv": [8.78125, 5.258, 8.508, 5.34375], "texture": "#0"}
			}
		},
		{
			"from": [7.6, 7.55, 9.7],
			"to": [8.35, 8.4, 10.9],
			"rotation": {"angle": 0, "axis": "y", "origin": [0, 6.25, 2.5]},
			"faces": {
				"north": {"uv": [5.258, 8.008, 5.4375, 8.21875], "texture": "#0"},
				"east": {"uv": [7.508, 0.008, 7.8125, 0.21875], "texture": "#0"},
				"south": {"uv": [8.008, 5.258, 8.1875, 5.46875], "texture": "#0"},
				"west": {"uv": [7.508, 0.258, 7.8125, 0.46875], "texture": "#0"},
				"up": {"uv": [5.6875, 7.8125, 5.508, 7.508], "texture": "#0"},
				"down": {"uv": [5.9375, 7.508, 5.758, 7.8125], "texture": "#0"}
			}
		},
		{
			"from": [7.45, 8.4, 10.1],
			"to": [8.55, 9.35, 10.5],
			"rotation": {"angle": 0, "axis": "y", "origin": [0, 8.2, 2.9]},
			"faces": {
				"north": {"uv": [7.258, 5.508, 7.53125, 5.742], "texture": "#0"},
				"east": {"uv": [3.508, 9.008, 3.59375, 9.242], "texture": "#0"},
				"south": {"uv": [7.258, 5.758, 7.53125, 5.992], "texture": "#0"},
				"west": {"uv": [3.758, 9.008, 3.84375, 9.242], "texture": "#0"},
				"up": {"uv": [8.78125, 5.59375, 8.508, 5.508], "texture": "#0"},
				"down": {"uv": [8.78125, 5.758, 8.508, 5.84375], "texture": "#0"}
			}
		},
		{
			"from": [7.45, 8.4, 10.5],
			"to": [8.55, 8.65, 10.9],
			"rotation": {"angle": 0, "axis": "y", "origin": [0, 8.2, 3.3]},
			"faces": {
				"north": {"uv": [9.008, 6.258, 9.28125, 6.3125], "texture": "#0"},
				"east": {"uv": [9.758, 3.508, 9.84375, 3.5625], "texture": "#0"},
				"south": {"uv": [6.758, 9.008, 7.03125, 9.0625], "texture": "#0"},
				"west": {"uv": [3.758, 9.758, 3.84375, 9.8125], "texture": "#0"},
				"up": {"uv": [8.78125, 6.09375, 8.508, 6.008], "texture": "#0"},
				"down": {"uv": [8.78125, 6.258, 8.508, 6.34375], "texture": "#0"}
			}
		},
		{
			"name": "hexadecagon",
			"from": [6.72, 8.58539, 9.53],
			"to": [6.8, 9.09461, 9.69],
			"rotation": {"angle": -22.5, "axis": "z", "origin": [8, 8.84, 9.29]},
			"faces": {
				"north": {"uv": [10.258, 6.508, 10.28125, 6.625], "texture": "#0"},
				"east": {"uv": [6.758, 10.258, 6.78125, 10.375], "texture": "#0"},
				"south": {"uv": [10.258, 6.758, 10.28125, 6.875], "texture": "#0"},
				"west": {"uv": [7.008, 10.258, 7.03125, 10.375], "texture": "#0"},
				"up": {"uv": [10.78125, 8.28125, 10.758, 8.258], "texture": "#0"},
				"down": {"uv": [8.53125, 10.758, 8.508, 10.78125], "texture": "#0"}
			}
		},
		{
			"name": "hexadecagon",
			"from": [6.72, 8.58539, 8.39],
			"to": [6.8, 9.09461, 8.55],
			"rotation": {"angle": -22.5, "axis": "z", "origin": [8, 8.84, 8.79]},
			"faces": {
				"north": {"uv": [10.258, 7.008, 10.28125, 7.125], "texture": "#0"},
				"east": {"uv": [7.258, 10.258, 7.28125, 10.375], "texture": "#0"},
				"south": {"uv": [10.258, 7.258, 10.28125, 7.375], "texture": "#0"},
				"west": {"uv": [7.508, 10.258, 7.53125, 10.375], "texture": "#0"},
				"up": {"uv": [10.78125, 8.53125, 10.758, 8.508], "texture": "#0"},
				"down": {"uv": [8.78125, 10.758, 8.758, 10.78125], "texture": "#0"}
			}
		},
		{
			"name": "hexadecagon",
			"from": [9.2, 8.58539, 8.39],
			"to": [9.28, 9.09461, 8.55],
			"rotation": {"angle": -22.5, "axis": "z", "origin": [8, 8.84, 8.79]},
			"faces": {
				"north": {"uv": [10.258, 7.508, 10.28125, 7.625], "texture": "#0"},
				"east": {"uv": [7.758, 10.258, 7.78125, 10.375], "texture": "#0"},
				"south": {"uv": [10.258, 7.758, 10.28125, 7.875], "texture": "#0"},
				"west": {"uv": [8.008, 10.258, 8.03125, 10.375], "texture": "#0"},
				"up": {"uv": [10.78125, 8.78125, 10.758, 8.758], "texture": "#0"},
				"down": {"uv": [9.03125, 10.758, 9.008, 10.78125], "texture": "#0"}
			}
		},
		{
			"name": "hexadecagon",
			"from": [9.2, 8.58539, 9.53],
			"to": [9.28, 9.09461, 9.69],
			"rotation": {"angle": -22.5, "axis": "z", "origin": [8, 8.84, 9.29]},
			"faces": {
				"north": {"uv": [10.258, 8.008, 10.28125, 8.125], "texture": "#0"},
				"east": {"uv": [8.258, 10.258, 8.28125, 10.375], "texture": "#0"},
				"south": {"uv": [10.258, 8.258, 10.28125, 8.375], "texture": "#0"},
				"west": {"uv": [8.508, 10.258, 8.53125, 10.375], "texture": "#0"},
				"up": {"uv": [10.78125, 9.03125, 10.758, 9.008], "texture": "#0"},
				"down": {"uv": [9.28125, 10.758, 9.258, 10.78125], "texture": "#0"}
			}
		},
		{
			"name": "hexadecagon",
			"from": [6.8, 8.58539, 8.39],
			"to": [9.2, 9.09461, 9.715],
			"rotation": {"angle": 0, "axis": "y", "origin": [8, 8.84, 9.29]},
			"faces": {
				"north": {"uv": [7.008, 2.758, 7.59375, 2.875], "texture": "#0"},
				"east": {"uv": [8.008, 4.008, 8.34375, 4.125], "texture": "#0"},
				"south": {"uv": [7.008, 3.008, 7.59375, 3.125], "texture": "#0"},
				"west": {"uv": [4.508, 8.008, 4.84375, 8.125], "texture": "#0"},
				"up": {"uv": [4.34375, 1.84375, 3.758, 1.508], "texture": "#0"},
				"down": {"uv": [4.34375, 2.008, 3.758, 2.34375], "texture": "#0"}
			}
		},
		{
			"from": [7.4, 6.61582, 7.47898],
			"to": [8.6, 8.51582, 7.87898],
			"rotation": {"angle": -22.5, "axis": "x", "origin": [0, 15.01582, 4.37898]},
			"faces": {
				"north": {"uv": [2.508, 4.758, 2.8125, 5.21875], "texture": "#0"},
				"east": {"uv": [8.008, 0.008, 8.09375, 0.46875], "texture": "#0"},
				"south": {"uv": [4.758, 3.758, 5.0625, 4.21875], "texture": "#0"},
				"west": {"uv": [0.508, 8.008, 0.59375, 8.46875], "texture": "#0"},
				"up": {"uv": [8.8125, 4.09375, 8.508, 4.008], "texture": "#0"},
				"down": {"uv": [4.5625, 8.508, 4.258, 8.59375], "texture": "#0"}
			}
		},
		{
			"from": [7.85, 6.19042, 11.6325],
			"to": [8.15, 6.79042, 11.8325],
			"rotation": {"angle": -22.5, "axis": "x", "origin": [0, 6.49042, 2.7325]},
			"faces": {
				"north": {"uv": [9.508, 3.258, 9.5625, 3.40625], "texture": "#0"},
				"east": {"uv": [3.508, 9.508, 3.5625, 9.65625], "texture": "#0"},
				"south": {"uv": [9.508, 3.508, 9.5625, 3.65625], "texture": "#0"},
				"west": {"uv": [3.758, 9.508, 3.8125, 9.65625], "texture": "#0"},
				"up": {"uv": [10.3125, 8.5625, 10.258, 8.508], "texture": "#0"},
				"down": {"uv": [8.8125, 10.258, 8.758, 10.3125], "texture": "#0"}
			}
		},
		{
			"from": [7.85, 6.64042, 11.2825],
			"to": [8.15, 6.94042, 11.4825],
			"rotation": {"angle": -22.5, "axis": "x", "origin": [0, 6.64042, 2.3825]},
			"faces": {
				"north": {"uv": [10.258, 8.758, 10.3125, 8.8125], "texture": "#0"},
				"east": {"uv": [9.008, 10.258, 9.0625, 10.3125], "texture": "#0"},
				"south": {"uv": [10.258, 9.008, 10.3125, 9.0625], "texture": "#0"},
				"west": {"uv": [9.258, 10.258, 9.3125, 10.3125], "texture": "#0"},
				"up": {"uv": [10.3125, 9.3125, 10.258, 9.258], "texture": "#0"},
				"down": {"uv": [9.5625, 10.258, 9.508, 10.3125], "texture": "#0"}
			}
		},
		{
			"from": [7.775, 5.65, 11.125],
			"to": [8.225, 5.95, 12.225],
			"rotation": {"angle": -22.5, "axis": "x", "origin": [0, 8.25, 1.925]},
			"faces": {
				"north": {"uv": [9.508, 6.258, 9.625, 6.3125], "texture": "#0"},
				"east": {"uv": [7.258, 9.008, 7.53125, 9.0625], "texture": "#0"},
				"south": {"uv": [6.508, 9.508, 6.625, 9.5625], "texture": "#0"},
				"west": {"uv": [9.008, 7.508, 9.28125, 7.5625], "texture": "#0"},
				"up": {"uv": [8.375, 5.78125, 8.258, 5.508], "texture": "#0"},
				"down": {"uv": [5.875, 8.258, 5.758, 8.53125], "texture": "#0"}
			}
		},
		{
			"from": [7.8, 13.15, 12.375],
			"to": [8.2, 13.45, 13.475],
			"rotation": {"angle": 22.5, "axis": "x", "origin": [0, 15.75, 3.175]},
			"faces": {
				"north": {"uv": [9.758, 3.758, 9.84375, 3.8125], "texture": "#0"},
				"east": {"uv": [7.758, 9.008, 8.03125, 9.0625], "texture": "#0"},
				"south": {"uv": [4.008, 9.758, 4.09375, 9.8125], "texture": "#0"},
				"west": {"uv": [9.008, 7.758, 9.28125, 7.8125], "texture": "#0"},
				"up": {"uv": [6.09375, 8.78125, 6.008, 8.508], "texture": "#0"},
				"down": {"uv": [6.84375, 8.508, 6.758, 8.78125], "texture": "#0"}
			}
		},
		{
			"from": [7.825, 2.52265, 13.29208],
			"to": [8.175, 2.72265, 13.79208],
			"rotation": {"angle": -45, "axis": "x", "origin": [0, 5.12265, 4.09208]},
			"faces": {
				"north": {"uv": [9.758, 4.008, 9.84375, 4.0625], "texture": "#0"},
				"east": {"uv": [9.508, 6.508, 9.625, 6.5625], "texture": "#0"},
				"south": {"uv": [4.258, 9.758, 4.34375, 9.8125], "texture": "#0"},
				"west": {"uv": [6.758, 9.508, 6.875, 9.5625], "texture": "#0"},
				"up": {"uv": [8.09375, 9.375, 8.008, 9.258], "texture": "#0"},
				"down": {"uv": [8.34375, 9.258, 8.258, 9.375], "texture": "#0"}
			}
		},
		{
			"from": [7.825, 1.65, 12.325],
			"to": [8.175, 1.95, 13.45],
			"rotation": {"angle": -45, "axis": "x", "origin": [0, 4.25, 3.125]},
			"faces": {
				"north": {"uv": [9.758, 4.258, 9.84375, 4.3125], "texture": "#0"},
				"east": {"uv": [9.008, 8.008, 9.28125, 8.0625], "texture": "#0"},
				"south": {"uv": [4.508, 9.758, 4.59375, 9.8125], "texture": "#0"},
				"west": {"uv": [8.258, 9.008, 8.53125, 9.0625], "texture": "#0"},
				"up": {"uv": [7.09375, 8.78125, 7.008, 8.508], "texture": "#0"},
				"down": {"uv": [7.34375, 8.508, 7.258, 8.78125], "texture": "#0"}
			}
		},
		{
			"from": [7.825, 9.75, 10.525],
			"to": [8.175, 10.25, 11.025],
			"rotation": {"angle": 0, "axis": "y", "origin": [0, 8.25, 1.925]},
			"faces": {
				"north": {"uv": [8.508, 9.258, 8.59375, 9.375], "texture": "#0"},
				"east": {"uv": [9.258, 0.008, 9.375, 0.125], "texture": "#0"},
				"south": {"uv": [8.758, 9.258, 8.84375, 9.375], "texture": "#0"},
				"west": {"uv": [9.258, 0.258, 9.375, 0.375], "texture": "#0"},
				"up": {"uv": [9.34375, 8.875, 9.258, 8.758], "texture": "#0"},
				"down": {"uv": [9.09375, 9.258, 9.008, 9.375], "texture": "#0"}
			}
		},
		{
			"from": [7.725, 7.9, 10.725],
			"to": [8.275, 9.75, 11.625],
			"rotation": {"angle": 0, "axis": "y", "origin": [0, 7.5, 1.925]},
			"faces": {
				"north": {"uv": [6.008, 7.508, 6.125, 7.96875], "texture": "#0"},
				"east": {"uv": [3.258, 4.008, 3.46875, 4.46875], "texture": "#0"},
				"south": {"uv": [7.508, 6.008, 7.625, 6.46875], "texture": "#0"},
				"west": {"uv": [5.758, 4.758, 5.96875, 5.21875], "texture": "#0"},
				"up": {"uv": [5.125, 8.71875, 5.008, 8.508], "texture": "#0"},
				"down": {"uv": [8.625, 5.008, 8.508, 5.21875], "texture": "#0"}
			}
		},
		{
			"from": [7.625, 1.2, 14.775],
			"to": [8.375, 2.2, 15.475],
			"rotation": {"angle": -45, "axis": "x", "origin": [0, -0.35, 5.975]},
			"faces": {
				"north": {"uv": [1.258, 3.508, 1.4375, 3.742], "texture": "#0"},
				"east": {"uv": [1.758, 3.758, 1.9375, 3.992], "texture": "#0"},
				"south": {"uv": [5.758, 1.008, 5.9375, 1.242], "texture": "#0"},
				"west": {"uv": [6.258, 6.008, 6.4375, 6.242], "texture": "#0"},
				"up": {"uv": [6.1875, 8.4375, 6.008, 8.258], "texture": "#0"},
				"down": {"uv": [8.4375, 6.008, 8.258, 6.1875], "texture": "#0"}
			}
		},
		{
			"from": [7.475, 6.0764, 11.10863],
			"to": [8.55, 7.4514, 12.95863],
			"rotation": {"angle": 0, "axis": "y", "origin": [0, 4.7014, 2.30863]},
			"faces": {
				"north": {"uv": [6.008, 0.758, 6.28125, 1.09375], "texture": "#0"},
				"east": {"uv": [4.758, 0.758, 5.21875, 1.09375], "texture": "#0"},
				"south": {"uv": [4.008, 6.008, 4.28125, 6.34375], "texture": "#0"},
				"west": {"uv": [1.758, 4.758, 2.21875, 5.09375], "texture": "#0"},
				"up": {"uv": [0.28125, 5.96875, 0.008, 5.508], "texture": "#0"},
				"down": {"uv": [5.78125, 5.258, 5.508, 5.71875], "texture": "#0"}
			}
		},
		{
			"from": [7.5, 10.25335, 12.57611],
			"to": [8.525, 11.02835, 12.85111],
			"rotation": {"angle": 22.5, "axis": "x", "origin": [0, 8.27835, 3.77611]},
			"faces": {
				"north": {"uv": [7.758, 6.008, 7.992, 6.1875], "texture": "#0"},
				"east": {"uv": [0.008, 9.508, 0.0625, 9.6875], "texture": "#0"},
				"south": {"uv": [7.758, 6.258, 7.992, 6.4375], "texture": "#0"},
				"west": {"uv": [9.508, 0.008, 9.5625, 0.1875], "texture": "#0"},
				"up": {"uv": [1.742, 9.3125, 1.508, 9.258], "texture": "#0"},
				"down": {"uv": [1.992, 9.258, 1.758, 9.3125], "texture": "#0"}
			}
		},
		{
			"from": [7.525, 12.99916, 13.84561],
			"to": [8.5, 14.37416, 14.12061],
			"rotation": {"angle": 45, "axis": "x", "origin": [0, 11.62416, 5.04561]},
			"faces": {
				"north": {"uv": [4.508, 6.258, 4.742, 6.59375], "texture": "#0"},
				"east": {"uv": [9.008, 4.258, 9.0625, 4.59375], "texture": "#0"},
				"south": {"uv": [4.758, 6.258, 4.992, 6.59375], "texture": "#0"},
				"west": {"uv": [4.508, 9.008, 4.5625, 9.34375], "texture": "#0"},
				"up": {"uv": [2.242, 9.3125, 2.008, 9.258], "texture": "#0"},
				"down": {"uv": [9.492, 2.008, 9.258, 2.0625], "texture": "#0"}
			}
		},
		{
			"from": [7.55, 4.25447, 8.87387],
			"to": [8.475, 5.42947, 10.24887],
			"rotation": {"angle": -22.5, "axis": "x", "origin": [0, 14.22947, 7.49887]},
			"faces": {
				"north": {"uv": [6.758, 7.258, 6.96875, 7.53125], "texture": "#0"},
				"east": {"uv": [6.008, 4.758, 6.34375, 5.03125], "texture": "#0"},
				"south": {"uv": [0.758, 7.508, 0.96875, 7.78125], "texture": "#0"},
				"west": {"uv": [6.008, 5.258, 6.34375, 5.53125], "texture": "#0"},
				"up": {"uv": [6.96875, 5.09375, 6.758, 4.758], "texture": "#0"},
				"down": {"uv": [6.96875, 5.258, 6.758, 5.59375], "texture": "#0"}
			}
		},
		{
			"from": [7.475, 3.5764, 11.85863],
			"to": [8.55, 6.0764, 13.85863],
			"rotation": {"angle": 0, "axis": "y", "origin": [0, 3.3264, 3.05863]},
			"faces": {
				"north": {"uv": [1.258, 4.508, 1.53125, 5.125], "texture": "#0"},
				"east": {"uv": [1.008, 1.008, 1.492, 1.625], "texture": "#0"},
				"south": {"uv": [4.508, 2.008, 4.78125, 2.625], "texture": "#0"},
				"west": {"uv": [1.508, 1.008, 1.992, 1.625], "texture": "#0"},
				"up": {"uv": [5.53125, 4.242, 5.258, 3.758], "texture": "#0"},
				"down": {"uv": [4.78125, 5.258, 4.508, 5.742], "texture": "#0"}
			}
		},
		{
			"from": [7.45, 2.5764, 11.65863],
			"to": [8.575, 3.6514, 14.05863],
			"rotation": {"angle": 0, "axis": "y", "origin": [0, 0.8264, 3.05863]},
			"faces": {
				"north": {"uv": [6.008, 6.258, 6.28125, 6.53125], "texture": "#0"},
				"east": {"uv": [4.508, 2.758, 5.09375, 3.03125], "texture": "#0"},
				"south": {"uv": [6.508, 0.758, 6.78125, 1.03125], "texture": "#0"},
				"west": {"uv": [3.258, 4.508, 3.84375, 4.78125], "texture": "#0"},
				"up": {"uv": [4.78125, 4.84375, 4.508, 4.258], "texture": "#0"},
				"down": {"uv": [0.28125, 4.758, 0.008, 5.34375], "texture": "#0"}
			}
		},
		{
			"from": [7.532, 1.41604, 13.16698],
			"to": [8.493, 2.59104, 13.86698],
			"rotation": {"angle": -22.5, "axis": "x", "origin": [0, -0.15896, 4.36698]},
			"faces": {
				"north": {"uv": [7.258, 6.008, 7.492, 6.28125], "texture": "#0"},
				"east": {"uv": [2.508, 7.758, 2.6875, 8.03125], "texture": "#0"},
				"south": {"uv": [7.258, 6.508, 7.492, 6.78125], "texture": "#0"},
				"west": {"uv": [2.758, 7.758, 2.9375, 8.03125], "texture": "#0"},
				"up": {"uv": [6.742, 5.6875, 6.508, 5.508], "texture": "#0"},
				"down": {"uv": [5.492, 7.758, 5.258, 7.9375], "texture": "#0"}
			}
		},
		{
			"from": [7.5, -0.00689, 15.63087],
			"to": [8.525, 0.66811, 16.33087],
			"rotation": {"angle": -45, "axis": "x", "origin": [0, -2.08189, 6.83087]},
			"faces": {
				"north": {"uv": [1.508, 8.258, 1.742, 8.40625], "texture": "#0"},
				"east": {"uv": [8.508, 4.258, 8.6875, 4.40625], "texture": "#0"},
				"south": {"uv": [8.258, 2.758, 8.492, 2.90625], "texture": "#0"},
				"west": {"uv": [8.508, 4.508, 8.6875, 4.65625], "texture": "#0"},
				"up": {"uv": [7.992, 5.6875, 7.758, 5.508], "texture": "#0"},
				"down": {"uv": [7.992, 5.758, 7.758, 5.9375], "texture": "#0"}
			}
		},
		{
			"from": [7.5, -0.1736, 14.70863],
			"to": [8.525, 0.3764, 14.93363],
			"rotation": {"angle": -22.5, "axis": "x", "origin": [0, -0.4236, 4.85863]},
			"faces": {
				"north": {"uv": [0.508, 8.508, 0.742, 8.625], "texture": "#0"},
				"east": {"uv": [9.508, 6.758, 9.5625, 6.875], "texture": "#0"},
				"south": {"uv": [8.508, 0.508, 8.742, 0.625], "texture": "#0"},
				"west": {"uv": [7.008, 9.508, 7.0625, 9.625], "texture": "#0"},
				"up": {"uv": [0.742, 9.3125, 0.508, 9.258], "texture": "#0"},
				"down": {"uv": [9.492, 0.508, 9.258, 0.5625], "texture": "#0"}
			}
		},
		{
			"from": [7.5, -0.1736, 10.79137],
			"to": [8.525, 0.3764, 11.01637],
			"rotation": {"angle": 22.5, "axis": "x", "origin": [0, -0.4236, 20.86637]},
			"faces": {
				"north": {"uv": [0.758, 8.508, 0.992, 8.625], "texture": "#0"},
				"east": {"uv": [9.508, 7.008, 9.5625, 7.125], "texture": "#0"},
				"south": {"uv": [1.008, 8.508, 1.242, 8.625], "texture": "#0"},
				"west": {"uv": [7.258, 9.508, 7.3125, 9.625], "texture": "#0"},
				"up": {"uv": [1.242, 9.3125, 1.008, 9.258], "texture": "#0"},
				"down": {"uv": [1.492, 9.258, 1.258, 9.3125], "texture": "#0"}
			}
		},
		{
			"from": [7.9, 9.35, 10.525],
			"to": [8.1, 9.55, 10.725],
			"rotation": {"angle": 0, "axis": "y", "origin": [0, 8.25, 1.925]},
			"faces": {
				"north": {"uv": [10.258, 9.508, 10.3125, 9.5625], "texture": "#0"},
				"east": {"uv": [9.758, 10.258, 9.8125, 10.3125], "texture": "#0"},
				"south": {"uv": [10.258, 9.758, 10.3125, 9.8125], "texture": "#0"},
				"west": {"uv": [10.008, 10.258, 10.0625, 10.3125], "texture": "#0"},
				"up": {"uv": [10.3125, 10.0625, 10.258, 10.008], "texture": "#0"},
				"down": {"uv": [10.3125, 10.258, 10.258, 10.3125], "texture": "#0"}
			}
		},
		{
			"from": [7.725, 7.7, 10.725],
			"to": [8.275, 7.9, 11.425],
			"rotation": {"angle": 0, "axis": "y", "origin": [0, 7, 1.925]},
			"faces": {
				"north": {"uv": [9.508, 7.258, 9.625, 7.3125], "texture": "#0"},
				"east": {"uv": [9.258, 9.008, 9.4375, 9.0625], "texture": "#0"},
				"south": {"uv": [7.508, 9.508, 7.625, 9.5625], "texture": "#0"},
				"west": {"uv": [9.258, 9.258, 9.4375, 9.3125], "texture": "#0"},
				"up": {"uv": [4.125, 9.1875, 4.008, 9.008], "texture": "#0"},
				"down": {"uv": [9.125, 4.008, 9.008, 4.1875], "texture": "#0"}
			}
		},
		{
			"from": [7.75, 14.8, 13.55],
			"to": [8.25, 15.075, 13.7],
			"rotation": {"angle": 45, "axis": "x", "origin": [0, 14, 4]},
			"faces": {
				"north": {"uv": [9.508, 7.508, 9.625, 7.5625], "texture": "#0"},
				"east": {"uv": [10.758, 1.258, 10.78125, 1.3125], "texture": "#0"},
				"south": {"uv": [7.758, 9.508, 7.875, 9.5625], "texture": "#0"},
				"west": {"uv": [1.508, 10.758, 1.53125, 10.8125], "texture": "#0"},
				"up": {"uv": [0.125, 10.53125, 0.008, 10.508], "texture": "#0"},
				"down": {"uv": [10.625, 0.008, 10.508, 0.03125], "texture": "#0"}
			}
		},
		{
			"name": "hexadecagon",
			"from": [6.72, 8.58539, 9.53],
			"to": [6.8, 9.09461, 9.69],
			"rotation": {"angle": 0, "axis": "y", "origin": [8, 8.84, 9.29]},
			"faces": {
				"north": {"uv": [0.258, 10.508, 0.28125, 10.625], "texture": "#0"},
				"east": {"uv": [10.508, 0.258, 10.53125, 0.375], "texture": "#0"},
				"south": {"uv": [0.508, 10.508, 0.53125, 10.625], "texture": "#0"},
				"west": {"uv": [10.508, 0.508, 10.53125, 0.625], "texture": "#0"},
				"up": {"uv": [10.78125, 9.28125, 10.758, 9.258], "texture": "#0"},
				"down": {"uv": [9.53125, 10.758, 9.508, 10.78125], "texture": "#0"}
			}
		},
		{
			"name": "hexadecagon",
			"from": [6.72, 8.58539, 8.39],
			"to": [6.8, 9.09461, 8.55],
			"rotation": {"angle": 0, "axis": "y", "origin": [8, 8.84, 8.79]},
			"faces": {
				"north": {"uv": [0.758, 10.508, 0.78125, 10.625], "texture": "#0"},
				"east": {"uv": [10.508, 0.758, 10.53125, 0.875], "texture": "#0"},
				"south": {"uv": [1.008, 10.508, 1.03125, 10.625], "texture": "#0"},
				"west": {"uv": [10.508, 1.008, 10.53125, 1.125], "texture": "#0"},
				"up": {"uv": [10.78125, 9.53125, 10.758, 9.508], "texture": "#0"},
				"down": {"uv": [9.78125, 10.758, 9.758, 10.78125], "texture": "#0"}
			}
		},
		{
			"name": "hexadecagon",
			"from": [9.2, 8.58539, 9.53],
			"to": [9.28, 9.09461, 9.69],
			"rotation": {"angle": 0, "axis": "y", "origin": [8, 8.84, 9.29]},
			"faces": {
				"north": {"uv": [1.258, 10.508, 1.28125, 10.625], "texture": "#0"},
				"east": {"uv": [10.508, 1.258, 10.53125, 1.375], "texture": "#0"},
				"south": {"uv": [1.508, 10.508, 1.53125, 10.625], "texture": "#0"},
				"west": {"uv": [10.508, 1.508, 10.53125, 1.625], "texture": "#0"},
				"up": {"uv": [10.78125, 9.78125, 10.758, 9.758], "texture": "#0"},
				"down": {"uv": [10.03125, 10.758, 10.008, 10.78125], "texture": "#0"}
			}
		},
		{
			"name": "hexadecagon",
			"from": [9.2, 8.58539, 8.39],
			"to": [9.28, 9.09461, 8.55],
			"rotation": {"angle": 0, "axis": "y", "origin": [8, 8.84, 8.79]},
			"faces": {
				"north": {"uv": [1.758, 10.508, 1.78125, 10.625], "texture": "#0"},
				"east": {"uv": [10.508, 1.758, 10.53125, 1.875], "texture": "#0"},
				"south": {"uv": [2.008, 10.508, 2.03125, 10.625], "texture": "#0"},
				"west": {"uv": [10.508, 2.008, 10.53125, 2.125], "texture": "#0"},
				"up": {"uv": [10.78125, 10.03125, 10.758, 10.008], "texture": "#0"},
				"down": {"uv": [10.28125, 10.758, 10.258, 10.78125], "texture": "#0"}
			}
		},
		{
			"name": "hexadecagon",
			"from": [6.72, 8.58539, 8.39],
			"to": [9.28, 9.09461, 9.665],
			"rotation": {"angle": 22.5, "axis": "z", "origin": [8, 8.84, 9.29]},
			"faces": {
				"north": {"uv": [6.508, 3.758, 7.125, 3.875], "texture": "#0"},
				"east": {"uv": [8.258, 3.008, 8.5625, 3.125], "texture": "#0"},
				"south": {"uv": [6.508, 4.008, 7.125, 4.125], "texture": "#0"},
				"west": {"uv": [3.258, 8.258, 3.5625, 8.375], "texture": "#0"},
				"up": {"uv": [4.625, 4.0625, 4.008, 3.758], "texture": "#0"},
				"down": {"uv": [0.625, 4.258, 0.008, 4.5625], "texture": "#0"}
			}
		}
	],
	"display": {
		"thirdperson_righthand": {
			"translation": [0, 1, -0.75],
			"scale": [0.7, 0.7, 0.7]
		},
		"thirdperson_lefthand": {
			"translation": [0, 1, -0.75],
			"scale": [0.7, 0.7, 0.7]
		},
		"firstperson_righthand": {
			"translation": [1, 3.25, 0.5],
			"scale": [0.8, 0.8, 0.8]
		},
		"firstperson_lefthand": {
			"translation": [-9, 5.75, 6.75],
			"scale": [0.8, 0.8, 0.8]
		},
		"ground": {
			"rotation": [0, 0, -90],
			"translation": [-1, -1.5, 0]
		},
		"gui": {
			"rotation": [65, 52, -62],
			"translation": [1.25, 0.25, 0]
		},
		"fixed": {
			"rotation": [0, 90, 0],
			"translation": [1.75, 0, 0]
		}
	},
	"groups": [
		0,
		1,
		2,
		3,
		4,
		5,
		6,
		7,
		8,
		9,
		10,
		11,
		12,
		13,
		14,
		15,
		16,
		17,
		18,
		19,
		20,
		21,
		22,
		23,
		24,
		25,
		26,
		27,
		28,
		29,
		30,
		31,
		32,
		33,
		34,
		35,
		36,
		37,
		38,
		39,
		40,
		41,
		42,
		43,
		44,
		45,
		46,
		47,
		48,
		49,
		50,
		51,
		52,
		53,
		54,
		55,
		56,
		57,
		58,
		59,
		60,
		61,
		62,
		63,
		64,
		65,
		66,
		67,
		68,
		69,
		70,
		71,
		72,
		73,
		74,
		75,
		76,
		77,
		78,
		79,
		80,
		81,
		82,
		{
			"name": "hexadecagon",
			"origin": [8, 8, 8],
			"color": 0,
			"children": [83, 84, 85, 86, 87, 88, 89, 90, 91, 92, 93, 94, 95, 96, 97, 98, 99, 100, 101, 102, 103, 104, 105, 106]
		},
		{
			"name": "hexadecagon",
			"origin": [8, 8, 8],
			"color": 0,
			"children": [
				107,
				108,
				109,
				110,
				111,
				112,
				113,
				114,
				115,
				116,
				117,
				118,
				119,
				120,
				121,
				122,
				123,
				124,
				125,
				126,
				127,
				128,
				129,
				130,
				131,
				132,
				133,
				134,
				135,
				136,
				137,
				138,
				139,
				140,
				141,
				142,
				143,
				144,
				145,
				146,
				147,
				148,
				149,
				150,
				151,
				152,
				153,
				154,
				155,
				156,
				157
			]
		}
	]
}