{
	"credit": "Made with Blockbench",
	"texture_size": [64, 64],
	"textures": {
		"0": "item/guns/henry",
		"particle": "item/guns/henry"
	},
	"elements": [
		{
			"name": "a",
			"from": [7.75, 1.88214, 20.98018],
			"to": [8.25, 2.88214, 22.10518],
			"rotation": {"angle": -45, "axis": "x", "origin": [6.75, 0.38214, 12.41768]},
			"faces": {
				"north": {"uv": [7.50488, 4.75488, 7.5875, 4.93125], "texture": "#0"},
				"east": {"uv": [6.50488, 2.75488, 6.7125, 2.93125], "texture": "#0"},
				"south": {"uv": [7.50488, 5.00488, 7.5875, 5.18125], "texture": "#0"},
				"west": {"uv": [6.50488, 3.00488, 6.7125, 3.18125], "texture": "#0"},
				"up": {"uv": [7.5875, 3.2125, 7.50488, 3.00488], "texture": "#0"},
				"down": {"uv": [7.5875, 4.00488, 7.50488, 4.2125], "texture": "#0"}
			}
		},
		{
			"name": "a",
			"from": [7.78125, 7.41348, 25.23781],
			"to": [8.21875, 8.63223, 26.23781],
			"rotation": {"angle": -22.5, "axis": "x", "origin": [6.75, -1.30527, 27.73781]},
			"faces": {
				"north": {"uv": [0.00488, 7.50488, 0.0875, 7.73575], "texture": "#0"},
				"east": {"uv": [6.00488, 3.00488, 6.18125, 3.23575], "texture": "#0"},
				"south": {"uv": [0.25488, 7.50488, 0.3375, 7.73575], "texture": "#0"},
				"west": {"uv": [6.00488, 4.25488, 6.18125, 4.48575], "texture": "#0"},
				"up": {"uv": [7.5875, 5.43125, 7.50488, 5.25488], "texture": "#0"},
				"down": {"uv": [7.5875, 5.50488, 7.50488, 5.68125], "texture": "#0"}
			}
		},
		{
			"name": "a",
			"from": [7.75, 6.44464, 15.08482],
			"to": [8.25, 7.28839, 17.08483],
			"rotation": {"angle": 22.5, "axis": "x", "origin": [6.75, -1.52411, 20.70983]},
			"faces": {
				"north": {"uv": [6.75488, 7.50488, 6.8375, 7.65], "texture": "#0"},
				"east": {"uv": [6.00488, 1.00488, 6.4, 1.15], "texture": "#0"},
				"south": {"uv": [7.50488, 6.75488, 7.5875, 6.9], "texture": "#0"},
				"west": {"uv": [6.00488, 2.75488, 6.4, 2.9], "texture": "#0"},
				"up": {"uv": [7.3375, 4.4, 7.25488, 4.00488], "texture": "#0"},
				"down": {"uv": [7.3375, 4.50488, 7.25488, 4.9], "texture": "#0"}
			}
		},
		{
			"name": "a",
			"from": [7.75, 6.44464, 17.08483],
			"to": [8.25, 8.16339, 19.20983],
			"rotation": {"angle": 22.5, "axis": "x", "origin": [6.75, -1.52411, 20.70983]},
			"faces": {
				"north": {"uv": [6.50488, 7.25488, 6.5875, 7.5875], "texture": "#0"},
				"east": {"uv": [1.50488, 4.50488, 1.93125, 4.8375], "texture": "#0"},
				"south": {"uv": [7.25488, 6.50488, 7.3375, 6.8375], "texture": "#0"},
				"west": {"uv": [2.00488, 4.50488, 2.43125, 4.8375], "texture": "#0"},
				"up": {"uv": [6.8375, 3.18125, 6.75488, 2.75488], "texture": "#0"},
				"down": {"uv": [7.0875, 2.75488, 7.00488, 3.18125], "texture": "#0"}
			}
		},
		{
			"name": "a",
			"from": [7.6875, 8, 17.5],
			"to": [8.3125, 9, 23.03125],
			"rotation": {"angle": 0, "axis": "y", "origin": [6.75, 6.5, 13.0625]},
			"faces": {
				"north": {"uv": [7.25488, 7.00488, 7.36875, 7.18125], "texture": "#0"},
				"east": {"uv": [1.50488, 1.00488, 2.5875, 1.18125], "texture": "#0"},
				"south": {"uv": [7.25488, 7.25488, 7.36875, 7.43125], "texture": "#0"},
				"west": {"uv": [1.50488, 1.25488, 2.5875, 1.43125], "texture": "#0"},
				"up": {"uv": [2.61875, 5.5875, 2.50488, 4.50488], "texture": "#0"},
				"down": {"uv": [2.86875, 4.50488, 2.75488, 5.5875], "texture": "#0"}
			}
		},
		{
			"name": "a",
			"from": [7.71875, 8.96875, 15.5],
			"to": [8.28125, 10.3125, 22.84375],
			"rotation": {"angle": 22.5, "axis": "x", "origin": [6.75, 7.8125, 12.53125]},
			"faces": {
				"north": {"uv": [7.25488, 5.00488, 7.36875, 5.275], "texture": "#0"},
				"east": {"uv": [0.00488, 0.00488, 1.4625, 0.275], "texture": "#0"},
				"south": {"uv": [7.25488, 5.50488, 7.36875, 5.775], "texture": "#0"},
				"west": {"uv": [0.00488, 0.50487, 1.4625, 0.775], "texture": "#0"},
				"up": {"uv": [1.11875, 5.9625, 1.00488, 4.50488], "texture": "#0"},
				"down": {"uv": [1.36875, 4.50488, 1.25488, 5.9625], "texture": "#0"}
			}
		},
		{
			"name": "a",
			"from": [8.09375, 10.625, 9.25],
			"to": [8.15625, 11, 9.375],
			"rotation": {"angle": 0, "axis": "y", "origin": [7.0625, 9.40625, 7.28125]},
			"faces": {
				"north": {"uv": [1.50488, 9.00487, 1.525, 9.05625], "texture": "#0"},
				"east": {"uv": [9.00487, 1.50488, 9.025, 1.55625], "texture": "#0"},
				"south": {"uv": [1.75488, 9.00487, 1.775, 9.05625], "texture": "#0"},
				"west": {"uv": [9.00487, 1.75488, 9.025, 1.80625], "texture": "#0"},
				"up": {"uv": [1.775, 9.525, 1.75488, 9.50487], "texture": "#0"},
				"down": {"uv": [9.525, 1.75488, 9.50487, 1.775], "texture": "#0"}
			}
		},
		{
			"name": "a",
			"from": [7.84375, 10.625, 9.25],
			"to": [7.90625, 11, 9.375],
			"rotation": {"angle": 0, "axis": "y", "origin": [6.8125, 9.40625, 7.28125]},
			"faces": {
				"north": {"uv": [1.00488, 9.00487, 1.025, 9.05625], "texture": "#0"},
				"east": {"uv": [9.00487, 1.00488, 9.025, 1.05625], "texture": "#0"},
				"south": {"uv": [1.25488, 9.00487, 1.275, 9.05625], "texture": "#0"},
				"west": {"uv": [9.00487, 1.25488, 9.025, 1.30625], "texture": "#0"},
				"up": {"uv": [1.525, 9.525, 1.50488, 9.50487], "texture": "#0"},
				"down": {"uv": [9.525, 1.50488, 9.50487, 1.525], "texture": "#0"}
			}
		},
		{
			"name": "a",
			"from": [7.75, 8.13784, 11.29354],
			"to": [8.25, 8.76284, 11.60604],
			"rotation": {"angle": -45, "axis": "x", "origin": [6.75, 6.85659, 9.54354]},
			"faces": {
				"north": {"uv": [0.00488, 7.75488, 0.0875, 7.86875], "texture": "#0"},
				"east": {"uv": [7.75488, 4.25488, 7.80625, 4.36875], "texture": "#0"},
				"south": {"uv": [0.25488, 7.75488, 0.3375, 7.86875], "texture": "#0"},
				"west": {"uv": [7.75488, 4.50488, 7.80625, 4.61875], "texture": "#0"},
				"up": {"uv": [0.3375, 8.30625, 0.25488, 8.25487], "texture": "#0"},
				"down": {"uv": [0.5875, 8.25487, 0.50487, 8.30625], "texture": "#0"}
			}
		},
		{
			"name": "a",
			"from": [8.15625, 10.625, 9.40625],
			"to": [8.21875, 10.6875, 9.875],
			"rotation": {"angle": 0, "axis": "y", "origin": [9.25, 9.34375, 7.4375]},
			"faces": {
				"north": {"uv": [3.50488, 9.00487, 3.525, 9.025], "texture": "#0"},
				"east": {"uv": [7.75488, 8.25487, 7.8375, 8.275], "texture": "#0"},
				"south": {"uv": [9.00487, 3.50488, 9.025, 3.525], "texture": "#0"},
				"west": {"uv": [8.25487, 7.75488, 8.3375, 7.775], "texture": "#0"},
				"up": {"uv": [8.025, 8.3375, 8.00487, 8.25487], "texture": "#0"},
				"down": {"uv": [8.275, 8.00487, 8.25487, 8.0875], "texture": "#0"}
			}
		},
		{
			"name": "a",
			"from": [7.78125, 10.625, 9.40625],
			"to": [7.84375, 10.6875, 9.875],
			"rotation": {"angle": 0, "axis": "y", "origin": [6.75, 9.34375, 7.4375]},
			"faces": {
				"north": {"uv": [3.25488, 9.00487, 3.275, 9.025], "texture": "#0"},
				"east": {"uv": [7.25488, 8.25487, 7.3375, 8.275], "texture": "#0"},
				"south": {"uv": [9.00487, 3.25488, 9.025, 3.275], "texture": "#0"},
				"west": {"uv": [8.25487, 7.25488, 8.3375, 7.275], "texture": "#0"},
				"up": {"uv": [7.525, 8.3375, 7.50488, 8.25487], "texture": "#0"},
				"down": {"uv": [8.275, 7.50488, 8.25487, 7.5875], "texture": "#0"}
			}
		},
		{
			"name": "a",
			"from": [7.71875, 9.40625, 9.1875],
			"to": [8.28125, 10.625, 9.875],
			"rotation": {"angle": 0, "axis": "y", "origin": [6.75, 8.125, 7.4375]},
			"faces": {
				"north": {"uv": [6.75488, 1.00175, 6.87188, 1.24513], "texture": "#0"},
				"east": {"uv": [7.00488, 1.00488, 7.11875, 1.23575], "texture": "#0"},
				"south": {"uv": [7.25488, 1.00488, 7.36875, 1.23575], "texture": "#0"},
				"west": {"uv": [6.75488, 7.25488, 6.86875, 7.48575], "texture": "#0"},
				"up": {"uv": [7.61875, 6.36875, 7.50488, 6.25488], "texture": "#0"},
				"down": {"uv": [7.61875, 6.50488, 7.50488, 6.61875], "texture": "#0"}
			}
		},
		{
			"name": "a",
			"from": [7.875, 10.28125, 13.5625],
			"to": [8.125, 10.375, 15.875],
			"rotation": {"angle": 22.5, "axis": "x", "origin": [6.75, 7.8125, 12.53125]},
			"faces": {
				"north": {"uv": [4.25488, 8.50487, 4.30625, 8.525], "texture": "#0"},
				"east": {"uv": [7.25488, 7.50488, 7.61875, 7.525], "texture": "#0"},
				"south": {"uv": [8.50487, 4.25488, 8.55625, 4.275], "texture": "#0"},
				"west": {"uv": [7.50488, 7.25488, 7.86875, 7.275], "texture": "#0"},
				"up": {"uv": [0.55625, 7.86875, 0.50487, 7.50488], "texture": "#0"},
				"down": {"uv": [0.80625, 7.50488, 0.75488, 7.86875], "texture": "#0"}
			}
		},
		{
			"name": "a",
			"from": [7.75, 8.40625, 12.78125],
			"to": [8.25, 9.34375, 14.09375],
			"rotation": {"angle": -22.5, "axis": "x", "origin": [6.75, 7.25, 13.1875]},
			"faces": {
				"north": {"uv": [7.50488, 5.75488, 7.5875, 5.93125], "texture": "#0"},
				"east": {"uv": [6.25488, 3.00488, 6.48575, 3.18125], "texture": "#0"},
				"south": {"uv": [7.50488, 6.00488, 7.5875, 6.18125], "texture": "#0"},
				"west": {"uv": [6.50488, 1.00488, 6.73575, 1.18125], "texture": "#0"},
				"up": {"uv": [7.5875, 1.23575, 7.50488, 1.00488], "texture": "#0"},
				"down": {"uv": [7.5875, 2.75488, 7.50488, 2.98575], "texture": "#0"}
			}
		},
		{
			"name": "a",
			"from": [7.71875, 8.96875, 12.125],
			"to": [8.28125, 10.3125, 15.5],
			"rotation": {"angle": 22.5, "axis": "x", "origin": [6.75, 7.8125, 12.53125]},
			"faces": {
				"north": {"uv": [7.25488, 6.00488, 7.36875, 6.275], "texture": "#0"},
				"east": {"uv": [1.50488, 2.75488, 2.18125, 3.025], "texture": "#0"},
				"south": {"uv": [6.25488, 7.25488, 6.36875, 7.525], "texture": "#0"},
				"west": {"uv": [2.25488, 2.75488, 2.93125, 3.025], "texture": "#0"},
				"up": {"uv": [7.11875, 6.18125, 7.00488, 5.50488], "texture": "#0"},
				"down": {"uv": [7.11875, 6.25488, 7.00488, 6.93125], "texture": "#0"}
			}
		},
		{
			"name": "a",
			"from": [7.75, 10.38182, 11.27015],
			"to": [8.25, 10.69433, 12.3014],
			"rotation": {"angle": 45, "axis": "x", "origin": [6.75, 8.19432, 12.20765]},
			"faces": {
				"north": {"uv": [0.75488, 8.25487, 0.8375, 8.30625], "texture": "#0"},
				"east": {"uv": [7.00488, 7.50488, 7.2125, 7.55625], "texture": "#0"},
				"south": {"uv": [8.25487, 1.00488, 8.3375, 1.05625], "texture": "#0"},
				"west": {"uv": [7.50488, 7.00488, 7.7125, 7.05625], "texture": "#0"},
				"up": {"uv": [7.5875, 4.4625, 7.50488, 4.25488], "texture": "#0"},
				"down": {"uv": [7.5875, 4.50488, 7.50488, 4.7125], "texture": "#0"}
			}
		},
		{
			"name": "a",
			"from": [7.6875, 9, 9.875],
			"to": [8.3125, 10.625, 13.3125],
			"rotation": {"angle": 0, "axis": "y", "origin": [6.75, 8.125, 10.8125]},
			"faces": {
				"north": {"uv": [7.00488, 7.00488, 7.11875, 7.30625], "texture": "#0"},
				"east": {"uv": [1.50488, 0.00488, 2.18125, 0.30625], "texture": "#0"},
				"south": {"uv": [7.25488, 2.75488, 7.36875, 3.05625], "texture": "#0"},
				"west": {"uv": [1.50488, 0.50487, 2.18125, 0.80625], "texture": "#0"},
				"up": {"uv": [7.11875, 4.68125, 7.00488, 4.00488], "texture": "#0"},
				"down": {"uv": [7.11875, 4.75488, 7.00488, 5.43125], "texture": "#0"}
			}
		},
		{
			"name": "a",
			"from": [7.875, 11.56, 14.24],
			"to": [8.125, 11.78, 14.34],
			"rotation": {"angle": 22.5, "axis": "x", "origin": [6.75, 12.17671, 12.0582]},
			"faces": {
				"north": {"uv": [5.25488, 8.50487, 5.30625, 8.525], "texture": "#0"},
				"east": {"uv": [2.50488, 9.00487, 2.525, 9.025], "texture": "#0"},
				"south": {"uv": [8.50487, 5.25488, 8.55625, 5.275], "texture": "#0"},
				"west": {"uv": [9.00487, 2.50488, 9.025, 2.525], "texture": "#0"},
				"up": {"uv": [5.55625, 8.525, 5.50488, 8.50487], "texture": "#0"},
				"down": {"uv": [8.55625, 5.50488, 8.50487, 5.525], "texture": "#0"}
			}
		},
		{
			"name": "a",
			"from": [7.9375, 10.26217, 13.49626],
			"to": [8.0625, 10.42217, 13.73626],
			"rotation": {"angle": 0, "axis": "y", "origin": [6.75, 10.54343, 11.34001]},
			"faces": {
				"north": {"uv": [3.00488, 9.00487, 3.025, 9.025], "texture": "#0"},
				"east": {"uv": [6.50488, 8.50487, 6.55625, 8.525], "texture": "#0"},
				"south": {"uv": [9.00487, 3.00488, 9.025, 3.025], "texture": "#0"},
				"west": {"uv": [8.50487, 6.50488, 8.55625, 6.525], "texture": "#0"},
				"up": {"uv": [6.775, 8.55625, 6.75488, 8.50487], "texture": "#0"},
				"down": {"uv": [8.525, 6.75488, 8.50487, 6.80625], "texture": "#0"}
			}
		},
		{
			"name": "a",
			"from": [7.8125, 9.91842, 13.78],
			"to": [8.1875, 10.76842, 13.93],
			"rotation": {"angle": 0, "axis": "y", "origin": [6.75, 10.54343, 11.65251]},
			"faces": {
				"north": {"uv": [7.75488, 1.00488, 7.80625, 1.15], "texture": "#0"},
				"east": {"uv": [4.25488, 8.25487, 4.275, 8.4], "texture": "#0"},
				"south": {"uv": [7.75488, 2.50488, 7.80625, 2.65], "texture": "#0"},
				"west": {"uv": [8.25487, 4.25488, 8.275, 4.4], "texture": "#0"},
				"up": {"uv": [5.05625, 8.525, 5.00488, 8.50487], "texture": "#0"},
				"down": {"uv": [8.55625, 5.00488, 8.50487, 5.025], "texture": "#0"}
			}
		},
		{
			"name": "a",
			"from": [7.875, 9.47295, 14.1027],
			"to": [8.125, 9.7542, 14.2464],
			"rotation": {"angle": -22.5, "axis": "x", "origin": [6.75, 9.41045, 11.90274]},
			"faces": {
				"north": {"uv": [5.50488, 8.25487, 5.55625, 8.30625], "texture": "#0"},
				"east": {"uv": [4.50488, 8.50487, 4.525, 8.55625], "texture": "#0"},
				"south": {"uv": [8.25487, 5.50488, 8.30625, 5.55625], "texture": "#0"},
				"west": {"uv": [8.50487, 4.50488, 8.525, 4.55625], "texture": "#0"},
				"up": {"uv": [4.80625, 8.525, 4.75488, 8.50487], "texture": "#0"},
				"down": {"uv": [8.55625, 4.75488, 8.50487, 4.775], "texture": "#0"}
			}
		},
		{
			"name": "a",
			"from": [7.8125, 8.77431, 14.5602],
			"to": [8.1875, 9.11806, 14.90395],
			"rotation": {"angle": -22.5, "axis": "x", "origin": [6.75, 8.39931, 12.4977]},
			"faces": {
				"north": {"uv": [5.75488, 8.25487, 5.80625, 8.30625], "texture": "#0"},
				"east": {"uv": [8.25487, 5.75488, 8.30625, 5.80625], "texture": "#0"},
				"south": {"uv": [6.00488, 8.25487, 6.05625, 8.30625], "texture": "#0"},
				"west": {"uv": [8.25487, 6.00488, 8.30625, 6.05625], "texture": "#0"},
				"up": {"uv": [6.30625, 8.30625, 6.25488, 8.25487], "texture": "#0"},
				"down": {"uv": [8.30625, 6.25488, 8.25487, 6.30625], "texture": "#0"}
			}
		},
		{
			"name": "a",
			"from": [7.84375, 10.2506, 12.1139],
			"to": [8.15625, 10.6006, 12.70765],
			"rotation": {"angle": 45, "axis": "x", "origin": [6.75, 8.19432, 12.83265]},
			"faces": {
				"north": {"uv": [5.25488, 8.25487, 5.30625, 8.30625], "texture": "#0"},
				"east": {"uv": [7.75488, 4.75488, 7.86875, 4.80625], "texture": "#0"},
				"south": {"uv": [8.25487, 5.25488, 8.30625, 5.30625], "texture": "#0"},
				"west": {"uv": [7.75488, 5.00488, 7.86875, 5.05625], "texture": "#0"},
				"up": {"uv": [7.80625, 5.36875, 7.75488, 5.25488], "texture": "#0"},
				"down": {"uv": [5.55625, 7.75488, 5.50488, 7.86875], "texture": "#0"}
			}
		},
		{
			"name": "a",
			"from": [7.9064, 8.0625, 12.4375],
			"to": [8.0937, 8.2625, 12.5375],
			"rotation": {"angle": 0, "axis": "y", "origin": [6.75, 7.90625, 12.84375]},
			"faces": {
				"north": {"uv": [8.75487, 5.75488, 8.775, 5.80625], "texture": "#0"},
				"east": {"uv": [6.00488, 8.75487, 6.025, 8.80625], "texture": "#0"},
				"south": {"uv": [8.75487, 6.00488, 8.775, 6.05625], "texture": "#0"},
				"west": {"uv": [6.25488, 8.75487, 6.275, 8.80625], "texture": "#0"},
				"up": {"uv": [9.275, 6.275, 9.25487, 6.25488], "texture": "#0"},
				"down": {"uv": [6.525, 9.25487, 6.50488, 9.275], "texture": "#0"}
			}
		},
		{
			"name": "a",
			"from": [7.90625, 7.81615, 12.58596],
			"to": [8.09375, 8.25365, 12.67971],
			"rotation": {"angle": -22.5, "axis": "x", "origin": [6.75, 7.7849, 12.99221]},
			"faces": {
				"north": {"uv": [8.50487, 0.50487, 8.525, 0.5875], "texture": "#0"},
				"east": {"uv": [0.75488, 8.50487, 0.775, 8.5875], "texture": "#0"},
				"south": {"uv": [8.50487, 0.75488, 8.525, 0.8375], "texture": "#0"},
				"west": {"uv": [8.50487, 1.00488, 8.525, 1.0875], "texture": "#0"},
				"up": {"uv": [9.275, 6.525, 9.25487, 6.50488], "texture": "#0"},
				"down": {"uv": [6.775, 9.25487, 6.75488, 9.275], "texture": "#0"}
			}
		},
		{
			"name": "a",
			"from": [7.9064, 7.64536, 12.81739],
			"to": [8.0937, 8.08286, 12.91114],
			"rotation": {"angle": -45, "axis": "x", "origin": [6.75, 7.61411, 13.22364]},
			"faces": {
				"north": {"uv": [1.50488, 8.50487, 1.525, 8.5875], "texture": "#0"},
				"east": {"uv": [8.50487, 1.50488, 8.525, 1.5875], "texture": "#0"},
				"south": {"uv": [1.75488, 8.50487, 1.775, 8.5875], "texture": "#0"},
				"west": {"uv": [8.50487, 1.75488, 8.525, 1.8375], "texture": "#0"},
				"up": {"uv": [9.275, 6.775, 9.25487, 6.75488], "texture": "#0"},
				"down": {"uv": [7.025, 9.25487, 7.00488, 9.275], "texture": "#0"}
			}
		},
		{
			"name": "a",
			"from": [7.90625, 7.34894, 12.91429],
			"to": [8.09375, 7.44269, 13.78929],
			"rotation": {"angle": 0, "axis": "y", "origin": [6.75, 7.75519, 13.38304]},
			"faces": {
				"north": {"uv": [9.25487, 7.00488, 9.275, 7.025], "texture": "#0"},
				"east": {"uv": [3.25488, 8.25487, 3.43125, 8.275], "texture": "#0"},
				"south": {"uv": [7.25488, 9.25487, 7.275, 9.275], "texture": "#0"},
				"west": {"uv": [8.25487, 3.25488, 8.43125, 3.275], "texture": "#0"},
				"up": {"uv": [3.525, 8.43125, 3.50488, 8.25487], "texture": "#0"},
				"down": {"uv": [8.275, 3.50488, 8.25487, 3.68125], "texture": "#0"}
			}
		},
		{
			"name": "a",
			"from": [7.90625, 8.03734, 13.47311],
			"to": [8.09375, 8.38109, 13.56686],
			"rotation": {"angle": 45, "axis": "x", "origin": [6.75, 7.91234, 13.16061]},
			"faces": {
				"north": {"uv": [0.00488, 9.00487, 0.025, 9.05625], "texture": "#0"},
				"east": {"uv": [9.00487, 0.00488, 9.025, 0.05625], "texture": "#0"},
				"south": {"uv": [0.25488, 9.00487, 0.275, 9.05625], "texture": "#0"},
				"west": {"uv": [9.00487, 0.25488, 9.025, 0.30625], "texture": "#0"},
				"up": {"uv": [0.775, 9.525, 0.75488, 9.50487], "texture": "#0"},
				"down": {"uv": [9.525, 0.75488, 9.50487, 0.775], "texture": "#0"}
			}
		},
		{
			"name": "a",
			"from": [7.9064, 8.12865, 13.63279],
			"to": [8.0937, 8.37865, 13.72654],
			"rotation": {"angle": 22.5, "axis": "x", "origin": [6.75, 7.9099, 13.32029]},
			"faces": {
				"north": {"uv": [0.50487, 9.00487, 0.525, 9.05625], "texture": "#0"},
				"east": {"uv": [9.00487, 0.50487, 9.025, 0.55625], "texture": "#0"},
				"south": {"uv": [0.75488, 9.00487, 0.775, 9.05625], "texture": "#0"},
				"west": {"uv": [9.00487, 0.75488, 9.025, 0.80625], "texture": "#0"},
				"up": {"uv": [1.025, 9.525, 1.00488, 9.50487], "texture": "#0"},
				"down": {"uv": [9.525, 1.00488, 9.50487, 1.025], "texture": "#0"}
			}
		},
		{
			"name": "a",
			"from": [7.90625, 8.1875, 13.78125],
			"to": [8.09375, 8.625, 13.875],
			"rotation": {"angle": 0, "axis": "y", "origin": [6.75, 8.15625, 13.46875]},
			"faces": {
				"north": {"uv": [2.00488, 8.50487, 2.025, 8.5875], "texture": "#0"},
				"east": {"uv": [8.50487, 2.00488, 8.525, 2.0875], "texture": "#0"},
				"south": {"uv": [2.25488, 8.50487, 2.275, 8.5875], "texture": "#0"},
				"west": {"uv": [8.50487, 2.25488, 8.525, 2.3375], "texture": "#0"},
				"up": {"uv": [1.275, 9.525, 1.25488, 9.50487], "texture": "#0"},
				"down": {"uv": [9.525, 1.25488, 9.50487, 1.275], "texture": "#0"}
			}
		},
		{
			"name": "a",
			"from": [7.90625, 8.04479, 14.05886],
			"to": [8.09375, 8.13854, 14.43386],
			"rotation": {"angle": -22.5, "axis": "x", "origin": [6.75, 8.45104, 14.65261]},
			"faces": {
				"north": {"uv": [9.25487, 8.00487, 9.275, 8.025], "texture": "#0"},
				"east": {"uv": [8.75487, 6.25488, 8.80625, 6.275], "texture": "#0"},
				"south": {"uv": [8.25487, 9.25487, 8.275, 9.275], "texture": "#0"},
				"west": {"uv": [6.50488, 8.75487, 6.55625, 8.775], "texture": "#0"},
				"up": {"uv": [8.775, 6.55625, 8.75487, 6.50488], "texture": "#0"},
				"down": {"uv": [6.775, 8.75487, 6.75488, 8.80625], "texture": "#0"}
			}
		},
		{
			"name": "a",
			"from": [7.9064, 7.79365, 14.65639],
			"to": [8.0937, 7.8874, 15.82639],
			"rotation": {"angle": 22.5, "axis": "x", "origin": [6.75, 8.1999, 15.09389]},
			"faces": {
				"north": {"uv": [9.25487, 7.75488, 9.275, 7.775], "texture": "#0"},
				"east": {"uv": [7.75488, 5.50488, 7.98575, 5.525], "texture": "#0"},
				"south": {"uv": [8.00487, 9.25487, 8.025, 9.275], "texture": "#0"},
				"west": {"uv": [5.75488, 7.75488, 5.98575, 7.775], "texture": "#0"},
				"up": {"uv": [7.775, 5.98575, 7.75488, 5.75488], "texture": "#0"},
				"down": {"uv": [6.025, 7.75488, 6.00488, 7.98575], "texture": "#0"}
			}
		},
		{
			"name": "a",
			"from": [7.9065, 7.09681, 13.81638],
			"to": [8.0936, 7.19056, 15.44138],
			"rotation": {"angle": 22.5, "axis": "x", "origin": [6.75, 7.50306, 14.41013]},
			"faces": {
				"north": {"uv": [9.25487, 7.50488, 9.275, 7.525], "texture": "#0"},
				"east": {"uv": [7.75488, 2.75488, 8.05625, 2.775], "texture": "#0"},
				"south": {"uv": [7.75488, 9.25487, 7.775, 9.275], "texture": "#0"},
				"west": {"uv": [7.75488, 3.00488, 8.05625, 3.025], "texture": "#0"},
				"up": {"uv": [7.775, 3.55625, 7.75488, 3.25488], "texture": "#0"},
				"down": {"uv": [7.775, 3.75488, 7.75488, 4.05625], "texture": "#0"}
			}
		},
		{
			"name": "a",
			"from": [7.9065, 7.11581, 15.77955],
			"to": [8.0936, 7.36581, 15.8733],
			"rotation": {"angle": 22.5, "axis": "x", "origin": [6.75, 7.70956, 15.46705]},
			"faces": {
				"north": {"uv": [8.75487, 7.75488, 8.775, 7.80625], "texture": "#0"},
				"east": {"uv": [8.00487, 8.75487, 8.025, 8.80625], "texture": "#0"},
				"south": {"uv": [8.75487, 8.00487, 8.775, 8.05625], "texture": "#0"},
				"west": {"uv": [8.25487, 8.75487, 8.275, 8.80625], "texture": "#0"},
				"up": {"uv": [9.275, 8.775, 9.25487, 8.75487], "texture": "#0"},
				"down": {"uv": [9.025, 9.25487, 9.00487, 9.275], "texture": "#0"}
			}
		},
		{
			"name": "a",
			"from": [7.90625, 7.35722, 15.77955],
			"to": [8.09375, 7.51347, 15.8733],
			"rotation": {"angle": -22.5, "axis": "x", "origin": [6.75, 7.01347, 15.46705]},
			"faces": {
				"north": {"uv": [9.25487, 9.00487, 9.275, 9.025], "texture": "#0"},
				"east": {"uv": [9.25487, 9.25487, 9.275, 9.275], "texture": "#0"},
				"south": {"uv": [0.00488, 9.50487, 0.025, 9.525], "texture": "#0"},
				"west": {"uv": [9.50487, 0.00488, 9.525, 0.025], "texture": "#0"},
				"up": {"uv": [0.275, 9.525, 0.25488, 9.50487], "texture": "#0"},
				"down": {"uv": [9.525, 0.25488, 9.50487, 0.275], "texture": "#0"}
			}
		},
		{
			"name": "a",
			"from": [7.9064, 7.23651, 15.61708],
			"to": [8.0937, 7.48651, 15.71083],
			"rotation": {"angle": 0, "axis": "y", "origin": [6.75, 6.89276, 15.30458]},
			"faces": {
				"north": {"uv": [8.75487, 8.25487, 8.775, 8.30625], "texture": "#0"},
				"east": {"uv": [8.50487, 8.75487, 8.525, 8.80625], "texture": "#0"},
				"south": {"uv": [8.75487, 8.50487, 8.775, 8.55625], "texture": "#0"},
				"west": {"uv": [8.75487, 8.75487, 8.775, 8.80625], "texture": "#0"},
				"up": {"uv": [0.525, 9.525, 0.50487, 9.50487], "texture": "#0"},
				"down": {"uv": [9.525, 0.50487, 9.50487, 0.525], "texture": "#0"}
			}
		},
		{
			"name": "a",
			"from": [7.9064, 7.12962, 14.97722],
			"to": [8.0937, 7.22337, 15.22722],
			"rotation": {"angle": -45, "axis": "x", "origin": [6.75, 7.53587, 15.57097]},
			"faces": {
				"north": {"uv": [9.25487, 8.50487, 9.275, 8.525], "texture": "#0"},
				"east": {"uv": [8.75487, 7.25488, 8.80625, 7.275], "texture": "#0"},
				"south": {"uv": [8.75487, 9.25487, 8.775, 9.275], "texture": "#0"},
				"west": {"uv": [7.50488, 8.75487, 7.55625, 8.775], "texture": "#0"},
				"up": {"uv": [8.775, 7.55625, 8.75487, 7.50488], "texture": "#0"},
				"down": {"uv": [7.775, 8.75487, 7.75488, 8.80625], "texture": "#0"}
			}
		},
		{
			"name": "a",
			"from": [7.90625, 6.9294, 15.00675],
			"to": [8.09375, 7.02315, 15.25675],
			"rotation": {"angle": -22.5, "axis": "x", "origin": [6.75, 7.33565, 15.6005]},
			"faces": {
				"north": {"uv": [9.25487, 8.25487, 9.275, 8.275], "texture": "#0"},
				"east": {"uv": [8.75487, 6.75488, 8.80625, 6.775], "texture": "#0"},
				"south": {"uv": [8.50487, 9.25487, 8.525, 9.275], "texture": "#0"},
				"west": {"uv": [7.00488, 8.75487, 7.05625, 8.775], "texture": "#0"},
				"up": {"uv": [8.775, 7.05625, 8.75487, 7.00488], "texture": "#0"},
				"down": {"uv": [7.275, 8.75487, 7.25488, 8.80625], "texture": "#0"}
			}
		},
		{
			"name": "a",
			"from": [7.9064, 7.66144, 13.32054],
			"to": [8.0937, 7.75519, 14.03929],
			"rotation": {"angle": -45, "axis": "x", "origin": [6.75, 8.06769, 13.91429]},
			"faces": {
				"north": {"uv": [9.25487, 7.25488, 9.275, 7.275], "texture": "#0"},
				"east": {"uv": [4.50488, 8.25487, 4.65, 8.275], "texture": "#0"},
				"south": {"uv": [7.50488, 9.25487, 7.525, 9.275], "texture": "#0"},
				"west": {"uv": [8.25487, 4.50488, 8.4, 4.525], "texture": "#0"},
				"up": {"uv": [4.775, 8.4, 4.75488, 8.25487], "texture": "#0"},
				"down": {"uv": [8.275, 4.75488, 8.25487, 4.9], "texture": "#0"}
			}
		},
		{
			"name": "a",
			"from": [7.8125, 10.59375, 8.3125],
			"to": [7.875, 10.71875, 8.59375],
			"rotation": {"angle": 0, "axis": "y", "origin": [6.71875, 9.3125, 6.5625]},
			"faces": {
				"north": {"uv": [9.25487, 0.00488, 9.275, 0.025], "texture": "#0"},
				"east": {"uv": [8.75487, 3.25488, 8.80625, 3.275], "texture": "#0"},
				"south": {"uv": [0.25488, 9.25487, 0.275, 9.275], "texture": "#0"},
				"west": {"uv": [3.50488, 8.75487, 3.55625, 8.775], "texture": "#0"},
				"up": {"uv": [8.775, 3.55625, 8.75487, 3.50488], "texture": "#0"},
				"down": {"uv": [3.775, 8.75487, 3.75488, 8.80625], "texture": "#0"}
			}
		},
		{
			"name": "a",
			"from": [8.125, 10.59375, 8.3125],
			"to": [8.1875, 10.71875, 8.59375],
			"rotation": {"angle": 0, "axis": "y", "origin": [9.28125, 9.3125, 6.5625]},
			"faces": {
				"north": {"uv": [9.00487, 9.00487, 9.025, 9.025], "texture": "#0"},
				"east": {"uv": [8.75487, 2.75488, 8.80625, 2.775], "texture": "#0"},
				"south": {"uv": [0.00488, 9.25487, 0.025, 9.275], "texture": "#0"},
				"west": {"uv": [3.00488, 8.75487, 3.05625, 8.775], "texture": "#0"},
				"up": {"uv": [8.775, 3.05625, 8.75487, 3.00488], "texture": "#0"},
				"down": {"uv": [3.275, 8.75487, 3.25488, 8.80625], "texture": "#0"}
			}
		},
		{
			"name": "a",
			"from": [7.875, 9.96875, 7.84375],
			"to": [7.9375, 10.0625, 8.78125],
			"rotation": {"angle": -22.5, "axis": "x", "origin": [6.71875, 11.90625, 6.5625]},
			"faces": {
				"north": {"uv": [9.25487, 1.00488, 9.275, 1.025], "texture": "#0"},
				"east": {"uv": [8.25487, 2.50488, 8.43125, 2.525], "texture": "#0"},
				"south": {"uv": [1.25488, 9.25487, 1.275, 9.275], "texture": "#0"},
				"west": {"uv": [8.25487, 2.75488, 8.43125, 2.775], "texture": "#0"},
				"up": {"uv": [3.025, 8.43125, 3.00488, 8.25487], "texture": "#0"},
				"down": {"uv": [8.275, 3.00488, 8.25487, 3.18125], "texture": "#0"}
			}
		},
		{
			"name": "a",
			"from": [8.0625, 9.96875, 7.84375],
			"to": [8.125, 10.0625, 8.78125],
			"rotation": {"angle": -22.5, "axis": "x", "origin": [9.28125, 11.90625, 6.5625]},
			"faces": {
				"north": {"uv": [9.25487, 0.75488, 9.275, 0.775], "texture": "#0"},
				"east": {"uv": [2.00488, 8.25487, 2.18125, 8.275], "texture": "#0"},
				"south": {"uv": [1.00488, 9.25487, 1.025, 9.275], "texture": "#0"},
				"west": {"uv": [8.25487, 2.00488, 8.43125, 2.025], "texture": "#0"},
				"up": {"uv": [2.275, 8.43125, 2.25488, 8.25487], "texture": "#0"},
				"down": {"uv": [8.275, 2.25488, 8.25487, 2.43125], "texture": "#0"}
			}
		},
		{
			"name": "a",
			"from": [7.84375, 10.25244, 8.23104],
			"to": [7.9375, 10.28369, 8.29354],
			"rotation": {"angle": -22.5, "axis": "x", "origin": [9.25, 12.18994, 6.98104]},
			"faces": {
				"north": {"uv": [9.25487, 5.25488, 9.275, 5.275], "texture": "#0"},
				"east": {"uv": [5.50488, 9.25487, 5.525, 9.275], "texture": "#0"},
				"south": {"uv": [9.25487, 5.50488, 9.275, 5.525], "texture": "#0"},
				"west": {"uv": [5.75488, 9.25487, 5.775, 9.275], "texture": "#0"},
				"up": {"uv": [9.275, 5.775, 9.25487, 5.75488], "texture": "#0"},
				"down": {"uv": [6.025, 9.25487, 6.00488, 9.275], "texture": "#0"}
			}
		},
		{
			"name": "a",
			"from": [8.0625, 10.25244, 8.23104],
			"to": [8.15625, 10.28369, 8.29354],
			"rotation": {"angle": -22.5, "axis": "x", "origin": [6.75, 12.18994, 6.98104]},
			"faces": {
				"north": {"uv": [9.25487, 4.50488, 9.275, 4.525], "texture": "#0"},
				"east": {"uv": [4.75488, 9.25487, 4.775, 9.275], "texture": "#0"},
				"south": {"uv": [9.25487, 4.75488, 9.275, 4.775], "texture": "#0"},
				"west": {"uv": [5.00488, 9.25487, 5.025, 9.275], "texture": "#0"},
				"up": {"uv": [9.275, 5.025, 9.25487, 5.00488], "texture": "#0"},
				"down": {"uv": [5.275, 9.25487, 5.25488, 9.275], "texture": "#0"}
			}
		},
		{
			"name": "a",
			"from": [8.03125, 10.10809, 8.32208],
			"to": [8.15625, 10.13934, 8.35333],
			"rotation": {"angle": -22.5, "axis": "x", "origin": [6.75, 12.04559, 7.04083]},
			"faces": {
				"north": {"uv": [9.25487, 2.25488, 9.275, 2.275], "texture": "#0"},
				"east": {"uv": [2.50488, 9.25487, 2.525, 9.275], "texture": "#0"},
				"south": {"uv": [9.25487, 2.50488, 9.275, 2.525], "texture": "#0"},
				"west": {"uv": [2.75488, 9.25487, 2.775, 9.275], "texture": "#0"},
				"up": {"uv": [9.275, 2.775, 9.25487, 2.75488], "texture": "#0"},
				"down": {"uv": [3.025, 9.25487, 3.00488, 9.275], "texture": "#0"}
			}
		},
		{
			"name": "a",
			"from": [7.84375, 10.10809, 8.32208],
			"to": [7.96875, 10.13934, 8.35333],
			"rotation": {"angle": -22.5, "axis": "x", "origin": [9.25, 12.04559, 7.04083]},
			"faces": {
				"north": {"uv": [9.25487, 1.50488, 9.275, 1.525], "texture": "#0"},
				"east": {"uv": [1.75488, 9.25487, 1.775, 9.275], "texture": "#0"},
				"south": {"uv": [9.25487, 1.75488, 9.275, 1.775], "texture": "#0"},
				"west": {"uv": [2.00488, 9.25487, 2.025, 9.275], "texture": "#0"},
				"up": {"uv": [9.275, 2.025, 9.25487, 2.00488], "texture": "#0"},
				"down": {"uv": [2.275, 9.25487, 2.25488, 9.275], "texture": "#0"}
			}
		},
		{
			"name": "a",
			"from": [7.84375, 10.125, 8.28125],
			"to": [7.875, 10.25, 8.34375],
			"rotation": {"angle": -22.5, "axis": "x", "origin": [6.75, 12.0625, 7]},
			"faces": {
				"north": {"uv": [9.25487, 3.75488, 9.275, 3.775], "texture": "#0"},
				"east": {"uv": [4.00488, 9.25487, 4.025, 9.275], "texture": "#0"},
				"south": {"uv": [9.25487, 4.00488, 9.275, 4.025], "texture": "#0"},
				"west": {"uv": [4.25488, 9.25487, 4.275, 9.275], "texture": "#0"},
				"up": {"uv": [9.275, 4.275, 9.25487, 4.25488], "texture": "#0"},
				"down": {"uv": [4.525, 9.25487, 4.50488, 9.275], "texture": "#0"}
			}
		},
		{
			"name": "a",
			"from": [8.125, 10.125, 8.28125],
			"to": [8.15625, 10.25, 8.34375],
			"rotation": {"angle": -22.5, "axis": "x", "origin": [9.25, 12.0625, 7]},
			"faces": {
				"north": {"uv": [9.25487, 3.00488, 9.275, 3.025], "texture": "#0"},
				"east": {"uv": [3.25488, 9.25487, 3.275, 9.275], "texture": "#0"},
				"south": {"uv": [9.25487, 3.25488, 9.275, 3.275], "texture": "#0"},
				"west": {"uv": [3.50488, 9.25487, 3.525, 9.275], "texture": "#0"},
				"up": {"uv": [9.275, 3.525, 9.25487, 3.50488], "texture": "#0"},
				"down": {"uv": [3.775, 9.25487, 3.75488, 9.275], "texture": "#0"}
			}
		},
		{
			"name": "a",
			"from": [7.84375, 10.09613, 8.29321],
			"to": [8.15625, 10.12738, 8.32446],
			"rotation": {"angle": -22.5, "axis": "x", "origin": [9.25, 12.03363, 7.01196]},
			"faces": {
				"north": {"uv": [8.75487, 4.75488, 8.80625, 4.775], "texture": "#0"},
				"east": {"uv": [9.25487, 1.25488, 9.275, 1.275], "texture": "#0"},
				"south": {"uv": [5.00488, 8.75487, 5.05625, 8.775], "texture": "#0"},
				"west": {"uv": [1.50488, 9.25487, 1.525, 9.275], "texture": "#0"},
				"up": {"uv": [8.80625, 5.025, 8.75487, 5.00488], "texture": "#0"},
				"down": {"uv": [5.30625, 8.75487, 5.25488, 8.775], "texture": "#0"}
			}
		},
		{
			"name": "a",
			"from": [7.875, 10.59375, 8.34375],
			"to": [8.125, 10.6875, 8.5625],
			"rotation": {"angle": 0, "axis": "y", "origin": [9.25, 9.3125, 6.5625]},
			"faces": {
				"north": {"uv": [8.75487, 3.75488, 8.80625, 3.775], "texture": "#0"},
				"east": {"uv": [9.25487, 0.25488, 9.275, 0.275], "texture": "#0"},
				"south": {"uv": [4.00488, 8.75487, 4.05625, 8.775], "texture": "#0"},
				"west": {"uv": [0.50487, 9.25487, 0.525, 9.275], "texture": "#0"},
				"up": {"uv": [8.80625, 4.025, 8.75487, 4.00488], "texture": "#0"},
				"down": {"uv": [4.30625, 8.75487, 4.25488, 8.775], "texture": "#0"}
			}
		},
		{
			"name": "a",
			"from": [7.8013, 10.46875, 8.3125],
			"to": [8.1988, 10.59375, 8.59375],
			"rotation": {"angle": 0, "axis": "y", "origin": [9.25, 9.1875, 6.5625]},
			"faces": {
				"north": {"uv": [8.50487, 0.25488, 8.5875, 0.275], "texture": "#0"},
				"east": {"uv": [8.75487, 2.50488, 8.80625, 2.525], "texture": "#0"},
				"south": {"uv": [0.50487, 8.50487, 0.5875, 8.525], "texture": "#0"},
				"west": {"uv": [2.75488, 8.75487, 2.80625, 8.775], "texture": "#0"},
				"up": {"uv": [1.8375, 8.30625, 1.75488, 8.25487], "texture": "#0"},
				"down": {"uv": [8.3375, 1.75488, 8.25487, 1.80625], "texture": "#0"}
			}
		},
		{
			"name": "a",
			"from": [7.875, 10.32751, 8.70989],
			"to": [8.125, 10.42126, 8.77239],
			"rotation": {"angle": -22.5, "axis": "x", "origin": [9.25, 12.26501, 7.42864]},
			"faces": {
				"north": {"uv": [8.75487, 5.25488, 8.80625, 5.275], "texture": "#0"},
				"east": {"uv": [9.25487, 6.00488, 9.275, 6.025], "texture": "#0"},
				"south": {"uv": [5.50488, 8.75487, 5.55625, 8.775], "texture": "#0"},
				"west": {"uv": [6.25488, 9.25487, 6.275, 9.275], "texture": "#0"},
				"up": {"uv": [8.80625, 5.525, 8.75487, 5.50488], "texture": "#0"},
				"down": {"uv": [5.80625, 8.75487, 5.75488, 8.775], "texture": "#0"}
			}
		},
		{
			"name": "a",
			"from": [7.6875, 9.875, -6.71875],
			"to": [7.81875, 10.125, -6.5625],
			"rotation": {"angle": 0, "axis": "y", "origin": [6.71875, 8.125, 6.71875]},
			"faces": {
				"north": {"uv": [8.75487, 1.50488, 8.775, 1.55625], "texture": "#0"},
				"east": {"uv": [1.75488, 8.75487, 1.775, 8.80625], "texture": "#0"},
				"south": {"uv": [8.75487, 1.75488, 8.775, 1.80625], "texture": "#0"},
				"west": {"uv": [2.00488, 8.75487, 2.025, 8.80625], "texture": "#0"},
				"up": {"uv": [8.275, 9.025, 8.25487, 9.00487], "texture": "#0"},
				"down": {"uv": [9.025, 8.25487, 9.00487, 8.275], "texture": "#0"}
			}
		},
		{
			"name": "a",
			"from": [8.18125, 9.875, -6.71875],
			"to": [8.3125, 10.125, -6.5625],
			"rotation": {"angle": 0, "axis": "y", "origin": [9.28125, 8.125, 6.71875]},
			"faces": {
				"north": {"uv": [8.75487, 2.00488, 8.775, 2.05625], "texture": "#0"},
				"east": {"uv": [2.25488, 8.75487, 2.275, 8.80625], "texture": "#0"},
				"south": {"uv": [8.75487, 2.25488, 8.775, 2.30625], "texture": "#0"},
				"west": {"uv": [2.50488, 8.75487, 2.525, 8.80625], "texture": "#0"},
				"up": {"uv": [8.525, 9.025, 8.50487, 9.00487], "texture": "#0"},
				"down": {"uv": [9.025, 8.50487, 9.00487, 8.525], "texture": "#0"}
			}
		},
		{
			"name": "a",
			"from": [7.71875, 9.875, -6.7187],
			"to": [8.28125, 9.9625, 9.18755],
			"rotation": {"angle": 0, "axis": "y", "origin": [6.75, 8.125, 6.71875]},
			"faces": {
				"north": {"uv": [5.00488, 8.25487, 5.11875, 8.275], "texture": "#0"},
				"east": {"uv": [3.00488, 4.50488, 6.18125, 4.525], "texture": "#0"},
				"south": {"uv": [8.25487, 5.00488, 8.36875, 5.025], "texture": "#0"},
				"west": {"uv": [4.50488, 3.25488, 7.68125, 3.275], "texture": "#0"},
				"up": {"uv": [0.11875, 4.18125, 0.00488, 1.00488], "texture": "#0"},
				"down": {"uv": [0.36875, 1.00488, 0.25488, 4.18125], "texture": "#0"}
			}
		},
		{
			"name": "a",
			"from": [8.1875, 10.12534, -6.78125],
			"to": [8.3125, 10.24966, 9.19375],
			"rotation": {"angle": 22.5, "axis": "z", "origin": [8, 10.1875, -6.90625]},
			"faces": {
				"north": {"uv": [6.25488, 9.00487, 6.275, 9.025], "texture": "#0"},
				"east": {"uv": [4.46112, 3.758, 1.54063, 3.80625], "texture": "#0"},
				"south": {"uv": [9.00487, 6.25488, 9.025, 6.275], "texture": "#0"},
				"west": {"uv": [8.00487, 4.25488, 8.2125, 4.275], "texture": "#0"},
				"up": {"uv": [4.525, 8.2125, 4.50488, 8.00487], "texture": "#0"},
				"down": {"uv": [8.025, 4.50488, 8.00487, 4.7125], "texture": "#0"}
			}
		},
		{
			"name": "a",
			"from": [8.1875, 10.12534, -6.8125],
			"to": [8.3125, 10.24966, 9.1938],
			"rotation": {"angle": 0, "axis": "y", "origin": [8, 10.1875, -6.90625]},
			"faces": {
				"north": {"uv": [6.00488, 9.00487, 6.025, 9.025], "texture": "#0"},
				"east": {"uv": [3.008, 4.50487, 6.14688, 4.52812], "texture": "#0"},
				"south": {"uv": [9.00487, 6.00488, 9.025, 6.025], "texture": "#0"},
				"west": {"uv": [8.00487, 3.75488, 8.2125, 3.775], "texture": "#0"},
				"up": {"uv": [4.025, 8.2125, 4.00488, 8.00487], "texture": "#0"},
				"down": {"uv": [8.025, 4.00488, 8.00487, 4.2125], "texture": "#0"}
			}
		},
		{
			"name": "a",
			"from": [8.1875, 10.12534, -6.78125],
			"to": [8.3125, 10.24966, 9.19375],
			"rotation": {"angle": -22.5, "axis": "z", "origin": [8, 10.1875, -6.90625]},
			"faces": {
				"north": {"uv": [8.00487, 9.00487, 8.025, 9.025], "texture": "#0"},
				"east": {"uv": [4.508, 3.25488, 7.65625, 3.275], "texture": "#0"},
				"south": {"uv": [9.00487, 8.00487, 9.025, 8.025], "texture": "#0"},
				"west": {"uv": [8.00487, 7.75488, 8.2125, 7.775], "texture": "#0"},
				"up": {"uv": [8.025, 8.2125, 8.00487, 8.00487], "texture": "#0"},
				"down": {"uv": [0.025, 8.25487, 0.00488, 8.4625], "texture": "#0"}
			}
		},
		{
			"name": "a",
			"from": [7.6875, 10.12534, -6.78125],
			"to": [7.8125, 10.24966, 9.19375],
			"rotation": {"angle": 22.5, "axis": "z", "origin": [8, 10.1875, -6.90625]},
			"faces": {
				"north": {"uv": [7.75488, 9.00487, 7.775, 9.025], "texture": "#0"},
				"east": {"uv": [7.25488, 8.00487, 7.4625, 8.025], "texture": "#0"},
				"south": {"uv": [9.00487, 7.75488, 9.025, 7.775], "texture": "#0"},
				"west": {"uv": [4.758, 1.50488, 7.93125, 1.525], "texture": "#0"},
				"up": {"uv": [7.525, 8.2125, 7.50488, 8.00487], "texture": "#0"},
				"down": {"uv": [8.025, 7.50488, 8.00487, 7.7125], "texture": "#0"}
			}
		},
		{
			"name": "a",
			"from": [7.6875, 10.12534, -6.8125],
			"to": [7.8125, 10.24966, 9.1938],
			"rotation": {"angle": 0, "axis": "y", "origin": [8, 10.1875, -6.90625]},
			"faces": {
				"north": {"uv": [5.75488, 9.00487, 5.775, 9.025], "texture": "#0"},
				"east": {"uv": [3.25488, 8.00487, 3.4625, 8.025], "texture": "#0"},
				"south": {"uv": [9.00487, 5.75488, 9.025, 5.775], "texture": "#0"},
				"west": {"uv": [4.508, 3.25488, 7.68125, 3.275], "texture": "#0"},
				"up": {"uv": [3.525, 8.2125, 3.50488, 8.00487], "texture": "#0"},
				"down": {"uv": [8.025, 3.50488, 8.00487, 3.7125], "texture": "#0"}
			}
		},
		{
			"name": "a",
			"from": [7.6875, 10.12534, -6.78125],
			"to": [7.8125, 10.24966, 9.19375],
			"rotation": {"angle": -22.5, "axis": "z", "origin": [8, 10.1875, -6.90625]},
			"faces": {
				"north": {"uv": [5.50488, 9.00487, 5.525, 9.025], "texture": "#0"},
				"east": {"uv": [8.00487, 2.00488, 8.2125, 2.025], "texture": "#0"},
				"south": {"uv": [9.00487, 5.50488, 9.025, 5.525], "texture": "#0"},
				"west": {"uv": [4.75487, 1.50488, 7.93125, 1.525], "texture": "#0"},
				"up": {"uv": [8.025, 2.7125, 8.00487, 2.50488], "texture": "#0"},
				"down": {"uv": [3.025, 8.00487, 3.00488, 8.2125], "texture": "#0"}
			}
		},
		{
			"name": "a",
			"from": [7.93784, 10.375, -6.8125],
			"to": [8.06216, 10.5, 9.1938],
			"rotation": {"angle": 45, "axis": "z", "origin": [8, 10.1875, -6.90625]},
			"faces": {
				"north": {"uv": [5.25488, 4.74238, 5.275, 7.93125], "texture": "#0"},
				"east": {"uv": [0.75488, 8.00487, 0.9625, 8.025], "texture": "#0"},
				"south": {"uv": [9.00487, 5.25488, 9.025, 5.275], "texture": "#0"},
				"west": {"uv": [8.00487, 1.00488, 8.2125, 1.025], "texture": "#0"},
				"up": {"uv": [5.525, 7.7125, 5.50487, 4.75488], "texture": "#0"},
				"down": {"uv": [8.025, 1.75488, 8.00487, 1.9625], "texture": "#0"}
			}
		},
		{
			"name": "a",
			"from": [7.93784, 10.375, -6.78125],
			"to": [8.06216, 10.5, 9.19375],
			"rotation": {"angle": 22.5, "axis": "z", "origin": [8, 10.1875, -6.90625]},
			"faces": {
				"north": {"uv": [5.00488, 9.00487, 5.025, 9.025], "texture": "#0"},
				"east": {"uv": [7.75488, 7.75488, 7.9625, 7.775], "texture": "#0"},
				"south": {"uv": [9.00487, 5.00488, 9.025, 5.025], "texture": "#0"},
				"west": {"uv": [0.00488, 8.00487, 0.2125, 8.025], "texture": "#0"},
				"up": {"uv": [1.02813, 8.9625, 1.00488, 6.00488], "texture": "#0"},
				"down": {"uv": [0.525, 8.00487, 0.50487, 8.2125], "texture": "#0"}
			}
		},
		{
			"name": "a",
			"from": [7.93784, 10.375, -6.8125],
			"to": [8.06216, 10.53125, 9.1938],
			"rotation": {"angle": 0, "axis": "y", "origin": [8, 10.1875, -6.90625]},
			"faces": {
				"north": {"uv": [4.75488, 9.00487, 4.775, 9.025], "texture": "#0"},
				"east": {"uv": [7.75488, 7.00488, 7.9625, 7.025], "texture": "#0"},
				"south": {"uv": [9.00487, 4.75488, 9.025, 4.775], "texture": "#0"},
				"west": {"uv": [7.25488, 7.75488, 7.4625, 7.775], "texture": "#0"},
				"up": {"uv": [6.525, 7.2125, 6.50488, 4.258], "texture": "#0"},
				"down": {"uv": [7.775, 7.50488, 7.75488, 7.7125], "texture": "#0"}
			}
		},
		{
			"name": "a",
			"from": [7.93784, 10.375, -6.78125],
			"to": [8.06216, 10.5, 9.19375],
			"rotation": {"angle": -22.5, "axis": "z", "origin": [8, 10.1875, -6.90625]},
			"faces": {
				"north": {"uv": [4.50488, 9.00487, 4.525, 9.025], "texture": "#0"},
				"east": {"uv": [7.75488, 6.50488, 7.9625, 6.525], "texture": "#0"},
				"south": {"uv": [9.00487, 4.50488, 9.025, 4.525], "texture": "#0"},
				"west": {"uv": [6.75488, 7.75488, 6.9625, 7.775], "texture": "#0"},
				"up": {"uv": [6.525, 7.2125, 6.50488, 4.25488], "texture": "#0"},
				"down": {"uv": [7.025, 7.75488, 7.00488, 7.9625], "texture": "#0"}
			}
		},
		{
			"name": "a",
			"from": [7.93784, 10.375, -6.8125],
			"to": [8.06216, 10.5, 9.1938],
			"rotation": {"angle": -45, "axis": "z", "origin": [8, 10.1875, -6.90625]},
			"faces": {
				"north": {"uv": [4.25488, 9.00487, 4.275, 9.025], "texture": "#0"},
				"east": {"uv": [7.75488, 6.00488, 7.9625, 6.025], "texture": "#0"},
				"south": {"uv": [9.00487, 4.25488, 9.025, 4.275], "texture": "#0"},
				"west": {"uv": [6.25488, 7.75488, 6.4625, 7.775], "texture": "#0"},
				"up": {"uv": [6.00625, 7.71563, 6.02363, 4.758], "texture": "#0"},
				"down": {"uv": [6.525, 7.75488, 6.50488, 7.9625], "texture": "#0"}
			}
		},
		{
			"name": "a",
			"from": [7.93784, 9.875, -6.8125],
			"to": [8.06216, 10, 9.1938],
			"rotation": {"angle": 45, "axis": "z", "origin": [8, 10.1875, -6.90625]},
			"faces": {
				"north": {"uv": [7.50488, 9.00487, 7.525, 9.025], "texture": "#0"},
				"east": {"uv": [6.75488, 8.00487, 6.9625, 8.025], "texture": "#0"},
				"south": {"uv": [9.00487, 7.50488, 9.025, 7.525], "texture": "#0"},
				"west": {"uv": [8.00487, 6.75488, 8.2125, 6.775], "texture": "#0"},
				"up": {"uv": [7.025, 8.2125, 7.00488, 8.00487], "texture": "#0"},
				"down": {"uv": [6.525, 4.25488, 6.50487, 7.2125], "texture": "#0"}
			}
		},
		{
			"name": "a",
			"from": [7.93784, 9.875, -6.78125],
			"to": [8.06216, 10, 9.19375],
			"rotation": {"angle": 22.5, "axis": "z", "origin": [8, 10.1875, -6.90625]},
			"faces": {
				"north": {"uv": [7.25488, 9.00487, 7.275, 9.025], "texture": "#0"},
				"east": {"uv": [6.25488, 8.00487, 6.4625, 8.025], "texture": "#0"},
				"south": {"uv": [9.00487, 7.25488, 9.025, 7.275], "texture": "#0"},
				"west": {"uv": [8.00487, 6.25488, 8.2125, 6.275], "texture": "#0"},
				"up": {"uv": [6.525, 8.2125, 6.50488, 8.00487], "texture": "#0"},
				"down": {"uv": [8.025, 6.50488, 8.00487, 6.7125], "texture": "#0"}
			}
		},
		{
			"name": "a",
			"from": [7.93784, 9.875, -6.8125],
			"to": [8.06216, 10, 9.1938],
			"rotation": {"angle": 0, "axis": "y", "origin": [8, 10.1875, -6.90625]},
			"faces": {
				"north": {"uv": [7.00488, 9.00487, 7.025, 9.025], "texture": "#0"},
				"east": {"uv": [5.75488, 8.00487, 5.9625, 8.025], "texture": "#0"},
				"south": {"uv": [9.00487, 7.00488, 9.025, 7.025], "texture": "#0"},
				"west": {"uv": [8.00487, 5.75488, 8.2125, 5.775], "texture": "#0"},
				"up": {"uv": [6.025, 8.2125, 6.00488, 8.00487], "texture": "#0"},
				"down": {"uv": [8.025, 6.00488, 8.00487, 6.2125], "texture": "#0"}
			}
		},
		{
			"name": "a",
			"from": [7.93784, 9.875, -6.78125],
			"to": [8.06216, 10, 9.19375],
			"rotation": {"angle": -22.5, "axis": "z", "origin": [8, 10.1875, -6.90625]},
			"faces": {
				"north": {"uv": [6.75488, 9.00487, 6.775, 9.025], "texture": "#0"},
				"east": {"uv": [5.25488, 8.00487, 5.4625, 8.025], "texture": "#0"},
				"south": {"uv": [9.00487, 6.75488, 9.025, 6.775], "texture": "#0"},
				"west": {"uv": [8.00487, 5.25488, 8.2125, 5.275], "texture": "#0"},
				"up": {"uv": [5.525, 8.2125, 5.50488, 8.00487], "texture": "#0"},
				"down": {"uv": [8.025, 5.50488, 8.00487, 5.7125], "texture": "#0"}
			}
		},
		{
			"name": "a",
			"from": [7.93784, 9.875, -6.8125],
			"to": [8.06216, 10, 9.1938],
			"rotation": {"angle": -45, "axis": "z", "origin": [8, 10.1875, -6.90625]},
			"faces": {
				"north": {"uv": [6.50488, 9.00487, 6.525, 9.025], "texture": "#0"},
				"east": {"uv": [4.75488, 8.00487, 4.9625, 8.025], "texture": "#0"},
				"south": {"uv": [9.00487, 6.50488, 9.025, 6.525], "texture": "#0"},
				"west": {"uv": [8.00487, 4.75488, 8.2125, 4.775], "texture": "#0"},
				"up": {"uv": [5.025, 8.2125, 5.00488, 8.00487], "texture": "#0"},
				"down": {"uv": [6.525, 4.25488, 6.50487, 7.2125], "texture": "#0"}
			}
		},
		{
			"name": "a",
			"from": [7.9375, 9.43784, -6.75],
			"to": [8.0625, 9.87454, 9.1875],
			"rotation": {"angle": 0, "axis": "y", "origin": [8, 9.75, 8.5625]},
			"faces": {
				"north": {"uv": [8.25487, 8.25487, 8.275, 8.3375], "texture": "#0"},
				"east": {"uv": [0.00488, 8.50487, 0.025, 8.5875], "texture": "#0"},
				"south": {"uv": [8.50487, 0.00488, 8.525, 0.0875], "texture": "#0"},
				"west": {"uv": [0.25488, 8.50487, 0.275, 8.5875], "texture": "#0"},
				"up": {"uv": [8.775, 9.025, 8.75487, 9.00487], "texture": "#0"},
				"down": {"uv": [3.775, 7.933, 3.75488, 4.7625], "texture": "#0"}
			}
		},
		{
			"name": "a",
			"from": [7.6875, 9.68784, -6.71875],
			"to": [8.3125, 9.87466, 9.1875],
			"rotation": {"angle": 0, "axis": "y", "origin": [8, 9.75, 8.5625]},
			"faces": {
				"north": {"uv": [6.75488, 8.25487, 6.86875, 8.275], "texture": "#0"},
				"east": {"uv": [4.75488, 1.50488, 7.93125, 1.525], "texture": "#0"},
				"south": {"uv": [8.25487, 6.75488, 8.36875, 6.775], "texture": "#0"},
				"west": {"uv": [4.75488, 1.75488, 7.93125, 1.775], "texture": "#0"},
				"up": {"uv": [0.61875, 4.18125, 0.50487, 1.00488], "texture": "#0"},
				"down": {"uv": [0.86875, 1.00488, 0.75488, 4.18125], "texture": "#0"}
			}
		},
		{
			"name": "a",
			"from": [8.09375, 9.68784, -6.75],
			"to": [8.3125, 9.81216, 9.1875],
			"rotation": {"angle": -22.5, "axis": "z", "origin": [8, 9.75, 8.5625]},
			"faces": {
				"north": {"uv": [4.00488, 9.00487, 4.025, 9.025], "texture": "#0"},
				"east": {"uv": [4.75488, 2.00488, 7.93125, 2.025], "texture": "#0"},
				"south": {"uv": [9.00487, 4.00488, 9.025, 4.025], "texture": "#0"},
				"west": {"uv": [4.75488, 2.25488, 7.93125, 2.275], "texture": "#0"},
				"up": {"uv": [5.025, 7.93125, 5.00488, 4.75488], "texture": "#0"},
				"down": {"uv": [5.275, 4.75488, 5.25488, 7.93125], "texture": "#0"}
			}
		},
		{
			"name": "a",
			"from": [7.6875, 9.68784, -6.75],
			"to": [7.90625, 9.81216, 9.1875],
			"rotation": {"angle": 22.5, "axis": "z", "origin": [8, 9.75, 8.5625]},
			"faces": {
				"north": {"uv": [3.75488, 9.00487, 3.775, 9.025], "texture": "#0"},
				"east": {"uv": [4.50488, 3.50488, 7.68125, 3.525], "texture": "#0"},
				"south": {"uv": [9.00487, 3.75488, 9.025, 3.775], "texture": "#0"},
				"west": {"uv": [4.50488, 3.75488, 7.68125, 3.775], "texture": "#0"},
				"up": {"uv": [2.025, 8.18125, 2.00488, 5.00488], "texture": "#0"},
				"down": {"uv": [2.275, 5.00488, 2.25488, 8.18125], "texture": "#0"}
			}
		},
		{
			"name": "a",
			"from": [7.93784, 9.4375, -6.6875],
			"to": [8.06216, 9.75, 9.1875],
			"rotation": {"angle": -45, "axis": "z", "origin": [8, 9.75, 8.5625]},
			"faces": {
				"north": {"uv": [8.75487, 1.25488, 8.775, 1.30625], "texture": "#0"},
				"east": {"uv": [1.50488, 2.50488, 4.68125, 2.55625], "texture": "#0"},
				"south": {"uv": [1.50488, 8.75487, 1.525, 8.80625], "texture": "#0"},
				"west": {"uv": [2.75488, 1.00488, 5.93125, 1.05625], "texture": "#0"},
				"up": {"uv": [1.525, 8.18125, 1.50488, 5.00488], "texture": "#0"},
				"down": {"uv": [1.775, 5.00488, 1.75488, 8.18125], "texture": "#0"}
			}
		},
		{
			"name": "a",
			"from": [7.93784, 9.4375, -6.71875],
			"to": [8.06216, 9.6875, 9.1875],
			"rotation": {"angle": -22.5, "axis": "z", "origin": [8, 9.75, 8.5625]},
			"faces": {
				"north": {"uv": [8.75487, 0.75488, 8.775, 0.80625], "texture": "#0"},
				"east": {"uv": [2.25488, 0.75488, 5.43125, 0.80625], "texture": "#0"},
				"south": {"uv": [8.75487, 1.00488, 8.775, 1.05625], "texture": "#0"},
				"west": {"uv": [1.50488, 2.25488, 4.68125, 2.30625], "texture": "#0"},
				"up": {"uv": [4.525, 7.93125, 4.50488, 4.75488], "texture": "#0"},
				"down": {"uv": [4.775, 4.75488, 4.75488, 7.93125], "texture": "#0"}
			}
		},
		{
			"name": "a",
			"from": [7.93784, 9.4375, -6.71875],
			"to": [8.06216, 9.6875, 9.1875],
			"rotation": {"angle": 22.5, "axis": "z", "origin": [8, 9.75, 8.5625]},
			"faces": {
				"north": {"uv": [8.75487, 0.25488, 8.775, 0.30625], "texture": "#0"},
				"east": {"uv": [1.50488, 2.00488, 4.68125, 2.05625], "texture": "#0"},
				"south": {"uv": [0.50487, 8.75487, 0.525, 8.80625], "texture": "#0"},
				"west": {"uv": [2.25488, 0.00488, 5.43125, 0.05625], "texture": "#0"},
				"up": {"uv": [3.525, 7.93125, 3.50488, 4.75488], "texture": "#0"},
				"down": {"uv": [3.775, 4.75488, 3.75488, 7.93125], "texture": "#0"}
			}
		},
		{
			"name": "a",
			"from": [7.93784, 9.4375, -6.6875],
			"to": [8.06216, 9.71875, 9.1875],
			"rotation": {"angle": 45, "axis": "z", "origin": [8, 9.75, 8.5625]},
			"faces": {
				"north": {"uv": [8.75487, 0.00488, 8.775, 0.05625], "texture": "#0"},
				"east": {"uv": [1.50488, 1.50488, 4.68125, 1.55625], "texture": "#0"},
				"south": {"uv": [0.25488, 8.75487, 0.275, 8.80625], "texture": "#0"},
				"west": {"uv": [1.50488, 1.75488, 4.68125, 1.80625], "texture": "#0"},
				"up": {"uv": [3.025, 7.93125, 3.00488, 4.75488], "texture": "#0"},
				"down": {"uv": [3.275, 4.75488, 3.25488, 7.93125], "texture": "#0"}
			}
		},
		{
			"name": "a",
			"from": [7.82298, 10.40242, -6.56],
			"to": [8.17798, 10.55242, -6.02875],
			"rotation": {"angle": 0, "axis": "y", "origin": [8.01014, 10.31492, -6.925]},
			"faces": {
				"north": {"uv": [2.25488, 9.00487, 2.30625, 9.025], "texture": "#0"},
				"east": {"uv": [3.00488, 8.50487, 3.0875, 8.525], "texture": "#0"},
				"south": {"uv": [9.00487, 2.25488, 9.05625, 2.275], "texture": "#0"},
				"west": {"uv": [8.50487, 3.00488, 8.5875, 3.025], "texture": "#0"},
				"up": {"uv": [4.05625, 8.3375, 4.00488, 8.25487], "texture": "#0"},
				"down": {"uv": [8.30625, 4.00488, 8.25487, 4.0875], "texture": "#0"}
			}
		},
		{
			"name": "a",
			"from": [7.9385, 10.5524, -6.56],
			"to": [8.06282, 10.7524, -6.02875],
			"rotation": {"angle": 0, "axis": "y", "origin": [8.05068, 10.3575, -6.90625]},
			"faces": {
				"north": {"uv": [2.00488, 9.00487, 2.025, 9.05625], "texture": "#0"},
				"east": {"uv": [3.75488, 8.25487, 3.8375, 8.30625], "texture": "#0"},
				"south": {"uv": [9.00487, 2.00488, 9.025, 2.05625], "texture": "#0"},
				"west": {"uv": [8.25487, 3.75488, 8.3375, 3.80625], "texture": "#0"},
				"up": {"uv": [8.525, 2.5875, 8.50487, 2.50488], "texture": "#0"},
				"down": {"uv": [8.525, 2.75488, 8.50487, 2.8375], "texture": "#0"}
			}
		}
	],
	"display": {
		"thirdperson_righthand": {
			"rotation": [-5, 0, 0],
			"translation": [0, -0.5, -4],
			"scale": [1.15, 1.15, 0.85]
		},
		"thirdperson_lefthand": {
			"rotation": [90, 0, 0],
			"translation": [0, 5.25, 1.5],
			"scale": [1.15, 1.15, 0.85]
		},
		"firstperson_righthand": {
			"translation": [2.75, 2, -5.5],
			"scale": [1.6, 1, 1]
		},
		"firstperson_lefthand": {
			"translation": [-9, 4.5, 5.5],
			"scale": [1.35, 1, 1]
		},
		"ground": {
			"rotation": [0, 0, 90],
			"translation": [0, -3.5, 0],
			"scale": [1.3, 1, 1]
		},
		"gui": {
			"rotation": [75, 48, -50],
			"translation": [-0.25, 0, 0],
			"scale": [0.68, 0.68, 0.6]
		},
		"fixed": {
			"rotation": [0, 90, 0],
			"translation": [0, -1.5, -0.4],
			"scale": [1, 1, 0.85]
		}
	}
}