{
	"credit": "Made with Blockbench",
	"texture_size": [64, 64],
	"textures": {
		"2": "item/guns/obrez",
		"particle": "item/guns/obrez"
	},
	"elements": [
		{
			"from": [7.3, 0, 2.4],
			"to": [8.7, 1, 8],
			"rotation": {"angle": 0, "axis": "y", "origin": [0, 0, -0.8]},
			"faces": {
				"north": {"uv": [8.508, 5.758, 8.875, 5.992], "texture": "#2"},
				"east": {"uv": [1.008, 0.508, 2.375, 0.742], "texture": "#2"},
				"south": {"uv": [0.008, 9.008, 0.375, 9.242], "texture": "#2"},
				"west": {"uv": [1.008, 0.758, 2.375, 0.992], "texture": "#2"},
				"up": {"uv": [0.375, 1.875, 0.008, 0.508], "texture": "#2"},
				"down": {"uv": [0.875, 0.508, 0.508, 1.875], "texture": "#2"}
			}
		},
		{
			"from": [7.3, 4.59081, 10.23274],
			"to": [8.7, 5.89081, 12.53274],
			"rotation": {"angle": 22.5, "axis": "x", "origin": [0, 0.29081, -0.86726]},
			"faces": {
				"north": {"uv": [8.508, 3.508, 8.875, 3.8125], "texture": "#2"},
				"east": {"uv": [2.508, 0.508, 3.0625, 0.8125], "texture": "#2"},
				"south": {"uv": [6.008, 8.508, 6.375, 8.8125], "texture": "#2"},
				"west": {"uv": [1.508, 2.508, 2.0625, 2.8125], "texture": "#2"},
				"up": {"uv": [0.375, 2.5625, 0.008, 2.008], "texture": "#2"},
				"down": {"uv": [0.875, 2.008, 0.508, 2.5625], "texture": "#2"}
			}
		},
		{
			"from": [7.4, 9.09081, 6.73274],
			"to": [8.6, 9.59081, 8.43274],
			"rotation": {"angle": 45, "axis": "x", "origin": [0, -0.00919, -0.16726]},
			"faces": {
				"north": {"uv": [9.008, 5.758, 9.3125, 5.875], "texture": "#2"},
				"east": {"uv": [9.008, 4.008, 9.4375, 4.125], "texture": "#2"},
				"south": {"uv": [6.008, 9.008, 6.3125, 9.125], "texture": "#2"},
				"west": {"uv": [9.008, 4.258, 9.4375, 4.375], "texture": "#2"},
				"up": {"uv": [5.8125, 8.6875, 5.508, 8.258], "texture": "#2"},
				"down": {"uv": [8.3125, 8.258, 8.008, 8.6875], "texture": "#2"}
			}
		},
		{
			"from": [7.8, 9.59081, 7.63274],
			"to": [8.2, 10.09081, 8.03274],
			"rotation": {"angle": 45, "axis": "x", "origin": [0, -0.00919, -0.26726]},
			"faces": {
				"north": {"uv": [7.258, 9.508, 7.375, 9.625], "texture": "#2"},
				"east": {"uv": [9.008, 9.508, 9.125, 9.625], "texture": "#2"},
				"south": {"uv": [9.508, 9.008, 9.625, 9.125], "texture": "#2"},
				"west": {"uv": [9.258, 9.508, 9.375, 9.625], "texture": "#2"},
				"up": {"uv": [9.625, 9.375, 9.508, 9.258], "texture": "#2"},
				"down": {"uv": [9.625, 9.508, 9.508, 9.625], "texture": "#2"}
			}
		},
		{
			"from": [7.8, -3.742, 11.77934],
			"to": [8.2, -3.542, 12.27934],
			"rotation": {"angle": -22.5, "axis": "x", "origin": [0, -0.542, -0.42066]},
			"faces": {
				"north": {"uv": [6.008, 10.258, 6.125, 10.3125], "texture": "#2"},
				"east": {"uv": [10.258, 6.008, 10.375, 6.0625], "texture": "#2"},
				"south": {"uv": [6.258, 10.258, 6.375, 10.3125], "texture": "#2"},
				"west": {"uv": [10.258, 6.258, 10.375, 6.3125], "texture": "#2"},
				"up": {"uv": [0.125, 9.875, 0.008, 9.758], "texture": "#2"},
				"down": {"uv": [0.375, 9.758, 0.258, 9.875], "texture": "#2"}
			}
		},
		{
			"from": [7.9, 9.59081, 6.93274],
			"to": [8.1, 9.79081, 7.53274],
			"rotation": {"angle": 45, "axis": "x", "origin": [0, -0.00919, -0.26726]},
			"faces": {
				"north": {"uv": [4.758, 10.508, 4.8125, 10.5625], "texture": "#2"},
				"east": {"uv": [6.508, 10.258, 6.625, 10.3125], "texture": "#2"},
				"south": {"uv": [10.508, 4.758, 10.5625, 4.8125], "texture": "#2"},
				"west": {"uv": [10.258, 6.508, 10.375, 6.5625], "texture": "#2"},
				"up": {"uv": [6.8125, 10.375, 6.758, 10.258], "texture": "#2"},
				"down": {"uv": [10.3125, 6.758, 10.258, 6.875], "texture": "#2"}
			}
		},
		{
			"from": [7.9, 1.62929, 11.45356],
			"to": [8.1, 1.82929, 11.75356],
			"rotation": {"angle": 0, "axis": "x", "origin": [0, -0.97071, -0.14644]},
			"faces": {
				"north": {"uv": [5.008, 10.508, 5.0625, 10.5625], "texture": "#2"},
				"east": {"uv": [10.508, 5.008, 10.5625, 5.0625], "texture": "#2"},
				"south": {"uv": [5.258, 10.508, 5.3125, 10.5625], "texture": "#2"},
				"west": {"uv": [10.508, 5.258, 10.5625, 5.3125], "texture": "#2"},
				"up": {"uv": [5.5625, 10.5625, 5.508, 10.508], "texture": "#2"},
				"down": {"uv": [10.5625, 5.508, 10.508, 5.5625], "texture": "#2"}
			}
		},
		{
			"from": [7.95, 1.83848, 0.02082],
			"to": [8.05, 2.23848, 0.42082],
			"rotation": {"angle": 0, "axis": "x", "origin": [-0.05, -0.96152, -0.17918]},
			"faces": {
				"north": {"uv": [4.008, 10.508, 4.0625, 10.625], "texture": "#2"},
				"east": {"uv": [10.008, 3.508, 10.125, 3.625], "texture": "#2"},
				"south": {"uv": [10.508, 4.008, 10.5625, 4.125], "texture": "#2"},
				"west": {"uv": [3.758, 10.008, 3.875, 10.125], "texture": "#2"},
				"up": {"uv": [4.3125, 10.625, 4.258, 10.508], "texture": "#2"},
				"down": {"uv": [10.5625, 4.258, 10.508, 4.375], "texture": "#2"}
			}
		},
		{
			"from": [7.4, 8.81942, 9.79646],
			"to": [8.6, 10.21942, 12.09646],
			"rotation": {"angle": 45, "axis": "x", "origin": [0, 0.61942, -0.20354]},
			"faces": {
				"north": {"uv": [8.508, 8.258, 8.8125, 8.625], "texture": "#2"},
				"east": {"uv": [2.008, 1.008, 2.5625, 1.375], "texture": "#2"},
				"south": {"uv": [8.758, 1.008, 9.0625, 1.375], "texture": "#2"},
				"west": {"uv": [2.008, 1.508, 2.5625, 1.875], "texture": "#2"},
				"up": {"uv": [2.8125, 2.5625, 2.508, 2.008], "texture": "#2"},
				"down": {"uv": [0.3125, 2.758, 0.008, 3.3125], "texture": "#2"}
			}
		},
		{
			"from": [7.4, 8.91942, 12.09646],
			"to": [8.6, 10.11942, 12.29646],
			"rotation": {"angle": 45, "axis": "x", "origin": [0, 0.61942, -0.20354]},
			"faces": {
				"north": {"uv": [8.008, 8.758, 8.3125, 9.0625], "texture": "#2"},
				"east": {"uv": [6.508, 9.508, 6.5625, 9.8125], "texture": "#2"},
				"south": {"uv": [8.508, 8.758, 8.8125, 9.0625], "texture": "#2"},
				"west": {"uv": [9.508, 6.508, 9.5625, 6.8125], "texture": "#2"},
				"up": {"uv": [7.0625, 9.5625, 6.758, 9.508], "texture": "#2"},
				"down": {"uv": [8.3125, 9.508, 8.008, 9.5625], "texture": "#2"}
			}
		},
		{
			"from": [7.5, 3.51299, 14.37026],
			"to": [8.5, 3.71299, 14.57026],
			"rotation": {"angle": 22.5, "axis": "x", "origin": [0, 0.81299, -0.22974]},
			"faces": {
				"north": {"uv": [1.008, 9.758, 1.242, 9.8125], "texture": "#2"},
				"east": {"uv": [5.758, 10.508, 5.8125, 10.5625], "texture": "#2"},
				"south": {"uv": [9.758, 1.008, 9.992, 1.0625], "texture": "#2"},
				"west": {"uv": [10.508, 5.758, 10.5625, 5.8125], "texture": "#2"},
				"up": {"uv": [1.492, 9.8125, 1.258, 9.758], "texture": "#2"},
				"down": {"uv": [9.992, 3.008, 9.758, 3.0625], "texture": "#2"}
			}
		},
		{
			"from": [7.5, -7.25735, 13.08653],
			"to": [8.5, -7.05735, 13.28653],
			"rotation": {"angle": -22.5, "axis": "x", "origin": [0, 0.84265, -0.21347]},
			"faces": {
				"north": {"uv": [9.758, 3.258, 9.992, 3.3125], "texture": "#2"},
				"east": {"uv": [6.008, 10.508, 6.0625, 10.5625], "texture": "#2"},
				"south": {"uv": [9.758, 3.758, 9.992, 3.8125], "texture": "#2"},
				"west": {"uv": [10.508, 6.008, 10.5625, 6.0625], "texture": "#2"},
				"up": {"uv": [4.242, 9.8125, 4.008, 9.758], "texture": "#2"},
				"down": {"uv": [9.992, 4.008, 9.758, 4.0625], "texture": "#2"}
			}
		},
		{
			"from": [7.2, 0, 8],
			"to": [8.8, 1, 10],
			"rotation": {"angle": 0, "axis": "y", "origin": [0, 0, -0.8]},
			"faces": {
				"north": {"uv": [1.008, 9.008, 1.375, 9.242], "texture": "#2"},
				"east": {"uv": [8.508, 3.008, 8.992, 3.242], "texture": "#2"},
				"south": {"uv": [9.008, 3.008, 9.375, 3.242], "texture": "#2"},
				"west": {"uv": [8.508, 3.258, 8.992, 3.492], "texture": "#2"},
				"up": {"uv": [2.375, 2.492, 2.008, 2.008], "texture": "#2"},
				"down": {"uv": [2.875, 0.008, 2.508, 0.492], "texture": "#2"}
			}
		},
		{
			"from": [7.9, -0.7, 8],
			"to": [8.1, 0, 8.2],
			"rotation": {"angle": 0, "axis": "y", "origin": [0, 0, -0.8]},
			"faces": {
				"north": {"uv": [10.008, 3.758, 10.0625, 3.9375], "texture": "#2"},
				"east": {"uv": [4.008, 10.008, 4.0625, 10.1875], "texture": "#2"},
				"south": {"uv": [10.008, 4.008, 10.0625, 4.1875], "texture": "#2"},
				"west": {"uv": [4.258, 10.008, 4.3125, 10.1875], "texture": "#2"},
				"up": {"uv": [6.3125, 10.5625, 6.258, 10.508], "texture": "#2"},
				"down": {"uv": [10.5625, 6.258, 10.508, 6.3125], "texture": "#2"}
			}
		},
		{
			"from": [7.9, -4.32049, 7.00951],
			"to": [8.1, -3.92049, 7.20951],
			"rotation": {"angle": -22.5, "axis": "x", "origin": [0, 0.17951, -0.59049]},
			"faces": {
				"north": {"uv": [7.008, 10.258, 7.0625, 10.375], "texture": "#2"},
				"east": {"uv": [10.258, 7.008, 10.3125, 7.125], "texture": "#2"},
				"south": {"uv": [7.258, 10.258, 7.3125, 10.375], "texture": "#2"},
				"west": {"uv": [10.258, 7.258, 10.3125, 7.375], "texture": "#2"},
				"up": {"uv": [6.5625, 10.5625, 6.508, 10.508], "texture": "#2"},
				"down": {"uv": [10.5625, 6.508, 10.508, 6.5625], "texture": "#2"}
			}
		},
		{
			"from": [7.9, -0.7, 9.8],
			"to": [8.1, 0, 10],
			"rotation": {"angle": 0, "axis": "y", "origin": [0, 0, 18.8]},
			"faces": {
				"north": {"uv": [10.008, 4.258, 10.0625, 4.4375], "texture": "#2"},
				"east": {"uv": [4.508, 10.008, 4.5625, 10.1875], "texture": "#2"},
				"south": {"uv": [10.008, 4.508, 10.0625, 4.6875], "texture": "#2"},
				"west": {"uv": [4.758, 10.008, 4.8125, 10.1875], "texture": "#2"},
				"up": {"uv": [6.8125, 10.5625, 6.758, 10.508], "texture": "#2"},
				"down": {"uv": [10.5625, 6.758, 10.508, 6.8125], "texture": "#2"}
			}
		},
		{
			"from": [7.9, -4.32049, 10.79049],
			"to": [8.1, -3.92049, 10.99049],
			"rotation": {"angle": 22.5, "axis": "x", "origin": [0, 0.17951, 18.59049]},
			"faces": {
				"north": {"uv": [10.258, 7.508, 10.3125, 7.625], "texture": "#2"},
				"east": {"uv": [10.258, 7.758, 10.3125, 7.875], "texture": "#2"},
				"south": {"uv": [8.008, 10.258, 8.0625, 10.375], "texture": "#2"},
				"west": {"uv": [8.258, 10.258, 8.3125, 10.375], "texture": "#2"},
				"up": {"uv": [7.0625, 10.5625, 7.008, 10.508], "texture": "#2"},
				"down": {"uv": [10.5625, 7.008, 10.508, 7.0625], "texture": "#2"}
			}
		},
		{
			"from": [7.95, -0.2, 9],
			"to": [8.05, 0, 9.2],
			"rotation": {"angle": 0, "axis": "y", "origin": [-0.05, 0, 18]},
			"faces": {
				"north": {"uv": [7.258, 10.508, 7.3125, 10.5625], "texture": "#2"},
				"east": {"uv": [10.508, 7.258, 10.5625, 7.3125], "texture": "#2"},
				"south": {"uv": [7.508, 10.508, 7.5625, 10.5625], "texture": "#2"},
				"west": {"uv": [10.508, 7.508, 10.5625, 7.5625], "texture": "#2"},
				"up": {"uv": [7.8125, 10.5625, 7.758, 10.508], "texture": "#2"},
				"down": {"uv": [10.5625, 7.758, 10.508, 7.8125], "texture": "#2"}
			}
		},
		{
			"from": [7.95, -0.3, 8.8],
			"to": [8.05, 0, 9],
			"rotation": {"angle": 0, "axis": "y", "origin": [-0.05, 0, 18]},
			"faces": {
				"north": {"uv": [8.008, 10.508, 8.0625, 10.5625], "texture": "#2"},
				"east": {"uv": [10.508, 8.008, 10.5625, 8.0625], "texture": "#2"},
				"south": {"uv": [8.258, 10.508, 8.3125, 10.5625], "texture": "#2"},
				"west": {"uv": [10.508, 8.258, 10.5625, 8.3125], "texture": "#2"},
				"up": {"uv": [8.5625, 10.5625, 8.508, 10.508], "texture": "#2"},
				"down": {"uv": [10.5625, 8.508, 10.508, 8.5625], "texture": "#2"}
			}
		},
		{
			"from": [7.95, -3.98899, 9.63762],
			"to": [8.05, -3.48899, 9.83762],
			"rotation": {"angle": 22.5, "axis": "x", "origin": [-0.05, 0.11101, 17.73762]},
			"faces": {
				"north": {"uv": [10.258, 8.258, 10.3125, 8.375], "texture": "#2"},
				"east": {"uv": [8.508, 10.258, 8.5625, 10.375], "texture": "#2"},
				"south": {"uv": [10.258, 8.508, 10.3125, 8.625], "texture": "#2"},
				"west": {"uv": [8.758, 10.258, 8.8125, 10.375], "texture": "#2"},
				"up": {"uv": [8.8125, 10.5625, 8.758, 10.508], "texture": "#2"},
				"down": {"uv": [10.5625, 8.758, 10.508, 8.8125], "texture": "#2"}
			}
		},
		{
			"from": [7.95, -7.3173, 11.83307],
			"to": [8.05, -7.0173, 12.03307],
			"rotation": {"angle": 45, "axis": "x", "origin": [-0.05, -0.0173, 18.13307]},
			"faces": {
				"north": {"uv": [9.008, 10.508, 9.0625, 10.5625], "texture": "#2"},
				"east": {"uv": [10.508, 9.008, 10.5625, 9.0625], "texture": "#2"},
				"south": {"uv": [9.258, 10.508, 9.3125, 10.5625], "texture": "#2"},
				"west": {"uv": [10.508, 9.258, 10.5625, 9.3125], "texture": "#2"},
				"up": {"uv": [9.5625, 10.5625, 9.508, 10.508], "texture": "#2"},
				"down": {"uv": [10.5625, 9.508, 10.508, 9.5625], "texture": "#2"}
			}
		},
		{
			"from": [7.95, -4.08899, 8.66238],
			"to": [8.05, -3.58899, 8.76238],
			"rotation": {"angle": -22.5, "axis": "x", "origin": [-0.05, 0.11101, 0.66238]},
			"faces": {
				"north": {"uv": [10.258, 8.758, 10.3125, 8.875], "texture": "#2"},
				"east": {"uv": [9.008, 10.258, 9.0625, 10.375], "texture": "#2"},
				"south": {"uv": [10.258, 9.008, 10.3125, 9.125], "texture": "#2"},
				"west": {"uv": [9.258, 10.258, 9.3125, 10.375], "texture": "#2"},
				"up": {"uv": [9.8125, 10.5625, 9.758, 10.508], "texture": "#2"},
				"down": {"uv": [10.5625, 9.758, 10.508, 9.8125], "texture": "#2"}
			}
		},
		{
			"from": [7.95, -0.3, 9.5],
			"to": [8.05, 0, 9.6],
			"rotation": {"angle": 0, "axis": "y", "origin": [-0.05, 0, 0.4]},
			"faces": {
				"north": {"uv": [10.008, 10.508, 10.0625, 10.5625], "texture": "#2"},
				"east": {"uv": [10.508, 10.008, 10.5625, 10.0625], "texture": "#2"},
				"south": {"uv": [10.258, 10.508, 10.3125, 10.5625], "texture": "#2"},
				"west": {"uv": [10.508, 10.258, 10.5625, 10.3125], "texture": "#2"},
				"up": {"uv": [10.5625, 10.5625, 10.508, 10.508], "texture": "#2"},
				"down": {"uv": [0.0625, 10.758, 0.008, 10.8125], "texture": "#2"}
			}
		},
		{
			"from": [7.9, -1.06955, 8.15307],
			"to": [8.1, -0.86955, 9.85307],
			"rotation": {"angle": 0, "axis": "x", "origin": [0, 0.33045, -0.74693]},
			"faces": {
				"north": {"uv": [10.758, 0.008, 10.8125, 0.0625], "texture": "#2"},
				"east": {"uv": [9.508, 1.258, 9.9375, 1.3125], "texture": "#2"},
				"south": {"uv": [0.258, 10.758, 0.3125, 10.8125], "texture": "#2"},
				"west": {"uv": [9.508, 1.508, 9.9375, 1.5625], "texture": "#2"},
				"up": {"uv": [9.5625, 3.4375, 9.508, 3.008], "texture": "#2"},
				"down": {"uv": [3.5625, 9.508, 3.508, 9.9375], "texture": "#2"}
			}
		},
		{
			"from": [7.2, 0, 10],
			"to": [8.8, 1.7, 11.5],
			"rotation": {"angle": 0, "axis": "y", "origin": [0, 0, -0.8]},
			"faces": {
				"north": {"uv": [0.508, 2.758, 0.875, 3.1875], "texture": "#2"},
				"east": {"uv": [2.758, 1.008, 3.125, 1.4375], "texture": "#2"},
				"south": {"uv": [2.758, 1.508, 3.125, 1.9375], "texture": "#2"},
				"west": {"uv": [2.258, 2.758, 2.625, 3.1875], "texture": "#2"},
				"up": {"uv": [8.625, 1.375, 8.258, 1.008], "texture": "#2"},
				"down": {"uv": [8.625, 1.508, 8.258, 1.875], "texture": "#2"}
			}
		},
		{
			"from": [7.4, 1.7, 10],
			"to": [8.6, 1.9, 11.5],
			"rotation": {"angle": 0, "axis": "y", "origin": [0, 0, -0.8]},
			"faces": {
				"north": {"uv": [9.508, 8.508, 9.8125, 8.5625], "texture": "#2"},
				"east": {"uv": [9.508, 4.508, 9.875, 4.5625], "texture": "#2"},
				"south": {"uv": [9.508, 8.758, 9.8125, 8.8125], "texture": "#2"},
				"west": {"uv": [9.508, 4.758, 9.875, 4.8125], "texture": "#2"},
				"up": {"uv": [9.0625, 1.875, 8.758, 1.508], "texture": "#2"},
				"down": {"uv": [5.8125, 8.758, 5.508, 9.125], "texture": "#2"}
			}
		},
		{
			"from": [4.60675, 5.6565, 10],
			"to": [4.80675, 5.9565, 11.5],
			"rotation": {"angle": -45, "axis": "z", "origin": [1.10675, 0.5565, -0.8]},
			"faces": {
				"north": {"uv": [1.508, 11.008, 1.5625, 11.0625], "texture": "#2"},
				"east": {"uv": [5.508, 9.508, 5.875, 9.5625], "texture": "#2"},
				"south": {"uv": [11.008, 1.508, 11.0625, 1.5625], "texture": "#2"},
				"west": {"uv": [9.508, 5.758, 9.875, 5.8125], "texture": "#2"},
				"up": {"uv": [6.0625, 9.875, 6.008, 9.508], "texture": "#2"},
				"down": {"uv": [6.3125, 9.508, 6.258, 9.875], "texture": "#2"}
			}
		},
		{
			"from": [11.19325, 5.6565, 10],
			"to": [11.39325, 5.9565, 11.5],
			"rotation": {"angle": 45, "axis": "z", "origin": [14.89325, 0.5565, -0.8]},
			"faces": {
				"north": {"uv": [4.508, 10.508, 4.5625, 10.5625], "texture": "#2"},
				"east": {"uv": [9.508, 1.758, 9.875, 1.8125], "texture": "#2"},
				"south": {"uv": [10.508, 4.508, 10.5625, 4.5625], "texture": "#2"},
				"west": {"uv": [9.508, 3.508, 9.875, 3.5625], "texture": "#2"},
				"up": {"uv": [3.8125, 9.875, 3.758, 9.508], "texture": "#2"},
				"down": {"uv": [9.5625, 3.758, 9.508, 4.125], "texture": "#2"}
			}
		},
		{
			"from": [7.3, 1.91342, 0.2806],
			"to": [8.7, 2.01342, 2.7806],
			"rotation": {"angle": 22.5, "axis": "x", "origin": [0, 1.91342, -2.2194]},
			"faces": {
				"north": {"uv": [4.008, 9.508, 4.375, 9.5625], "texture": "#2"},
				"east": {"uv": [9.008, 6.008, 9.625, 6.0625], "texture": "#2"},
				"south": {"uv": [9.508, 4.258, 9.875, 4.3125], "texture": "#2"},
				"west": {"uv": [9.008, 6.258, 9.625, 6.3125], "texture": "#2"},
				"up": {"uv": [1.875, 1.625, 1.508, 1.008], "texture": "#2"},
				"down": {"uv": [1.875, 1.758, 1.508, 2.375], "texture": "#2"}
			}
		},
		{
			"from": [7.4, 2.01342, 1.0806],
			"to": [8.6, 2.81342, 2.7806],
			"rotation": {"angle": 22.5, "axis": "x", "origin": [0, 1.91342, -2.2194]},
			"faces": {
				"north": {"uv": [9.008, 3.508, 9.3125, 3.6875], "texture": "#2"},
				"east": {"uv": [9.008, 3.258, 9.4375, 3.4375], "texture": "#2"},
				"south": {"uv": [9.008, 3.758, 9.3125, 3.9375], "texture": "#2"},
				"west": {"uv": [3.508, 9.008, 3.9375, 9.1875], "texture": "#2"},
				"up": {"uv": [0.3125, 8.9375, 0.008, 8.508], "texture": "#2"},
				"down": {"uv": [1.3125, 8.508, 1.008, 8.9375], "texture": "#2"}
			}
		},
		{
			"from": [7.4, 2.01342, 0.4806],
			"to": [8.6, 2.31342, 1.0806],
			"rotation": {"angle": 22.5, "axis": "x", "origin": [0, 1.91342, -2.2194]},
			"faces": {
				"north": {"uv": [9.508, 8.258, 9.8125, 8.3125], "texture": "#2"},
				"east": {"uv": [10.258, 9.258, 10.375, 9.3125], "texture": "#2"},
				"south": {"uv": [8.508, 9.508, 8.8125, 9.5625], "texture": "#2"},
				"west": {"uv": [9.508, 10.258, 9.625, 10.3125], "texture": "#2"},
				"up": {"uv": [6.8125, 9.125, 6.508, 9.008], "texture": "#2"},
				"down": {"uv": [9.3125, 8.258, 9.008, 8.375], "texture": "#2"}
			}
		},
		{
			"from": [7.8, 1, 0],
			"to": [8.2, 1.9, 10],
			"faces": {
				"north": {"uv": [2.258, 2.508, 2.375, 2.742], "texture": "#2"},
				"east": {"uv": [0.008, 0.008, 2.492, 0.242], "texture": "#2"},
				"south": {"uv": [9.008, 8.508, 9.125, 8.742], "texture": "#2"},
				"west": {"uv": [0.008, 0.258, 2.492, 0.492], "texture": "#2"},
				"up": {"uv": [1.125, 3.492, 1.008, 1.008], "texture": "#2"},
				"down": {"uv": [1.375, 1.008, 1.258, 3.492], "texture": "#2"}
			}
		},
		{
			"name": "hexadecagon",
			"from": [7.31049, 0.95, 0],
			"to": [7.48951, 1.05, 9.4],
			"rotation": {"angle": -45, "axis": "z", "origin": [7.4, 1.4, 8]},
			"faces": {
				"north": {"uv": [10.758, 0.258, 10.8125, 0.3125], "texture": "#2"},
				"east": {"uv": [2.758, 2.758, 5.125, 2.8125], "texture": "#2"},
				"south": {"uv": [0.508, 10.758, 0.5625, 10.8125], "texture": "#2"},
				"west": {"uv": [3.008, 0.008, 5.375, 0.0625], "texture": "#2"},
				"up": {"uv": [1.5625, 5.375, 1.508, 3.008], "texture": "#2"},
				"down": {"uv": [1.8125, 3.008, 1.758, 5.375], "texture": "#2"}
			}
		},
		{
			"name": "hexadecagon",
			"from": [7.31049, 0.95, 0],
			"to": [7.48951, 1.05, 9.4],
			"rotation": {"angle": -22.5, "axis": "z", "origin": [7.4, 1.4, 8]},
			"faces": {
				"north": {"uv": [10.758, 0.508, 10.8125, 0.5625], "texture": "#2"},
				"east": {"uv": [3.008, 0.258, 5.375, 0.3125], "texture": "#2"},
				"south": {"uv": [0.758, 10.758, 0.8125, 10.8125], "texture": "#2"},
				"west": {"uv": [3.008, 2.008, 5.375, 2.0625], "texture": "#2"},
				"up": {"uv": [2.0625, 5.375, 2.008, 3.008], "texture": "#2"},
				"down": {"uv": [2.8125, 3.008, 2.758, 5.375], "texture": "#2"}
			}
		},
		{
			"name": "hexadecagon",
			"from": [7.31049, 0.95, 0],
			"to": [7.48951, 1.05, 9.4],
			"rotation": {"angle": 0, "axis": "z", "origin": [7.4, 1.4, 8]},
			"faces": {
				"north": {"uv": [10.758, 0.758, 10.8125, 0.8125], "texture": "#2"},
				"east": {"uv": [3.008, 2.258, 5.375, 2.3125], "texture": "#2"},
				"south": {"uv": [1.008, 10.758, 1.0625, 10.8125], "texture": "#2"},
				"west": {"uv": [3.008, 2.508, 5.375, 2.5625], "texture": "#2"},
				"up": {"uv": [3.0625, 5.375, 3.008, 3.008], "texture": "#2"},
				"down": {"uv": [0.5625, 3.258, 0.508, 5.625], "texture": "#2"}
			}
		},
		{
			"name": "hexadecagon",
			"from": [7.31049, 0.95, 0],
			"to": [7.48951, 1.05, 9.4],
			"rotation": {"angle": 22.5, "axis": "z", "origin": [7.4, 1.4, 8]},
			"faces": {
				"north": {"uv": [10.758, 1.008, 10.8125, 1.0625], "texture": "#2"},
				"east": {"uv": [3.258, 0.508, 5.625, 0.5625], "texture": "#2"},
				"south": {"uv": [1.258, 10.758, 1.3125, 10.8125], "texture": "#2"},
				"west": {"uv": [3.258, 0.758, 5.625, 0.8125], "texture": "#2"},
				"up": {"uv": [0.8125, 5.625, 0.758, 3.258], "texture": "#2"},
				"down": {"uv": [2.3125, 3.258, 2.258, 5.625], "texture": "#2"}
			}
		},
		{
			"name": "hexadecagon",
			"from": [7.31049, 0.95, 0],
			"to": [7.48951, 1.05, 9.4],
			"rotation": {"angle": 45, "axis": "z", "origin": [7.4, 1.4, 8]},
			"faces": {
				"north": {"uv": [10.758, 1.258, 10.8125, 1.3125], "texture": "#2"},
				"east": {"uv": [3.258, 1.008, 5.625, 1.0625], "texture": "#2"},
				"south": {"uv": [1.508, 10.758, 1.5625, 10.8125], "texture": "#2"},
				"west": {"uv": [3.258, 1.258, 5.625, 1.3125], "texture": "#2"},
				"up": {"uv": [2.5625, 5.625, 2.508, 3.258], "texture": "#2"},
				"down": {"uv": [3.3125, 3.008, 3.258, 5.375], "texture": "#2"}
			}
		},
		{
			"name": "hexadecagon",
			"from": [7.31049, 1.75, 0],
			"to": [7.48951, 1.85, 9.4],
			"rotation": {"angle": -45, "axis": "z", "origin": [7.4, 1.4, 8]},
			"faces": {
				"north": {"uv": [10.758, 1.508, 10.8125, 1.5625], "texture": "#2"},
				"east": {"uv": [3.258, 1.508, 5.625, 1.5625], "texture": "#2"},
				"south": {"uv": [1.758, 10.758, 1.8125, 10.8125], "texture": "#2"},
				"west": {"uv": [3.258, 1.758, 5.625, 1.8125], "texture": "#2"},
				"up": {"uv": [0.0625, 5.875, 0.008, 3.508], "texture": "#2"},
				"down": {"uv": [0.3125, 3.508, 0.258, 5.875], "texture": "#2"}
			}
		},
		{
			"name": "hexadecagon",
			"from": [7.31049, 1.75, 0],
			"to": [7.48951, 1.85, 9.4],
			"rotation": {"angle": -22.5, "axis": "z", "origin": [7.4, 1.4, 8]},
			"faces": {
				"north": {"uv": [10.758, 1.758, 10.8125, 1.8125], "texture": "#2"},
				"east": {"uv": [3.508, 3.008, 5.875, 3.0625], "texture": "#2"},
				"south": {"uv": [2.008, 10.758, 2.0625, 10.8125], "texture": "#2"},
				"west": {"uv": [3.508, 3.258, 5.875, 3.3125], "texture": "#2"},
				"up": {"uv": [1.0625, 5.875, 1.008, 3.508], "texture": "#2"},
				"down": {"uv": [1.3125, 3.508, 1.258, 5.875], "texture": "#2"}
			}
		},
		{
			"name": "hexadecagon",
			"from": [7.31049, 1.75, 0],
			"to": [7.48951, 1.85, 9.4],
			"rotation": {"angle": 0, "axis": "z", "origin": [7.4, 1.4, 8]},
			"faces": {
				"north": {"uv": [10.758, 2.008, 10.8125, 2.0625], "texture": "#2"},
				"east": {"uv": [3.508, 3.508, 5.875, 3.5625], "texture": "#2"},
				"south": {"uv": [2.258, 10.758, 2.3125, 10.8125], "texture": "#2"},
				"west": {"uv": [3.508, 3.758, 5.875, 3.8125], "texture": "#2"},
				"up": {"uv": [3.5625, 6.375, 3.508, 4.008], "texture": "#2"},
				"down": {"uv": [3.8125, 4.008, 3.758, 6.375], "texture": "#2"}
			}
		},
		{
			"name": "hexadecagon",
			"from": [7.31049, 1.75, 0],
			"to": [7.48951, 1.85, 9.4],
			"rotation": {"angle": 22.5, "axis": "z", "origin": [7.4, 1.4, 8]},
			"faces": {
				"north": {"uv": [10.758, 2.258, 10.8125, 2.3125], "texture": "#2"},
				"east": {"uv": [4.008, 4.008, 6.375, 4.0625], "texture": "#2"},
				"south": {"uv": [2.508, 10.758, 2.5625, 10.8125], "texture": "#2"},
				"west": {"uv": [4.008, 4.258, 6.375, 4.3125], "texture": "#2"},
				"up": {"uv": [4.0625, 6.875, 4.008, 4.508], "texture": "#2"},
				"down": {"uv": [4.3125, 4.508, 4.258, 6.875], "texture": "#2"}
			}
		},
		{
			"name": "hexadecagon",
			"from": [7.31049, 1.75, 0],
			"to": [7.48951, 1.85, 9.4],
			"rotation": {"angle": 45, "axis": "z", "origin": [7.4, 1.4, 8]},
			"faces": {
				"north": {"uv": [10.758, 2.508, 10.8125, 2.5625], "texture": "#2"},
				"east": {"uv": [4.508, 4.508, 6.875, 4.5625], "texture": "#2"},
				"south": {"uv": [2.758, 10.758, 2.8125, 10.8125], "texture": "#2"},
				"west": {"uv": [4.508, 4.758, 6.875, 4.8125], "texture": "#2"},
				"up": {"uv": [4.5625, 7.375, 4.508, 5.008], "texture": "#2"},
				"down": {"uv": [4.8125, 5.008, 4.758, 7.375], "texture": "#2"}
			}
		},
		{
			"name": "hexadecagon",
			"from": [6.95, 1.31049, 0],
			"to": [7.05, 1.48951, 9.4],
			"rotation": {"angle": -22.5, "axis": "z", "origin": [7.4, 1.4, 8]},
			"faces": {
				"north": {"uv": [10.758, 2.758, 10.8125, 2.8125], "texture": "#2"},
				"east": {"uv": [5.008, 5.008, 7.375, 5.0625], "texture": "#2"},
				"south": {"uv": [3.008, 10.758, 3.0625, 10.8125], "texture": "#2"},
				"west": {"uv": [5.258, 2.758, 7.625, 2.8125], "texture": "#2"},
				"up": {"uv": [5.0625, 7.625, 5.008, 5.258], "texture": "#2"},
				"down": {"uv": [5.3125, 5.258, 5.258, 7.625], "texture": "#2"}
			}
		},
		{
			"name": "hexadecagon",
			"from": [6.95, 1.31049, 0],
			"to": [7.05, 1.48951, 9.4],
			"rotation": {"angle": 0, "axis": "z", "origin": [7.4, 1.4, 8]},
			"faces": {
				"north": {"uv": [10.758, 3.008, 10.8125, 3.0625], "texture": "#2"},
				"east": {"uv": [5.508, 0.008, 7.875, 0.0625], "texture": "#2"},
				"south": {"uv": [3.258, 10.758, 3.3125, 10.8125], "texture": "#2"},
				"west": {"uv": [5.508, 0.258, 7.875, 0.3125], "texture": "#2"},
				"up": {"uv": [1.5625, 7.875, 1.508, 5.508], "texture": "#2"},
				"down": {"uv": [1.8125, 5.508, 1.758, 7.875], "texture": "#2"}
			}
		},
		{
			"name": "hexadecagon",
			"from": [6.95, 1.31049, 0],
			"to": [7.05, 1.48951, 9.4],
			"rotation": {"angle": 22.5, "axis": "z", "origin": [7.4, 1.4, 8]},
			"faces": {
				"north": {"uv": [10.758, 3.258, 10.8125, 3.3125], "texture": "#2"},
				"east": {"uv": [5.508, 2.008, 7.875, 2.0625], "texture": "#2"},
				"south": {"uv": [3.508, 10.758, 3.5625, 10.8125], "texture": "#2"},
				"west": {"uv": [5.508, 2.258, 7.875, 2.3125], "texture": "#2"},
				"up": {"uv": [2.0625, 7.875, 2.008, 5.508], "texture": "#2"},
				"down": {"uv": [2.8125, 5.508, 2.758, 7.875], "texture": "#2"}
			}
		},
		{
			"name": "hexadecagon",
			"from": [7.75, 1.31049, 0],
			"to": [7.85, 1.48951, 9.4],
			"rotation": {"angle": -22.5, "axis": "z", "origin": [7.4, 1.4, 8]},
			"faces": {
				"north": {"uv": [10.758, 3.508, 10.8125, 3.5625], "texture": "#2"},
				"east": {"uv": [5.508, 2.508, 7.875, 2.5625], "texture": "#2"},
				"south": {"uv": [3.758, 10.758, 3.8125, 10.8125], "texture": "#2"},
				"west": {"uv": [5.508, 5.258, 7.875, 5.3125], "texture": "#2"},
				"up": {"uv": [3.0625, 7.875, 3.008, 5.508], "texture": "#2"},
				"down": {"uv": [3.3125, 5.508, 3.258, 7.875], "texture": "#2"}
			}
		},
		{
			"name": "hexadecagon",
			"from": [7.75, 1.31049, 0],
			"to": [7.85, 1.48951, 9.4],
			"rotation": {"angle": 0, "axis": "z", "origin": [7.4, 1.4, 8]},
			"faces": {
				"north": {"uv": [10.758, 3.758, 10.8125, 3.8125], "texture": "#2"},
				"east": {"uv": [5.508, 5.508, 7.875, 5.5625], "texture": "#2"},
				"south": {"uv": [4.008, 10.758, 4.0625, 10.8125], "texture": "#2"},
				"west": {"uv": [5.758, 0.508, 8.125, 0.5625], "texture": "#2"},
				"up": {"uv": [0.5625, 8.125, 0.508, 5.758], "texture": "#2"},
				"down": {"uv": [0.8125, 5.758, 0.758, 8.125], "texture": "#2"}
			}
		},
		{
			"name": "hexadecagon",
			"from": [7.75, 1.31049, 0],
			"to": [7.85, 1.48951, 9.4],
			"rotation": {"angle": 22.5, "axis": "z", "origin": [7.4, 1.4, 8]},
			"faces": {
				"north": {"uv": [10.758, 4.008, 10.8125, 4.0625], "texture": "#2"},
				"east": {"uv": [5.758, 0.758, 8.125, 0.8125], "texture": "#2"},
				"south": {"uv": [4.258, 10.758, 4.3125, 10.8125], "texture": "#2"},
				"west": {"uv": [5.758, 1.008, 8.125, 1.0625], "texture": "#2"},
				"up": {"uv": [2.3125, 8.125, 2.258, 5.758], "texture": "#2"},
				"down": {"uv": [2.5625, 5.758, 2.508, 8.125], "texture": "#2"}
			}
		},
		{
			"name": "hexadecagon",
			"from": [8.51049, 0.95, 0],
			"to": [8.68951, 1.05, 9.4],
			"rotation": {"angle": -45, "axis": "z", "origin": [8.6, 1.4, 8]},
			"faces": {
				"north": {"uv": [10.758, 4.258, 10.8125, 4.3125], "texture": "#2"},
				"east": {"uv": [5.758, 1.258, 8.125, 1.3125], "texture": "#2"},
				"south": {"uv": [4.508, 10.758, 4.5625, 10.8125], "texture": "#2"},
				"west": {"uv": [5.758, 1.508, 8.125, 1.5625], "texture": "#2"},
				"up": {"uv": [5.5625, 8.125, 5.508, 5.758], "texture": "#2"},
				"down": {"uv": [5.8125, 5.758, 5.758, 8.125], "texture": "#2"}
			}
		},
		{
			"name": "hexadecagon",
			"from": [8.51049, 0.95, 0],
			"to": [8.68951, 1.05, 9.4],
			"rotation": {"angle": -22.5, "axis": "z", "origin": [8.6, 1.4, 8]},
			"faces": {
				"north": {"uv": [10.758, 4.508, 10.8125, 4.5625], "texture": "#2"},
				"east": {"uv": [5.758, 1.758, 8.125, 1.8125], "texture": "#2"},
				"south": {"uv": [4.758, 10.758, 4.8125, 10.8125], "texture": "#2"},
				"west": {"uv": [6.008, 3.008, 8.375, 3.0625], "texture": "#2"},
				"up": {"uv": [0.0625, 8.375, 0.008, 6.008], "texture": "#2"},
				"down": {"uv": [0.3125, 6.008, 0.258, 8.375], "texture": "#2"}
			}
		},
		{
			"name": "hexadecagon",
			"from": [8.51049, 0.95, 0],
			"to": [8.68951, 1.05, 9.4],
			"rotation": {"angle": 0, "axis": "z", "origin": [8.6, 1.4, 8]},
			"faces": {
				"north": {"uv": [10.758, 4.758, 10.8125, 4.8125], "texture": "#2"},
				"east": {"uv": [6.008, 3.258, 8.375, 3.3125], "texture": "#2"},
				"south": {"uv": [5.008, 10.758, 5.0625, 10.8125], "texture": "#2"},
				"west": {"uv": [6.008, 3.508, 8.375, 3.5625], "texture": "#2"},
				"up": {"uv": [1.0625, 8.375, 1.008, 6.008], "texture": "#2"},
				"down": {"uv": [1.3125, 6.008, 1.258, 8.375], "texture": "#2"}
			}
		},
		{
			"name": "hexadecagon",
			"from": [8.51049, 0.95, 0],
			"to": [8.68951, 1.05, 9.4],
			"rotation": {"angle": 22.5, "axis": "z", "origin": [8.6, 1.4, 8]},
			"faces": {
				"north": {"uv": [10.758, 5.008, 10.8125, 5.0625], "texture": "#2"},
				"east": {"uv": [6.008, 3.758, 8.375, 3.8125], "texture": "#2"},
				"south": {"uv": [5.258, 10.758, 5.3125, 10.8125], "texture": "#2"},
				"west": {"uv": [6.008, 5.758, 8.375, 5.8125], "texture": "#2"},
				"up": {"uv": [6.0625, 8.375, 6.008, 6.008], "texture": "#2"},
				"down": {"uv": [6.3125, 6.008, 6.258, 8.375], "texture": "#2"}
			}
		},
		{
			"name": "hexadecagon",
			"from": [8.51049, 0.95, 0],
			"to": [8.68951, 1.05, 9.4],
			"rotation": {"angle": 45, "axis": "z", "origin": [8.6, 1.4, 8]},
			"faces": {
				"north": {"uv": [10.758, 5.258, 10.8125, 5.3125], "texture": "#2"},
				"east": {"uv": [6.508, 4.008, 8.875, 4.0625], "texture": "#2"},
				"south": {"uv": [5.508, 10.758, 5.5625, 10.8125], "texture": "#2"},
				"west": {"uv": [6.508, 4.258, 8.875, 4.3125], "texture": "#2"},
				"up": {"uv": [3.5625, 8.875, 3.508, 6.508], "texture": "#2"},
				"down": {"uv": [3.8125, 6.508, 3.758, 8.875], "texture": "#2"}
			}
		},
		{
			"name": "hexadecagon",
			"from": [8.51049, 1.75, 0],
			"to": [8.68951, 1.85, 9.4],
			"rotation": {"angle": -45, "axis": "z", "origin": [8.6, 1.4, 8]},
			"faces": {
				"north": {"uv": [10.758, 5.508, 10.8125, 5.5625], "texture": "#2"},
				"east": {"uv": [6.508, 6.008, 8.875, 6.0625], "texture": "#2"},
				"south": {"uv": [5.758, 10.758, 5.8125, 10.8125], "texture": "#2"},
				"west": {"uv": [6.508, 6.258, 8.875, 6.3125], "texture": "#2"},
				"up": {"uv": [6.5625, 8.875, 6.508, 6.508], "texture": "#2"},
				"down": {"uv": [6.8125, 6.508, 6.758, 8.875], "texture": "#2"}
			}
		},
		{
			"name": "hexadecagon",
			"from": [8.51049, 1.75, 0],
			"to": [8.68951, 1.85, 9.4],
			"rotation": {"angle": -22.5, "axis": "z", "origin": [8.6, 1.4, 8]},
			"faces": {
				"north": {"uv": [10.758, 5.758, 10.8125, 5.8125], "texture": "#2"},
				"east": {"uv": [7.008, 4.508, 9.375, 4.5625], "texture": "#2"},
				"south": {"uv": [6.008, 10.758, 6.0625, 10.8125], "texture": "#2"},
				"west": {"uv": [7.008, 4.758, 9.375, 4.8125], "texture": "#2"},
				"up": {"uv": [4.0625, 9.375, 4.008, 7.008], "texture": "#2"},
				"down": {"uv": [4.3125, 7.008, 4.258, 9.375], "texture": "#2"}
			}
		},
		{
			"name": "hexadecagon",
			"from": [8.51049, 1.75, 0],
			"to": [8.68951, 1.85, 9.4],
			"rotation": {"angle": 0, "axis": "z", "origin": [8.6, 1.4, 8]},
			"faces": {
				"north": {"uv": [10.758, 6.008, 10.8125, 6.0625], "texture": "#2"},
				"east": {"uv": [7.008, 6.508, 9.375, 6.5625], "texture": "#2"},
				"south": {"uv": [6.258, 10.758, 6.3125, 10.8125], "texture": "#2"},
				"west": {"uv": [7.008, 6.758, 9.375, 6.8125], "texture": "#2"},
				"up": {"uv": [7.0625, 9.375, 7.008, 7.008], "texture": "#2"},
				"down": {"uv": [7.3125, 7.008, 7.258, 9.375], "texture": "#2"}
			}
		},
		{
			"name": "hexadecagon",
			"from": [8.51049, 1.75, 0],
			"to": [8.68951, 1.85, 9.4],
			"rotation": {"angle": 22.5, "axis": "z", "origin": [8.6, 1.4, 8]},
			"faces": {
				"north": {"uv": [10.758, 6.258, 10.8125, 6.3125], "texture": "#2"},
				"east": {"uv": [7.508, 5.008, 9.875, 5.0625], "texture": "#2"},
				"south": {"uv": [6.508, 10.758, 6.5625, 10.8125], "texture": "#2"},
				"west": {"uv": [7.508, 7.008, 9.875, 7.0625], "texture": "#2"},
				"up": {"uv": [4.5625, 9.875, 4.508, 7.508], "texture": "#2"},
				"down": {"uv": [4.8125, 7.508, 4.758, 9.875], "texture": "#2"}
			}
		},
		{
			"name": "hexadecagon",
			"from": [8.51049, 1.75, 0],
			"to": [8.68951, 1.85, 9.4],
			"rotation": {"angle": 45, "axis": "z", "origin": [8.6, 1.4, 8]},
			"faces": {
				"north": {"uv": [10.758, 6.508, 10.8125, 6.5625], "texture": "#2"},
				"east": {"uv": [7.508, 7.258, 9.875, 7.3125], "texture": "#2"},
				"south": {"uv": [6.758, 10.758, 6.8125, 10.8125], "texture": "#2"},
				"west": {"uv": [7.508, 7.508, 9.875, 7.5625], "texture": "#2"},
				"up": {"uv": [5.0625, 10.125, 5.008, 7.758], "texture": "#2"},
				"down": {"uv": [5.3125, 7.758, 5.258, 10.125], "texture": "#2"}
			}
		},
		{
			"name": "hexadecagon",
			"from": [8.15, 1.31049, 0],
			"to": [8.25, 1.48951, 9.4],
			"rotation": {"angle": -22.5, "axis": "z", "origin": [8.6, 1.4, 8]},
			"faces": {
				"north": {"uv": [10.758, 6.758, 10.8125, 6.8125], "texture": "#2"},
				"east": {"uv": [7.758, 2.758, 10.125, 2.8125], "texture": "#2"},
				"south": {"uv": [7.008, 10.758, 7.0625, 10.8125], "texture": "#2"},
				"west": {"uv": [7.508, 7.758, 9.875, 7.8125], "texture": "#2"},
				"up": {"uv": [1.5625, 10.375, 1.508, 8.008], "texture": "#2"},
				"down": {"uv": [1.8125, 8.008, 1.758, 10.375], "texture": "#2"}
			}
		},
		{
			"name": "hexadecagon",
			"from": [8.15, 1.31049, 0],
			"to": [8.25, 1.48951, 9.4],
			"rotation": {"angle": 0, "axis": "z", "origin": [8.6, 1.4, 8]},
			"faces": {
				"north": {"uv": [10.758, 7.008, 10.8125, 7.0625], "texture": "#2"},
				"east": {"uv": [8.008, 0.008, 10.375, 0.0625], "texture": "#2"},
				"south": {"uv": [7.258, 10.758, 7.3125, 10.8125], "texture": "#2"},
				"west": {"uv": [8.008, 0.258, 10.375, 0.3125], "texture": "#2"},
				"up": {"uv": [2.0625, 10.375, 2.008, 8.008], "texture": "#2"},
				"down": {"uv": [2.8125, 8.008, 2.758, 10.375], "texture": "#2"}
			}
		},
		{
			"name": "hexadecagon",
			"from": [8.15, 1.31049, 0],
			"to": [8.25, 1.48951, 9.4],
			"rotation": {"angle": 22.5, "axis": "z", "origin": [8.6, 1.4, 8]},
			"faces": {
				"north": {"uv": [10.758, 7.258, 10.8125, 7.3125], "texture": "#2"},
				"east": {"uv": [8.008, 2.008, 10.375, 2.0625], "texture": "#2"},
				"south": {"uv": [7.508, 10.758, 7.5625, 10.8125], "texture": "#2"},
				"west": {"uv": [8.008, 2.258, 10.375, 2.3125], "texture": "#2"},
				"up": {"uv": [3.0625, 10.375, 3.008, 8.008], "texture": "#2"},
				"down": {"uv": [3.3125, 8.008, 3.258, 10.375], "texture": "#2"}
			}
		},
		{
			"name": "hexadecagon",
			"from": [8.95, 1.31049, 0],
			"to": [9.05, 1.48951, 9.4],
			"rotation": {"angle": -22.5, "axis": "z", "origin": [8.6, 1.4, 8]},
			"faces": {
				"north": {"uv": [10.758, 7.508, 10.8125, 7.5625], "texture": "#2"},
				"east": {"uv": [8.008, 2.508, 10.375, 2.5625], "texture": "#2"},
				"south": {"uv": [7.758, 10.758, 7.8125, 10.8125], "texture": "#2"},
				"west": {"uv": [8.008, 5.258, 10.375, 5.3125], "texture": "#2"},
				"up": {"uv": [7.5625, 10.375, 7.508, 8.008], "texture": "#2"},
				"down": {"uv": [7.8125, 8.008, 7.758, 10.375], "texture": "#2"}
			}
		},
		{
			"name": "hexadecagon",
			"from": [8.95, 1.31049, 0],
			"to": [9.05, 1.48951, 9.4],
			"rotation": {"angle": 0, "axis": "z", "origin": [8.6, 1.4, 8]},
			"faces": {
				"north": {"uv": [10.758, 7.758, 10.8125, 7.8125], "texture": "#2"},
				"east": {"uv": [8.008, 5.508, 10.375, 5.5625], "texture": "#2"},
				"south": {"uv": [8.008, 10.758, 8.0625, 10.8125], "texture": "#2"},
				"west": {"uv": [8.008, 8.008, 10.375, 8.0625], "texture": "#2"},
				"up": {"uv": [0.5625, 10.625, 0.508, 8.258], "texture": "#2"},
				"down": {"uv": [0.8125, 8.258, 0.758, 10.625], "texture": "#2"}
			}
		},
		{
			"name": "hexadecagon",
			"from": [8.95, 1.31049, 0],
			"to": [9.05, 1.48951, 9.4],
			"rotation": {"angle": 22.5, "axis": "z", "origin": [8.6, 1.4, 8]},
			"faces": {
				"north": {"uv": [10.758, 8.008, 10.8125, 8.0625], "texture": "#2"},
				"east": {"uv": [8.258, 0.508, 10.625, 0.5625], "texture": "#2"},
				"south": {"uv": [8.258, 10.758, 8.3125, 10.8125], "texture": "#2"},
				"west": {"uv": [8.258, 0.758, 10.625, 0.8125], "texture": "#2"},
				"up": {"uv": [2.3125, 10.625, 2.258, 8.258], "texture": "#2"},
				"down": {"uv": [2.5625, 8.258, 2.508, 10.625], "texture": "#2"}
			}
		},
		{
			"name": "hexadecagon",
			"from": [7.31049, 0.95, 9.4],
			"to": [7.48951, 1.85, 10],
			"rotation": {"angle": -45, "axis": "z", "origin": [7.4, 1.4, 9.4]},
			"faces": {
				"north": {"uv": [4.258, 9.758, 4.3125, 9.992], "texture": "#2"},
				"east": {"uv": [9.008, 8.758, 9.125, 8.992], "texture": "#2"},
				"south": {"uv": [5.508, 9.758, 5.5625, 9.992], "texture": "#2"},
				"west": {"uv": [9.008, 9.008, 9.125, 9.242], "texture": "#2"},
				"up": {"uv": [10.3125, 9.625, 10.258, 9.508], "texture": "#2"},
				"down": {"uv": [9.8125, 10.258, 9.758, 10.375], "texture": "#2"}
			}
		},
		{
			"name": "hexadecagon",
			"from": [7.31049, 0.95, 9.4],
			"to": [7.48951, 1.85, 10],
			"rotation": {"angle": -22.5, "axis": "z", "origin": [7.4, 1.4, 9.4]},
			"faces": {
				"north": {"uv": [5.758, 9.758, 5.8125, 9.992], "texture": "#2"},
				"east": {"uv": [0.008, 9.258, 0.125, 9.492], "texture": "#2"},
				"south": {"uv": [9.758, 6.008, 9.8125, 6.242], "texture": "#2"},
				"west": {"uv": [0.258, 9.258, 0.375, 9.492], "texture": "#2"},
				"up": {"uv": [10.3125, 9.875, 10.258, 9.758], "texture": "#2"},
				"down": {"uv": [10.0625, 10.258, 10.008, 10.375], "texture": "#2"}
			}
		},
		{
			"name": "hexadecagon",
			"from": [7.31049, 0.95, 9.4],
			"to": [7.48951, 1.85, 10],
			"rotation": {"angle": 0, "axis": "z", "origin": [7.4, 1.4, 9.4]},
			"faces": {
				"north": {"uv": [9.758, 6.258, 9.8125, 6.492], "texture": "#2"},
				"east": {"uv": [1.008, 9.258, 1.125, 9.492], "texture": "#2"},
				"south": {"uv": [9.758, 6.508, 9.8125, 6.742], "texture": "#2"},
				"west": {"uv": [9.258, 1.008, 9.375, 1.242], "texture": "#2"},
				"up": {"uv": [10.3125, 10.125, 10.258, 10.008], "texture": "#2"},
				"down": {"uv": [10.3125, 10.258, 10.258, 10.375], "texture": "#2"}
			}
		},
		{
			"name": "hexadecagon",
			"from": [7.31049, 0.95, 9.4],
			"to": [7.48951, 1.85, 10],
			"rotation": {"angle": 22.5, "axis": "z", "origin": [7.4, 1.4, 9.4]},
			"faces": {
				"north": {"uv": [6.758, 9.758, 6.8125, 9.992], "texture": "#2"},
				"east": {"uv": [1.258, 9.258, 1.375, 9.492], "texture": "#2"},
				"south": {"uv": [9.758, 6.758, 9.8125, 6.992], "texture": "#2"},
				"west": {"uv": [9.258, 1.258, 9.375, 1.492], "texture": "#2"},
				"up": {"uv": [0.0625, 10.625, 0.008, 10.508], "texture": "#2"},
				"down": {"uv": [10.5625, 0.008, 10.508, 0.125], "texture": "#2"}
			}
		},
		{
			"name": "hexadecagon",
			"from": [7.31049, 0.95, 9.4],
			"to": [7.48951, 1.85, 10],
			"rotation": {"angle": 45, "axis": "z", "origin": [7.4, 1.4, 9.4]},
			"faces": {
				"north": {"uv": [7.008, 9.758, 7.0625, 9.992], "texture": "#2"},
				"east": {"uv": [9.258, 1.508, 9.375, 1.742], "texture": "#2"},
				"south": {"uv": [7.258, 9.758, 7.3125, 9.992], "texture": "#2"},
				"west": {"uv": [9.258, 1.758, 9.375, 1.992], "texture": "#2"},
				"up": {"uv": [0.3125, 10.625, 0.258, 10.508], "texture": "#2"},
				"down": {"uv": [10.5625, 0.258, 10.508, 0.375], "texture": "#2"}
			}
		},
		{
			"name": "hexadecagon",
			"from": [6.95, 1.31049, 9.4],
			"to": [7.85, 1.48951, 10],
			"rotation": {"angle": -22.5, "axis": "z", "origin": [7.4, 1.4, 9.4]},
			"faces": {
				"north": {"uv": [8.008, 9.758, 8.242, 9.8125], "texture": "#2"},
				"east": {"uv": [1.008, 10.508, 1.125, 10.5625], "texture": "#2"},
				"south": {"uv": [8.258, 9.758, 8.492, 9.8125], "texture": "#2"},
				"west": {"uv": [10.508, 1.008, 10.625, 1.0625], "texture": "#2"},
				"up": {"uv": [3.742, 9.375, 3.508, 9.258], "texture": "#2"},
				"down": {"uv": [3.992, 9.258, 3.758, 9.375], "texture": "#2"}
			}
		},
		{
			"name": "hexadecagon",
			"from": [6.95, 1.31049, 9.4],
			"to": [7.85, 1.48951, 10],
			"rotation": {"angle": 0, "axis": "z", "origin": [7.4, 1.4, 9.4]},
			"faces": {
				"north": {"uv": [8.508, 9.758, 8.742, 9.8125], "texture": "#2"},
				"east": {"uv": [1.258, 10.508, 1.375, 10.5625], "texture": "#2"},
				"south": {"uv": [8.758, 9.758, 8.992, 9.8125], "texture": "#2"},
				"west": {"uv": [10.508, 1.258, 10.625, 1.3125], "texture": "#2"},
				"up": {"uv": [5.742, 9.375, 5.508, 9.258], "texture": "#2"},
				"down": {"uv": [5.992, 9.258, 5.758, 9.375], "texture": "#2"}
			}
		},
		{
			"name": "hexadecagon",
			"from": [6.95, 1.31049, 9.4],
			"to": [7.85, 1.48951, 10],
			"rotation": {"angle": 22.5, "axis": "z", "origin": [7.4, 1.4, 9.4]},
			"faces": {
				"north": {"uv": [9.008, 9.758, 9.242, 9.8125], "texture": "#2"},
				"east": {"uv": [1.508, 10.508, 1.625, 10.5625], "texture": "#2"},
				"south": {"uv": [9.758, 9.008, 9.992, 9.0625], "texture": "#2"},
				"west": {"uv": [10.508, 1.508, 10.625, 1.5625], "texture": "#2"},
				"up": {"uv": [6.242, 9.375, 6.008, 9.258], "texture": "#2"},
				"down": {"uv": [6.492, 9.258, 6.258, 9.375], "texture": "#2"}
			}
		},
		{
			"name": "hexadecagon",
			"from": [8.51049, 0.95, 9.4],
			"to": [8.68951, 1.85, 10],
			"rotation": {"angle": -45, "axis": "z", "origin": [8.6, 1.4, 9.4]},
			"faces": {
				"north": {"uv": [9.258, 9.758, 9.3125, 9.992], "texture": "#2"},
				"east": {"uv": [6.508, 9.258, 6.625, 9.492], "texture": "#2"},
				"south": {"uv": [9.758, 9.258, 9.8125, 9.492], "texture": "#2"},
				"west": {"uv": [6.758, 9.258, 6.875, 9.492], "texture": "#2"},
				"up": {"uv": [1.8125, 10.625, 1.758, 10.508], "texture": "#2"},
				"down": {"uv": [10.5625, 1.758, 10.508, 1.875], "texture": "#2"}
			}
		},
		{
			"name": "hexadecagon",
			"from": [8.51049, 0.95, 9.4],
			"to": [8.68951, 1.85, 10],
			"rotation": {"angle": -22.5, "axis": "z", "origin": [8.6, 1.4, 9.4]},
			"faces": {
				"north": {"uv": [9.508, 9.758, 9.5625, 9.992], "texture": "#2"},
				"east": {"uv": [8.008, 9.258, 8.125, 9.492], "texture": "#2"},
				"south": {"uv": [9.758, 9.508, 9.8125, 9.742], "texture": "#2"},
				"west": {"uv": [8.258, 9.258, 8.375, 9.492], "texture": "#2"},
				"up": {"uv": [2.0625, 10.625, 2.008, 10.508], "texture": "#2"},
				"down": {"uv": [10.5625, 2.008, 10.508, 2.125], "texture": "#2"}
			}
		},
		{
			"name": "hexadecagon",
			"from": [8.51049, 0.95, 9.4],
			"to": [8.68951, 1.85, 10],
			"rotation": {"angle": 0, "axis": "z", "origin": [8.6, 1.4, 9.4]},
			"faces": {
				"north": {"uv": [9.758, 9.758, 9.8125, 9.992], "texture": "#2"},
				"east": {"uv": [8.508, 9.258, 8.625, 9.492], "texture": "#2"},
				"south": {"uv": [0.008, 10.008, 0.0625, 10.242], "texture": "#2"},
				"west": {"uv": [9.258, 8.508, 9.375, 8.742], "texture": "#2"},
				"up": {"uv": [10.5625, 2.375, 10.508, 2.258], "texture": "#2"},
				"down": {"uv": [10.5625, 2.508, 10.508, 2.625], "texture": "#2"}
			}
		},
		{
			"name": "hexadecagon",
			"from": [8.51049, 0.95, 9.4],
			"to": [8.68951, 1.85, 10],
			"rotation": {"angle": 22.5, "axis": "z", "origin": [8.6, 1.4, 9.4]},
			"faces": {
				"north": {"uv": [0.258, 10.008, 0.3125, 10.242], "texture": "#2"},
				"east": {"uv": [8.758, 9.258, 8.875, 9.492], "texture": "#2"},
				"south": {"uv": [1.008, 10.008, 1.0625, 10.242], "texture": "#2"},
				"west": {"uv": [9.258, 8.758, 9.375, 8.992], "texture": "#2"},
				"up": {"uv": [2.8125, 10.625, 2.758, 10.508], "texture": "#2"},
				"down": {"uv": [10.5625, 2.758, 10.508, 2.875], "texture": "#2"}
			}
		},
		{
			"name": "hexadecagon",
			"from": [8.51049, 0.95, 9.4],
			"to": [8.68951, 1.85, 10],
			"rotation": {"angle": 45, "axis": "z", "origin": [8.6, 1.4, 9.4]},
			"faces": {
				"north": {"uv": [10.008, 1.008, 10.0625, 1.242], "texture": "#2"},
				"east": {"uv": [9.008, 9.258, 9.125, 9.492], "texture": "#2"},
				"south": {"uv": [1.258, 10.008, 1.3125, 10.242], "texture": "#2"},
				"west": {"uv": [9.258, 9.008, 9.375, 9.242], "texture": "#2"},
				"up": {"uv": [3.0625, 10.625, 3.008, 10.508], "texture": "#2"},
				"down": {"uv": [10.5625, 3.008, 10.508, 3.125], "texture": "#2"}
			}
		},
		{
			"name": "hexadecagon",
			"from": [8.15, 1.31049, 9.4],
			"to": [9.05, 1.48951, 10],
			"rotation": {"angle": -22.5, "axis": "z", "origin": [8.6, 1.4, 9.4]},
			"faces": {
				"north": {"uv": [10.008, 1.258, 10.242, 1.3125], "texture": "#2"},
				"east": {"uv": [3.258, 10.508, 3.375, 10.5625], "texture": "#2"},
				"south": {"uv": [10.008, 1.508, 10.242, 1.5625], "texture": "#2"},
				"west": {"uv": [10.508, 3.258, 10.625, 3.3125], "texture": "#2"},
				"up": {"uv": [9.492, 9.375, 9.258, 9.258], "texture": "#2"},
				"down": {"uv": [0.242, 9.508, 0.008, 9.625], "texture": "#2"}
			}
		},
		{
			"name": "hexadecagon",
			"from": [8.15, 1.31049, 9.4],
			"to": [9.05, 1.48951, 10],
			"rotation": {"angle": 0, "axis": "z", "origin": [8.6, 1.4, 9.4]},
			"faces": {
				"north": {"uv": [10.008, 1.758, 10.242, 1.8125], "texture": "#2"},
				"east": {"uv": [3.508, 10.508, 3.625, 10.5625], "texture": "#2"},
				"south": {"uv": [10.008, 3.008, 10.242, 3.0625], "texture": "#2"},
				"west": {"uv": [10.508, 3.508, 10.625, 3.5625], "texture": "#2"},
				"up": {"uv": [0.492, 9.625, 0.258, 9.508], "texture": "#2"},
				"down": {"uv": [1.242, 9.508, 1.008, 9.625], "texture": "#2"}
			}
		},
		{
			"name": "hexadecagon",
			"from": [8.15, 1.31049, 9.4],
			"to": [9.05, 1.48951, 10],
			"rotation": {"angle": 22.5, "axis": "z", "origin": [8.6, 1.4, 9.4]},
			"faces": {
				"north": {"uv": [10.008, 3.258, 10.242, 3.3125], "texture": "#2"},
				"east": {"uv": [3.758, 10.508, 3.875, 10.5625], "texture": "#2"},
				"south": {"uv": [3.508, 10.008, 3.742, 10.0625], "texture": "#2"},
				"west": {"uv": [10.508, 3.758, 10.625, 3.8125], "texture": "#2"},
				"up": {"uv": [9.742, 1.125, 9.508, 1.008], "texture": "#2"},
				"down": {"uv": [1.492, 9.508, 1.258, 9.625], "texture": "#2"}
			}
		},
		{
			"name": "hexadecagon",
			"from": [7.32044, 1, 0.2],
			"to": [7.47956, 1.8, 0.4],
			"rotation": {"angle": -45, "axis": "z", "origin": [7.4, 1.4, -0.1]},
			"faces": {
				"north": {"uv": [10.008, 4.758, 10.0625, 4.9375], "texture": "#2"},
				"east": {"uv": [10.008, 5.008, 10.0625, 5.1875], "texture": "#2"},
				"south": {"uv": [5.508, 10.008, 5.5625, 10.1875], "texture": "#2"},
				"west": {"uv": [5.758, 10.008, 5.8125, 10.1875], "texture": "#2"},
				"up": {"uv": [10.8125, 8.3125, 10.758, 8.258], "texture": "#2"},
				"down": {"uv": [8.5625, 10.758, 8.508, 10.8125], "texture": "#2"}
			}
		},
		{
			"name": "hexadecagon",
			"from": [7.32044, 1, 0.3],
			"to": [7.47956, 1.8, 0.4],
			"rotation": {"angle": -22.5, "axis": "z", "origin": [7.4, 1.4, -0.1]},
			"faces": {
				"north": {"uv": [10.008, 5.758, 10.0625, 5.9375], "texture": "#2"},
				"east": {"uv": [6.008, 10.008, 6.0625, 10.1875], "texture": "#2"},
				"south": {"uv": [10.008, 6.008, 10.0625, 6.1875], "texture": "#2"},
				"west": {"uv": [6.258, 10.008, 6.3125, 10.1875], "texture": "#2"},
				"up": {"uv": [10.8125, 8.5625, 10.758, 8.508], "texture": "#2"},
				"down": {"uv": [8.8125, 10.758, 8.758, 10.8125], "texture": "#2"}
			}
		},
		{
			"name": "hexadecagon",
			"from": [7.32044, 1, 0.2],
			"to": [7.47956, 1.8, 0.4],
			"rotation": {"angle": 0, "axis": "z", "origin": [7.4, 1.4, -0.1]},
			"faces": {
				"north": {"uv": [10.008, 6.258, 10.0625, 6.4375], "texture": "#2"},
				"east": {"uv": [6.508, 10.008, 6.5625, 10.1875], "texture": "#2"},
				"south": {"uv": [10.008, 6.508, 10.0625, 6.6875], "texture": "#2"},
				"west": {"uv": [6.758, 10.008, 6.8125, 10.1875], "texture": "#2"},
				"up": {"uv": [10.8125, 8.8125, 10.758, 8.758], "texture": "#2"},
				"down": {"uv": [9.0625, 10.758, 9.008, 10.8125], "texture": "#2"}
			}
		},
		{
			"name": "hexadecagon",
			"from": [7.32044, 1, 0.3],
			"to": [7.47956, 1.8, 0.4],
			"rotation": {"angle": 22.5, "axis": "z", "origin": [7.4, 1.4, -0.1]},
			"faces": {
				"north": {"uv": [10.008, 6.758, 10.0625, 6.9375], "texture": "#2"},
				"east": {"uv": [7.008, 10.008, 7.0625, 10.1875], "texture": "#2"},
				"south": {"uv": [10.008, 7.008, 10.0625, 7.1875], "texture": "#2"},
				"west": {"uv": [7.258, 10.008, 7.3125, 10.1875], "texture": "#2"},
				"up": {"uv": [10.8125, 9.0625, 10.758, 9.008], "texture": "#2"},
				"down": {"uv": [9.3125, 10.758, 9.258, 10.8125], "texture": "#2"}
			}
		},
		{
			"name": "hexadecagon",
			"from": [7.32044, 1, 0.2],
			"to": [7.47956, 1.8, 0.4],
			"rotation": {"angle": 45, "axis": "z", "origin": [7.4, 1.4, -0.1]},
			"faces": {
				"north": {"uv": [10.008, 7.258, 10.0625, 7.4375], "texture": "#2"},
				"east": {"uv": [10.008, 7.508, 10.0625, 7.6875], "texture": "#2"},
				"south": {"uv": [10.008, 7.758, 10.0625, 7.9375], "texture": "#2"},
				"west": {"uv": [8.008, 10.008, 8.0625, 10.1875], "texture": "#2"},
				"up": {"uv": [10.8125, 9.3125, 10.758, 9.258], "texture": "#2"},
				"down": {"uv": [9.5625, 10.758, 9.508, 10.8125], "texture": "#2"}
			}
		},
		{
			"name": "hexadecagon",
			"from": [7, 1.32044, 0.3],
			"to": [7.8, 1.47956, 0.4],
			"rotation": {"angle": -22.5, "axis": "z", "origin": [7.4, 1.4, -0.1]},
			"faces": {
				"north": {"uv": [8.258, 10.008, 8.4375, 10.0625], "texture": "#2"},
				"east": {"uv": [10.758, 9.508, 10.8125, 9.5625], "texture": "#2"},
				"south": {"uv": [10.008, 8.258, 10.1875, 8.3125], "texture": "#2"},
				"west": {"uv": [9.758, 10.758, 9.8125, 10.8125], "texture": "#2"},
				"up": {"uv": [8.6875, 10.0625, 8.508, 10.008], "texture": "#2"},
				"down": {"uv": [10.1875, 8.508, 10.008, 8.5625], "texture": "#2"}
			}
		},
		{
			"name": "hexadecagon",
			"from": [7, 1.32044, 0.2],
			"to": [7.8, 1.47956, 0.4],
			"rotation": {"angle": 0, "axis": "z", "origin": [7.4, 1.4, -0.1]},
			"faces": {
				"north": {"uv": [8.758, 10.008, 8.9375, 10.0625], "texture": "#2"},
				"east": {"uv": [10.758, 9.758, 10.8125, 9.8125], "texture": "#2"},
				"south": {"uv": [10.008, 8.758, 10.1875, 8.8125], "texture": "#2"},
				"west": {"uv": [10.008, 10.758, 10.0625, 10.8125], "texture": "#2"},
				"up": {"uv": [9.1875, 10.0625, 9.008, 10.008], "texture": "#2"},
				"down": {"uv": [10.1875, 9.008, 10.008, 9.0625], "texture": "#2"}
			}
		},
		{
			"name": "hexadecagon",
			"from": [7, 1.32044, 0.3],
			"to": [7.8, 1.47956, 0.4],
			"rotation": {"angle": 22.5, "axis": "z", "origin": [7.4, 1.4, -0.1]},
			"faces": {
				"north": {"uv": [9.258, 10.008, 9.4375, 10.0625], "texture": "#2"},
				"east": {"uv": [10.758, 10.008, 10.8125, 10.0625], "texture": "#2"},
				"south": {"uv": [10.008, 9.258, 10.1875, 9.3125], "texture": "#2"},
				"west": {"uv": [10.258, 10.758, 10.3125, 10.8125], "texture": "#2"},
				"up": {"uv": [9.6875, 10.0625, 9.508, 10.008], "texture": "#2"},
				"down": {"uv": [10.1875, 9.508, 10.008, 9.5625], "texture": "#2"}
			}
		},
		{
			"name": "hexadecagon",
			"from": [8.52044, 1, 0.2],
			"to": [8.67956, 1.8, 0.4],
			"rotation": {"angle": -45, "axis": "z", "origin": [8.6, 1.4, -0.1]},
			"faces": {
				"north": {"uv": [9.758, 10.008, 9.8125, 10.1875], "texture": "#2"},
				"east": {"uv": [10.008, 9.758, 10.0625, 9.9375], "texture": "#2"},
				"south": {"uv": [10.008, 10.008, 10.0625, 10.1875], "texture": "#2"},
				"west": {"uv": [0.008, 10.258, 0.0625, 10.4375], "texture": "#2"},
				"up": {"uv": [10.8125, 10.3125, 10.758, 10.258], "texture": "#2"},
				"down": {"uv": [10.5625, 10.758, 10.508, 10.8125], "texture": "#2"}
			}
		},
		{
			"name": "hexadecagon",
			"from": [8.52044, 1, 0.3],
			"to": [8.67956, 1.8, 0.4],
			"rotation": {"angle": -22.5, "axis": "z", "origin": [8.6, 1.4, -0.1]},
			"faces": {
				"north": {"uv": [0.258, 10.258, 0.3125, 10.4375], "texture": "#2"},
				"east": {"uv": [1.008, 10.258, 1.0625, 10.4375], "texture": "#2"},
				"south": {"uv": [10.258, 1.008, 10.3125, 1.1875], "texture": "#2"},
				"west": {"uv": [1.258, 10.258, 1.3125, 10.4375], "texture": "#2"},
				"up": {"uv": [10.8125, 10.5625, 10.758, 10.508], "texture": "#2"},
				"down": {"uv": [10.8125, 10.758, 10.758, 10.8125], "texture": "#2"}
			}
		},
		{
			"name": "hexadecagon",
			"from": [8.52044, 1, 0.2],
			"to": [8.67956, 1.8, 0.4],
			"rotation": {"angle": 0, "axis": "z", "origin": [8.6, 1.4, -0.1]},
			"faces": {
				"north": {"uv": [10.258, 1.258, 10.3125, 1.4375], "texture": "#2"},
				"east": {"uv": [10.258, 1.508, 10.3125, 1.6875], "texture": "#2"},
				"south": {"uv": [10.258, 1.758, 10.3125, 1.9375], "texture": "#2"},
				"west": {"uv": [10.258, 2.758, 10.3125, 2.9375], "texture": "#2"},
				"up": {"uv": [0.0625, 11.0625, 0.008, 11.008], "texture": "#2"},
				"down": {"uv": [11.0625, 0.008, 11.008, 0.0625], "texture": "#2"}
			}
		},
		{
			"name": "hexadecagon",
			"from": [8.52044, 1, 0.3],
			"to": [8.67956, 1.8, 0.4],
			"rotation": {"angle": 22.5, "axis": "z", "origin": [8.6, 1.4, -0.1]},
			"faces": {
				"north": {"uv": [10.258, 3.008, 10.3125, 3.1875], "texture": "#2"},
				"east": {"uv": [10.258, 3.258, 10.3125, 3.4375], "texture": "#2"},
				"south": {"uv": [3.508, 10.258, 3.5625, 10.4375], "texture": "#2"},
				"west": {"uv": [10.258, 3.508, 10.3125, 3.6875], "texture": "#2"},
				"up": {"uv": [0.3125, 11.0625, 0.258, 11.008], "texture": "#2"},
				"down": {"uv": [11.0625, 0.258, 11.008, 0.3125], "texture": "#2"}
			}
		},
		{
			"name": "hexadecagon",
			"from": [8.52044, 1, 0.2],
			"to": [8.67956, 1.8, 0.4],
			"rotation": {"angle": 45, "axis": "z", "origin": [8.6, 1.4, -0.1]},
			"faces": {
				"north": {"uv": [3.758, 10.258, 3.8125, 10.4375], "texture": "#2"},
				"east": {"uv": [10.258, 3.758, 10.3125, 3.9375], "texture": "#2"},
				"south": {"uv": [4.008, 10.258, 4.0625, 10.4375], "texture": "#2"},
				"west": {"uv": [10.258, 4.008, 10.3125, 4.1875], "texture": "#2"},
				"up": {"uv": [0.5625, 11.0625, 0.508, 11.008], "texture": "#2"},
				"down": {"uv": [11.0625, 0.508, 11.008, 0.5625], "texture": "#2"}
			}
		},
		{
			"name": "hexadecagon",
			"from": [8.2, 1.32044, 0.3],
			"to": [9, 1.47956, 0.4],
			"rotation": {"angle": -22.5, "axis": "z", "origin": [8.6, 1.4, -0.1]},
			"faces": {
				"north": {"uv": [4.258, 10.258, 4.4375, 10.3125], "texture": "#2"},
				"east": {"uv": [0.758, 11.008, 0.8125, 11.0625], "texture": "#2"},
				"south": {"uv": [10.258, 4.258, 10.4375, 4.3125], "texture": "#2"},
				"west": {"uv": [11.008, 0.758, 11.0625, 0.8125], "texture": "#2"},
				"up": {"uv": [4.6875, 10.3125, 4.508, 10.258], "texture": "#2"},
				"down": {"uv": [10.4375, 4.508, 10.258, 4.5625], "texture": "#2"}
			}
		},
		{
			"name": "hexadecagon",
			"from": [8.2, 1.32044, 0.2],
			"to": [9, 1.47956, 0.4],
			"rotation": {"angle": 0, "axis": "z", "origin": [8.6, 1.4, -0.1]},
			"faces": {
				"north": {"uv": [4.758, 10.258, 4.9375, 10.3125], "texture": "#2"},
				"east": {"uv": [1.008, 11.008, 1.0625, 11.0625], "texture": "#2"},
				"south": {"uv": [10.258, 4.758, 10.4375, 4.8125], "texture": "#2"},
				"west": {"uv": [11.008, 1.008, 11.0625, 1.0625], "texture": "#2"},
				"up": {"uv": [5.1875, 10.3125, 5.008, 10.258], "texture": "#2"},
				"down": {"uv": [10.4375, 5.008, 10.258, 5.0625], "texture": "#2"}
			}
		},
		{
			"name": "hexadecagon",
			"from": [8.2, 1.32044, 0.3],
			"to": [9, 1.47956, 0.4],
			"rotation": {"angle": 22.5, "axis": "z", "origin": [8.6, 1.4, -0.1]},
			"faces": {
				"north": {"uv": [5.258, 10.258, 5.4375, 10.3125], "texture": "#2"},
				"east": {"uv": [1.258, 11.008, 1.3125, 11.0625], "texture": "#2"},
				"south": {"uv": [5.508, 10.258, 5.6875, 10.3125], "texture": "#2"},
				"west": {"uv": [11.008, 1.258, 11.0625, 1.3125], "texture": "#2"},
				"up": {"uv": [5.9375, 10.3125, 5.758, 10.258], "texture": "#2"},
				"down": {"uv": [10.4375, 5.758, 10.258, 5.8125], "texture": "#2"}
			}
		}
	],
	"display": {
		"thirdperson_righthand": {
			"translation": [0, 8.25, -0.75]
		},
		"thirdperson_lefthand": {
			"translation": [0, 8.25, -0.75]
		},
		"firstperson_righthand": {
			"translation": [0, 10.75, 0]
		},
		"firstperson_lefthand": {
			"translation": [-9, 13.5, 5.5]
		},
		"ground": {
			"rotation": [0, 0, 90],
			"translation": [-7.25, 0, 0]
		},
		"gui": {
			"rotation": [14, 46, 0],
			"translation": [0.5, 8, 0]
		}
	},
	"groups": [
		0,
		1,
		2,
		3,
		4,
		5,
		6,
		7,
		8,
		9,
		10,
		11,
		12,
		13,
		14,
		15,
		16,
		17,
		18,
		19,
		20,
		21,
		22,
		23,
		24,
		25,
		26,
		27,
		28,
		29,
		30,
		31,
		{
			"name": "hexadecagon",
			"origin": [8, 8, 8],
			"color": 0,
			"children": [32, 33, 34, 35, 36, 37, 38, 39, 40, 41, 42, 43, 44, 45, 46, 47]
		},
		{
			"name": "hexadecagon",
			"origin": [8, 8, 8],
			"color": 0,
			"children": [48, 49, 50, 51, 52, 53, 54, 55, 56, 57, 58, 59, 60, 61, 62, 63]
		},
		{
			"name": "hexadecagon",
			"origin": [8, 8, 8],
			"color": 0,
			"children": [64, 65, 66, 67, 68, 69, 70, 71]
		},
		{
			"name": "hexadecagon",
			"origin": [8, 8, 8],
			"color": 0,
			"children": [72, 73, 74, 75, 76, 77, 78, 79]
		},
		{
			"name": "hexadecagon",
			"origin": [8, 8, 8],
			"color": 0,
			"children": [80, 81, 82, 83, 84, 85, 86, 87]
		},
		{
			"name": "hexadecagon",
			"origin": [8, 8, 8],
			"color": 0,
			"children": [88, 89, 90, 91, 92, 93, 94, 95]
		}
	]
}