{
	"credit": "Made with Blockbench",
	"texture_size": [64, 64],
	"textures": {
		"0": "item/guns/mosina",
		"particle": "item/guns/mosina"
	},
	"elements": [
		{
			"from": [7.3, 7.3, 9.9],
			"to": [8.7, 9.3, 20.6],
			"rotation": {"angle": 0, "axis": "y", "origin": [7, 7.3, 16.9]},
			"faces": {
				"north": {"uv": [2.258, 6.508, 2.59375, 6.992], "texture": "#0"},
				"east": {"uv": [1.008, 2.008, 3.6875, 2.492], "texture": "#0"},
				"south": {"uv": [2.758, 6.508, 3.09375, 6.992], "texture": "#0"},
				"west": {"uv": [1.008, 2.508, 3.6875, 2.992], "texture": "#0"},
				"up": {"uv": [3.34375, 5.6875, 3.008, 3.008], "texture": "#0"},
				"down": {"uv": [3.84375, 3.008, 3.508, 5.6875], "texture": "#0"}
			}
		},
		{
			"from": [7.5, 8.06537, 6.55224],
			"to": [8.5, 9.16537, 10.05224],
			"rotation": {"angle": 22.5, "axis": "x", "origin": [7, 8.06537, 8.05224]},
			"faces": {
				"north": {"uv": [8.008, 4.008, 8.3125, 4.28125], "texture": "#0"},
				"east": {"uv": [6.008, 3.508, 6.875, 3.78125], "texture": "#0"},
				"south": {"uv": [5.508, 8.008, 5.8125, 8.28125], "texture": "#0"},
				"west": {"uv": [6.008, 4.008, 6.875, 4.28125], "texture": "#0"},
				"up": {"uv": [5.8125, 4.375, 5.508, 3.508], "texture": "#0"},
				"down": {"uv": [5.8125, 5.508, 5.508, 6.375], "texture": "#0"}
			}
		},
		{
			"from": [7.7, 5.83463, 16.84776],
			"to": [8.3, 7.43463, 18.64776],
			"rotation": {"angle": 0, "axis": "y", "origin": [7, 5.83463, 17.74776]},
			"faces": {
				"north": {"uv": [6.508, 8.258, 6.65625, 8.65625], "texture": "#0"},
				"east": {"uv": [6.258, 4.508, 6.6875, 4.90625], "texture": "#0"},
				"south": {"uv": [6.758, 8.258, 6.90625, 8.65625], "texture": "#0"},
				"west": {"uv": [1.758, 6.508, 2.1875, 6.90625], "texture": "#0"},
				"up": {"uv": [1.40625, 8.6875, 1.258, 8.258], "texture": "#0"},
				"down": {"uv": [2.65625, 8.258, 2.508, 8.6875], "texture": "#0"}
			}
		},
		{
			"from": [7.8, 5.83463, 18.64776],
			"to": [8.2, 5.93463, 20.44776],
			"rotation": {"angle": 0, "axis": "y", "origin": [7, 5.83463, 21.24776]},
			"faces": {
				"north": {"uv": [11.258, 2.258, 11.34375, 2.28125], "texture": "#0"},
				"east": {"uv": [8.508, 10.008, 8.9375, 10.03125], "texture": "#0"},
				"south": {"uv": [2.508, 11.258, 2.59375, 11.28125], "texture": "#0"},
				"west": {"uv": [10.008, 8.508, 10.4375, 8.53125], "texture": "#0"},
				"up": {"uv": [8.59375, 5.9375, 8.508, 5.508], "texture": "#0"},
				"down": {"uv": [8.59375, 6.008, 8.508, 6.4375], "texture": "#0"}
			}
		},
		{
			"from": [7.9, 5.93463, 18.64776],
			"to": [8.1, 6.03463, 18.84776],
			"rotation": {"angle": 0, "axis": "y", "origin": [7, 5.93463, 21.24776]},
			"faces": {
				"north": {"uv": [11.258, 4.008, 11.34375, 4.03125], "texture": "#0"},
				"east": {"uv": [11.258, 9.258, 11.3125, 9.28125], "texture": "#0"},
				"south": {"uv": [4.258, 11.258, 4.34375, 11.28125], "texture": "#0"},
				"west": {"uv": [9.508, 11.258, 9.5625, 11.28125], "texture": "#0"},
				"up": {"uv": [10.84375, 7.5625, 10.758, 7.508], "texture": "#0"},
				"down": {"uv": [7.84375, 10.758, 7.758, 10.8125], "texture": "#0"}
			}
		},
		{
			"from": [7.9, 6.03463, 18.64776],
			"to": [8.1, 6.23463, 18.74776],
			"rotation": {"angle": 0, "axis": "y", "origin": [7, 6.03463, 21.24776]},
			"faces": {
				"north": {"uv": [10.758, 7.758, 10.84375, 7.8125], "texture": "#0"},
				"east": {"uv": [11.258, 9.508, 11.28125, 9.5625], "texture": "#0"},
				"south": {"uv": [8.008, 10.758, 8.09375, 10.8125], "texture": "#0"},
				"west": {"uv": [9.758, 11.258, 9.78125, 11.3125], "texture": "#0"},
				"up": {"uv": [11.34375, 4.28125, 11.258, 4.258], "texture": "#0"},
				"down": {"uv": [4.59375, 11.258, 4.508, 11.28125], "texture": "#0"}
			}
		},
		{
			"from": [7.8, 6.32961, 20.84273],
			"to": [8.2, 7.42961, 20.94273],
			"rotation": {"angle": 0, "axis": "y", "origin": [7, 6.32961, 23.44273]},
			"faces": {
				"north": {"uv": [7.258, 9.008, 7.34375, 9.28125], "texture": "#0"},
				"east": {"uv": [6.008, 10.258, 6.03125, 10.53125], "texture": "#0"},
				"south": {"uv": [9.008, 7.258, 9.09375, 7.53125], "texture": "#0"},
				"west": {"uv": [10.258, 6.008, 10.28125, 6.28125], "texture": "#0"},
				"up": {"uv": [11.34375, 2.78125, 11.258, 2.758], "texture": "#0"},
				"down": {"uv": [3.09375, 11.258, 3.008, 11.28125], "texture": "#0"}
			}
		},
		{
			"from": [7.7, 7.02961, 20.74273],
			"to": [8.3, 7.42961, 21.24273],
			"rotation": {"angle": 0, "axis": "y", "origin": [7, 6.32961, 23.44273]},
			"faces": {
				"north": {"uv": [6.008, 10.008, 6.15625, 10.09375], "texture": "#0"},
				"east": {"uv": [10.258, 2.258, 10.375, 2.34375], "texture": "#0"},
				"south": {"uv": [6.508, 10.008, 6.65625, 10.09375], "texture": "#0"},
				"west": {"uv": [2.508, 10.258, 2.625, 10.34375], "texture": "#0"},
				"up": {"uv": [4.40625, 9.875, 4.258, 9.758], "texture": "#0"},
				"down": {"uv": [9.90625, 4.258, 9.758, 4.375], "texture": "#0"}
			}
		},
		{
			"from": [7.9, 6.52961, 19.84273],
			"to": [8.1, 6.92961, 19.94273],
			"rotation": {"angle": 0, "axis": "y", "origin": [7, 6.02961, 22.44273]},
			"faces": {
				"north": {"uv": [10.758, 4.508, 10.8125, 4.59375], "texture": "#0"},
				"east": {"uv": [11.258, 3.508, 11.28125, 3.59375], "texture": "#0"},
				"south": {"uv": [4.758, 10.758, 4.8125, 10.84375], "texture": "#0"},
				"west": {"uv": [3.758, 11.258, 3.78125, 11.34375], "texture": "#0"},
				"up": {"uv": [11.3125, 8.03125, 11.258, 8.008], "texture": "#0"},
				"down": {"uv": [8.3125, 11.258, 8.258, 11.28125], "texture": "#0"}
			}
		},
		{
			"from": [7.9, 7.92438, 19.64377],
			"to": [8.1, 8.42438, 19.94377],
			"rotation": {"angle": -22.5, "axis": "x", "origin": [7, 7.42438, 22.44377]},
			"faces": {
				"north": {"uv": [0.508, 10.508, 0.5625, 10.625], "texture": "#0"},
				"east": {"uv": [10.508, 0.508, 10.5625, 0.625], "texture": "#0"},
				"south": {"uv": [0.758, 10.508, 0.8125, 10.625], "texture": "#0"},
				"west": {"uv": [10.508, 0.758, 10.5625, 0.875], "texture": "#0"},
				"up": {"uv": [9.8125, 11.0625, 9.758, 11.008], "texture": "#0"},
				"down": {"uv": [11.0625, 9.758, 11.008, 9.8125], "texture": "#0"}
			}
		},
		{
			"from": [7.9, 6.21898, 20.66096],
			"to": [8.1, 6.41898, 20.86096],
			"rotation": {"angle": 22.5, "axis": "x", "origin": [7, 9.01898, 21.66096]},
			"faces": {
				"north": {"uv": [11.008, 11.008, 11.0625, 11.0625], "texture": "#0"},
				"east": {"uv": [11.258, 0.008, 11.3125, 0.0625], "texture": "#0"},
				"south": {"uv": [11.258, 0.258, 11.3125, 0.3125], "texture": "#0"},
				"west": {"uv": [0.508, 11.258, 0.5625, 11.3125], "texture": "#0"},
				"up": {"uv": [11.3125, 0.5625, 11.258, 0.508], "texture": "#0"},
				"down": {"uv": [0.8125, 11.258, 0.758, 11.3125], "texture": "#0"}
			}
		},
		{
			"from": [7.9, 5.35663, 19.23148],
			"to": [8.1, 5.65663, 19.33148],
			"rotation": {"angle": 22.5, "axis": "x", "origin": [7, 4.55663, 21.83148]},
			"faces": {
				"north": {"uv": [9.258, 11.008, 9.3125, 11.0625], "texture": "#0"},
				"east": {"uv": [11.258, 8.258, 11.28125, 8.3125], "texture": "#0"},
				"south": {"uv": [11.008, 9.258, 11.0625, 9.3125], "texture": "#0"},
				"west": {"uv": [8.508, 11.258, 8.53125, 11.3125], "texture": "#0"},
				"up": {"uv": [11.3125, 8.53125, 11.258, 8.508], "texture": "#0"},
				"down": {"uv": [8.8125, 11.258, 8.758, 11.28125], "texture": "#0"}
			}
		},
		{
			"from": [7.9, 6.02179, 20.56837],
			"to": [8.1, 6.12179, 20.86837],
			"rotation": {"angle": -22.5, "axis": "x", "origin": [7, 3.52179, 19.76837]},
			"faces": {
				"north": {"uv": [11.258, 8.758, 11.3125, 8.78125], "texture": "#0"},
				"east": {"uv": [9.008, 11.258, 9.0625, 11.28125], "texture": "#0"},
				"south": {"uv": [11.258, 9.008, 11.3125, 9.03125], "texture": "#0"},
				"west": {"uv": [9.258, 11.258, 9.3125, 11.28125], "texture": "#0"},
				"up": {"uv": [9.5625, 11.0625, 9.508, 11.008], "texture": "#0"},
				"down": {"uv": [11.0625, 9.508, 11.008, 9.5625], "texture": "#0"}
			}
		},
		{
			"from": [7.8, 7.67311, 19.68624],
			"to": [8.2, 7.77311, 20.38624],
			"rotation": {"angle": -45, "axis": "x", "origin": [7, 7.67311, 22.28624]},
			"faces": {
				"north": {"uv": [11.258, 2.508, 11.34375, 2.53125], "texture": "#0"},
				"east": {"uv": [10.008, 10.508, 10.1875, 10.53125], "texture": "#0"},
				"south": {"uv": [2.758, 11.258, 2.84375, 11.28125], "texture": "#0"},
				"west": {"uv": [10.508, 10.008, 10.6875, 10.03125], "texture": "#0"},
				"up": {"uv": [7.59375, 9.9375, 7.508, 9.758], "texture": "#0"},
				"down": {"uv": [7.84375, 9.758, 7.758, 9.9375], "texture": "#0"}
			}
		},
		{
			"from": [7.9, 5.67311, 17.81376],
			"to": [8.1, 6.37311, 17.91376],
			"rotation": {"angle": -22.5, "axis": "x", "origin": [7, 8.27311, 17.81376]},
			"faces": {
				"north": {"uv": [9.758, 9.508, 9.84375, 9.6875], "texture": "#0"},
				"east": {"uv": [10.758, 7.258, 10.78125, 7.4375], "texture": "#0"},
				"south": {"uv": [10.008, 0.508, 10.09375, 0.6875], "texture": "#0"},
				"west": {"uv": [7.508, 10.758, 7.53125, 10.9375], "texture": "#0"},
				"up": {"uv": [11.34375, 3.78125, 11.258, 3.758], "texture": "#0"},
				"down": {"uv": [4.09375, 11.258, 4.008, 11.28125], "texture": "#0"}
			}
		},
		{
			"from": [7.9, 7.06537, 18.64776],
			"to": [8.1, 7.26537, 18.74776],
			"rotation": {"angle": 0, "axis": "y", "origin": [7, 7.26537, 21.24776]},
			"faces": {
				"north": {"uv": [10.758, 8.508, 10.84375, 8.5625], "texture": "#0"},
				"east": {"uv": [11.258, 10.008, 11.28125, 10.0625], "texture": "#0"},
				"south": {"uv": [8.758, 10.758, 8.84375, 10.8125], "texture": "#0"},
				"west": {"uv": [10.258, 11.258, 10.28125, 11.3125], "texture": "#0"},
				"up": {"uv": [11.34375, 5.03125, 11.258, 5.008], "texture": "#0"},
				"down": {"uv": [5.34375, 11.258, 5.258, 11.28125], "texture": "#0"}
			}
		},
		{
			"from": [7.9, 6.92689, 17.81376],
			"to": [8.1, 7.62689, 17.91376],
			"rotation": {"angle": 22.5, "axis": "x", "origin": [7, 5.02689, 17.81376]},
			"faces": {
				"north": {"uv": [1.258, 10.008, 1.34375, 10.1875], "texture": "#0"},
				"east": {"uv": [10.758, 8.258, 10.78125, 8.4375], "texture": "#0"},
				"south": {"uv": [1.508, 10.008, 1.59375, 10.1875], "texture": "#0"},
				"west": {"uv": [8.508, 10.758, 8.53125, 10.9375], "texture": "#0"},
				"up": {"uv": [11.34375, 4.78125, 11.258, 4.758], "texture": "#0"},
				"down": {"uv": [5.09375, 11.258, 5.008, 11.28125], "texture": "#0"}
			}
		},
		{
			"from": [7.9, 7.26537, 18.64776],
			"to": [8.1, 7.36537, 18.84776],
			"rotation": {"angle": 0, "axis": "y", "origin": [7, 7.36537, 21.24776]},
			"faces": {
				"north": {"uv": [11.258, 4.508, 11.34375, 4.53125], "texture": "#0"},
				"east": {"uv": [11.258, 9.758, 11.3125, 9.78125], "texture": "#0"},
				"south": {"uv": [4.758, 11.258, 4.84375, 11.28125], "texture": "#0"},
				"west": {"uv": [10.008, 11.258, 10.0625, 11.28125], "texture": "#0"},
				"up": {"uv": [10.84375, 8.0625, 10.758, 8.008], "texture": "#0"},
				"down": {"uv": [8.34375, 10.758, 8.258, 10.8125], "texture": "#0"}
			}
		},
		{
			"from": [7.8, 6.6, 14.2],
			"to": [8.2, 8.1, 17],
			"rotation": {"angle": 22.5, "axis": "x", "origin": [7, 6.6, 15]},
			"faces": {
				"north": {"uv": [8.258, 6.758, 8.40625, 7.125], "texture": "#0"},
				"east": {"uv": [5.508, 4.508, 6.1875, 4.875], "texture": "#0"},
				"south": {"uv": [7.008, 8.258, 7.15625, 8.625], "texture": "#0"},
				"west": {"uv": [3.008, 5.758, 3.6875, 6.125], "texture": "#0"},
				"up": {"uv": [1.65625, 8.4375, 1.508, 7.758], "texture": "#0"},
				"down": {"uv": [1.90625, 7.758, 1.758, 8.4375], "texture": "#0"}
			}
		},
		{
			"from": [7.7, 6.32036, 12.84668],
			"to": [8.3, 6.92036, 14.34668],
			"rotation": {"angle": -45, "axis": "x", "origin": [7, 8.32036, 12.84668]},
			"faces": {
				"north": {"uv": [8.008, 9.258, 8.15625, 9.40625], "texture": "#0"},
				"east": {"uv": [7.508, 8.258, 7.875, 8.40625], "texture": "#0"},
				"south": {"uv": [8.258, 9.258, 8.40625, 9.40625], "texture": "#0"},
				"west": {"uv": [8.258, 7.758, 8.625, 7.90625], "texture": "#0"},
				"up": {"uv": [8.15625, 8.625, 8.008, 8.258], "texture": "#0"},
				"down": {"uv": [8.40625, 8.008, 8.258, 8.375], "texture": "#0"}
			}
		},
		{
			"from": [7.4, 7.3, 19.4],
			"to": [8.6, 9.3, 31.5],
			"rotation": {"angle": 22.5, "axis": "x", "origin": [7, 7.3, 20.6]},
			"faces": {
				"north": {"uv": [6.508, 6.258, 6.8125, 6.742], "texture": "#0"},
				"east": {"uv": [0.008, 0.008, 3.03125, 0.492], "texture": "#0"},
				"south": {"uv": [0.008, 6.758, 0.3125, 7.242], "texture": "#0"},
				"west": {"uv": [0.008, 0.508, 3.03125, 0.992], "texture": "#0"},
				"up": {"uv": [2.3125, 6.03125, 2.008, 3.008], "texture": "#0"},
				"down": {"uv": [2.8125, 3.008, 2.508, 6.03125], "texture": "#0"}
			}
		},
		{
			"from": [7.3, 6.5, 25.7],
			"to": [8.7, 7.5, 31.9],
			"rotation": {"angle": 0, "axis": "y", "origin": [7, 6.5, 21]},
			"faces": {
				"north": {"uv": [8.008, 6.258, 8.34375, 6.492], "texture": "#0"},
				"east": {"uv": [5.508, 3.008, 7.0625, 3.242], "texture": "#0"},
				"south": {"uv": [8.008, 6.508, 8.34375, 6.742], "texture": "#0"},
				"west": {"uv": [5.508, 3.258, 7.0625, 3.492], "texture": "#0"},
				"up": {"uv": [4.84375, 3.5625, 4.508, 2.008], "texture": "#0"},
				"down": {"uv": [4.84375, 3.758, 4.508, 5.3125], "texture": "#0"}
			}
		},
		{
			"from": [7.3, 7.5, 25.7],
			"to": [8.7, 8.5, 31.9],
			"rotation": {"angle": 0, "axis": "y", "origin": [7, 7.5, 21]},
			"faces": {
				"north": {"uv": [8.008, 5.758, 8.34375, 5.992], "texture": "#0"},
				"east": {"uv": [5.508, 2.508, 7.0625, 2.742], "texture": "#0"},
				"south": {"uv": [8.008, 6.008, 8.34375, 6.242], "texture": "#0"},
				"west": {"uv": [5.508, 2.758, 7.0625, 2.992], "texture": "#0"},
				"up": {"uv": [4.34375, 3.5625, 4.008, 2.008], "texture": "#0"},
				"down": {"uv": [4.34375, 3.758, 4.008, 5.3125], "texture": "#0"}
			}
		},
		{
			"from": [7.3, 5, 31.7],
			"to": [8.7, 6.5, 31.9],
			"rotation": {"angle": 0, "axis": "y", "origin": [7, 4.5, 21]},
			"faces": {
				"north": {"uv": [0.508, 7.758, 0.84375, 8.125], "texture": "#0"},
				"east": {"uv": [9.258, 8.758, 9.3125, 9.125], "texture": "#0"},
				"south": {"uv": [1.008, 7.758, 1.34375, 8.125], "texture": "#0"},
				"west": {"uv": [9.258, 9.258, 9.3125, 9.625], "texture": "#0"},
				"up": {"uv": [9.84375, 8.3125, 9.508, 8.258], "texture": "#0"},
				"down": {"uv": [8.84375, 9.508, 8.508, 9.5625], "texture": "#0"}
			}
		},
		{
			"from": [7.3, 3.1, 30.6],
			"to": [8.7, 5, 31.9],
			"rotation": {"angle": 0, "axis": "y", "origin": [7, 3.9, 21]},
			"faces": {
				"north": {"uv": [3.258, 6.508, 3.59375, 6.96875], "texture": "#0"},
				"east": {"uv": [7.258, 1.508, 7.5625, 1.96875], "texture": "#0"},
				"south": {"uv": [5.508, 6.508, 5.84375, 6.96875], "texture": "#0"},
				"west": {"uv": [1.758, 7.258, 2.0625, 7.71875], "texture": "#0"},
				"up": {"uv": [2.84375, 8.0625, 2.508, 7.758], "texture": "#0"},
				"down": {"uv": [8.09375, 2.508, 7.758, 2.8125], "texture": "#0"}
			}
		},
		{
			"from": [7.3, 5, 26.4],
			"to": [8.7, 6.5, 31.7],
			"rotation": {"angle": 0, "axis": "y", "origin": [7, 4.5, 21]},
			"faces": {
				"north": {"uv": [2.758, 7.258, 3.09375, 7.625], "texture": "#0"},
				"east": {"uv": [4.758, 1.008, 6.0625, 1.375], "texture": "#0"},
				"south": {"uv": [7.258, 3.008, 7.59375, 3.375], "texture": "#0"},
				"west": {"uv": [4.758, 1.508, 6.0625, 1.875], "texture": "#0"},
				"up": {"uv": [5.34375, 3.3125, 5.008, 2.008], "texture": "#0"},
				"down": {"uv": [5.34375, 3.508, 5.008, 4.8125], "texture": "#0"}
			}
		},
		{
			"from": [7.5, 3.48099, 25.69508],
			"to": [8.5, 4.48099, 27.29508],
			"rotation": {"angle": -22.5, "axis": "x", "origin": [7, 2.48099, 16.39508]},
			"faces": {
				"north": {"uv": [7.758, 4.758, 8.09375, 4.992], "texture": "#0"},
				"east": {"uv": [6.008, 7.258, 6.40625, 7.492], "texture": "#0"},
				"south": {"uv": [8.008, 5.508, 8.34375, 5.742], "texture": "#0"},
				"west": {"uv": [7.758, 3.008, 8.15625, 3.242], "texture": "#0"},
				"up": {"uv": [2.59375, 7.65625, 2.258, 7.258], "texture": "#0"},
				"down": {"uv": [7.59375, 2.508, 7.258, 2.90625], "texture": "#0"}
			}
		},
		{
			"from": [7.3, 9.3, 7.3],
			"to": [8.7, 9.7, 20.3],
			"rotation": {"angle": 0, "axis": "y", "origin": [7, 7.9, 18.3]},
			"faces": {
				"north": {"uv": [1.508, 8.508, 1.84375, 8.625], "texture": "#0"},
				"east": {"uv": [5.008, 5.008, 8.242, 5.125], "texture": "#0"},
				"south": {"uv": [8.508, 1.508, 8.84375, 1.625], "texture": "#0"},
				"west": {"uv": [5.008, 5.258, 8.242, 5.375], "texture": "#0"},
				"up": {"uv": [1.34375, 6.242, 1.008, 3.008], "texture": "#0"},
				"down": {"uv": [1.84375, 3.008, 1.508, 6.242], "texture": "#0"}
			}
		},
		{
			"from": [7.3, 8.5, 8],
			"to": [8.7, 9.3, 9.9],
			"rotation": {"angle": 0, "axis": "y", "origin": [7, 7.4, 18.3]},
			"faces": {
				"north": {"uv": [8.258, 5.258, 8.59375, 5.4375], "texture": "#0"},
				"east": {"uv": [0.508, 8.258, 0.9375, 8.4375], "texture": "#0"},
				"south": {"uv": [6.008, 8.258, 6.34375, 8.4375], "texture": "#0"},
				"west": {"uv": [8.258, 0.508, 8.6875, 0.6875], "texture": "#0"},
				"up": {"uv": [6.84375, 7.4375, 6.508, 7.008], "texture": "#0"},
				"down": {"uv": [7.34375, 7.008, 7.008, 7.4375], "texture": "#0"}
			}
		},
		{
			"from": [7.6, 9.7, 12.5],
			"to": [8.4, 10.3, 15.3],
			"rotation": {"angle": 0, "axis": "y", "origin": [0, 9, 10.5]},
			"faces": {
				"north": {"uv": [8.758, 6.758, 8.9375, 6.90625], "texture": "#0"},
				"east": {"uv": [7.758, 1.508, 8.4375, 1.65625], "texture": "#0"},
				"south": {"uv": [7.758, 8.758, 7.9375, 8.90625], "texture": "#0"},
				"west": {"uv": [7.758, 1.758, 8.4375, 1.90625], "texture": "#0"},
				"up": {"uv": [3.4375, 7.9375, 3.258, 7.258], "texture": "#0"},
				"down": {"uv": [3.6875, 7.258, 3.508, 7.9375], "texture": "#0"}
			}
		},
		{
			"from": [8.2, 9.7, 15.3],
			"to": [8.6, 10.1, 18.5],
			"rotation": {"angle": 0, "axis": "y", "origin": [0.1, 9, 12.5]},
			"faces": {
				"north": {"uv": [10.258, 7.758, 10.34375, 7.84375], "texture": "#0"},
				"east": {"uv": [8.258, 0.758, 9.0625, 0.84375], "texture": "#0"},
				"south": {"uv": [8.008, 10.258, 8.09375, 10.34375], "texture": "#0"},
				"west": {"uv": [8.258, 2.508, 9.0625, 2.59375], "texture": "#0"},
				"up": {"uv": [3.59375, 8.8125, 3.508, 8.008], "texture": "#0"},
				"down": {"uv": [1.09375, 8.258, 1.008, 9.0625], "texture": "#0"}
			}
		},
		{
			"from": [7.5, 9.7, 15.3],
			"to": [7.7, 10.2, 18.5],
			"rotation": {"angle": 0, "axis": "y", "origin": [-0.8, 9, 12.5]},
			"faces": {
				"north": {"uv": [9.758, 10.508, 9.8125, 10.625], "texture": "#0"},
				"east": {"uv": [7.758, 3.258, 8.5625, 3.375], "texture": "#0"},
				"south": {"uv": [10.508, 9.758, 10.5625, 9.875], "texture": "#0"},
				"west": {"uv": [7.758, 4.508, 8.5625, 4.625], "texture": "#0"},
				"up": {"uv": [0.5625, 9.3125, 0.508, 8.508], "texture": "#0"},
				"down": {"uv": [0.8125, 8.508, 0.758, 9.3125], "texture": "#0"}
			}
		},
		{
			"from": [7.86392, 13.42956, 17.6],
			"to": [8.06392, 13.62956, 18.5],
			"rotation": {"angle": -22.5, "axis": "z", "origin": [-0.43608, 12.72956, 12.5]},
			"faces": {
				"north": {"uv": [1.258, 11.258, 1.3125, 11.3125], "texture": "#0"},
				"east": {"uv": [10.008, 8.758, 10.21875, 8.8125], "texture": "#0"},
				"south": {"uv": [1.508, 11.258, 1.5625, 11.3125], "texture": "#0"},
				"west": {"uv": [9.758, 10.008, 9.96875, 10.0625], "texture": "#0"},
				"up": {"uv": [10.0625, 10.21875, 10.008, 10.008], "texture": "#0"},
				"down": {"uv": [10.3125, 0.008, 10.258, 0.21875], "texture": "#0"}
			}
		},
		{
			"from": [9.27663, 6.89286, 17.6],
			"to": [9.47663, 7.19286, 18.5],
			"rotation": {"angle": 22.5, "axis": "z", "origin": [0.97663, 6.29286, 12.5]},
			"faces": {
				"north": {"uv": [11.258, 1.508, 11.3125, 1.5625], "texture": "#0"},
				"east": {"uv": [10.258, 0.258, 10.46875, 0.3125], "texture": "#0"},
				"south": {"uv": [1.758, 11.258, 1.8125, 11.3125], "texture": "#0"},
				"west": {"uv": [0.508, 10.258, 0.71875, 10.3125], "texture": "#0"},
				"up": {"uv": [10.3125, 0.71875, 10.258, 0.508], "texture": "#0"},
				"down": {"uv": [0.8125, 10.258, 0.758, 10.46875], "texture": "#0"}
			}
		},
		{
			"from": [7.8, 10.3, 12.5],
			"to": [8.2, 10.5, 15.3],
			"rotation": {"angle": 0, "axis": "y", "origin": [0, 9.6, 10.5]},
			"faces": {
				"north": {"uv": [10.758, 6.758, 10.84375, 6.8125], "texture": "#0"},
				"east": {"uv": [8.508, 1.758, 9.1875, 1.8125], "texture": "#0"},
				"south": {"uv": [7.008, 10.758, 7.09375, 10.8125], "texture": "#0"},
				"west": {"uv": [8.508, 3.508, 9.1875, 3.5625], "texture": "#0"},
				"up": {"uv": [2.84375, 8.9375, 2.758, 8.258], "texture": "#0"},
				"down": {"uv": [3.84375, 8.258, 3.758, 8.9375], "texture": "#0"}
			}
		},
		{
			"from": [7.8, 10.1, 15.8],
			"to": [8.2, 10.4, 16],
			"rotation": {"angle": 0, "axis": "y", "origin": [0, 9.6, 10.9]},
			"faces": {
				"north": {"uv": [11.008, 0.008, 11.09375, 0.0625], "texture": "#0"},
				"east": {"uv": [11.258, 0.758, 11.3125, 0.8125], "texture": "#0"},
				"south": {"uv": [11.008, 0.258, 11.09375, 0.3125], "texture": "#0"},
				"west": {"uv": [1.008, 11.258, 1.0625, 11.3125], "texture": "#0"},
				"up": {"uv": [0.59375, 11.0625, 0.508, 11.008], "texture": "#0"},
				"down": {"uv": [11.09375, 0.508, 11.008, 0.5625], "texture": "#0"}
			}
		},
		{
			"from": [10.53812, 4.76533, 12.5],
			"to": [10.83812, 4.96533, 15.3],
			"rotation": {"angle": 45, "axis": "z", "origin": [2.63812, 4.06533, 10.5]},
			"faces": {
				"north": {"uv": [10.008, 11.008, 10.0625, 11.0625], "texture": "#0"},
				"east": {"uv": [8.508, 3.758, 9.1875, 3.8125], "texture": "#0"},
				"south": {"uv": [11.008, 10.008, 11.0625, 10.0625], "texture": "#0"},
				"west": {"uv": [8.508, 4.008, 9.1875, 4.0625], "texture": "#0"},
				"up": {"uv": [2.0625, 9.1875, 2.008, 8.508], "texture": "#0"},
				"down": {"uv": [2.3125, 8.508, 2.258, 9.1875], "texture": "#0"}
			}
		},
		{
			"from": [5.16188, 4.76533, 12.5],
			"to": [5.46188, 4.96533, 15.3],
			"rotation": {"angle": -45, "axis": "z", "origin": [13.36188, 4.06533, 10.5]},
			"faces": {
				"north": {"uv": [10.258, 11.008, 10.3125, 11.0625], "texture": "#0"},
				"east": {"uv": [8.508, 4.258, 9.1875, 4.3125], "texture": "#0"},
				"south": {"uv": [11.008, 10.258, 11.0625, 10.3125], "texture": "#0"},
				"west": {"uv": [5.508, 8.508, 6.1875, 8.5625], "texture": "#0"},
				"up": {"uv": [3.0625, 9.1875, 3.008, 8.508], "texture": "#0"},
				"down": {"uv": [3.3125, 8.508, 3.258, 9.1875], "texture": "#0"}
			}
		},
		{
			"from": [7.6, 10.1, 8.7],
			"to": [7.7, 10.3, 9.8],
			"rotation": {"angle": 0, "axis": "y", "origin": [15.3, 6.5, 18.9]},
			"faces": {
				"north": {"uv": [11.258, 6.758, 11.28125, 6.8125], "texture": "#0"},
				"east": {"uv": [9.758, 9.258, 10.03125, 9.3125], "texture": "#0"},
				"south": {"uv": [7.008, 11.258, 7.03125, 11.3125], "texture": "#0"},
				"west": {"uv": [9.508, 9.758, 9.78125, 9.8125], "texture": "#0"},
				"up": {"uv": [7.28125, 10.53125, 7.258, 10.258], "texture": "#0"},
				"down": {"uv": [10.28125, 7.258, 10.258, 7.53125], "texture": "#0"}
			}
		},
		{
			"from": [8.3, 10.1, 8.7],
			"to": [8.4, 10.3, 9.8],
			"rotation": {"angle": 0, "axis": "y", "origin": [16, 6.5, 18.9]},
			"faces": {
				"north": {"uv": [11.258, 6.508, 11.28125, 6.5625], "texture": "#0"},
				"east": {"uv": [9.008, 9.758, 9.28125, 9.8125], "texture": "#0"},
				"south": {"uv": [6.758, 11.258, 6.78125, 11.3125], "texture": "#0"},
				"west": {"uv": [9.758, 9.008, 10.03125, 9.0625], "texture": "#0"},
				"up": {"uv": [10.28125, 7.03125, 10.258, 6.758], "texture": "#0"},
				"down": {"uv": [7.03125, 10.258, 7.008, 10.53125], "texture": "#0"}
			}
		},
		{
			"from": [7.6, 9.7, 7],
			"to": [7.8, 10.3, 8.7],
			"rotation": {"angle": 0, "axis": "y", "origin": [0, 6.5, 17.8]},
			"faces": {
				"north": {"uv": [4.758, 10.258, 4.8125, 10.40625], "texture": "#0"},
				"east": {"uv": [8.258, 4.758, 8.6875, 4.90625], "texture": "#0"},
				"south": {"uv": [10.258, 4.758, 10.3125, 4.90625], "texture": "#0"},
				"west": {"uv": [8.258, 5.008, 8.6875, 5.15625], "texture": "#0"},
				"up": {"uv": [3.5625, 9.4375, 3.508, 9.008], "texture": "#0"},
				"down": {"uv": [3.8125, 9.008, 3.758, 9.4375], "texture": "#0"}
			}
		},
		{
			"from": [7.38481, 10.2, 9.1],
			"to": [7.68481, 10.5, 9.4],
			"rotation": {"angle": 0, "axis": "y", "origin": [8.48481, 8.6, 14.7]},
			"faces": {
				"north": {"uv": [5.008, 11.008, 5.0625, 11.0625], "texture": "#0"},
				"east": {"uv": [11.008, 5.008, 11.0625, 5.0625], "texture": "#0"},
				"south": {"uv": [5.258, 11.008, 5.3125, 11.0625], "texture": "#0"},
				"west": {"uv": [11.008, 5.258, 11.0625, 5.3125], "texture": "#0"},
				"up": {"uv": [5.5625, 11.0625, 5.508, 11.008], "texture": "#0"},
				"down": {"uv": [11.0625, 5.508, 11.008, 5.5625], "texture": "#0"}
			}
		},
		{
			"from": [7.48481, 10.3, 9],
			"to": [8.48481, 10.6, 9.5],
			"rotation": {"angle": 0, "axis": "y", "origin": [8.68481, 8.6, 14.7]},
			"faces": {
				"north": {"uv": [10.008, 3.758, 10.242, 3.8125], "texture": "#0"},
				"east": {"uv": [8.758, 10.258, 8.875, 10.3125], "texture": "#0"},
				"south": {"uv": [10.008, 4.008, 10.242, 4.0625], "texture": "#0"},
				"west": {"uv": [10.258, 8.758, 10.375, 8.8125], "texture": "#0"},
				"up": {"uv": [8.992, 0.125, 8.758, 0.008], "texture": "#0"},
				"down": {"uv": [8.992, 0.258, 8.758, 0.375], "texture": "#0"}
			}
		},
		{
			"from": [8.31519, 10.2, 9.1],
			"to": [8.61519, 10.5, 9.4],
			"rotation": {"angle": 0, "axis": "y", "origin": [7.51519, 8.6, 14.7]},
			"faces": {
				"north": {"uv": [4.258, 11.008, 4.3125, 11.0625], "texture": "#0"},
				"east": {"uv": [11.008, 4.258, 11.0625, 4.3125], "texture": "#0"},
				"south": {"uv": [4.508, 11.008, 4.5625, 11.0625], "texture": "#0"},
				"west": {"uv": [11.008, 4.508, 11.0625, 4.5625], "texture": "#0"},
				"up": {"uv": [4.8125, 11.0625, 4.758, 11.008], "texture": "#0"},
				"down": {"uv": [11.0625, 4.758, 11.008, 4.8125], "texture": "#0"}
			}
		},
		{
			"from": [8.1, 9.7, 7],
			"to": [8.3, 10.3, 8.7],
			"rotation": {"angle": 0, "axis": "y", "origin": [15.9, 6.5, 17.5]},
			"faces": {
				"north": {"uv": [10.258, 4.258, 10.3125, 4.40625], "texture": "#0"},
				"east": {"uv": [8.258, 2.758, 8.6875, 2.90625], "texture": "#0"},
				"south": {"uv": [10.258, 4.508, 10.3125, 4.65625], "texture": "#0"},
				"west": {"uv": [8.258, 3.008, 8.6875, 3.15625], "texture": "#0"},
				"up": {"uv": [9.0625, 0.4375, 9.008, 0.008], "texture": "#0"},
				"down": {"uv": [2.8125, 9.008, 2.758, 9.4375], "texture": "#0"}
			}
		},
		{
			"from": [7.7, 10.3, 7],
			"to": [8.3, 10.4, 9.8],
			"rotation": {"angle": 0, "axis": "y", "origin": [0, 6.5, 17.8]},
			"faces": {
				"north": {"uv": [3.008, 11.008, 3.15625, 11.03125], "texture": "#0"},
				"east": {"uv": [9.508, 1.508, 10.1875, 1.53125], "texture": "#0"},
				"south": {"uv": [11.008, 3.008, 11.15625, 3.03125], "texture": "#0"},
				"west": {"uv": [9.508, 3.508, 10.1875, 3.53125], "texture": "#0"},
				"up": {"uv": [2.15625, 8.4375, 2.008, 7.758], "texture": "#0"},
				"down": {"uv": [2.40625, 7.758, 2.258, 8.4375], "texture": "#0"}
			}
		},
		{
			"from": [7.4, 10.4, 9.7],
			"to": [8.6, 10.6, 9.8],
			"rotation": {"angle": 0, "axis": "y", "origin": [0, 6.5, 17.8]},
			"faces": {
				"north": {"uv": [9.508, 8.508, 9.8125, 8.5625], "texture": "#0"},
				"east": {"uv": [11.258, 6.258, 11.28125, 6.3125], "texture": "#0"},
				"south": {"uv": [9.508, 8.758, 9.8125, 8.8125], "texture": "#0"},
				"west": {"uv": [6.508, 11.258, 6.53125, 11.3125], "texture": "#0"},
				"up": {"uv": [10.5625, 4.03125, 10.258, 4.008], "texture": "#0"},
				"down": {"uv": [4.5625, 10.258, 4.258, 10.28125], "texture": "#0"}
			}
		},
		{
			"from": [7.4, 10.6, 9.7],
			"to": [7.8, 10.8, 9.8],
			"rotation": {"angle": 0, "axis": "y", "origin": [0, 6.6, 17.8]},
			"faces": {
				"north": {"uv": [10.758, 0.508, 10.84375, 0.5625], "texture": "#0"},
				"east": {"uv": [11.258, 6.008, 11.28125, 6.0625], "texture": "#0"},
				"south": {"uv": [0.758, 10.758, 0.84375, 10.8125], "texture": "#0"},
				"west": {"uv": [6.258, 11.258, 6.28125, 11.3125], "texture": "#0"},
				"up": {"uv": [11.34375, 3.28125, 11.258, 3.258], "texture": "#0"},
				"down": {"uv": [3.59375, 11.258, 3.508, 11.28125], "texture": "#0"}
			}
		},
		{
			"from": [8.2, 10.6, 9.7],
			"to": [8.6, 10.8, 9.8],
			"rotation": {"angle": 0, "axis": "y", "origin": [0, 6.6, 17.8]},
			"faces": {
				"north": {"uv": [10.758, 0.258, 10.84375, 0.3125], "texture": "#0"},
				"east": {"uv": [11.258, 5.758, 11.28125, 5.8125], "texture": "#0"},
				"south": {"uv": [0.508, 10.758, 0.59375, 10.8125], "texture": "#0"},
				"west": {"uv": [6.008, 11.258, 6.03125, 11.3125], "texture": "#0"},
				"up": {"uv": [11.34375, 3.03125, 11.258, 3.008], "texture": "#0"},
				"down": {"uv": [3.34375, 11.258, 3.258, 11.28125], "texture": "#0"}
			}
		},
		{
			"from": [13.35944, 5.81974, 9.7],
			"to": [13.65944, 6.01974, 9.8],
			"rotation": {"angle": 45, "axis": "z", "origin": [5.15944, 1.81974, 17.8]},
			"faces": {
				"north": {"uv": [11.258, 1.758, 11.3125, 1.8125], "texture": "#0"},
				"east": {"uv": [11.258, 10.258, 11.28125, 10.3125], "texture": "#0"},
				"south": {"uv": [2.008, 11.258, 2.0625, 11.3125], "texture": "#0"},
				"west": {"uv": [10.508, 11.258, 10.53125, 11.3125], "texture": "#0"},
				"up": {"uv": [11.3125, 10.53125, 11.258, 10.508], "texture": "#0"},
				"down": {"uv": [10.8125, 11.258, 10.758, 11.28125], "texture": "#0"}
			}
		},
		{
			"from": [2.34056, 5.81974, 9.7],
			"to": [2.64056, 6.01974, 9.8],
			"rotation": {"angle": -45, "axis": "z", "origin": [10.84056, 1.81974, 17.8]},
			"faces": {
				"north": {"uv": [11.258, 2.008, 11.3125, 2.0625], "texture": "#0"},
				"east": {"uv": [11.258, 10.758, 11.28125, 10.8125], "texture": "#0"},
				"south": {"uv": [2.258, 11.258, 2.3125, 11.3125], "texture": "#0"},
				"west": {"uv": [11.008, 11.258, 11.03125, 11.3125], "texture": "#0"},
				"up": {"uv": [11.3125, 11.03125, 11.258, 11.008], "texture": "#0"},
				"down": {"uv": [11.3125, 11.258, 11.258, 11.28125], "texture": "#0"}
			}
		},
		{
			"from": [7.4, 9.7, 8.7],
			"to": [7.6, 10.1, 10.3],
			"rotation": {"angle": 0, "axis": "y", "origin": [-0.2, 5.9, 19.4]},
			"faces": {
				"north": {"uv": [10.758, 0.758, 10.8125, 0.84375], "texture": "#0"},
				"east": {"uv": [7.508, 8.508, 7.90625, 8.59375], "texture": "#0"},
				"south": {"uv": [1.008, 10.758, 1.0625, 10.84375], "texture": "#0"},
				"west": {"uv": [8.508, 7.508, 8.90625, 7.59375], "texture": "#0"},
				"up": {"uv": [7.5625, 9.40625, 7.508, 9.008], "texture": "#0"},
				"down": {"uv": [7.8125, 9.008, 7.758, 9.40625], "texture": "#0"}
			}
		},
		{
			"from": [8.4, 9.7, 8.7],
			"to": [8.6, 10.1, 10.3],
			"rotation": {"angle": 0, "axis": "y", "origin": [16.2, 5.9, 19.4]},
			"faces": {
				"north": {"uv": [1.258, 10.758, 1.3125, 10.84375], "texture": "#0"},
				"east": {"uv": [8.508, 8.008, 8.90625, 8.09375], "texture": "#0"},
				"south": {"uv": [1.508, 10.758, 1.5625, 10.84375], "texture": "#0"},
				"west": {"uv": [8.258, 8.508, 8.65625, 8.59375], "texture": "#0"},
				"up": {"uv": [8.5625, 9.40625, 8.508, 9.008], "texture": "#0"},
				"down": {"uv": [8.8125, 9.008, 8.758, 9.40625], "texture": "#0"}
			}
		},
		{
			"from": [7.5, 9.7, 18.5],
			"to": [7.6, 10, 20.2],
			"rotation": {"angle": 0, "axis": "y", "origin": [-0.2, 8.7, 11.5]},
			"faces": {
				"north": {"uv": [11.258, 5.508, 11.28125, 5.5625], "texture": "#0"},
				"east": {"uv": [8.508, 8.758, 8.9375, 8.8125], "texture": "#0"},
				"south": {"uv": [5.758, 11.258, 5.78125, 11.3125], "texture": "#0"},
				"west": {"uv": [8.758, 8.508, 9.1875, 8.5625], "texture": "#0"},
				"up": {"uv": [9.53125, 10.4375, 9.508, 10.008], "texture": "#0"},
				"down": {"uv": [10.03125, 9.508, 10.008, 9.9375], "texture": "#0"}
			}
		},
		{
			"from": [9, 9.7, 17.9],
			"to": [9.2, 10.1, 18.3],
			"rotation": {"angle": 0, "axis": "y", "origin": [7.5, 17.9, 11.5]},
			"faces": {
				"north": {"uv": [10.258, 10.508, 10.3125, 10.59375], "texture": "#0"},
				"east": {"uv": [10.258, 6.508, 10.34375, 6.59375], "texture": "#0"},
				"south": {"uv": [10.508, 10.258, 10.5625, 10.34375], "texture": "#0"},
				"west": {"uv": [6.758, 10.258, 6.84375, 10.34375], "texture": "#0"},
				"up": {"uv": [10.5625, 10.59375, 10.508, 10.508], "texture": "#0"},
				"down": {"uv": [10.8125, 0.008, 10.758, 0.09375], "texture": "#0"}
			}
		},
		{
			"from": [8.3, 9.8, 18],
			"to": [9, 10, 18.2],
			"rotation": {"angle": 0, "axis": "y", "origin": [7.5, 17.9, 11.5]},
			"faces": {
				"north": {"uv": [10.258, 0.758, 10.4375, 0.8125], "texture": "#0"},
				"east": {"uv": [3.758, 11.008, 3.8125, 11.0625], "texture": "#0"},
				"south": {"uv": [1.008, 10.258, 1.1875, 10.3125], "texture": "#0"},
				"west": {"uv": [11.008, 3.758, 11.0625, 3.8125], "texture": "#0"},
				"up": {"uv": [1.4375, 10.3125, 1.258, 10.258], "texture": "#0"},
				"down": {"uv": [1.6875, 10.258, 1.508, 10.3125], "texture": "#0"}
			}
		},
		{
			"from": [7.6, 9.8, 18.5],
			"to": [8.4, 10.3, 19.8],
			"rotation": {"angle": 0, "axis": "y", "origin": [0, 8.9, 11.5]},
			"faces": {
				"north": {"uv": [9.258, 8.258, 9.4375, 8.375], "texture": "#0"},
				"east": {"uv": [8.508, 7.008, 8.8125, 7.125], "texture": "#0"},
				"south": {"uv": [9.258, 8.508, 9.4375, 8.625], "texture": "#0"},
				"west": {"uv": [8.508, 7.258, 8.8125, 7.375], "texture": "#0"},
				"up": {"uv": [7.4375, 8.5625, 7.258, 8.258], "texture": "#0"},
				"down": {"uv": [8.4375, 7.258, 8.258, 7.5625], "texture": "#0"}
			}
		},
		{
			"from": [7.8, 10.3, 18.5],
			"to": [8.2, 10.5, 19.8],
			"rotation": {"angle": 0, "axis": "y", "origin": [0, 9.4, 11.5]},
			"faces": {
				"north": {"uv": [10.758, 7.008, 10.84375, 7.0625], "texture": "#0"},
				"east": {"uv": [1.258, 9.758, 1.5625, 9.8125], "texture": "#0"},
				"south": {"uv": [7.258, 10.758, 7.34375, 10.8125], "texture": "#0"},
				"west": {"uv": [9.758, 2.008, 10.0625, 2.0625], "texture": "#0"},
				"up": {"uv": [8.09375, 9.0625, 8.008, 8.758], "texture": "#0"},
				"down": {"uv": [8.34375, 8.758, 8.258, 9.0625], "texture": "#0"}
			}
		},
		{
			"from": [2.80675, 7.13762, 18.5],
			"to": [3.00675, 7.43762, 19.8],
			"rotation": {"angle": 45, "axis": "z", "origin": [1.90675, 15.23762, 11.5]},
			"faces": {
				"north": {"uv": [10.508, 11.008, 10.5625, 11.0625], "texture": "#0"},
				"east": {"uv": [9.758, 2.258, 10.0625, 2.3125], "texture": "#0"},
				"south": {"uv": [11.008, 10.508, 11.0625, 10.5625], "texture": "#0"},
				"west": {"uv": [9.758, 2.758, 10.0625, 2.8125], "texture": "#0"},
				"up": {"uv": [1.8125, 10.0625, 1.758, 9.758], "texture": "#0"},
				"down": {"uv": [2.5625, 9.758, 2.508, 10.0625], "texture": "#0"}
			}
		},
		{
			"from": [12.99325, 7.13762, 18.5],
			"to": [13.19325, 7.43762, 19.8],
			"rotation": {"angle": -45, "axis": "z", "origin": [14.09325, 15.23762, 11.5]},
			"faces": {
				"north": {"uv": [10.758, 11.008, 10.8125, 11.0625], "texture": "#0"},
				"east": {"uv": [9.758, 3.008, 10.0625, 3.0625], "texture": "#0"},
				"south": {"uv": [11.008, 10.758, 11.0625, 10.8125], "texture": "#0"},
				"west": {"uv": [9.758, 3.258, 10.0625, 3.3125], "texture": "#0"},
				"up": {"uv": [9.8125, 4.0625, 9.758, 3.758], "texture": "#0"},
				"down": {"uv": [4.0625, 9.758, 4.008, 10.0625], "texture": "#0"}
			}
		},
		{
			"from": [7.9, 16.13762, 21.26533],
			"to": [8.1, 16.43762, 21.86533],
			"rotation": {"angle": 45, "axis": "x", "origin": [0, 15.23762, 13.36533]},
			"faces": {
				"north": {"uv": [4.008, 11.008, 4.0625, 11.0625], "texture": "#0"},
				"east": {"uv": [10.258, 3.508, 10.40625, 3.5625], "texture": "#0"},
				"south": {"uv": [11.008, 4.008, 11.0625, 4.0625], "texture": "#0"},
				"west": {"uv": [3.758, 10.258, 3.90625, 10.3125], "texture": "#0"},
				"up": {"uv": [10.3125, 3.90625, 10.258, 3.758], "texture": "#0"},
				"down": {"uv": [4.0625, 10.258, 4.008, 10.40625], "texture": "#0"}
			}
		},
		{
			"from": [8.4, 9.7, 18.5],
			"to": [8.5, 10, 20.2],
			"rotation": {"angle": 0, "axis": "y", "origin": [0.2, 8.7, 11.5]},
			"faces": {
				"north": {"uv": [11.258, 5.258, 11.28125, 5.3125], "texture": "#0"},
				"east": {"uv": [8.758, 7.758, 9.1875, 7.8125], "texture": "#0"},
				"south": {"uv": [5.508, 11.258, 5.53125, 11.3125], "texture": "#0"},
				"west": {"uv": [8.758, 8.258, 9.1875, 8.3125], "texture": "#0"},
				"up": {"uv": [9.03125, 10.4375, 9.008, 10.008], "texture": "#0"},
				"down": {"uv": [9.28125, 10.008, 9.258, 10.4375], "texture": "#0"}
			}
		},
		{
			"from": [7.7, 9.6, 20.5],
			"to": [8.3, 10.2, 20.7],
			"rotation": {"angle": 0, "axis": "y", "origin": [0, 8.7, 11.8]},
			"faces": {
				"north": {"uv": [7.008, 9.258, 7.15625, 9.40625], "texture": "#0"},
				"east": {"uv": [10.258, 3.008, 10.3125, 3.15625], "texture": "#0"},
				"south": {"uv": [9.258, 7.758, 9.40625, 7.90625], "texture": "#0"},
				"west": {"uv": [3.258, 10.258, 3.3125, 10.40625], "texture": "#0"},
				"up": {"uv": [10.40625, 3.3125, 10.258, 3.258], "texture": "#0"},
				"down": {"uv": [3.65625, 10.258, 3.508, 10.3125], "texture": "#0"}
			}
		},
		{
			"from": [7.8, 9.7, 19.7],
			"to": [8.2, 10.1, 20.5],
			"rotation": {"angle": 0, "axis": "y", "origin": [0, 8.7, 11.8]},
			"faces": {
				"north": {"uv": [6.258, 10.258, 6.34375, 10.34375], "texture": "#0"},
				"east": {"uv": [8.008, 9.758, 8.1875, 9.84375], "texture": "#0"},
				"south": {"uv": [6.508, 10.258, 6.59375, 10.34375], "texture": "#0"},
				"west": {"uv": [8.258, 9.758, 8.4375, 9.84375], "texture": "#0"},
				"up": {"uv": [8.59375, 9.9375, 8.508, 9.758], "texture": "#0"},
				"down": {"uv": [8.84375, 9.758, 8.758, 9.9375], "texture": "#0"}
			}
		},
		{
			"from": [7.4, 8.6, -10.8],
			"to": [8.6, 9.8, 7.3],
			"rotation": {"angle": 0, "axis": "y", "origin": [7, 8, 5.3]},
			"faces": {
				"north": {"uv": [6.008, 7.758, 6.3125, 8.0625], "texture": "#0"},
				"east": {"uv": [0.008, 1.008, 4.53125, 1.3125], "texture": "#0"},
				"south": {"uv": [7.758, 6.758, 8.0625, 7.0625], "texture": "#0"},
				"west": {"uv": [0.008, 1.508, 4.53125, 1.8125], "texture": "#0"},
				"up": {"uv": [0.3125, 6.53125, 0.008, 2.008], "texture": "#0"},
				"down": {"uv": [0.8125, 2.008, 0.508, 6.53125], "texture": "#0"}
			}
		},
		{
			"from": [7.95, 8.5, -13],
			"to": [8.05, 8.6, 6.1],
			"rotation": {"angle": 0, "axis": "y", "origin": [6.95, 7.8, -9.9]},
			"faces": {
				"north": {"uv": [11.508, 0.008, 11.53125, 0.03125], "texture": "#0"},
				"east": {"uv": [7.258, 1.008, 12.03125, 1.03125], "texture": "#0"},
				"south": {"uv": [11.508, 0.258, 11.53125, 0.28125], "texture": "#0"},
				"west": {"uv": [7.258, 1.258, 12.03125, 1.28125], "texture": "#0"},
				"up": {"uv": [0.03125, 12.03125, 0.008, 7.258], "texture": "#0"},
				"down": {"uv": [0.28125, 7.258, 0.258, 12.03125], "texture": "#0"}
			}
		},
		{
			"from": [7.85, 8.4, -13.3],
			"to": [8.15, 8.7, -13],
			"rotation": {"angle": 0, "axis": "y", "origin": [6.95, 7.8, -10.6]},
			"faces": {
				"north": {"uv": [8.508, 11.008, 8.5625, 11.0625], "texture": "#0"},
				"east": {"uv": [11.008, 8.508, 11.0625, 8.5625], "texture": "#0"},
				"south": {"uv": [8.758, 11.008, 8.8125, 11.0625], "texture": "#0"},
				"west": {"uv": [11.008, 8.758, 11.0625, 8.8125], "texture": "#0"},
				"up": {"uv": [9.0625, 11.0625, 9.008, 11.008], "texture": "#0"},
				"down": {"uv": [11.0625, 9.008, 11.008, 9.0625], "texture": "#0"}
			}
		},
		{
			"from": [7.82427, 9.82426, -10.4],
			"to": [8.22427, 10.22426, 6.3],
			"rotation": {"angle": 0, "axis": "y", "origin": [7.02427, 8.12426, 5.3]},
			"faces": {
				"north": {"uv": [7.508, 10.258, 7.59375, 10.34375], "texture": "#0"},
				"east": {"uv": [5.508, 2.008, 9.6875, 2.09375], "texture": "#0"},
				"south": {"uv": [7.758, 10.258, 7.84375, 10.34375], "texture": "#0"},
				"west": {"uv": [5.508, 2.258, 9.6875, 2.34375], "texture": "#0"},
				"up": {"uv": [5.09375, 9.6875, 5.008, 5.508], "texture": "#0"},
				"down": {"uv": [5.34375, 5.508, 5.258, 9.6875], "texture": "#0"}
			}
		},
		{
			"from": [9.12218, 8.77365, -10.4],
			"to": [9.52218, 9.37365, 6.3],
			"rotation": {"angle": 45, "axis": "z", "origin": [7.82218, 8.17365, 5.3]},
			"faces": {
				"north": {"uv": [10.008, 5.258, 10.09375, 5.40625], "texture": "#0"},
				"east": {"uv": [3.258, 0.008, 7.4375, 0.15625], "texture": "#0"},
				"south": {"uv": [5.508, 10.008, 5.59375, 10.15625], "texture": "#0"},
				"west": {"uv": [3.258, 0.258, 7.4375, 0.40625], "texture": "#0"},
				"up": {"uv": [4.09375, 9.6875, 4.008, 5.508], "texture": "#0"},
				"down": {"uv": [4.34375, 5.508, 4.258, 9.6875], "texture": "#0"}
			}
		},
		{
			"from": [6.47782, 8.77365, -10.4],
			"to": [6.87782, 9.37365, 6.3],
			"rotation": {"angle": -45, "axis": "z", "origin": [8.17782, 8.17365, 5.3]},
			"faces": {
				"north": {"uv": [10.008, 5.508, 10.09375, 5.65625], "texture": "#0"},
				"east": {"uv": [3.258, 0.508, 7.4375, 0.65625], "texture": "#0"},
				"south": {"uv": [5.758, 10.008, 5.84375, 10.15625], "texture": "#0"},
				"west": {"uv": [3.258, 0.758, 7.4375, 0.90625], "texture": "#0"},
				"up": {"uv": [4.59375, 9.6875, 4.508, 5.508], "texture": "#0"},
				"down": {"uv": [4.84375, 5.508, 4.758, 9.6875], "texture": "#0"}
			}
		},
		{
			"from": [9.12218, 8.77365, 6.3],
			"to": [9.52218, 9.27365, 7],
			"rotation": {"angle": 45, "axis": "z", "origin": [7.82218, 8.17365, 7]},
			"faces": {
				"north": {"uv": [10.258, 2.758, 10.34375, 2.875], "texture": "#0"},
				"east": {"uv": [7.258, 9.758, 7.40625, 9.875], "texture": "#0"},
				"south": {"uv": [3.008, 10.258, 3.09375, 10.375], "texture": "#0"},
				"west": {"uv": [9.758, 7.258, 9.90625, 7.375], "texture": "#0"},
				"up": {"uv": [8.34375, 10.15625, 8.258, 10.008], "texture": "#0"},
				"down": {"uv": [10.09375, 8.258, 10.008, 8.40625], "texture": "#0"}
			}
		},
		{
			"from": [7.727, 9.718, 6.253],
			"to": [8.273, 10.182, 6.999],
			"rotation": {"angle": 0, "axis": "y", "origin": [7.09, 8.271, 6.89]},
			"faces": {
				"north": {"uv": [10.008, 4.758, 10.125, 4.875], "texture": "#0"},
				"east": {"uv": [9.758, 6.508, 9.90625, 6.625], "texture": "#0"},
				"south": {"uv": [5.008, 10.008, 5.125, 10.125], "texture": "#0"},
				"west": {"uv": [9.758, 6.758, 9.90625, 6.875], "texture": "#0"},
				"up": {"uv": [7.125, 9.90625, 7.008, 9.758], "texture": "#0"},
				"down": {"uv": [9.875, 7.008, 9.758, 7.15625], "texture": "#0"}
			}
		},
		{
			"from": [6.47782, 8.77365, 6.3],
			"to": [6.87782, 9.27365, 7],
			"rotation": {"angle": -45, "axis": "z", "origin": [8.17782, 8.17365, 7]},
			"faces": {
				"north": {"uv": [10.258, 2.508, 10.34375, 2.625], "texture": "#0"},
				"east": {"uv": [6.008, 9.758, 6.15625, 9.875], "texture": "#0"},
				"south": {"uv": [2.758, 10.258, 2.84375, 10.375], "texture": "#0"},
				"west": {"uv": [6.508, 9.758, 6.65625, 9.875], "texture": "#0"},
				"up": {"uv": [8.09375, 10.15625, 8.008, 10.008], "texture": "#0"},
				"down": {"uv": [10.09375, 8.008, 10.008, 8.15625], "texture": "#0"}
			}
		},
		{
			"from": [9.21196, 8.73555, 6.168],
			"to": [9.64396, 9.38355, 6.384],
			"rotation": {"angle": 45, "axis": "z", "origin": [7.80796, 8.08755, 6.384]},
			"faces": {
				"north": {"uv": [7.008, 10.008, 7.09375, 10.15625], "texture": "#0"},
				"east": {"uv": [5.258, 10.258, 5.3125, 10.40625], "texture": "#0"},
				"south": {"uv": [10.008, 7.008, 10.09375, 7.15625], "texture": "#0"},
				"west": {"uv": [10.258, 5.258, 10.3125, 5.40625], "texture": "#0"},
				"up": {"uv": [1.84375, 11.0625, 1.758, 11.008], "texture": "#0"},
				"down": {"uv": [11.09375, 1.758, 11.008, 1.8125], "texture": "#0"}
			}
		},
		{
			"from": [7.352, 8.548, 6.168],
			"to": [8.648, 9.844, 6.384],
			"rotation": {"angle": 0, "axis": "y", "origin": [6.92, 7.9, 6.384]},
			"faces": {
				"north": {"uv": [7.758, 7.258, 8.0625, 7.5625], "texture": "#0"},
				"east": {"uv": [4.508, 9.758, 4.5625, 10.0625], "texture": "#0"},
				"south": {"uv": [7.758, 7.758, 8.0625, 8.0625], "texture": "#0"},
				"west": {"uv": [9.758, 4.508, 9.8125, 4.8125], "texture": "#0"},
				"up": {"uv": [5.0625, 9.8125, 4.758, 9.758], "texture": "#0"},
				"down": {"uv": [10.0625, 5.008, 9.758, 5.0625], "texture": "#0"}
			}
		},
		{
			"from": [7.784, 9.844, 6.168],
			"to": [8.216, 10.276, 6.384],
			"rotation": {"angle": 0, "axis": "y", "origin": [6.92, 8.008, 6.384]},
			"faces": {
				"north": {"uv": [10.258, 8.008, 10.34375, 8.09375], "texture": "#0"},
				"east": {"uv": [1.008, 11.008, 1.0625, 11.09375], "texture": "#0"},
				"south": {"uv": [8.258, 10.258, 8.34375, 10.34375], "texture": "#0"},
				"west": {"uv": [1.258, 11.008, 1.3125, 11.09375], "texture": "#0"},
				"up": {"uv": [1.59375, 11.0625, 1.508, 11.008], "texture": "#0"},
				"down": {"uv": [11.09375, 1.508, 11.008, 1.5625], "texture": "#0"}
			}
		},
		{
			"from": [6.35604, 8.73555, 6.168],
			"to": [6.78804, 9.38355, 6.384],
			"rotation": {"angle": -45, "axis": "z", "origin": [8.19204, 8.08755, 6.384]},
			"faces": {
				"north": {"uv": [10.008, 6.508, 10.09375, 6.65625], "texture": "#0"},
				"east": {"uv": [5.008, 10.258, 5.0625, 10.40625], "texture": "#0"},
				"south": {"uv": [10.008, 6.758, 10.09375, 6.90625], "texture": "#0"},
				"west": {"uv": [10.258, 5.008, 10.3125, 5.15625], "texture": "#0"},
				"up": {"uv": [0.84375, 11.0625, 0.758, 11.008], "texture": "#0"},
				"down": {"uv": [11.09375, 0.758, 11.008, 0.8125], "texture": "#0"}
			}
		},
		{
			"from": [7.784, 9.844, -6.132],
			"to": [8.216, 10.276, -5.916],
			"rotation": {"angle": 0, "axis": "y", "origin": [6.92, 8.008, -5.916]},
			"faces": {
				"north": {"uv": [10.258, 8.258, 10.34375, 8.34375], "texture": "#0"},
				"east": {"uv": [2.508, 11.008, 2.5625, 11.09375], "texture": "#0"},
				"south": {"uv": [8.508, 10.258, 8.59375, 10.34375], "texture": "#0"},
				"west": {"uv": [11.008, 2.508, 11.0625, 2.59375], "texture": "#0"},
				"up": {"uv": [2.84375, 11.0625, 2.758, 11.008], "texture": "#0"},
				"down": {"uv": [11.09375, 2.758, 11.008, 2.8125], "texture": "#0"}
			}
		},
		{
			"from": [6.35604, 8.73555, -6.132],
			"to": [6.78804, 9.38355, -5.916],
			"rotation": {"angle": -45, "axis": "z", "origin": [8.19204, 8.08755, -5.916]},
			"faces": {
				"north": {"uv": [7.508, 10.008, 7.59375, 10.15625], "texture": "#0"},
				"east": {"uv": [5.758, 10.258, 5.8125, 10.40625], "texture": "#0"},
				"south": {"uv": [7.758, 10.008, 7.84375, 10.15625], "texture": "#0"},
				"west": {"uv": [10.258, 5.758, 10.3125, 5.90625], "texture": "#0"},
				"up": {"uv": [2.34375, 11.0625, 2.258, 11.008], "texture": "#0"},
				"down": {"uv": [11.09375, 2.258, 11.008, 2.3125], "texture": "#0"}
			}
		},
		{
			"from": [9.21196, 8.73555, -6.132],
			"to": [9.64396, 9.38355, -5.916],
			"rotation": {"angle": 45, "axis": "z", "origin": [7.80796, 8.08755, -5.916]},
			"faces": {
				"north": {"uv": [7.258, 10.008, 7.34375, 10.15625], "texture": "#0"},
				"east": {"uv": [5.508, 10.258, 5.5625, 10.40625], "texture": "#0"},
				"south": {"uv": [10.008, 7.258, 10.09375, 7.40625], "texture": "#0"},
				"west": {"uv": [10.258, 5.508, 10.3125, 5.65625], "texture": "#0"},
				"up": {"uv": [2.09375, 11.0625, 2.008, 11.008], "texture": "#0"},
				"down": {"uv": [11.09375, 2.008, 11.008, 2.0625], "texture": "#0"}
			}
		},
		{
			"from": [7.352, 8.548, -6.132],
			"to": [8.648, 9.844, -5.916],
			"rotation": {"angle": 0, "axis": "y", "origin": [6.92, 7.9, -5.916]},
			"faces": {
				"north": {"uv": [3.008, 8.008, 3.3125, 8.3125], "texture": "#0"},
				"east": {"uv": [5.258, 9.758, 5.3125, 10.0625], "texture": "#0"},
				"south": {"uv": [8.008, 3.508, 8.3125, 3.8125], "texture": "#0"},
				"west": {"uv": [9.758, 5.258, 9.8125, 5.5625], "texture": "#0"},
				"up": {"uv": [5.8125, 9.8125, 5.508, 9.758], "texture": "#0"},
				"down": {"uv": [10.0625, 5.758, 9.758, 5.8125], "texture": "#0"}
			}
		},
		{
			"from": [7.6, 8.9, -11.9],
			"to": [8.4, 9.7, -10.2],
			"rotation": {"angle": 0, "axis": "y", "origin": [7, 7.8, 4.2]},
			"faces": {
				"north": {"uv": [3.008, 7.758, 3.1875, 7.9375], "texture": "#0"},
				"east": {"uv": [8.258, 0.008, 8.6875, 0.1875], "texture": "#0"},
				"south": {"uv": [8.508, 8.258, 8.6875, 8.4375], "texture": "#0"},
				"west": {"uv": [8.258, 0.258, 8.6875, 0.4375], "texture": "#0"},
				"up": {"uv": [3.9375, 6.1875, 3.758, 5.758], "texture": "#0"},
				"down": {"uv": [6.6875, 7.758, 6.508, 8.1875], "texture": "#0"}
			}
		},
		{
			"from": [7.8, 8.7, -11.9],
			"to": [8.2, 8.9, -10.2],
			"rotation": {"angle": 0, "axis": "y", "origin": [7, 7.5, 4.2]},
			"faces": {
				"north": {"uv": [10.758, 4.258, 10.84375, 4.3125], "texture": "#0"},
				"east": {"uv": [9.008, 1.508, 9.4375, 1.5625], "texture": "#0"},
				"south": {"uv": [4.508, 10.758, 4.59375, 10.8125], "texture": "#0"},
				"west": {"uv": [9.008, 4.508, 9.4375, 4.5625], "texture": "#0"},
				"up": {"uv": [6.34375, 8.9375, 6.258, 8.508], "texture": "#0"},
				"down": {"uv": [8.59375, 6.508, 8.508, 6.9375], "texture": "#0"}
			}
		},
		{
			"from": [7.0565, 9.78787, -11.9],
			"to": [7.3565, 9.98787, -10.2],
			"rotation": {"angle": -45, "axis": "z", "origin": [6.2565, 8.68787, 4.2]},
			"faces": {
				"north": {"uv": [8.008, 11.008, 8.0625, 11.0625], "texture": "#0"},
				"east": {"uv": [9.008, 4.758, 9.4375, 4.8125], "texture": "#0"},
				"south": {"uv": [11.008, 8.008, 11.0625, 8.0625], "texture": "#0"},
				"west": {"uv": [9.008, 5.008, 9.4375, 5.0625], "texture": "#0"},
				"up": {"uv": [9.0625, 5.6875, 9.008, 5.258], "texture": "#0"},
				"down": {"uv": [9.0625, 5.758, 9.008, 6.1875], "texture": "#0"}
			}
		},
		{
			"from": [8.6435, 9.78787, -11.9],
			"to": [8.9435, 9.98787, -10.2],
			"rotation": {"angle": 45, "axis": "z", "origin": [9.7435, 8.68787, 4.2]},
			"faces": {
				"north": {"uv": [8.258, 11.008, 8.3125, 11.0625], "texture": "#0"},
				"east": {"uv": [9.008, 6.258, 9.4375, 6.3125], "texture": "#0"},
				"south": {"uv": [11.008, 8.258, 11.0625, 8.3125], "texture": "#0"},
				"west": {"uv": [6.758, 9.008, 7.1875, 9.0625], "texture": "#0"},
				"up": {"uv": [6.3125, 9.4375, 6.258, 9.008], "texture": "#0"},
				"down": {"uv": [9.0625, 6.758, 9.008, 7.1875], "texture": "#0"}
			}
		},
		{
			"name": "hexadecagon",
			"from": [7.94557, 9.45, -14.3],
			"to": [8.08481, 10.15, -10.4],
			"rotation": {"angle": -45, "axis": "z", "origin": [8.01519, 9.8, -7.6]},
			"faces": {
				"north": {"uv": [10.758, 1.508, 10.78125, 1.6875], "texture": "#0"},
				"east": {"uv": [6.008, 5.508, 6.96875, 5.6875], "texture": "#0"},
				"south": {"uv": [1.758, 10.758, 1.78125, 10.9375], "texture": "#0"},
				"west": {"uv": [6.008, 5.758, 6.96875, 5.9375], "texture": "#0"},
				"up": {"uv": [1.28125, 9.71875, 1.258, 8.758], "texture": "#0"},
				"down": {"uv": [1.53125, 8.758, 1.508, 9.71875], "texture": "#0"}
			}
		},
		{
			"name": "hexadecagon",
			"from": [7.94557, 9.45, -14.3],
			"to": [8.08481, 10.15, -10.4],
			"rotation": {"angle": -22.5, "axis": "z", "origin": [8.01519, 9.8, -7.6]},
			"faces": {
				"north": {"uv": [10.758, 1.758, 10.78125, 1.9375], "texture": "#0"},
				"east": {"uv": [6.008, 6.008, 6.96875, 6.1875], "texture": "#0"},
				"south": {"uv": [2.008, 10.758, 2.03125, 10.9375], "texture": "#0"},
				"west": {"uv": [1.008, 6.258, 1.96875, 6.4375], "texture": "#0"},
				"up": {"uv": [1.78125, 9.71875, 1.758, 8.758], "texture": "#0"},
				"down": {"uv": [2.53125, 8.758, 2.508, 9.71875], "texture": "#0"}
			}
		},
		{
			"name": "hexadecagon",
			"from": [7.94557, 9.45, -14.3],
			"to": [8.08481, 10.15, -10.4],
			"rotation": {"angle": 0, "axis": "y", "origin": [8.01519, 9.8, -7.6]},
			"faces": {
				"north": {"uv": [10.758, 2.008, 10.78125, 2.1875], "texture": "#0"},
				"east": {"uv": [6.258, 1.008, 7.21875, 1.1875], "texture": "#0"},
				"south": {"uv": [2.258, 10.758, 2.28125, 10.9375], "texture": "#0"},
				"west": {"uv": [6.258, 1.258, 7.21875, 1.4375], "texture": "#0"},
				"up": {"uv": [8.78125, 5.46875, 8.758, 4.508], "texture": "#0"},
				"down": {"uv": [5.53125, 8.758, 5.508, 9.71875], "texture": "#0"}
			}
		},
		{
			"name": "hexadecagon",
			"from": [7.94557, 9.45, -14.3],
			"to": [8.08481, 10.15, -10.4],
			"rotation": {"angle": 22.5, "axis": "z", "origin": [8.01519, 9.8, -7.6]},
			"faces": {
				"north": {"uv": [10.758, 2.258, 10.78125, 2.4375], "texture": "#0"},
				"east": {"uv": [6.258, 1.508, 7.21875, 1.6875], "texture": "#0"},
				"south": {"uv": [2.508, 10.758, 2.53125, 10.9375], "texture": "#0"},
				"west": {"uv": [6.258, 1.758, 7.21875, 1.9375], "texture": "#0"},
				"up": {"uv": [8.78125, 6.46875, 8.758, 5.508], "texture": "#0"},
				"down": {"uv": [5.78125, 8.758, 5.758, 9.71875], "texture": "#0"}
			}
		},
		{
			"name": "hexadecagon",
			"from": [7.94557, 9.45, -14.3],
			"to": [8.08481, 10.15, -10.4],
			"rotation": {"angle": 45, "axis": "z", "origin": [8.01519, 9.8, -7.6]},
			"faces": {
				"north": {"uv": [10.758, 2.508, 10.78125, 2.6875], "texture": "#0"},
				"east": {"uv": [2.008, 6.258, 2.96875, 6.4375], "texture": "#0"},
				"south": {"uv": [2.758, 10.758, 2.78125, 10.9375], "texture": "#0"},
				"west": {"uv": [3.008, 6.258, 3.96875, 6.4375], "texture": "#0"},
				"up": {"uv": [6.03125, 9.71875, 6.008, 8.758], "texture": "#0"},
				"down": {"uv": [6.53125, 8.758, 6.508, 9.71875], "texture": "#0"}
			}
		},
		{
			"from": [7.95, 10.5, -14],
			"to": [8.05, 10.8, -13.9],
			"rotation": {"angle": 0, "axis": "y", "origin": [7.25, 12.7, -13.2]},
			"faces": {
				"north": {"uv": [11.258, 7.508, 11.28125, 7.5625], "texture": "#0"},
				"east": {"uv": [7.508, 11.008, 7.5625, 11.0625], "texture": "#0"},
				"south": {"uv": [7.758, 11.258, 7.78125, 11.3125], "texture": "#0"},
				"west": {"uv": [11.008, 7.508, 11.0625, 7.5625], "texture": "#0"},
				"up": {"uv": [11.28125, 7.8125, 11.258, 7.758], "texture": "#0"},
				"down": {"uv": [8.03125, 11.258, 8.008, 11.3125], "texture": "#0"}
			}
		},
		{
			"from": [8.31519, 10.6, -14.2],
			"to": [8.41519, 11.1, -13.7],
			"rotation": {"angle": 0, "axis": "y", "origin": [7.61519, 12.7, -13.2]},
			"faces": {
				"north": {"uv": [7.008, 11.008, 7.03125, 11.125], "texture": "#0"},
				"east": {"uv": [10.008, 4.508, 10.125, 4.625], "texture": "#0"},
				"south": {"uv": [11.008, 7.008, 11.03125, 7.125], "texture": "#0"},
				"west": {"uv": [4.758, 10.008, 4.875, 10.125], "texture": "#0"},
				"up": {"uv": [7.28125, 11.125, 7.258, 11.008], "texture": "#0"},
				"down": {"uv": [11.03125, 7.258, 11.008, 7.375], "texture": "#0"}
			}
		},
		{
			"from": [9.28296, 9.2364, -14.2],
			"to": [9.38296, 9.5364, -13.7],
			"rotation": {"angle": -45, "axis": "z", "origin": [10.18296, 11.2364, -13.2]},
			"faces": {
				"north": {"uv": [11.258, 7.258, 11.28125, 7.3125], "texture": "#0"},
				"east": {"uv": [10.508, 0.008, 10.625, 0.0625], "texture": "#0"},
				"south": {"uv": [7.508, 11.258, 7.53125, 11.3125], "texture": "#0"},
				"west": {"uv": [10.508, 0.258, 10.625, 0.3125], "texture": "#0"},
				"up": {"uv": [6.78125, 11.125, 6.758, 11.008], "texture": "#0"},
				"down": {"uv": [11.03125, 6.758, 11.008, 6.875], "texture": "#0"}
			}
		},
		{
			"from": [6.64742, 9.2364, -14.2],
			"to": [6.74742, 9.5364, -13.7],
			"rotation": {"angle": 45, "axis": "z", "origin": [5.84742, 11.2364, -13.2]},
			"faces": {
				"north": {"uv": [11.258, 7.008, 11.28125, 7.0625], "texture": "#0"},
				"east": {"uv": [10.258, 10.008, 10.375, 10.0625], "texture": "#0"},
				"south": {"uv": [7.258, 11.258, 7.28125, 11.3125], "texture": "#0"},
				"west": {"uv": [10.258, 10.258, 10.375, 10.3125], "texture": "#0"},
				"up": {"uv": [6.53125, 11.125, 6.508, 11.008], "texture": "#0"},
				"down": {"uv": [11.03125, 6.508, 11.008, 6.625], "texture": "#0"}
			}
		},
		{
			"from": [7.61519, 10.6, -14.2],
			"to": [7.71519, 11.1, -13.7],
			"rotation": {"angle": 0, "axis": "y", "origin": [6.81519, 12.7, -13.2]},
			"faces": {
				"north": {"uv": [6.008, 11.008, 6.03125, 11.125], "texture": "#0"},
				"east": {"uv": [4.258, 10.008, 4.375, 10.125], "texture": "#0"},
				"south": {"uv": [11.008, 6.008, 11.03125, 6.125], "texture": "#0"},
				"west": {"uv": [10.008, 4.258, 10.125, 4.375], "texture": "#0"},
				"up": {"uv": [6.28125, 11.125, 6.258, 11.008], "texture": "#0"},
				"down": {"uv": [11.03125, 6.258, 11.008, 6.375], "texture": "#0"}
			}
		},
		{
			"from": [8.11519, 10, -14.2],
			"to": [8.31519, 10.4, -13.7],
			"rotation": {"angle": 0, "axis": "y", "origin": [7.41519, 10.9, -13.2]},
			"faces": {
				"north": {"uv": [10.758, 4.008, 10.8125, 4.09375], "texture": "#0"},
				"east": {"uv": [10.258, 2.008, 10.375, 2.09375], "texture": "#0"},
				"south": {"uv": [4.258, 10.758, 4.3125, 10.84375], "texture": "#0"},
				"west": {"uv": [2.258, 10.258, 2.375, 10.34375], "texture": "#0"},
				"up": {"uv": [10.3125, 9.875, 10.258, 9.758], "texture": "#0"},
				"down": {"uv": [10.0625, 10.258, 10.008, 10.375], "texture": "#0"}
			}
		},
		{
			"from": [7.91519, 10, -14.2],
			"to": [8.11519, 10.4, -13.7],
			"rotation": {"angle": 0, "axis": "y", "origin": [7.21519, 10.9, -13.2]},
			"faces": {
				"north": {"uv": [10.758, 3.758, 10.8125, 3.84375], "texture": "#0"},
				"east": {"uv": [10.258, 1.758, 10.375, 1.84375], "texture": "#0"},
				"south": {"uv": [4.008, 10.758, 4.0625, 10.84375], "texture": "#0"},
				"west": {"uv": [2.008, 10.258, 2.125, 10.34375], "texture": "#0"},
				"up": {"uv": [10.3125, 9.625, 10.258, 9.508], "texture": "#0"},
				"down": {"uv": [9.8125, 10.258, 9.758, 10.375], "texture": "#0"}
			}
		},
		{
			"from": [7.71519, 10, -14.2],
			"to": [7.91519, 10.4, -13.7],
			"rotation": {"angle": 0, "axis": "y", "origin": [7.01519, 10.9, -13.2]},
			"faces": {
				"north": {"uv": [10.758, 3.508, 10.8125, 3.59375], "texture": "#0"},
				"east": {"uv": [10.258, 1.508, 10.375, 1.59375], "texture": "#0"},
				"south": {"uv": [3.758, 10.758, 3.8125, 10.84375], "texture": "#0"},
				"west": {"uv": [1.758, 10.258, 1.875, 10.34375], "texture": "#0"},
				"up": {"uv": [10.3125, 9.125, 10.258, 9.008], "texture": "#0"},
				"down": {"uv": [10.3125, 9.258, 10.258, 9.375], "texture": "#0"}
			}
		},
		{
			"from": [7.71519, 10.4, -14.2],
			"to": [8.31519, 10.5, -13.7],
			"rotation": {"angle": 0, "axis": "y", "origin": [7.01519, 11, -13.2]},
			"faces": {
				"north": {"uv": [3.258, 11.008, 3.40625, 11.03125], "texture": "#0"},
				"east": {"uv": [5.758, 11.008, 5.875, 11.03125], "texture": "#0"},
				"south": {"uv": [11.008, 3.258, 11.15625, 3.28125], "texture": "#0"},
				"west": {"uv": [11.008, 5.758, 11.125, 5.78125], "texture": "#0"},
				"up": {"uv": [9.65625, 9.125, 9.508, 9.008], "texture": "#0"},
				"down": {"uv": [9.65625, 9.258, 9.508, 9.375], "texture": "#0"}
			}
		},
		{
			"from": [7.91519, 11.1, -13.9],
			"to": [8.11519, 11.2, -13.7],
			"rotation": {"angle": 0, "axis": "y", "origin": [7.01519, 11.7, -13.2]},
			"faces": {
				"north": {"uv": [3.258, 11.008, 3.40625, 11.03125], "texture": "#0"},
				"east": {"uv": [5.758, 11.008, 5.875, 11.03125], "texture": "#0"},
				"south": {"uv": [11.008, 3.258, 11.15625, 3.28125], "texture": "#0"},
				"west": {"uv": [11.008, 5.758, 11.125, 5.78125], "texture": "#0"},
				"up": {"uv": [9.65625, 9.125, 9.508, 9.008], "texture": "#0"},
				"down": {"uv": [9.65625, 9.258, 9.508, 9.375], "texture": "#0"}
			}
		},
		{
			"from": [7.91519, 11.1, -14.2],
			"to": [8.11519, 11.2, -14],
			"rotation": {"angle": 0, "axis": "y", "origin": [7.01519, 11.7, -13.5]},
			"faces": {
				"north": {"uv": [3.258, 11.008, 3.40625, 11.03125], "texture": "#0"},
				"east": {"uv": [5.758, 11.008, 5.875, 11.03125], "texture": "#0"},
				"south": {"uv": [11.008, 3.258, 11.15625, 3.28125], "texture": "#0"},
				"west": {"uv": [11.008, 5.758, 11.125, 5.78125], "texture": "#0"},
				"up": {"uv": [9.65625, 9.125, 9.508, 9.008], "texture": "#0"},
				"down": {"uv": [9.65625, 9.258, 9.508, 9.375], "texture": "#0"}
			}
		},
		{
			"from": [7.71519, 11.1, -14.2],
			"to": [7.91519, 11.2, -13.7],
			"rotation": {"angle": 0, "axis": "y", "origin": [7.01519, 11.7, -13.2]},
			"faces": {
				"north": {"uv": [3.508, 11.008, 3.65625, 11.03125], "texture": "#0"},
				"east": {"uv": [7.758, 11.008, 7.875, 11.03125], "texture": "#0"},
				"south": {"uv": [11.008, 3.508, 11.15625, 3.53125], "texture": "#0"},
				"west": {"uv": [11.008, 7.758, 11.125, 7.78125], "texture": "#0"},
				"up": {"uv": [9.65625, 9.625, 9.508, 9.508], "texture": "#0"},
				"down": {"uv": [9.90625, 0.508, 9.758, 0.625], "texture": "#0"}
			}
		},
		{
			"from": [8.11519, 11.1, -14.2],
			"to": [8.31519, 11.2, -13.7],
			"rotation": {"angle": 0, "axis": "y", "origin": [7.41519, 11.7, -13.2]},
			"faces": {
				"north": {"uv": [3.508, 11.008, 3.65625, 11.03125], "texture": "#0"},
				"east": {"uv": [7.758, 11.008, 7.875, 11.03125], "texture": "#0"},
				"south": {"uv": [11.008, 3.508, 11.15625, 3.53125], "texture": "#0"},
				"west": {"uv": [11.008, 7.758, 11.125, 7.78125], "texture": "#0"},
				"up": {"uv": [9.65625, 9.625, 9.508, 9.508], "texture": "#0"},
				"down": {"uv": [9.90625, 0.508, 9.758, 0.625], "texture": "#0"}
			}
		},
		{
			"name": "hexadecagon",
			"from": [7.66519, 9.73038, -14.3],
			"to": [8.36519, 9.86962, -10.4],
			"rotation": {"angle": -22.5, "axis": "z", "origin": [8.01519, 9.8, -7.6]},
			"faces": {
				"north": {"uv": [10.758, 2.758, 10.9375, 2.78125], "texture": "#0"},
				"east": {"uv": [8.758, 0.508, 9.71875, 0.53125], "texture": "#0"},
				"south": {"uv": [3.008, 10.758, 3.1875, 10.78125], "texture": "#0"},
				"west": {"uv": [8.758, 2.758, 9.71875, 2.78125], "texture": "#0"},
				"up": {"uv": [3.9375, 2.96875, 3.758, 2.008], "texture": "#0"},
				"down": {"uv": [6.1875, 6.258, 6.008, 7.21875], "texture": "#0"}
			}
		},
		{
			"name": "hexadecagon",
			"from": [7.66519, 9.73038, -14.3],
			"to": [8.36519, 9.86962, -10.4],
			"rotation": {"angle": 0, "axis": "y", "origin": [8.01519, 9.8, -7.6]},
			"faces": {
				"north": {"uv": [10.758, 3.008, 10.9375, 3.03125], "texture": "#0"},
				"east": {"uv": [8.758, 3.008, 9.71875, 3.03125], "texture": "#0"},
				"south": {"uv": [3.258, 10.758, 3.4375, 10.78125], "texture": "#0"},
				"west": {"uv": [8.758, 3.258, 9.71875, 3.28125], "texture": "#0"},
				"up": {"uv": [6.4375, 7.21875, 6.258, 6.258], "texture": "#0"},
				"down": {"uv": [1.1875, 6.508, 1.008, 7.46875], "texture": "#0"}
			}
		},
		{
			"name": "hexadecagon",
			"from": [7.94557, 9.45, -15.3],
			"to": [8.08481, 9.55, -14.3],
			"rotation": {"angle": -45, "axis": "z", "origin": [8.01519, 9.8, -15.4]},
			"faces": {
				"north": {"uv": [0.508, 11.508, 0.53125, 11.53125], "texture": "#0"},
				"east": {"uv": [1.008, 10.508, 1.242, 10.53125], "texture": "#0"},
				"south": {"uv": [11.508, 0.508, 11.53125, 0.53125], "texture": "#0"},
				"west": {"uv": [1.258, 10.508, 1.492, 10.53125], "texture": "#0"},
				"up": {"uv": [1.53125, 10.742, 1.508, 10.508], "texture": "#0"},
				"down": {"uv": [10.53125, 1.508, 10.508, 1.742], "texture": "#0"}
			}
		},
		{
			"name": "hexadecagon",
			"from": [7.94557, 9.45, -15.3],
			"to": [8.08481, 9.55, -14.3],
			"rotation": {"angle": -22.5, "axis": "z", "origin": [8.01519, 9.8, -15.4]},
			"faces": {
				"north": {"uv": [0.758, 11.508, 0.78125, 11.53125], "texture": "#0"},
				"east": {"uv": [1.758, 10.508, 1.992, 10.53125], "texture": "#0"},
				"south": {"uv": [11.508, 0.758, 11.53125, 0.78125], "texture": "#0"},
				"west": {"uv": [10.508, 1.758, 10.742, 1.78125], "texture": "#0"},
				"up": {"uv": [2.03125, 10.742, 2.008, 10.508], "texture": "#0"},
				"down": {"uv": [10.53125, 2.008, 10.508, 2.242], "texture": "#0"}
			}
		},
		{
			"name": "hexadecagon",
			"from": [7.94557, 9.45, -15.3],
			"to": [8.08481, 9.55, -14.3],
			"rotation": {"angle": 0, "axis": "y", "origin": [8.01519, 9.8, -15.4]},
			"faces": {
				"north": {"uv": [1.008, 11.508, 1.03125, 11.53125], "texture": "#0"},
				"east": {"uv": [2.258, 10.508, 2.492, 10.53125], "texture": "#0"},
				"south": {"uv": [1.258, 11.508, 1.28125, 11.53125], "texture": "#0"},
				"west": {"uv": [10.508, 2.258, 10.742, 2.28125], "texture": "#0"},
				"up": {"uv": [2.53125, 10.742, 2.508, 10.508], "texture": "#0"},
				"down": {"uv": [10.53125, 2.508, 10.508, 2.742], "texture": "#0"}
			}
		},
		{
			"name": "hexadecagon",
			"from": [7.94557, 9.45, -15.3],
			"to": [8.08481, 9.55, -14.3],
			"rotation": {"angle": 22.5, "axis": "z", "origin": [8.01519, 9.8, -15.4]},
			"faces": {
				"north": {"uv": [1.508, 11.508, 1.53125, 11.53125], "texture": "#0"},
				"east": {"uv": [2.758, 10.508, 2.992, 10.53125], "texture": "#0"},
				"south": {"uv": [11.508, 1.508, 11.53125, 1.53125], "texture": "#0"},
				"west": {"uv": [10.508, 2.758, 10.742, 2.78125], "texture": "#0"},
				"up": {"uv": [3.03125, 10.742, 3.008, 10.508], "texture": "#0"},
				"down": {"uv": [10.53125, 3.008, 10.508, 3.242], "texture": "#0"}
			}
		},
		{
			"name": "hexadecagon",
			"from": [7.94557, 9.45, -15.3],
			"to": [8.08481, 9.55, -14.3],
			"rotation": {"angle": 45, "axis": "z", "origin": [8.01519, 9.8, -15.4]},
			"faces": {
				"north": {"uv": [1.758, 11.508, 1.78125, 11.53125], "texture": "#0"},
				"east": {"uv": [3.258, 10.508, 3.492, 10.53125], "texture": "#0"},
				"south": {"uv": [11.508, 1.758, 11.53125, 1.78125], "texture": "#0"},
				"west": {"uv": [10.508, 3.258, 10.742, 3.28125], "texture": "#0"},
				"up": {"uv": [3.53125, 10.742, 3.508, 10.508], "texture": "#0"},
				"down": {"uv": [10.53125, 3.508, 10.508, 3.742], "texture": "#0"}
			}
		},
		{
			"name": "hexadecagon",
			"from": [7.94557, 10.05, -15.3],
			"to": [8.08481, 10.15, -14.3],
			"rotation": {"angle": -45, "axis": "z", "origin": [8.01519, 9.8, -15.4]},
			"faces": {
				"north": {"uv": [2.008, 11.508, 2.03125, 11.53125], "texture": "#0"},
				"east": {"uv": [3.758, 10.508, 3.992, 10.53125], "texture": "#0"},
				"south": {"uv": [11.508, 2.008, 11.53125, 2.03125], "texture": "#0"},
				"west": {"uv": [10.508, 3.758, 10.742, 3.78125], "texture": "#0"},
				"up": {"uv": [4.03125, 10.742, 4.008, 10.508], "texture": "#0"},
				"down": {"uv": [4.28125, 10.508, 4.258, 10.742], "texture": "#0"}
			}
		},
		{
			"name": "hexadecagon",
			"from": [7.94557, 10.05, -15.3],
			"to": [8.08481, 10.15, -14.3],
			"rotation": {"angle": -22.5, "axis": "z", "origin": [8.01519, 9.8, -15.4]},
			"faces": {
				"north": {"uv": [2.258, 11.508, 2.28125, 11.53125], "texture": "#0"},
				"east": {"uv": [10.508, 4.258, 10.742, 4.28125], "texture": "#0"},
				"south": {"uv": [11.508, 2.258, 11.53125, 2.28125], "texture": "#0"},
				"west": {"uv": [4.508, 10.508, 4.742, 10.53125], "texture": "#0"},
				"up": {"uv": [10.53125, 4.742, 10.508, 4.508], "texture": "#0"},
				"down": {"uv": [4.78125, 10.508, 4.758, 10.742], "texture": "#0"}
			}
		},
		{
			"name": "hexadecagon",
			"from": [7.94557, 10.05, -15.3],
			"to": [8.08481, 10.15, -14.3],
			"rotation": {"angle": 0, "axis": "y", "origin": [8.01519, 9.8, -15.4]},
			"faces": {
				"north": {"uv": [2.508, 11.508, 2.53125, 11.53125], "texture": "#0"},
				"east": {"uv": [10.508, 4.758, 10.742, 4.78125], "texture": "#0"},
				"south": {"uv": [11.508, 2.508, 11.53125, 2.53125], "texture": "#0"},
				"west": {"uv": [5.008, 10.508, 5.242, 10.53125], "texture": "#0"},
				"up": {"uv": [10.53125, 5.242, 10.508, 5.008], "texture": "#0"},
				"down": {"uv": [5.28125, 10.508, 5.258, 10.742], "texture": "#0"}
			}
		},
		{
			"name": "hexadecagon",
			"from": [7.94557, 10.05, -15.3],
			"to": [8.08481, 10.15, -14.3],
			"rotation": {"angle": 22.5, "axis": "z", "origin": [8.01519, 9.8, -15.4]},
			"faces": {
				"north": {"uv": [2.758, 11.508, 2.78125, 11.53125], "texture": "#0"},
				"east": {"uv": [10.508, 5.258, 10.742, 5.28125], "texture": "#0"},
				"south": {"uv": [11.508, 2.758, 11.53125, 2.78125], "texture": "#0"},
				"west": {"uv": [5.508, 10.508, 5.742, 10.53125], "texture": "#0"},
				"up": {"uv": [10.53125, 5.742, 10.508, 5.508], "texture": "#0"},
				"down": {"uv": [5.78125, 10.508, 5.758, 10.742], "texture": "#0"}
			}
		},
		{
			"name": "hexadecagon",
			"from": [7.94557, 10.05, -15.3],
			"to": [8.08481, 10.15, -14.3],
			"rotation": {"angle": 45, "axis": "z", "origin": [8.01519, 9.8, -15.4]},
			"faces": {
				"north": {"uv": [3.008, 11.508, 3.03125, 11.53125], "texture": "#0"},
				"east": {"uv": [10.508, 5.758, 10.742, 5.78125], "texture": "#0"},
				"south": {"uv": [11.508, 3.008, 11.53125, 3.03125], "texture": "#0"},
				"west": {"uv": [10.508, 6.008, 10.742, 6.03125], "texture": "#0"},
				"up": {"uv": [6.28125, 10.742, 6.258, 10.508], "texture": "#0"},
				"down": {"uv": [10.53125, 6.258, 10.508, 6.492], "texture": "#0"}
			}
		},
		{
			"name": "hexadecagon",
			"from": [7.66519, 9.73038, -15.3],
			"to": [7.76519, 9.86962, -14.3],
			"rotation": {"angle": -22.5, "axis": "z", "origin": [8.01519, 9.8, -15.4]},
			"faces": {
				"north": {"uv": [3.258, 11.508, 3.28125, 11.53125], "texture": "#0"},
				"east": {"uv": [6.508, 10.508, 6.742, 10.53125], "texture": "#0"},
				"south": {"uv": [11.508, 3.258, 11.53125, 3.28125], "texture": "#0"},
				"west": {"uv": [10.508, 6.508, 10.742, 6.53125], "texture": "#0"},
				"up": {"uv": [6.78125, 10.742, 6.758, 10.508], "texture": "#0"},
				"down": {"uv": [10.53125, 6.758, 10.508, 6.992], "texture": "#0"}
			}
		},
		{
			"name": "hexadecagon",
			"from": [7.66519, 9.73038, -15.3],
			"to": [7.76519, 9.86962, -14.3],
			"rotation": {"angle": 0, "axis": "y", "origin": [8.01519, 9.8, -15.4]},
			"faces": {
				"north": {"uv": [3.508, 11.508, 3.53125, 11.53125], "texture": "#0"},
				"east": {"uv": [10.508, 7.008, 10.742, 7.03125], "texture": "#0"},
				"south": {"uv": [11.508, 3.508, 11.53125, 3.53125], "texture": "#0"},
				"west": {"uv": [10.508, 7.258, 10.742, 7.28125], "texture": "#0"},
				"up": {"uv": [7.53125, 10.742, 7.508, 10.508], "texture": "#0"},
				"down": {"uv": [10.53125, 7.508, 10.508, 7.742], "texture": "#0"}
			}
		},
		{
			"name": "hexadecagon",
			"from": [7.66519, 9.73038, -15.3],
			"to": [7.76519, 9.86962, -14.3],
			"rotation": {"angle": 22.5, "axis": "z", "origin": [8.01519, 9.8, -15.4]},
			"faces": {
				"north": {"uv": [3.758, 11.508, 3.78125, 11.53125], "texture": "#0"},
				"east": {"uv": [7.758, 10.508, 7.992, 10.53125], "texture": "#0"},
				"south": {"uv": [11.508, 3.758, 11.53125, 3.78125], "texture": "#0"},
				"west": {"uv": [10.508, 7.758, 10.742, 7.78125], "texture": "#0"},
				"up": {"uv": [8.03125, 10.742, 8.008, 10.508], "texture": "#0"},
				"down": {"uv": [10.53125, 8.008, 10.508, 8.242], "texture": "#0"}
			}
		},
		{
			"name": "hexadecagon",
			"from": [8.26519, 9.73038, -15.3],
			"to": [8.36519, 9.86962, -14.3],
			"rotation": {"angle": -22.5, "axis": "z", "origin": [8.01519, 9.8, -15.4]},
			"faces": {
				"north": {"uv": [4.008, 11.508, 4.03125, 11.53125], "texture": "#0"},
				"east": {"uv": [8.258, 10.508, 8.492, 10.53125], "texture": "#0"},
				"south": {"uv": [11.508, 4.008, 11.53125, 4.03125], "texture": "#0"},
				"west": {"uv": [10.508, 8.258, 10.742, 8.28125], "texture": "#0"},
				"up": {"uv": [8.53125, 10.742, 8.508, 10.508], "texture": "#0"},
				"down": {"uv": [10.53125, 8.508, 10.508, 8.742], "texture": "#0"}
			}
		},
		{
			"name": "hexadecagon",
			"from": [8.26519, 9.73038, -15.3],
			"to": [8.36519, 9.86962, -14.3],
			"rotation": {"angle": 0, "axis": "y", "origin": [8.01519, 9.8, -15.4]},
			"faces": {
				"north": {"uv": [4.258, 11.508, 4.28125, 11.53125], "texture": "#0"},
				"east": {"uv": [8.758, 10.508, 8.992, 10.53125], "texture": "#0"},
				"south": {"uv": [11.508, 4.258, 11.53125, 4.28125], "texture": "#0"},
				"west": {"uv": [10.508, 8.758, 10.742, 8.78125], "texture": "#0"},
				"up": {"uv": [9.03125, 10.742, 9.008, 10.508], "texture": "#0"},
				"down": {"uv": [10.53125, 9.008, 10.508, 9.242], "texture": "#0"}
			}
		},
		{
			"name": "hexadecagon",
			"from": [8.26519, 9.73038, -15.3],
			"to": [8.36519, 9.86962, -14.3],
			"rotation": {"angle": 22.5, "axis": "z", "origin": [8.01519, 9.8, -15.4]},
			"faces": {
				"north": {"uv": [4.508, 11.508, 4.53125, 11.53125], "texture": "#0"},
				"east": {"uv": [9.258, 10.508, 9.492, 10.53125], "texture": "#0"},
				"south": {"uv": [11.508, 4.508, 11.53125, 4.53125], "texture": "#0"},
				"west": {"uv": [10.508, 9.258, 10.742, 9.28125], "texture": "#0"},
				"up": {"uv": [9.53125, 10.742, 9.508, 10.508], "texture": "#0"},
				"down": {"uv": [10.53125, 9.508, 10.508, 9.742], "texture": "#0"}
			}
		},
		{
			"name": "hexadecagon",
			"from": [7.66519, 9.73038, -14.3],
			"to": [8.36519, 9.86962, -10.4],
			"rotation": {"angle": 22.5, "axis": "z", "origin": [8.01519, 9.8, -7.6]},
			"faces": {
				"north": {"uv": [10.758, 3.258, 10.9375, 3.28125], "texture": "#0"},
				"east": {"uv": [8.758, 6.508, 9.71875, 6.53125], "texture": "#0"},
				"south": {"uv": [3.508, 10.758, 3.6875, 10.78125], "texture": "#0"},
				"west": {"uv": [6.758, 8.758, 7.71875, 8.78125], "texture": "#0"},
				"up": {"uv": [1.4375, 7.46875, 1.258, 6.508], "texture": "#0"},
				"down": {"uv": [1.6875, 6.508, 1.508, 7.46875], "texture": "#0"}
			}
		},
		{
			"name": "hexadecagon",
			"from": [7.92044, 9.5, 9.7],
			"to": [8.07956, 10.3, 12.5],
			"rotation": {"angle": -45, "axis": "z", "origin": [8, 9.9, 12]},
			"faces": {
				"north": {"uv": [10.758, 4.758, 10.78125, 4.9375], "texture": "#0"},
				"east": {"uv": [7.258, 5.758, 7.9375, 5.9375], "texture": "#0"},
				"south": {"uv": [5.008, 10.758, 5.03125, 10.9375], "texture": "#0"},
				"west": {"uv": [7.258, 6.008, 7.9375, 6.1875], "texture": "#0"},
				"up": {"uv": [0.53125, 10.1875, 0.508, 9.508], "texture": "#0"},
				"down": {"uv": [0.78125, 9.508, 0.758, 10.1875], "texture": "#0"}
			}
		},
		{
			"name": "hexadecagon",
			"from": [7.92044, 9.5, 9.7],
			"to": [8.07956, 10.3, 12.5],
			"rotation": {"angle": -22.5, "axis": "z", "origin": [8, 9.9, 12]},
			"faces": {
				"north": {"uv": [10.758, 5.008, 10.78125, 5.1875], "texture": "#0"},
				"east": {"uv": [7.258, 6.258, 7.9375, 6.4375], "texture": "#0"},
				"south": {"uv": [5.258, 10.758, 5.28125, 10.9375], "texture": "#0"},
				"west": {"uv": [7.258, 6.508, 7.9375, 6.6875], "texture": "#0"},
				"up": {"uv": [2.78125, 10.1875, 2.758, 9.508], "texture": "#0"},
				"down": {"uv": [3.53125, 9.508, 3.508, 10.1875], "texture": "#0"}
			}
		},
		{
			"name": "hexadecagon",
			"from": [7.92044, 9.5, 9.7],
			"to": [8.07956, 10.3, 12.5],
			"rotation": {"angle": 0, "axis": "y", "origin": [8, 9.9, 12]},
			"faces": {
				"north": {"uv": [10.758, 5.258, 10.78125, 5.4375], "texture": "#0"},
				"east": {"uv": [7.508, 0.008, 8.1875, 0.1875], "texture": "#0"},
				"south": {"uv": [5.508, 10.758, 5.53125, 10.9375], "texture": "#0"},
				"west": {"uv": [7.508, 0.258, 8.1875, 0.4375], "texture": "#0"},
				"up": {"uv": [3.78125, 10.1875, 3.758, 9.508], "texture": "#0"},
				"down": {"uv": [9.53125, 3.758, 9.508, 4.4375], "texture": "#0"}
			}
		},
		{
			"name": "hexadecagon",
			"from": [7.92044, 9.5, 9.7],
			"to": [8.07956, 10.3, 12.5],
			"rotation": {"angle": 22.5, "axis": "z", "origin": [8, 9.9, 12]},
			"faces": {
				"north": {"uv": [10.758, 5.508, 10.78125, 5.6875], "texture": "#0"},
				"east": {"uv": [7.508, 0.508, 8.1875, 0.6875], "texture": "#0"},
				"south": {"uv": [5.758, 10.758, 5.78125, 10.9375], "texture": "#0"},
				"west": {"uv": [7.508, 0.758, 8.1875, 0.9375], "texture": "#0"},
				"up": {"uv": [9.53125, 5.1875, 9.508, 4.508], "texture": "#0"},
				"down": {"uv": [9.53125, 5.258, 9.508, 5.9375], "texture": "#0"}
			}
		},
		{
			"name": "hexadecagon",
			"from": [7.92044, 9.5, 9.7],
			"to": [8.07956, 10.3, 12.5],
			"rotation": {"angle": 45, "axis": "z", "origin": [8, 9.9, 12]},
			"faces": {
				"north": {"uv": [10.758, 5.758, 10.78125, 5.9375], "texture": "#0"},
				"east": {"uv": [1.008, 7.508, 1.6875, 7.6875], "texture": "#0"},
				"south": {"uv": [6.008, 10.758, 6.03125, 10.9375], "texture": "#0"},
				"west": {"uv": [6.008, 7.508, 6.6875, 7.6875], "texture": "#0"},
				"up": {"uv": [6.28125, 10.1875, 6.258, 9.508], "texture": "#0"},
				"down": {"uv": [9.53125, 6.758, 9.508, 7.4375], "texture": "#0"}
			}
		},
		{
			"name": "hexadecagon",
			"from": [7.6, 9.82044, 9.7],
			"to": [8.4, 9.97956, 12.5],
			"rotation": {"angle": -22.5, "axis": "z", "origin": [8, 9.9, 12]},
			"faces": {
				"north": {"uv": [10.758, 6.008, 10.9375, 6.03125], "texture": "#0"},
				"east": {"uv": [9.508, 6.008, 10.1875, 6.03125], "texture": "#0"},
				"south": {"uv": [6.258, 10.758, 6.4375, 10.78125], "texture": "#0"},
				"west": {"uv": [9.508, 6.258, 10.1875, 6.28125], "texture": "#0"},
				"up": {"uv": [3.9375, 8.1875, 3.758, 7.508], "texture": "#0"},
				"down": {"uv": [6.9375, 7.508, 6.758, 8.1875], "texture": "#0"}
			}
		},
		{
			"name": "hexadecagon",
			"from": [7.6, 9.82044, 9.7],
			"to": [8.4, 9.97956, 12.5],
			"rotation": {"angle": 0, "axis": "y", "origin": [8, 9.9, 12]},
			"faces": {
				"north": {"uv": [10.758, 6.258, 10.9375, 6.28125], "texture": "#0"},
				"east": {"uv": [7.008, 9.508, 7.6875, 9.53125], "texture": "#0"},
				"south": {"uv": [6.508, 10.758, 6.6875, 10.78125], "texture": "#0"},
				"west": {"uv": [9.508, 7.508, 10.1875, 7.53125], "texture": "#0"},
				"up": {"uv": [7.6875, 7.4375, 7.508, 6.758], "texture": "#0"},
				"down": {"uv": [7.1875, 7.508, 7.008, 8.1875], "texture": "#0"}
			}
		},
		{
			"name": "hexadecagon",
			"from": [7.6, 9.82044, 9.7],
			"to": [8.4, 9.97956, 12.5],
			"rotation": {"angle": 22.5, "axis": "z", "origin": [8, 9.9, 12]},
			"faces": {
				"north": {"uv": [10.758, 6.508, 10.9375, 6.53125], "texture": "#0"},
				"east": {"uv": [7.758, 9.508, 8.4375, 9.53125], "texture": "#0"},
				"south": {"uv": [6.758, 10.758, 6.9375, 10.78125], "texture": "#0"},
				"west": {"uv": [9.508, 7.758, 10.1875, 7.78125], "texture": "#0"},
				"up": {"uv": [7.4375, 8.1875, 7.258, 7.508], "texture": "#0"},
				"down": {"uv": [7.6875, 7.508, 7.508, 8.1875], "texture": "#0"}
			}
		},
		{
			"name": "hexadecagon",
			"from": [7.92044, 9.5, 15.3],
			"to": [8.07956, 10.3, 18.5],
			"rotation": {"angle": -45, "axis": "z", "origin": [8, 9.9, 18]},
			"faces": {
				"north": {"uv": [10.758, 8.758, 10.78125, 8.9375], "texture": "#0"},
				"east": {"uv": [6.758, 4.508, 7.5625, 4.6875], "texture": "#0"},
				"south": {"uv": [9.008, 10.758, 9.03125, 10.9375], "texture": "#0"},
				"west": {"uv": [6.758, 4.758, 7.5625, 4.9375], "texture": "#0"},
				"up": {"uv": [9.03125, 9.5625, 9.008, 8.758], "texture": "#0"},
				"down": {"uv": [1.03125, 9.258, 1.008, 10.0625], "texture": "#0"}
			}
		},
		{
			"name": "hexadecagon",
			"from": [7.92044, 9.5, 15.3],
			"to": [8.07956, 10.3, 18.5],
			"rotation": {"angle": -22.5, "axis": "z", "origin": [8, 9.9, 18]},
			"faces": {
				"north": {"uv": [10.758, 9.008, 10.78125, 9.1875], "texture": "#0"},
				"east": {"uv": [6.508, 6.758, 7.3125, 6.9375], "texture": "#0"},
				"south": {"uv": [9.258, 10.758, 9.28125, 10.9375], "texture": "#0"},
				"west": {"uv": [1.758, 7.008, 2.5625, 7.1875], "texture": "#0"},
				"up": {"uv": [2.03125, 10.0625, 2.008, 9.258], "texture": "#0"},
				"down": {"uv": [2.28125, 9.258, 2.258, 10.0625], "texture": "#0"}
			}
		},
		{
			"name": "hexadecagon",
			"from": [7.92044, 9.5, 15.3],
			"to": [8.07956, 10.3, 18.5],
			"rotation": {"angle": 0, "axis": "y", "origin": [8, 9.9, 18]},
			"faces": {
				"north": {"uv": [10.758, 9.258, 10.78125, 9.4375], "texture": "#0"},
				"east": {"uv": [2.758, 7.008, 3.5625, 7.1875], "texture": "#0"},
				"south": {"uv": [9.508, 10.758, 9.53125, 10.9375], "texture": "#0"},
				"west": {"uv": [7.008, 3.508, 7.8125, 3.6875], "texture": "#0"},
				"up": {"uv": [3.03125, 10.0625, 3.008, 9.258], "texture": "#0"},
				"down": {"uv": [3.28125, 9.258, 3.258, 10.0625], "texture": "#0"}
			}
		},
		{
			"name": "hexadecagon",
			"from": [7.92044, 9.5, 15.3],
			"to": [8.07956, 10.3, 18.5],
			"rotation": {"angle": 22.5, "axis": "z", "origin": [8, 9.9, 18]},
			"faces": {
				"north": {"uv": [10.758, 9.508, 10.78125, 9.6875], "texture": "#0"},
				"east": {"uv": [7.008, 3.758, 7.8125, 3.9375], "texture": "#0"},
				"south": {"uv": [9.758, 10.758, 9.78125, 10.9375], "texture": "#0"},
				"west": {"uv": [7.008, 4.008, 7.8125, 4.1875], "texture": "#0"},
				"up": {"uv": [9.28125, 4.3125, 9.258, 3.508], "texture": "#0"},
				"down": {"uv": [9.28125, 5.258, 9.258, 6.0625], "texture": "#0"}
			}
		},
		{
			"name": "hexadecagon",
			"from": [7.92044, 9.5, 15.3],
			"to": [8.07956, 10.3, 18.5],
			"rotation": {"angle": 45, "axis": "z", "origin": [8, 9.9, 18]},
			"faces": {
				"north": {"uv": [10.758, 9.758, 10.78125, 9.9375], "texture": "#0"},
				"east": {"uv": [7.008, 4.258, 7.8125, 4.4375], "texture": "#0"},
				"south": {"uv": [10.008, 10.758, 10.03125, 10.9375], "texture": "#0"},
				"west": {"uv": [7.008, 5.508, 7.8125, 5.6875], "texture": "#0"},
				"up": {"uv": [6.78125, 10.0625, 6.758, 9.258], "texture": "#0"},
				"down": {"uv": [9.28125, 6.758, 9.258, 7.5625], "texture": "#0"}
			}
		},
		{
			"name": "hexadecagon",
			"from": [7.6, 9.82044, 15.3],
			"to": [8.4, 9.97956, 18.5],
			"rotation": {"angle": -22.5, "axis": "z", "origin": [8, 9.9, 18]},
			"faces": {
				"north": {"uv": [10.758, 10.008, 10.9375, 10.03125], "texture": "#0"},
				"east": {"uv": [9.008, 8.008, 9.8125, 8.03125], "texture": "#0"},
				"south": {"uv": [10.258, 10.758, 10.4375, 10.78125], "texture": "#0"},
				"west": {"uv": [9.258, 0.008, 10.0625, 0.03125], "texture": "#0"},
				"up": {"uv": [3.9375, 7.3125, 3.758, 6.508], "texture": "#0"},
				"down": {"uv": [0.6875, 6.758, 0.508, 7.5625], "texture": "#0"}
			}
		},
		{
			"name": "hexadecagon",
			"from": [7.6, 9.82044, 15.3],
			"to": [8.4, 9.97956, 18.5],
			"rotation": {"angle": 0, "axis": "y", "origin": [8, 9.9, 18]},
			"faces": {
				"north": {"uv": [10.758, 10.258, 10.9375, 10.28125], "texture": "#0"},
				"east": {"uv": [9.258, 0.258, 10.0625, 0.28125], "texture": "#0"},
				"south": {"uv": [10.508, 10.758, 10.6875, 10.78125], "texture": "#0"},
				"west": {"uv": [9.258, 0.758, 10.0625, 0.78125], "texture": "#0"},
				"up": {"uv": [0.9375, 7.5625, 0.758, 6.758], "texture": "#0"},
				"down": {"uv": [5.6875, 7.008, 5.508, 7.8125], "texture": "#0"}
			}
		},
		{
			"name": "hexadecagon",
			"from": [7.6, 9.82044, 15.3],
			"to": [8.4, 9.97956, 18.5],
			"rotation": {"angle": 22.5, "axis": "z", "origin": [8, 9.9, 18]},
			"faces": {
				"north": {"uv": [10.758, 10.508, 10.9375, 10.53125], "texture": "#0"},
				"east": {"uv": [9.258, 1.758, 10.0625, 1.78125], "texture": "#0"},
				"south": {"uv": [10.758, 10.758, 10.9375, 10.78125], "texture": "#0"},
				"west": {"uv": [9.258, 2.508, 10.0625, 2.53125], "texture": "#0"},
				"up": {"uv": [5.9375, 7.8125, 5.758, 7.008], "texture": "#0"},
				"down": {"uv": [7.1875, 5.758, 7.008, 6.5625], "texture": "#0"}
			}
		}
	],
	"display": {
		"thirdperson_righthand": {
			"rotation": [-5, 0, 0],
			"translation": [0, 0, -5.25],
			"scale": [0.7, 0.7, 0.7]
		},
		"thirdperson_lefthand": {
			"rotation": [-5, 0, 0],
			"translation": [0, 0.25, -5.25],
			"scale": [0.7, 0.7, 0.7]
		},
		"firstperson_righthand": {
			"translation": [3.75, 0.75, -9.25]
		},
		"firstperson_lefthand": {
			"rotation": [-3, 0, 0],
			"translation": [-9, 4.9, 6.25]
		},
		"ground": {
			"rotation": [0, 0, 90],
			"translation": [0, -2, 0],
			"scale": [0.7, 0.7, 0.7]
		},
		"gui": {
			"rotation": [103, 50, -94],
			"translation": [-0.5, 0.5, 0],
			"scale": [0.45, 0.45, 0.45]
		}
	},
	"groups": [
		0,
		1,
		2,
		3,
		4,
		5,
		6,
		7,
		8,
		9,
		10,
		11,
		12,
		13,
		14,
		15,
		16,
		17,
		18,
		19,
		20,
		21,
		22,
		23,
		24,
		25,
		26,
		27,
		28,
		29,
		30,
		31,
		32,
		33,
		34,
		35,
		36,
		37,
		38,
		39,
		40,
		41,
		42,
		43,
		44,
		45,
		46,
		47,
		48,
		49,
		50,
		51,
		52,
		53,
		54,
		55,
		56,
		57,
		58,
		59,
		60,
		61,
		62,
		63,
		64,
		65,
		66,
		67,
		68,
		69,
		70,
		71,
		72,
		73,
		74,
		75,
		76,
		77,
		78,
		79,
		80,
		81,
		82,
		83,
		84,
		{
			"name": "hexadecagon",
			"origin": [8, 8, 8],
			"color": 0,
			"children": [
				85,
				86,
				87,
				88,
				89,
				90,
				91,
				92,
				93,
				94,
				95,
				96,
				97,
				98,
				99,
				100,
				101,
				102,
				103,
				104,
				{
					"name": "hexadecagon",
					"origin": [8, 8, 8],
					"color": 0,
					"children": [105, 106, 107, 108, 109, 110, 111, 112, 113, 114, 115, 116, 117, 118, 119, 120]
				},
				121
			]
		},
		{
			"name": "hexadecagon",
			"origin": [8, 8, 8],
			"color": 0,
			"children": [122, 123, 124, 125, 126, 127, 128, 129]
		},
		{
			"name": "hexadecagon",
			"origin": [8, 8, 8],
			"color": 0,
			"children": [130, 131, 132, 133, 134, 135, 136, 137]
		}
	]
}