{
	"credit": "Made with Blockbench",
	"texture_size": [32, 32],
	"textures": {
		"0": "item/guns/musketon",
		"particle": "item/guns/musketon"
	},
	"elements": [
		{
			"from": [7.425, 9.4, 10.8],
			"to": [8.575, 10.45, 12.3],
			"rotation": {"angle": 0, "axis": "y", "origin": [7, 8.25, 8.75]},
			"faces": {
				"north": {"uv": [2.5, 4.5, 3.0625, 5], "texture": "#0"},
				"east": {"uv": [1, 3, 1.75, 3.5], "texture": "#0"},
				"south": {"uv": [1.5, 6, 2.0625, 6.5], "texture": "#0"},
				"west": {"uv": [3, 1, 3.75, 1.5], "texture": "#0"},
				"up": {"uv": [2.5625, 1.75, 2, 1], "texture": "#0"},
				"down": {"uv": [2.5625, 2, 2, 2.75], "texture": "#0"}
			}
		},
		{
			"from": [7.8, 9.375, 10.8],
			"to": [8.2, 9.4, 12.3],
			"rotation": {"angle": 0, "axis": "y", "origin": [7, 8.25, 8.75]},
			"faces": {
				"north": {"uv": [8, 12, 8.1875, 12.0625], "texture": "#0"},
				"east": {"uv": [0, 10.5, 0.75, 10.5625], "texture": "#0"},
				"south": {"uv": [12, 8, 12.1875, 8.0625], "texture": "#0"},
				"west": {"uv": [10.5, 0.5, 11.25, 0.5625], "texture": "#0"},
				"up": {"uv": [0.1875, 8.75, 0, 8], "texture": "#0"},
				"down": {"uv": [0.6875, 8, 0.5, 8.75], "texture": "#0"}
			}
		},
		{
			"from": [7.875, 9.375, 8.85],
			"to": [8.125, 9.4, 9.95],
			"rotation": {"angle": 0, "axis": "y", "origin": [7, 8.25, 6.4]},
			"faces": {
				"north": {"uv": [8, 13, 8.125, 13.0625], "texture": "#0"},
				"east": {"uv": [10.5, 1.5, 11.0625, 1.5625], "texture": "#0"},
				"south": {"uv": [13, 8, 13.125, 8.0625], "texture": "#0"},
				"west": {"uv": [2, 10.5, 2.5625, 10.5625], "texture": "#0"},
				"up": {"uv": [9.625, 4.5625, 9.5, 4], "texture": "#0"},
				"down": {"uv": [6.125, 9.5, 6, 10.0625], "texture": "#0"}
			}
		},
		{
			"from": [8.575, 9.7, 11.35],
			"to": [8.725, 10.15, 11.6],
			"rotation": {"angle": 0, "axis": "y", "origin": [7.1, 8.55, 8.35]},
			"faces": {
				"north": {"uv": [7.5, 11, 7.5625, 11.25], "texture": "#0"},
				"east": {"uv": [4.5, 10.5, 4.625, 10.75], "texture": "#0"},
				"south": {"uv": [11, 7.5, 11.0625, 7.75], "texture": "#0"},
				"west": {"uv": [5, 10.5, 5.125, 10.75], "texture": "#0"},
				"up": {"uv": [11.5625, 12.125, 11.5, 12], "texture": "#0"},
				"down": {"uv": [12.0625, 11.5, 12, 11.625], "texture": "#0"}
			}
		},
		{
			"from": [8.575, 10.13284, 11.35],
			"to": [8.725, 10.18284, 11.6],
			"rotation": {"angle": 0, "axis": "y", "origin": [7.1, 8.98284, 8.35]},
			"faces": {
				"north": {"uv": [13.5, 0.5, 13.5625, 0.5625], "texture": "#0"},
				"east": {"uv": [12.5, 2.5, 12.625, 2.5625], "texture": "#0"},
				"south": {"uv": [1, 13.5, 1.0625, 13.5625], "texture": "#0"},
				"west": {"uv": [3, 12.5, 3.125, 12.5625], "texture": "#0"},
				"up": {"uv": [12.5625, 3.125, 12.5, 3], "texture": "#0"},
				"down": {"uv": [3.5625, 12.5, 3.5, 12.625], "texture": "#0"}
			}
		},
		{
			"from": [8.4, 10.13284, 10.55],
			"to": [8.55, 10.18284, 10.8],
			"rotation": {"angle": 0, "axis": "y", "origin": [6.925, 8.98284, 7.55]},
			"faces": {
				"north": {"uv": [13.5, 12, 13.5625, 12.0625], "texture": "#0"},
				"east": {"uv": [12.5, 7.5, 12.625, 7.5625], "texture": "#0"},
				"south": {"uv": [12.5, 13.5, 12.5625, 13.5625], "texture": "#0"},
				"west": {"uv": [8, 12.5, 8.125, 12.5625], "texture": "#0"},
				"up": {"uv": [12.5625, 8.125, 12.5, 8], "texture": "#0"},
				"down": {"uv": [8.5625, 12.5, 8.5, 12.625], "texture": "#0"}
			}
		},
		{
			"from": [8.4, 10.03284, 10.325],
			"to": [8.475, 10.13284, 10.425],
			"rotation": {"angle": 0, "axis": "y", "origin": [6.925, 8.90784, 7.175]},
			"faces": {
				"north": {"uv": [2, 14, 2.0625, 14.0625], "texture": "#0"},
				"east": {"uv": [14, 2, 14.0625, 2.0625], "texture": "#0"},
				"south": {"uv": [2.5, 14, 2.5625, 14.0625], "texture": "#0"},
				"west": {"uv": [14, 2.5, 14.0625, 2.5625], "texture": "#0"},
				"up": {"uv": [3.0625, 14.0625, 3, 14], "texture": "#0"},
				"down": {"uv": [14.0625, 3, 14, 3.0625], "texture": "#0"}
			}
		},
		{
			"from": [8.4, 8.98047, 11.08161],
			"to": [8.5, 9.03047, 11.25661],
			"rotation": {"angle": -22.5, "axis": "x", "origin": [6.925, 7.83047, 8.00661]},
			"faces": {
				"north": {"uv": [0.5, 14, 0.5625, 14.0625], "texture": "#0"},
				"east": {"uv": [14, 0.5, 14.0625, 0.5625], "texture": "#0"},
				"south": {"uv": [1, 14, 1.0625, 14.0625], "texture": "#0"},
				"west": {"uv": [14, 1, 14.0625, 1.0625], "texture": "#0"},
				"up": {"uv": [1.5625, 14.0625, 1.5, 14], "texture": "#0"},
				"down": {"uv": [14.0625, 1.5, 14, 1.5625], "texture": "#0"}
			}
		},
		{
			"from": [8.4, 10.18284, 10.75],
			"to": [8.55, 10.35784, 10.8],
			"rotation": {"angle": 0, "axis": "y", "origin": [6.925, 9.03284, 7.55]},
			"faces": {
				"north": {"uv": [13.5, 12.5, 13.5625, 12.5625], "texture": "#0"},
				"east": {"uv": [13, 13.5, 13.0625, 13.5625], "texture": "#0"},
				"south": {"uv": [13.5, 13, 13.5625, 13.0625], "texture": "#0"},
				"west": {"uv": [13.5, 13.5, 13.5625, 13.5625], "texture": "#0"},
				"up": {"uv": [0.0625, 14.0625, 0, 14], "texture": "#0"},
				"down": {"uv": [14.0625, 0, 14, 0.0625], "texture": "#0"}
			}
		},
		{
			"from": [8.575, 10.35784, 12.625],
			"to": [8.725, 10.65784, 12.7],
			"rotation": {"angle": 22.5, "axis": "x", "origin": [7.1, 13.60784, 11.5]},
			"faces": {
				"north": {"uv": [12.5, 3.5, 12.5625, 3.625], "texture": "#0"},
				"east": {"uv": [4, 12.5, 4.0625, 12.625], "texture": "#0"},
				"south": {"uv": [12.5, 4, 12.5625, 4.125], "texture": "#0"},
				"west": {"uv": [4.5, 12.5, 4.5625, 12.625], "texture": "#0"},
				"up": {"uv": [13.5625, 1.0625, 13.5, 1], "texture": "#0"},
				"down": {"uv": [1.5625, 13.5, 1.5, 13.5625], "texture": "#0"}
			}
		},
		{
			"from": [8.575, 10.42318, 11.42974],
			"to": [8.725, 10.64818, 11.47974],
			"rotation": {"angle": 0, "axis": "y", "origin": [7.1, 13.67318, 10.27974]},
			"faces": {
				"north": {"uv": [12.5, 4.5, 12.5625, 4.625], "texture": "#0"},
				"east": {"uv": [5, 12.5, 5.0625, 12.625], "texture": "#0"},
				"south": {"uv": [12.5, 5, 12.5625, 5.125], "texture": "#0"},
				"west": {"uv": [5.5, 12.5, 5.5625, 12.625], "texture": "#0"},
				"up": {"uv": [13.5625, 1.5625, 13.5, 1.5], "texture": "#0"},
				"down": {"uv": [2.0625, 13.5, 2, 13.5625], "texture": "#0"}
			}
		},
		{
			"from": [8.575, 9.89818, 13.90474],
			"to": [8.725, 10.42318, 13.95474],
			"rotation": {"angle": 45, "axis": "x", "origin": [7.1, 13.44818, 12.75474]},
			"faces": {
				"north": {"uv": [8, 11, 8.0625, 11.25], "texture": "#0"},
				"east": {"uv": [11, 8, 11.0625, 8.25], "texture": "#0"},
				"south": {"uv": [8.5, 11, 8.5625, 11.25], "texture": "#0"},
				"west": {"uv": [11, 8.5, 11.0625, 8.75], "texture": "#0"},
				"up": {"uv": [13.5625, 8.5625, 13.5, 8.5], "texture": "#0"},
				"down": {"uv": [9.0625, 13.5, 9, 13.5625], "texture": "#0"}
			}
		},
		{
			"from": [8.6, 9.92318, 13.95474],
			"to": [8.7, 10.29818, 14.02974],
			"rotation": {"angle": 45, "axis": "x", "origin": [7.1, 13.44818, 12.75474]},
			"faces": {
				"north": {"uv": [0, 12, 0.0625, 12.1875], "texture": "#0"},
				"east": {"uv": [12, 0, 12.0625, 0.1875], "texture": "#0"},
				"south": {"uv": [0.5, 12, 0.5625, 12.1875], "texture": "#0"},
				"west": {"uv": [12, 0.5, 12.0625, 0.6875], "texture": "#0"},
				"up": {"uv": [13.5625, 9.0625, 13.5, 9], "texture": "#0"},
				"down": {"uv": [9.5625, 13.5, 9.5, 13.5625], "texture": "#0"}
			}
		},
		{
			"from": [8.55, 9.20443, 9.9876],
			"to": [8.75, 9.45443, 10.3126],
			"rotation": {"angle": -22.5, "axis": "x", "origin": [7.1, 12.47943, 8.8376]},
			"faces": {
				"north": {"uv": [9, 11, 9.125, 11.125], "texture": "#0"},
				"east": {"uv": [10.5, 10, 10.6875, 10.125], "texture": "#0"},
				"south": {"uv": [11, 9, 11.125, 9.125], "texture": "#0"},
				"west": {"uv": [10.5, 10.5, 10.6875, 10.625], "texture": "#0"},
				"up": {"uv": [0.125, 11.1875, 0, 11], "texture": "#0"},
				"down": {"uv": [11.125, 0, 11, 0.1875], "texture": "#0"}
			}
		},
		{
			"from": [8.6, 7.94225, 9.40641],
			"to": [8.7, 8.21725, 9.60641],
			"rotation": {"angle": -45, "axis": "x", "origin": [7.1, 11.16725, 8.25641]},
			"faces": {
				"north": {"uv": [12.5, 5.5, 12.5625, 5.625], "texture": "#0"},
				"east": {"uv": [9.5, 11, 9.625, 11.125], "texture": "#0"},
				"south": {"uv": [6, 12.5, 6.0625, 12.625], "texture": "#0"},
				"west": {"uv": [11, 9.5, 11.125, 9.625], "texture": "#0"},
				"up": {"uv": [12.5625, 6.125, 12.5, 6], "texture": "#0"},
				"down": {"uv": [6.5625, 12.5, 6.5, 12.625], "texture": "#0"}
			}
		},
		{
			"from": [8.6, 10.77318, 11.32974],
			"to": [8.7, 10.94818, 11.37974],
			"rotation": {"angle": 0, "axis": "y", "origin": [7.1, 14.02318, 10.17974]},
			"faces": {
				"north": {"uv": [13.5, 5.5, 13.5625, 5.5625], "texture": "#0"},
				"east": {"uv": [6, 13.5, 6.0625, 13.5625], "texture": "#0"},
				"south": {"uv": [13.5, 6, 13.5625, 6.0625], "texture": "#0"},
				"west": {"uv": [6.5, 13.5, 6.5625, 13.5625], "texture": "#0"},
				"up": {"uv": [13.5625, 6.5625, 13.5, 6.5], "texture": "#0"},
				"down": {"uv": [7.0625, 13.5, 7, 13.5625], "texture": "#0"}
			}
		},
		{
			"from": [8.625, 11.14087, 12.661],
			"to": [8.675, 11.26587, 12.711],
			"rotation": {"angle": 22.5, "axis": "x", "origin": [7.1, 14.39087, 11.511]},
			"faces": {
				"north": {"uv": [13.5, 7, 13.5625, 7.0625], "texture": "#0"},
				"east": {"uv": [7.5, 13.5, 7.5625, 13.5625], "texture": "#0"},
				"south": {"uv": [13.5, 7.5, 13.5625, 7.5625], "texture": "#0"},
				"west": {"uv": [8, 13.5, 8.0625, 13.5625], "texture": "#0"},
				"up": {"uv": [13.5625, 8.0625, 13.5, 8], "texture": "#0"},
				"down": {"uv": [8.5625, 13.5, 8.5, 13.5625], "texture": "#0"}
			}
		},
		{
			"from": [8.575, 9.94157, 10.27736],
			"to": [8.725, 10.06657, 10.32736],
			"rotation": {"angle": -22.5, "axis": "x", "origin": [7.1, 13.19157, 9.12736]},
			"faces": {
				"north": {"uv": [13.5, 2, 13.5625, 2.0625], "texture": "#0"},
				"east": {"uv": [2.5, 13.5, 2.5625, 13.5625], "texture": "#0"},
				"south": {"uv": [13.5, 2.5, 13.5625, 2.5625], "texture": "#0"},
				"west": {"uv": [3, 13.5, 3.0625, 13.5625], "texture": "#0"},
				"up": {"uv": [13.5625, 3.0625, 13.5, 3], "texture": "#0"},
				"down": {"uv": [3.5625, 13.5, 3.5, 13.5625], "texture": "#0"}
			}
		},
		{
			"from": [8.575, 12.04873, 11.09508],
			"to": [8.725, 12.09873, 11.22008],
			"rotation": {"angle": 22.5, "axis": "x", "origin": [7.1, 10.89873, 7.97008]},
			"faces": {
				"north": {"uv": [13.5, 3.5, 13.5625, 3.5625], "texture": "#0"},
				"east": {"uv": [4, 13.5, 4.0625, 13.5625], "texture": "#0"},
				"south": {"uv": [13.5, 4, 13.5625, 4.0625], "texture": "#0"},
				"west": {"uv": [4.5, 13.5, 4.5625, 13.5625], "texture": "#0"},
				"up": {"uv": [13.5625, 4.5625, 13.5, 4.5], "texture": "#0"},
				"down": {"uv": [5.0625, 13.5, 5, 13.5625], "texture": "#0"}
			}
		},
		{
			"from": [8.575, 9.60912, 11.69803],
			"to": [8.725, 9.65912, 12.02303],
			"rotation": {"angle": -22.5, "axis": "x", "origin": [7.1, 8.45912, 8.77303]},
			"faces": {
				"north": {"uv": [13.5, 5, 13.5625, 5.0625], "texture": "#0"},
				"east": {"uv": [11.5, 10.5, 11.6875, 10.5625], "texture": "#0"},
				"south": {"uv": [5.5, 13.5, 5.5625, 13.5625], "texture": "#0"},
				"west": {"uv": [11, 11.5, 11.1875, 11.5625], "texture": "#0"},
				"up": {"uv": [11.5625, 11.1875, 11.5, 11], "texture": "#0"},
				"down": {"uv": [11.5625, 11.5, 11.5, 11.6875], "texture": "#0"}
			}
		},
		{
			"from": [8.6, 9.58412, 11.89803],
			"to": [8.7, 9.85912, 11.97303],
			"rotation": {"angle": -22.5, "axis": "x", "origin": [7.1, 8.45912, 8.77303]},
			"faces": {
				"north": {"uv": [12.5, 6.5, 12.5625, 6.625], "texture": "#0"},
				"east": {"uv": [7, 12.5, 7.0625, 12.625], "texture": "#0"},
				"south": {"uv": [12.5, 7, 12.5625, 7.125], "texture": "#0"},
				"west": {"uv": [7.5, 12.5, 7.5625, 12.625], "texture": "#0"},
				"up": {"uv": [13.5625, 10.0625, 13.5, 10], "texture": "#0"},
				"down": {"uv": [10.5625, 13.5, 10.5, 13.5625], "texture": "#0"}
			}
		},
		{
			"from": [8.575, 9.85912, 11.87303],
			"to": [8.725, 9.90912, 11.99803],
			"rotation": {"angle": -22.5, "axis": "x", "origin": [7.1, 8.45912, 8.77303]},
			"faces": {
				"north": {"uv": [13.5, 10.5, 13.5625, 10.5625], "texture": "#0"},
				"east": {"uv": [11, 13.5, 11.0625, 13.5625], "texture": "#0"},
				"south": {"uv": [13.5, 11, 13.5625, 11.0625], "texture": "#0"},
				"west": {"uv": [11.5, 13.5, 11.5625, 13.5625], "texture": "#0"},
				"up": {"uv": [13.5625, 11.5625, 13.5, 11.5], "texture": "#0"},
				"down": {"uv": [12.0625, 13.5, 12, 13.5625], "texture": "#0"}
			}
		},
		{
			"from": [8.575, 9.75912, 11.69803],
			"to": [8.725, 9.80912, 12.02303],
			"rotation": {"angle": -22.5, "axis": "x", "origin": [7.1, 8.45912, 8.77303]},
			"faces": {
				"north": {"uv": [13.5, 9.5, 13.5625, 9.5625], "texture": "#0"},
				"east": {"uv": [1, 12, 1.1875, 12.0625], "texture": "#0"},
				"south": {"uv": [10, 13.5, 10.0625, 13.5625], "texture": "#0"},
				"west": {"uv": [12, 1, 12.1875, 1.0625], "texture": "#0"},
				"up": {"uv": [1.5625, 12.1875, 1.5, 12], "texture": "#0"},
				"down": {"uv": [12.0625, 1.5, 12, 1.6875], "texture": "#0"}
			}
		},
		{
			"from": [8.6, 7.95086, 13.27721],
			"to": [8.7, 8.07586, 13.47721],
			"rotation": {"angle": -45, "axis": "x", "origin": [7.1, 6.80086, 10.32721]},
			"faces": {
				"north": {"uv": [12.5, 13, 12.5625, 13.0625], "texture": "#0"},
				"east": {"uv": [12, 12, 12.125, 12.0625], "texture": "#0"},
				"south": {"uv": [13, 12.5, 13.0625, 12.5625], "texture": "#0"},
				"west": {"uv": [0, 12.5, 0.125, 12.5625], "texture": "#0"},
				"up": {"uv": [12.5625, 0.125, 12.5, 0], "texture": "#0"},
				"down": {"uv": [0.5625, 12.5, 0.5, 12.625], "texture": "#0"}
			}
		},
		{
			"from": [8.6, 11.80698, 13.27721],
			"to": [8.7, 11.93198, 13.47721],
			"rotation": {"angle": 45, "axis": "x", "origin": [7.1, 13.08198, 10.32721]},
			"faces": {
				"north": {"uv": [13.5, 0, 13.5625, 0.0625], "texture": "#0"},
				"east": {"uv": [12.5, 1.5, 12.625, 1.5625], "texture": "#0"},
				"south": {"uv": [0.5, 13.5, 0.5625, 13.5625], "texture": "#0"},
				"west": {"uv": [2, 12.5, 2.125, 12.5625], "texture": "#0"},
				"up": {"uv": [12.5625, 2.125, 12.5, 2], "texture": "#0"},
				"down": {"uv": [2.5625, 12.5, 2.5, 12.625], "texture": "#0"}
			}
		},
		{
			"from": [8.575, 9.84142, 11.59142],
			"to": [8.725, 10.04142, 11.74142],
			"rotation": {"angle": 0, "axis": "y", "origin": [7.1, 6.89142, 12.89142]},
			"faces": {
				"north": {"uv": [12.5, 0.5, 12.5625, 0.625], "texture": "#0"},
				"east": {"uv": [1, 12.5, 1.0625, 12.625], "texture": "#0"},
				"south": {"uv": [12.5, 1, 12.5625, 1.125], "texture": "#0"},
				"west": {"uv": [1.5, 12.5, 1.5625, 12.625], "texture": "#0"},
				"up": {"uv": [13.0625, 13.0625, 13, 13], "texture": "#0"},
				"down": {"uv": [0.0625, 13.5, 0, 13.5625], "texture": "#0"}
			}
		},
		{
			"from": [7.55, 9.4, 7.2],
			"to": [8.45, 10.075, 10.8],
			"rotation": {"angle": 0, "axis": "y", "origin": [7, 8.25, 7.25]},
			"faces": {
				"north": {"uv": [8, 4, 8.4375, 4.3125], "texture": "#0"},
				"east": {"uv": [2, 0, 3.8125, 0.3125], "texture": "#0"},
				"south": {"uv": [8, 4.5, 8.4375, 4.8125], "texture": "#0"},
				"west": {"uv": [2, 0.5, 3.8125, 0.8125], "texture": "#0"},
				"up": {"uv": [0.4375, 1.8125, 0, 0], "texture": "#0"},
				"down": {"uv": [0.9375, 0, 0.5, 1.8125], "texture": "#0"}
			}
		},
		{
			"from": [7.8, 9.65, 2.05],
			"to": [8.2, 9.85, 7.2],
			"rotation": {"angle": 0, "axis": "y", "origin": [7, 8.25, 3.65]},
			"faces": {
				"north": {"uv": [10.5, 9, 10.6875, 9.125], "texture": "#0"},
				"east": {"uv": [4, 1.5, 6.5625, 1.625], "texture": "#0"},
				"south": {"uv": [9.5, 10.5, 9.6875, 10.625], "texture": "#0"},
				"west": {"uv": [4.5, 3.5, 7.0625, 3.625], "texture": "#0"},
				"up": {"uv": [0.1875, 4.5625, 0, 2], "texture": "#0"},
				"down": {"uv": [0.6875, 2, 0.5, 4.5625], "texture": "#0"}
			}
		},
		{
			"from": [7.9, 9.425, 6.05],
			"to": [8.1, 9.625, 7.2],
			"rotation": {"angle": 0, "axis": "y", "origin": [7, 8.025, 3.65]},
			"faces": {
				"north": {"uv": [11.5, 8, 11.625, 8.125], "texture": "#0"},
				"east": {"uv": [9.5, 1.5, 10.0625, 1.625], "texture": "#0"},
				"south": {"uv": [8.5, 11.5, 8.625, 11.625], "texture": "#0"},
				"west": {"uv": [9.5, 5, 10.0625, 5.125], "texture": "#0"},
				"up": {"uv": [9.625, 7.0625, 9.5, 6.5], "texture": "#0"},
				"down": {"uv": [9.625, 8.5, 9.5, 9.0625], "texture": "#0"}
			}
		},
		{
			"from": [7.9, 9.425, 2.25],
			"to": [8.1, 9.625, 3.4],
			"rotation": {"angle": 0, "axis": "y", "origin": [7, 8.025, -0.15]},
			"faces": {
				"north": {"uv": [11.5, 8.5, 11.625, 8.625], "texture": "#0"},
				"east": {"uv": [9.5, 9.5, 10.0625, 9.625], "texture": "#0"},
				"south": {"uv": [9, 11.5, 9.125, 11.625], "texture": "#0"},
				"west": {"uv": [10, 0, 10.5625, 0.125], "texture": "#0"},
				"up": {"uv": [10.125, 1.0625, 10, 0.5], "texture": "#0"},
				"down": {"uv": [1.125, 10, 1, 10.5625], "texture": "#0"}
			}
		},
		{
			"from": [7.95, 10.425, 2.25],
			"to": [8.05, 10.65, 2.75],
			"rotation": {"angle": 0, "axis": "y", "origin": [7, 9.025, -0.15]},
			"faces": {
				"north": {"uv": [8.5, 13, 8.5625, 13.125], "texture": "#0"},
				"east": {"uv": [10.5, 6.5, 10.75, 6.625], "texture": "#0"},
				"south": {"uv": [13, 8.5, 13.0625, 8.625], "texture": "#0"},
				"west": {"uv": [7, 10.5, 7.25, 10.625], "texture": "#0"},
				"up": {"uv": [11.5625, 9.25, 11.5, 9], "texture": "#0"},
				"down": {"uv": [9.5625, 11.5, 9.5, 11.75], "texture": "#0"}
			}
		},
		{
			"from": [7.95, 9.475, 3.4],
			"to": [8.05, 9.575, 6.05],
			"rotation": {"angle": 0, "axis": "y", "origin": [7, 8.025, 2.5]},
			"faces": {
				"north": {"uv": [14.5, 3, 14.5625, 3.0625], "texture": "#0"},
				"east": {"uv": [9, 7.5, 10.3125, 7.5625], "texture": "#0"},
				"south": {"uv": [3.5, 14.5, 3.5625, 14.5625], "texture": "#0"},
				"west": {"uv": [9, 8, 10.3125, 8.0625], "texture": "#0"},
				"up": {"uv": [8.5625, 10.3125, 8.5, 9], "texture": "#0"},
				"down": {"uv": [9.0625, 8.5, 9, 9.8125], "texture": "#0"}
			}
		},
		{
			"from": [6.84437, 10.82574, 2.075],
			"to": [7.11937, 10.97574, 7.2],
			"rotation": {"angle": -45, "axis": "z", "origin": [6.04437, 9.42574, 3.65]},
			"faces": {
				"north": {"uv": [0.5, 13, 0.625, 13.0625], "texture": "#0"},
				"east": {"uv": [7.5, 6, 10.0625, 6.0625], "texture": "#0"},
				"south": {"uv": [13, 0.5, 13.125, 0.5625], "texture": "#0"},
				"west": {"uv": [8, 2.5, 10.5625, 2.5625], "texture": "#0"},
				"up": {"uv": [0.125, 7.5625, 0, 5], "texture": "#0"},
				"down": {"uv": [0.625, 5, 0.5, 7.5625], "texture": "#0"}
			}
		},
		{
			"from": [8.88063, 10.82574, 2.075],
			"to": [9.15563, 10.97574, 7.2],
			"rotation": {"angle": 45, "axis": "z", "origin": [9.95563, 9.42574, 3.65]},
			"faces": {
				"north": {"uv": [1, 13, 1.125, 13.0625], "texture": "#0"},
				"east": {"uv": [8, 3, 10.5625, 3.0625], "texture": "#0"},
				"south": {"uv": [13, 1, 13.125, 1.0625], "texture": "#0"},
				"west": {"uv": [8, 3.5, 10.5625, 3.5625], "texture": "#0"},
				"up": {"uv": [4.625, 8.0625, 4.5, 5.5], "texture": "#0"},
				"down": {"uv": [5.125, 5.5, 5, 8.0625], "texture": "#0"}
			}
		},
		{
			"from": [7.6, 9.85, 2.05],
			"to": [7.75, 10.05, 7.2],
			"rotation": {"angle": 0, "axis": "y", "origin": [7, 8.45, 3.65]},
			"faces": {
				"north": {"uv": [12.5, 12, 12.5625, 12.125], "texture": "#0"},
				"east": {"uv": [4.5, 4, 7.0625, 4.125], "texture": "#0"},
				"south": {"uv": [12.5, 12.5, 12.5625, 12.625], "texture": "#0"},
				"west": {"uv": [4.5, 4.5, 7.0625, 4.625], "texture": "#0"},
				"up": {"uv": [7.5625, 5.5625, 7.5, 3], "texture": "#0"},
				"down": {"uv": [6.5625, 7.5, 6.5, 10.0625], "texture": "#0"}
			}
		},
		{
			"from": [8.25, 9.85, 2.05],
			"to": [8.4, 10.05, 7.2],
			"rotation": {"angle": 0, "axis": "y", "origin": [9, 8.45, 3.65]},
			"faces": {
				"north": {"uv": [0, 13, 0.0625, 13.125], "texture": "#0"},
				"east": {"uv": [2.5, 5, 5.0625, 5.125], "texture": "#0"},
				"south": {"uv": [13, 0, 13.0625, 0.125], "texture": "#0"},
				"west": {"uv": [1.5, 5.5, 4.0625, 5.625], "texture": "#0"},
				"up": {"uv": [7.0625, 10.0625, 7, 7.5], "texture": "#0"},
				"down": {"uv": [7.5625, 7, 7.5, 9.5625], "texture": "#0"}
			}
		},
		{
			"from": [7.75, 10.375, 1.9],
			"to": [8.25, 10.45, 7.95],
			"rotation": {"angle": 0, "axis": "y", "origin": [7, 8.625, 3.65]},
			"faces": {
				"north": {"uv": [6.5, 11, 6.75, 11.0625], "texture": "#0"},
				"east": {"uv": [6.5, 6.5, 9.5, 6.5625], "texture": "#0"},
				"south": {"uv": [11, 6.5, 11.25, 6.5625], "texture": "#0"},
				"west": {"uv": [7, 0, 10, 0.0625], "texture": "#0"},
				"up": {"uv": [1.25, 3, 1, 0], "texture": "#0"},
				"down": {"uv": [1.75, 0, 1.5, 3], "texture": "#0"}
			}
		},
		{
			"from": [8.2611, 10.01713, 1.9],
			"to": [8.3361, 10.24213, 7.95],
			"rotation": {"angle": 0, "axis": "y", "origin": [7.1111, 8.41713, 3.65]},
			"faces": {
				"north": {"uv": [9.5, 12, 9.5625, 12.125], "texture": "#0"},
				"east": {"uv": [4, 0, 7, 0.125], "texture": "#0"},
				"south": {"uv": [12, 9.5, 12.0625, 9.625], "texture": "#0"},
				"west": {"uv": [4, 0.5, 7, 0.625], "texture": "#0"},
				"up": {"uv": [3.0625, 10, 3, 7], "texture": "#0"},
				"down": {"uv": [3.5625, 7, 3.5, 10], "texture": "#0"}
			}
		},
		{
			"from": [7.6639, 10.01713, 1.9],
			"to": [7.7389, 10.24213, 7.95],
			"rotation": {"angle": 0, "axis": "y", "origin": [8.8889, 8.41713, 3.65]},
			"faces": {
				"north": {"uv": [10, 12, 10.0625, 12.125], "texture": "#0"},
				"east": {"uv": [1, 4, 4, 4.125], "texture": "#0"},
				"south": {"uv": [12, 10, 12.0625, 10.125], "texture": "#0"},
				"west": {"uv": [4, 1, 7, 1.125], "texture": "#0"},
				"up": {"uv": [4.0625, 10, 4, 7], "texture": "#0"},
				"down": {"uv": [5.5625, 7, 5.5, 10], "texture": "#0"}
			}
		},
		{
			"from": [7.14229, 9.61985, 1.9],
			"to": [7.21729, 9.84485, 7.95],
			"rotation": {"angle": -22.5, "axis": "z", "origin": [8.96729, 8.61985, 3.65]},
			"faces": {
				"north": {"uv": [8.5, 12, 8.5625, 12.125], "texture": "#0"},
				"east": {"uv": [3, 2, 6, 2.125], "texture": "#0"},
				"south": {"uv": [12, 8.5, 12.0625, 8.625], "texture": "#0"},
				"west": {"uv": [3, 2.5, 6, 2.625], "texture": "#0"},
				"up": {"uv": [1.0625, 10, 1, 7], "texture": "#0"},
				"down": {"uv": [1.5625, 7, 1.5, 10], "texture": "#0"}
			}
		},
		{
			"from": [8.78271, 9.61985, 1.9],
			"to": [8.85771, 9.84485, 7.95],
			"rotation": {"angle": 22.5, "axis": "z", "origin": [7.03271, 8.61985, 3.65]},
			"faces": {
				"north": {"uv": [9, 12, 9.0625, 12.125], "texture": "#0"},
				"east": {"uv": [3, 3, 6, 3.125], "texture": "#0"},
				"south": {"uv": [12, 9, 12.0625, 9.125], "texture": "#0"},
				"west": {"uv": [1, 3.5, 4, 3.625], "texture": "#0"},
				"up": {"uv": [2.0625, 10, 2, 7], "texture": "#0"},
				"down": {"uv": [2.5625, 7, 2.5, 10], "texture": "#0"}
			}
		},
		{
			"from": [7.75, 9.8, 1.9],
			"to": [8.25, 9.875, 2.15],
			"rotation": {"angle": 0, "axis": "y", "origin": [7, 11.625, 3.65]},
			"faces": {
				"north": {"uv": [11, 11, 11.25, 11.0625], "texture": "#0"},
				"east": {"uv": [12.5, 10.5, 12.625, 10.5625], "texture": "#0"},
				"south": {"uv": [0, 11.5, 0.25, 11.5625], "texture": "#0"},
				"west": {"uv": [11, 12.5, 11.125, 12.5625], "texture": "#0"},
				"up": {"uv": [10.75, 5.125, 10.5, 5], "texture": "#0"},
				"down": {"uv": [5.75, 10.5, 5.5, 10.625], "texture": "#0"}
			}
		},
		{
			"from": [7.825, 8.02803, 2.67791],
			"to": [8.175, 8.15303, 2.90291],
			"rotation": {"angle": 45, "axis": "x", "origin": [7, 9.85303, 4.42791]},
			"faces": {
				"north": {"uv": [6.5, 12, 6.6875, 12.0625], "texture": "#0"},
				"east": {"uv": [7.5, 13, 7.625, 13.0625], "texture": "#0"},
				"south": {"uv": [12, 6.5, 12.1875, 6.5625], "texture": "#0"},
				"west": {"uv": [13, 7.5, 13.125, 7.5625], "texture": "#0"},
				"up": {"uv": [4.1875, 11.125, 4, 11], "texture": "#0"},
				"down": {"uv": [11.1875, 4, 11, 4.125], "texture": "#0"}
			}
		},
		{
			"from": [7.14229, 10.40515, 1.9],
			"to": [7.21729, 10.63015, 2.15],
			"rotation": {"angle": 22.5, "axis": "z", "origin": [8.96729, 11.63015, 3.65]},
			"faces": {
				"north": {"uv": [12.5, 9.5, 12.5625, 9.625], "texture": "#0"},
				"east": {"uv": [10.5, 11, 10.625, 11.125], "texture": "#0"},
				"south": {"uv": [10, 12.5, 10.0625, 12.625], "texture": "#0"},
				"west": {"uv": [11, 10.5, 11.125, 10.625], "texture": "#0"},
				"up": {"uv": [12.5625, 10.125, 12.5, 10], "texture": "#0"},
				"down": {"uv": [10.5625, 12.5, 10.5, 12.625], "texture": "#0"}
			}
		},
		{
			"from": [8.78271, 10.40515, 1.9],
			"to": [8.85771, 10.63015, 2.15],
			"rotation": {"angle": -22.5, "axis": "z", "origin": [7.03271, 11.63015, 3.65]},
			"faces": {
				"north": {"uv": [12.5, 8.5, 12.5625, 8.625], "texture": "#0"},
				"east": {"uv": [10, 11, 10.125, 11.125], "texture": "#0"},
				"south": {"uv": [9, 12.5, 9.0625, 12.625], "texture": "#0"},
				"west": {"uv": [11, 10, 11.125, 10.125], "texture": "#0"},
				"up": {"uv": [12.5625, 9.125, 12.5, 9], "texture": "#0"},
				"down": {"uv": [9.5625, 12.5, 9.5, 12.625], "texture": "#0"}
			}
		},
		{
			"from": [7.22806, 9.68287, 1.86],
			"to": [7.29556, 9.88537, 1.91],
			"rotation": {"angle": -22.5, "axis": "z", "origin": [8.87056, 8.78287, 3.26]},
			"faces": {
				"north": {"uv": [6.5, 13, 6.5625, 13.125], "texture": "#0"},
				"east": {"uv": [13, 6.5, 13.0625, 6.625], "texture": "#0"},
				"south": {"uv": [7, 13, 7.0625, 13.125], "texture": "#0"},
				"west": {"uv": [13, 7, 13.0625, 7.125], "texture": "#0"},
				"up": {"uv": [7.0625, 14.0625, 7, 14], "texture": "#0"},
				"down": {"uv": [14.0625, 7, 14, 7.0625], "texture": "#0"}
			}
		},
		{
			"from": [7.775, 10.3625, 1.86],
			"to": [8.225, 10.43, 1.91],
			"rotation": {"angle": 0, "axis": "y", "origin": [7.1, 8.7875, 3.26]},
			"faces": {
				"north": {"uv": [11.5, 5, 11.75, 5.0625], "texture": "#0"},
				"east": {"uv": [6.5, 14, 6.5625, 14.0625], "texture": "#0"},
				"south": {"uv": [5.5, 11.5, 5.75, 11.5625], "texture": "#0"},
				"west": {"uv": [14, 6.5, 14.0625, 6.5625], "texture": "#0"},
				"up": {"uv": [11.75, 5.5625, 11.5, 5.5], "texture": "#0"},
				"down": {"uv": [6.25, 11.5, 6, 11.5625], "texture": "#0"}
			}
		},
		{
			"from": [8.70444, 9.68287, 1.86],
			"to": [8.77194, 9.88537, 1.91],
			"rotation": {"angle": 22.5, "axis": "z", "origin": [7.12944, 8.78287, 3.26]},
			"faces": {
				"north": {"uv": [5.5, 13, 5.5625, 13.125], "texture": "#0"},
				"east": {"uv": [13, 5.5, 13.0625, 5.625], "texture": "#0"},
				"south": {"uv": [6, 13, 6.0625, 13.125], "texture": "#0"},
				"west": {"uv": [13, 6, 13.0625, 6.125], "texture": "#0"},
				"up": {"uv": [6.0625, 14.0625, 6, 14], "texture": "#0"},
				"down": {"uv": [14.0625, 6, 14, 6.0625], "texture": "#0"}
			}
		},
		{
			"from": [8.23499, 10.04041, 1.86],
			"to": [8.30249, 10.24291, 1.91],
			"rotation": {"angle": 0, "axis": "y", "origin": [7.19999, 8.60041, 3.26]},
			"faces": {
				"north": {"uv": [4.5, 13, 4.5625, 13.125], "texture": "#0"},
				"east": {"uv": [13, 4.5, 13.0625, 4.625], "texture": "#0"},
				"south": {"uv": [5, 13, 5.0625, 13.125], "texture": "#0"},
				"west": {"uv": [13, 5, 13.0625, 5.125], "texture": "#0"},
				"up": {"uv": [5.5625, 14.0625, 5.5, 14], "texture": "#0"},
				"down": {"uv": [14.0625, 5.5, 14, 5.5625], "texture": "#0"}
			}
		},
		{
			"from": [8.70444, 10.38963, 1.86],
			"to": [8.77194, 10.59213, 1.91],
			"rotation": {"angle": -22.5, "axis": "z", "origin": [7.12944, 11.49213, 3.26]},
			"faces": {
				"north": {"uv": [3.5, 13, 3.5625, 13.125], "texture": "#0"},
				"east": {"uv": [13, 3.5, 13.0625, 3.625], "texture": "#0"},
				"south": {"uv": [4, 13, 4.0625, 13.125], "texture": "#0"},
				"west": {"uv": [13, 4, 13.0625, 4.125], "texture": "#0"},
				"up": {"uv": [5.0625, 14.0625, 5, 14], "texture": "#0"},
				"down": {"uv": [14.0625, 5, 14, 5.0625], "texture": "#0"}
			}
		},
		{
			"from": [7.775, 9.845, 1.86],
			"to": [8.225, 9.9125, 1.91],
			"rotation": {"angle": 0, "axis": "y", "origin": [7.1, 11.4875, 3.26]},
			"faces": {
				"north": {"uv": [11.5, 4, 11.75, 4.0625], "texture": "#0"},
				"east": {"uv": [4.5, 14, 4.5625, 14.0625], "texture": "#0"},
				"south": {"uv": [4.5, 11.5, 4.75, 11.5625], "texture": "#0"},
				"west": {"uv": [14, 4.5, 14.0625, 4.5625], "texture": "#0"},
				"up": {"uv": [11.75, 4.5625, 11.5, 4.5], "texture": "#0"},
				"down": {"uv": [5.25, 11.5, 5, 11.5625], "texture": "#0"}
			}
		},
		{
			"from": [7.22806, 10.38963, 1.86],
			"to": [7.29556, 10.59213, 1.91],
			"rotation": {"angle": 22.5, "axis": "z", "origin": [8.87056, 11.49213, 3.26]},
			"faces": {
				"north": {"uv": [2.5, 13, 2.5625, 13.125], "texture": "#0"},
				"east": {"uv": [13, 2.5, 13.0625, 2.625], "texture": "#0"},
				"south": {"uv": [3, 13, 3.0625, 13.125], "texture": "#0"},
				"west": {"uv": [13, 3, 13.0625, 3.125], "texture": "#0"},
				"up": {"uv": [4.0625, 14.0625, 4, 14], "texture": "#0"},
				"down": {"uv": [14.0625, 4, 14, 4.0625], "texture": "#0"}
			}
		},
		{
			"from": [7.69751, 10.04041, 1.86],
			"to": [7.76501, 10.24291, 1.91],
			"rotation": {"angle": 0, "axis": "y", "origin": [8.80001, 8.60041, 3.26]},
			"faces": {
				"north": {"uv": [1.5, 13, 1.5625, 13.125], "texture": "#0"},
				"east": {"uv": [13, 1.5, 13.0625, 1.625], "texture": "#0"},
				"south": {"uv": [2, 13, 2.0625, 13.125], "texture": "#0"},
				"west": {"uv": [13, 2, 13.0625, 2.125], "texture": "#0"},
				"up": {"uv": [3.5625, 14.0625, 3.5, 14], "texture": "#0"},
				"down": {"uv": [14.0625, 3.5, 14, 3.5625], "texture": "#0"}
			}
		},
		{
			"from": [7.72776, 10.03637, 1.824],
			"to": [7.78851, 10.21862, 1.869],
			"rotation": {"angle": 0, "axis": "y", "origin": [8.72001, 8.74037, 3.084]},
			"faces": {
				"north": {"uv": [14.5, 1.5, 14.5625, 1.5625], "texture": "#0"},
				"east": {"uv": [2, 14.5, 2.0625, 14.5625], "texture": "#0"},
				"south": {"uv": [14.5, 2, 14.5625, 2.0625], "texture": "#0"},
				"west": {"uv": [2.5, 14.5, 2.5625, 14.5625], "texture": "#0"},
				"up": {"uv": [14.5625, 2.5625, 14.5, 2.5], "texture": "#0"},
				"down": {"uv": [3.0625, 14.5, 3, 14.5625], "texture": "#0"}
			}
		},
		{
			"from": [7.30526, 10.35067, 1.824],
			"to": [7.36601, 10.53292, 1.869],
			"rotation": {"angle": 22.5, "axis": "z", "origin": [8.78351, 11.34292, 3.084]},
			"faces": {
				"north": {"uv": [14.5, 0, 14.5625, 0.0625], "texture": "#0"},
				"east": {"uv": [0.5, 14.5, 0.5625, 14.5625], "texture": "#0"},
				"south": {"uv": [14.5, 0.5, 14.5625, 0.5625], "texture": "#0"},
				"west": {"uv": [1, 14.5, 1.0625, 14.5625], "texture": "#0"},
				"up": {"uv": [14.5625, 1.0625, 14.5, 1], "texture": "#0"},
				"down": {"uv": [1.5625, 14.5, 1.5, 14.5625], "texture": "#0"}
			}
		},
		{
			"from": [7.7975, 9.8605, 1.824],
			"to": [8.2025, 9.92125, 1.869],
			"rotation": {"angle": 0, "axis": "y", "origin": [7.19, 11.33875, 3.084]},
			"faces": {
				"north": {"uv": [5.5, 12, 5.6875, 12.0625], "texture": "#0"},
				"east": {"uv": [14, 14, 14.0625, 14.0625], "texture": "#0"},
				"south": {"uv": [12, 5.5, 12.1875, 5.5625], "texture": "#0"},
				"west": {"uv": [0, 14.5, 0.0625, 14.5625], "texture": "#0"},
				"up": {"uv": [6.1875, 12.0625, 6, 12], "texture": "#0"},
				"down": {"uv": [12.1875, 6, 12, 6.0625], "texture": "#0"}
			}
		},
		{
			"from": [8.63399, 10.35067, 1.824],
			"to": [8.69474, 10.53292, 1.869],
			"rotation": {"angle": -22.5, "axis": "z", "origin": [7.21649, 11.34292, 3.084]},
			"faces": {
				"north": {"uv": [12.5, 14, 12.5625, 14.0625], "texture": "#0"},
				"east": {"uv": [14, 12.5, 14.0625, 12.5625], "texture": "#0"},
				"south": {"uv": [13, 14, 13.0625, 14.0625], "texture": "#0"},
				"west": {"uv": [14, 13, 14.0625, 13.0625], "texture": "#0"},
				"up": {"uv": [13.5625, 14.0625, 13.5, 14], "texture": "#0"},
				"down": {"uv": [14.0625, 13.5, 14, 13.5625], "texture": "#0"}
			}
		},
		{
			"from": [8.21149, 10.03637, 1.824],
			"to": [8.27224, 10.21862, 1.869],
			"rotation": {"angle": 0, "axis": "y", "origin": [7.27999, 8.74037, 3.084]},
			"faces": {
				"north": {"uv": [11, 14, 11.0625, 14.0625], "texture": "#0"},
				"east": {"uv": [14, 11, 14.0625, 11.0625], "texture": "#0"},
				"south": {"uv": [11.5, 14, 11.5625, 14.0625], "texture": "#0"},
				"west": {"uv": [14, 11.5, 14.0625, 11.5625], "texture": "#0"},
				"up": {"uv": [12.0625, 14.0625, 12, 14], "texture": "#0"},
				"down": {"uv": [14.0625, 12, 14, 12.0625], "texture": "#0"}
			}
		},
		{
			"from": [8.63399, 9.71458, 1.824],
			"to": [8.69474, 9.89683, 1.869],
			"rotation": {"angle": 22.5, "axis": "z", "origin": [7.21649, 8.90458, 3.084]},
			"faces": {
				"north": {"uv": [9.5, 14, 9.5625, 14.0625], "texture": "#0"},
				"east": {"uv": [14, 9.5, 14.0625, 9.5625], "texture": "#0"},
				"south": {"uv": [10, 14, 10.0625, 14.0625], "texture": "#0"},
				"west": {"uv": [14, 10, 14.0625, 10.0625], "texture": "#0"},
				"up": {"uv": [10.5625, 14.0625, 10.5, 14], "texture": "#0"},
				"down": {"uv": [14.0625, 10.5, 14, 10.5625], "texture": "#0"}
			}
		},
		{
			"from": [7.7975, 10.32625, 1.824],
			"to": [8.2025, 10.387, 1.869],
			"rotation": {"angle": 0, "axis": "y", "origin": [7.19, 8.90875, 3.084]},
			"faces": {
				"north": {"uv": [4.5, 12, 4.6875, 12.0625], "texture": "#0"},
				"east": {"uv": [9, 14, 9.0625, 14.0625], "texture": "#0"},
				"south": {"uv": [12, 4.5, 12.1875, 4.5625], "texture": "#0"},
				"west": {"uv": [14, 9, 14.0625, 9.0625], "texture": "#0"},
				"up": {"uv": [5.1875, 12.0625, 5, 12], "texture": "#0"},
				"down": {"uv": [12.1875, 5, 12, 5.0625], "texture": "#0"}
			}
		},
		{
			"from": [7.30526, 9.71458, 1.824],
			"to": [7.36601, 9.89683, 1.869],
			"rotation": {"angle": -22.5, "axis": "z", "origin": [8.78351, 8.90458, 3.084]},
			"faces": {
				"north": {"uv": [7.5, 14, 7.5625, 14.0625], "texture": "#0"},
				"east": {"uv": [14, 7.5, 14.0625, 7.5625], "texture": "#0"},
				"south": {"uv": [8, 14, 8.0625, 14.0625], "texture": "#0"},
				"west": {"uv": [14, 8, 14.0625, 8.0625], "texture": "#0"},
				"up": {"uv": [8.5625, 14.0625, 8.5, 14], "texture": "#0"},
				"down": {"uv": [14.0625, 8.5, 14, 8.5625], "texture": "#0"}
			}
		},
		{
			"from": [7.725, 10.425, 7.95],
			"to": [8.275, 10.525, 10.8],
			"rotation": {"angle": 0, "axis": "y", "origin": [7, 8.675, 6.5]},
			"faces": {
				"north": {"uv": [7, 11, 7.25, 11.0625], "texture": "#0"},
				"east": {"uv": [9, 2, 10.4375, 2.0625], "texture": "#0"},
				"south": {"uv": [11, 7, 11.25, 7.0625], "texture": "#0"},
				"west": {"uv": [9, 5.5, 10.4375, 5.5625], "texture": "#0"},
				"up": {"uv": [4.25, 4.9375, 4, 3.5], "texture": "#0"},
				"down": {"uv": [1.25, 4.5, 1, 5.9375], "texture": "#0"}
			}
		},
		{
			"from": [7.575, 9.875, 7.875],
			"to": [8.425, 10.45, 7.95],
			"rotation": {"angle": 0, "axis": "y", "origin": [7, 8.675, 6.425]},
			"faces": {
				"north": {"uv": [8, 5, 8.4375, 5.3125], "texture": "#0"},
				"east": {"uv": [4.5, 11, 4.5625, 11.3125], "texture": "#0"},
				"south": {"uv": [8, 5.5, 8.4375, 5.8125], "texture": "#0"},
				"west": {"uv": [11, 4.5, 11.0625, 4.8125], "texture": "#0"},
				"up": {"uv": [10.9375, 7.0625, 10.5, 7], "texture": "#0"},
				"down": {"uv": [7.9375, 10.5, 7.5, 10.5625], "texture": "#0"}
			}
		},
		{
			"from": [7.675, 10.45, 7.875],
			"to": [8.325, 10.55, 7.95],
			"rotation": {"angle": 0, "axis": "y", "origin": [7, 9.25, 6.425]},
			"faces": {
				"north": {"uv": [5, 11, 5.3125, 11.0625], "texture": "#0"},
				"east": {"uv": [9, 13, 9.0625, 13.0625], "texture": "#0"},
				"south": {"uv": [11, 5, 11.3125, 5.0625], "texture": "#0"},
				"west": {"uv": [13, 9, 13.0625, 9.0625], "texture": "#0"},
				"up": {"uv": [5.8125, 11.0625, 5.5, 11], "texture": "#0"},
				"down": {"uv": [11.3125, 5.5, 11, 5.5625], "texture": "#0"}
			}
		},
		{
			"from": [8.68891, 10.23579, 7.875],
			"to": [8.83891, 10.31079, 7.95],
			"rotation": {"angle": 45, "axis": "z", "origin": [7.96391, 9.03579, 6.425]},
			"faces": {
				"north": {"uv": [9.5, 13, 9.5625, 13.0625], "texture": "#0"},
				"east": {"uv": [13, 9.5, 13.0625, 9.5625], "texture": "#0"},
				"south": {"uv": [10, 13, 10.0625, 13.0625], "texture": "#0"},
				"west": {"uv": [13, 10, 13.0625, 10.0625], "texture": "#0"},
				"up": {"uv": [10.5625, 13.0625, 10.5, 13], "texture": "#0"},
				"down": {"uv": [13.0625, 10.5, 13, 10.5625], "texture": "#0"}
			}
		},
		{
			"from": [7.16109, 10.23579, 7.875],
			"to": [7.31109, 10.31079, 7.95],
			"rotation": {"angle": -45, "axis": "z", "origin": [8.03609, 9.03579, 6.425]},
			"faces": {
				"north": {"uv": [11, 13, 11.0625, 13.0625], "texture": "#0"},
				"east": {"uv": [13, 11, 13.0625, 11.0625], "texture": "#0"},
				"south": {"uv": [11.5, 13, 11.5625, 13.0625], "texture": "#0"},
				"west": {"uv": [13, 11.5, 13.0625, 11.5625], "texture": "#0"},
				"up": {"uv": [12.0625, 13.0625, 12, 13], "texture": "#0"},
				"down": {"uv": [13.0625, 12, 13, 12.0625], "texture": "#0"}
			}
		},
		{
			"from": [8.3361, 9.89213, 7.95],
			"to": [8.4111, 10.24213, 10.8],
			"rotation": {"angle": 0, "axis": "y", "origin": [7.1861, 8.41713, 6.5]},
			"faces": {
				"north": {"uv": [11.5, 10, 11.5625, 10.1875], "texture": "#0"},
				"east": {"uv": [6, 5, 7.4375, 5.1875], "texture": "#0"},
				"south": {"uv": [10.5, 11.5, 10.5625, 11.6875], "texture": "#0"},
				"west": {"uv": [5.5, 6, 6.9375, 6.1875], "texture": "#0"},
				"up": {"uv": [4.5625, 10.4375, 4.5, 9], "texture": "#0"},
				"down": {"uv": [5.0625, 9, 5, 10.4375], "texture": "#0"}
			}
		},
		{
			"from": [7.06729, 9.61985, 7.95],
			"to": [7.14229, 9.91985, 10.8],
			"rotation": {"angle": -22.5, "axis": "z", "origin": [8.89229, 8.61985, 6.5]},
			"faces": {
				"north": {"uv": [11, 12, 11.0625, 12.125], "texture": "#0"},
				"east": {"uv": [7, 1.5, 8.4375, 1.625], "texture": "#0"},
				"south": {"uv": [12, 11, 12.0625, 11.125], "texture": "#0"},
				"west": {"uv": [7, 2, 8.4375, 2.125], "texture": "#0"},
				"up": {"uv": [9.0625, 1.9375, 9, 0.5], "texture": "#0"},
				"down": {"uv": [9.0625, 4, 9, 5.4375], "texture": "#0"}
			}
		},
		{
			"from": [7.5889, 9.89213, 7.95],
			"to": [7.6639, 10.24213, 10.8],
			"rotation": {"angle": 0, "axis": "y", "origin": [8.8139, 8.41713, 6.5]},
			"faces": {
				"north": {"uv": [11.5, 9.5, 11.5625, 9.6875], "texture": "#0"},
				"east": {"uv": [3, 6, 4.4375, 6.1875], "texture": "#0"},
				"south": {"uv": [10, 11.5, 10.0625, 11.6875], "texture": "#0"},
				"west": {"uv": [6, 3, 7.4375, 3.1875], "texture": "#0"},
				"up": {"uv": [0.0625, 10.4375, 0, 9], "texture": "#0"},
				"down": {"uv": [0.5625, 9, 0.5, 10.4375], "texture": "#0"}
			}
		},
		{
			"from": [8.85771, 9.61985, 7.95],
			"to": [8.93271, 9.91985, 10.8],
			"rotation": {"angle": 22.5, "axis": "z", "origin": [7.10771, 8.61985, 6.5]},
			"faces": {
				"north": {"uv": [10.5, 12, 10.5625, 12.125], "texture": "#0"},
				"east": {"uv": [7, 0.5, 8.4375, 0.625], "texture": "#0"},
				"south": {"uv": [12, 10.5, 12.0625, 10.625], "texture": "#0"},
				"west": {"uv": [7, 1, 8.4375, 1.125], "texture": "#0"},
				"up": {"uv": [8.5625, 8.9375, 8.5, 7.5], "texture": "#0"},
				"down": {"uv": [8.0625, 8.5, 8, 9.9375], "texture": "#0"}
			}
		},
		{
			"from": [7.55, 6.77325, 10.90216],
			"to": [8.45, 7.74825, 12.42716],
			"rotation": {"angle": 22.5, "axis": "x", "origin": [7, 5.62325, 18.37716]},
			"faces": {
				"north": {"uv": [1.5, 6.5, 1.9375, 7], "texture": "#0"},
				"east": {"uv": [3, 1.5, 3.75, 2], "texture": "#0"},
				"south": {"uv": [2, 6.5, 2.4375, 7], "texture": "#0"},
				"west": {"uv": [2, 3, 2.75, 3.5], "texture": "#0"},
				"up": {"uv": [1.9375, 5.25, 1.5, 4.5], "texture": "#0"},
				"down": {"uv": [2.4375, 4.5, 2, 5.25], "texture": "#0"}
			}
		},
		{
			"from": [7.8, 6.74825, 10.90216],
			"to": [8.2, 6.77325, 12.72716],
			"rotation": {"angle": 22.5, "axis": "x", "origin": [7, 5.62325, 18.37716]},
			"faces": {
				"north": {"uv": [7, 12, 7.1875, 12.0625], "texture": "#0"},
				"east": {"uv": [10, 4, 10.9375, 4.0625], "texture": "#0"},
				"south": {"uv": [12, 7, 12.1875, 7.0625], "texture": "#0"},
				"west": {"uv": [10, 4.5, 10.9375, 4.5625], "texture": "#0"},
				"up": {"uv": [7.1875, 6.4375, 7, 5.5], "texture": "#0"},
				"down": {"uv": [6.1875, 7, 6, 7.9375], "texture": "#0"}
			}
		},
		{
			"from": [7.75, 6.19825, 11.52716],
			"to": [8.25, 6.94825, 11.65216],
			"rotation": {"angle": 22.5, "axis": "x", "origin": [7, 5.54825, 17.90216]},
			"faces": {
				"north": {"uv": [6, 8.5, 6.25, 8.875], "texture": "#0"},
				"east": {"uv": [2.5, 11, 2.5625, 11.375], "texture": "#0"},
				"south": {"uv": [8.5, 7, 8.75, 7.375], "texture": "#0"},
				"west": {"uv": [11, 2.5, 11.0625, 2.875], "texture": "#0"},
				"up": {"uv": [11.75, 3.0625, 11.5, 3], "texture": "#0"},
				"down": {"uv": [3.75, 11.5, 3.5, 11.5625], "texture": "#0"}
			}
		},
		{
			"from": [7.775, 8.99825, 12.42716],
			"to": [8.225, 9.34825, 12.55216],
			"rotation": {"angle": 0, "axis": "y", "origin": [7, 7.94825, 18.80216]},
			"faces": {
				"north": {"uv": [9.5, 10, 9.75, 10.1875], "texture": "#0"},
				"east": {"uv": [2, 12, 2.0625, 12.1875], "texture": "#0"},
				"south": {"uv": [10, 10, 10.25, 10.1875], "texture": "#0"},
				"west": {"uv": [12, 2, 12.0625, 2.1875], "texture": "#0"},
				"up": {"uv": [11.75, 3.5625, 11.5, 3.5], "texture": "#0"},
				"down": {"uv": [4.25, 11.5, 4, 11.5625], "texture": "#0"}
			}
		},
		{
			"from": [7.925, 6.32325, 10.67716],
			"to": [8.075, 6.74825, 10.80216],
			"rotation": {"angle": 22.5, "axis": "x", "origin": [7, 5.67325, 17.05216]},
			"faces": {
				"north": {"uv": [3.5, 11, 3.625, 11.1875], "texture": "#0"},
				"east": {"uv": [4, 12, 4.0625, 12.1875], "texture": "#0"},
				"south": {"uv": [11, 3.5, 11.125, 3.6875], "texture": "#0"},
				"west": {"uv": [12, 4, 12.0625, 4.1875], "texture": "#0"},
				"up": {"uv": [12.625, 11.5625, 12.5, 11.5], "texture": "#0"},
				"down": {"uv": [12.125, 12.5, 12, 12.5625], "texture": "#0"}
			}
		},
		{
			"from": [7.9, 9.05819, 11.56429],
			"to": [8.1, 9.40819, 11.68929],
			"rotation": {"angle": 0, "axis": "y", "origin": [7, 8.00819, 17.93929]},
			"faces": {
				"north": {"uv": [3, 11, 3.125, 11.1875], "texture": "#0"},
				"east": {"uv": [3.5, 12, 3.5625, 12.1875], "texture": "#0"},
				"south": {"uv": [11, 3, 11.125, 3.1875], "texture": "#0"},
				"west": {"uv": [12, 3.5, 12.0625, 3.6875], "texture": "#0"},
				"up": {"uv": [12.625, 11.0625, 12.5, 11], "texture": "#0"},
				"down": {"uv": [11.625, 12.5, 11.5, 12.5625], "texture": "#0"}
			}
		},
		{
			"from": [7.8, 4.87325, 9.85216],
			"to": [8.2, 5.22325, 9.97716],
			"rotation": {"angle": 45, "axis": "x", "origin": [7, 3.82325, 16.22716]},
			"faces": {
				"north": {"uv": [10.5, 1, 10.6875, 1.1875], "texture": "#0"},
				"east": {"uv": [2.5, 12, 2.5625, 12.1875], "texture": "#0"},
				"south": {"uv": [1.5, 10.5, 1.6875, 10.6875], "texture": "#0"},
				"west": {"uv": [12, 2.5, 12.0625, 2.6875], "texture": "#0"},
				"up": {"uv": [3.1875, 12.0625, 3, 12], "texture": "#0"},
				"down": {"uv": [12.1875, 3, 12, 3.0625], "texture": "#0"}
			}
		},
		{
			"from": [7.775, 8.58578, 14.37906],
			"to": [8.225, 8.71078, 14.85406],
			"rotation": {"angle": -22.5, "axis": "x", "origin": [7, 2.33578, 13.72906]},
			"faces": {
				"north": {"uv": [11.5, 0, 11.75, 0.0625], "texture": "#0"},
				"east": {"uv": [0.5, 11.5, 0.75, 11.5625], "texture": "#0"},
				"south": {"uv": [11.5, 0.5, 11.75, 0.5625], "texture": "#0"},
				"west": {"uv": [1, 11.5, 1.25, 11.5625], "texture": "#0"},
				"up": {"uv": [1.75, 10.25, 1.5, 10], "texture": "#0"},
				"down": {"uv": [2.25, 10, 2, 10.25], "texture": "#0"}
			}
		},
		{
			"from": [7.775, 8.58578, 8.24594],
			"to": [8.225, 8.71078, 8.72094],
			"rotation": {"angle": 22.5, "axis": "x", "origin": [7, 2.33578, 9.37094]},
			"faces": {
				"north": {"uv": [11.5, 2, 11.75, 2.0625], "texture": "#0"},
				"east": {"uv": [2.5, 11.5, 2.75, 11.5625], "texture": "#0"},
				"south": {"uv": [11.5, 2.5, 11.75, 2.5625], "texture": "#0"},
				"west": {"uv": [3, 11.5, 3.25, 11.5625], "texture": "#0"},
				"up": {"uv": [2.75, 10.25, 2.5, 10], "texture": "#0"},
				"down": {"uv": [3.25, 10, 3, 10.25], "texture": "#0"}
			}
		},
		{
			"from": [7.75, 6.19825, 11.44784],
			"to": [8.25, 7.22325, 11.57284],
			"rotation": {"angle": -22.5, "axis": "x", "origin": [7, 5.54825, 5.19784]},
			"faces": {
				"north": {"uv": [6, 8, 6.25, 8.5], "texture": "#0"},
				"east": {"uv": [10.5, 5.5, 10.5625, 6], "texture": "#0"},
				"south": {"uv": [8, 7, 8.25, 7.5], "texture": "#0"},
				"west": {"uv": [6, 10.5, 6.0625, 11], "texture": "#0"},
				"up": {"uv": [11.75, 1.5625, 11.5, 1.5], "texture": "#0"},
				"down": {"uv": [2.25, 11.5, 2, 11.5625], "texture": "#0"}
			}
		},
		{
			"from": [7.775, 13.94825, 11.49784],
			"to": [8.225, 14.34825, 11.77284],
			"rotation": {"angle": 45, "axis": "x", "origin": [7, 12.97325, 5.39784]},
			"faces": {
				"north": {"uv": [8, 10, 8.25, 10.1875], "texture": "#0"},
				"east": {"uv": [11, 1, 11.125, 1.1875], "texture": "#0"},
				"south": {"uv": [10, 8.5, 10.25, 8.6875], "texture": "#0"},
				"west": {"uv": [1.5, 11, 1.625, 11.1875], "texture": "#0"},
				"up": {"uv": [10.75, 6.125, 10.5, 6], "texture": "#0"},
				"down": {"uv": [6.75, 10.5, 6.5, 10.625], "texture": "#0"}
			}
		},
		{
			"from": [7.8, 8.29825, 12.10216],
			"to": [8.2, 8.57325, 12.82716],
			"rotation": {"angle": 22.5, "axis": "x", "origin": [7, 14.67325, 13.80216]},
			"faces": {
				"north": {"uv": [2, 11, 2.1875, 11.125], "texture": "#0"},
				"east": {"uv": [9, 10, 9.375, 10.125], "texture": "#0"},
				"south": {"uv": [11, 2, 11.1875, 2.125], "texture": "#0"},
				"west": {"uv": [10, 9, 10.375, 9.125], "texture": "#0"},
				"up": {"uv": [9.6875, 0.875, 9.5, 0.5], "texture": "#0"},
				"down": {"uv": [9.6875, 1, 9.5, 1.375], "texture": "#0"}
			}
		},
		{
			"from": [7.75, 8.35877, 11.16281],
			"to": [8.25, 8.48377, 11.93781],
			"rotation": {"angle": 0, "axis": "y", "origin": [7, 2.10877, 10.81281]},
			"faces": {
				"north": {"uv": [11.5, 1, 11.75, 1.0625], "texture": "#0"},
				"east": {"uv": [0.5, 11, 0.875, 11.0625], "texture": "#0"},
				"south": {"uv": [1.5, 11.5, 1.75, 11.5625], "texture": "#0"},
				"west": {"uv": [1, 11, 1.375, 11.0625], "texture": "#0"},
				"up": {"uv": [8.75, 5.375, 8.5, 5], "texture": "#0"},
				"down": {"uv": [8.75, 5.5, 8.5, 5.875], "texture": "#0"}
			}
		},
		{
			"from": [7.625, 4.58024, 10.12557],
			"to": [8.375, 5.58024, 11.00057],
			"rotation": {"angle": 45, "axis": "x", "origin": [7, 3.43024, 17.07557]},
			"faces": {
				"north": {"uv": [4, 6.5, 4.375, 7], "texture": "#0"},
				"east": {"uv": [6.5, 2, 6.9375, 2.5], "texture": "#0"},
				"south": {"uv": [5.5, 6.5, 5.875, 7], "texture": "#0"},
				"west": {"uv": [6.5, 2.5, 6.9375, 3], "texture": "#0"},
				"up": {"uv": [7.375, 2.9375, 7, 2.5], "texture": "#0"},
				"down": {"uv": [6.875, 7, 6.5, 7.4375], "texture": "#0"}
			}
		},
		{
			"from": [7.8, 4.45524, 10.20057],
			"to": [8.2, 4.48024, 11.02557],
			"rotation": {"angle": 45, "axis": "x", "origin": [7, 3.33024, 17.17557]},
			"faces": {
				"north": {"uv": [7.5, 12, 7.6875, 12.0625], "texture": "#0"},
				"east": {"uv": [10.5, 7.5, 10.9375, 7.5625], "texture": "#0"},
				"south": {"uv": [12, 7.5, 12.1875, 7.5625], "texture": "#0"},
				"west": {"uv": [8, 10.5, 8.4375, 10.5625], "texture": "#0"},
				"up": {"uv": [6.1875, 9.4375, 6, 9], "texture": "#0"},
				"down": {"uv": [9.1875, 7, 9, 7.4375], "texture": "#0"}
			}
		},
		{
			"from": [7.675, 8.03523, 16.08686],
			"to": [8.325, 8.93523, 17.13686],
			"rotation": {"angle": -22.5, "axis": "x", "origin": [6.975, 1.96023, 14.93686]},
			"faces": {
				"north": {"uv": [7, 7, 7.375, 7.4375], "texture": "#0"},
				"east": {"uv": [3, 6.5, 3.5, 6.9375], "texture": "#0"},
				"south": {"uv": [7.5, 2.5, 7.875, 2.9375], "texture": "#0"},
				"west": {"uv": [3.5, 6.5, 4, 6.9375], "texture": "#0"},
				"up": {"uv": [6.875, 6, 6.5, 5.5], "texture": "#0"},
				"down": {"uv": [6.375, 6.5, 6, 7], "texture": "#0"}
			}
		},
		{
			"from": [7.8, 7.93523, 16.11186],
			"to": [8.2, 8.83523, 16.13686],
			"rotation": {"angle": -22.5, "axis": "x", "origin": [6.975, 1.86023, 14.98686]},
			"faces": {
				"north": {"uv": [8.5, 4, 8.75, 4.4375], "texture": "#0"},
				"east": {"uv": [10.5, 8, 10.5625, 8.4375], "texture": "#0"},
				"south": {"uv": [4.5, 8.5, 4.75, 8.9375], "texture": "#0"},
				"west": {"uv": [8.5, 10.5, 8.5625, 10.9375], "texture": "#0"},
				"up": {"uv": [11.75, 6.0625, 11.5, 6], "texture": "#0"},
				"down": {"uv": [6.75, 11.5, 6.5, 11.5625], "texture": "#0"}
			}
		},
		{
			"from": [7.575, 7.13964, 13.66464],
			"to": [8.425, 8.41464, 14.63964],
			"rotation": {"angle": 0, "axis": "y", "origin": [6.975, 6.18964, 11.78964]},
			"faces": {
				"north": {"uv": [6, 2, 6.4375, 2.625], "texture": "#0"},
				"east": {"uv": [5.5, 5, 6, 5.625], "texture": "#0"},
				"south": {"uv": [2.5, 6, 2.9375, 6.625], "texture": "#0"},
				"west": {"uv": [1, 6, 1.5, 6.625], "texture": "#0"},
				"up": {"uv": [3.9375, 5, 3.5, 4.5], "texture": "#0"},
				"down": {"uv": [6.4375, 5.5, 6, 6], "texture": "#0"}
			}
		},
		{
			"from": [7.8, 7.33964, 13.63964],
			"to": [8.2, 8.18964, 13.66464],
			"rotation": {"angle": 0, "axis": "y", "origin": [6.975, 6.08964, 11.78964]},
			"faces": {
				"north": {"uv": [8.5, 4.5, 8.75, 4.9375], "texture": "#0"},
				"east": {"uv": [10.5, 8.5, 10.5625, 8.9375], "texture": "#0"},
				"south": {"uv": [5, 8.5, 5.25, 8.9375], "texture": "#0"},
				"west": {"uv": [9, 10.5, 9.0625, 10.9375], "texture": "#0"},
				"up": {"uv": [11.75, 6.5625, 11.5, 6.5], "texture": "#0"},
				"down": {"uv": [7.25, 11.5, 7, 11.5625], "texture": "#0"}
			}
		},
		{
			"from": [7.7, 6.98964, 13.76464],
			"to": [8.3, 7.13964, 14.53964],
			"rotation": {"angle": 0, "axis": "y", "origin": [6.975, 4.91464, 11.78964]},
			"faces": {
				"north": {"uv": [6, 11, 6.3125, 11.0625], "texture": "#0"},
				"east": {"uv": [10.5, 9.5, 10.875, 9.5625], "texture": "#0"},
				"south": {"uv": [11, 6, 11.3125, 6.0625], "texture": "#0"},
				"west": {"uv": [10, 10.5, 10.375, 10.5625], "texture": "#0"},
				"up": {"uv": [8.3125, 7.875, 8, 7.5], "texture": "#0"},
				"down": {"uv": [8.3125, 8, 8, 8.375], "texture": "#0"}
			}
		},
		{
			"from": [7.6, 6.19785, 15.20491],
			"to": [8.4, 6.72285, 15.40491],
			"rotation": {"angle": -22.5, "axis": "x", "origin": [6.975, 5.24785, 12.55491]},
			"faces": {
				"north": {"uv": [8.5, 0.5, 8.9375, 0.75], "texture": "#0"},
				"east": {"uv": [10.5, 2, 10.625, 2.25], "texture": "#0"},
				"south": {"uv": [8.5, 1, 8.9375, 1.25], "texture": "#0"},
				"west": {"uv": [3, 10.5, 3.125, 10.75], "texture": "#0"},
				"up": {"uv": [5.9375, 10.125, 5.5, 10], "texture": "#0"},
				"down": {"uv": [10.4375, 6.5, 10, 6.625], "texture": "#0"}
			}
		},
		{
			"from": [7.6, 6.19785, 12.89938],
			"to": [8.4, 6.72285, 13.09938],
			"rotation": {"angle": 22.5, "axis": "x", "origin": [6.975, 5.24785, 15.74938]},
			"faces": {
				"north": {"uv": [8.5, 1.5, 8.9375, 1.75], "texture": "#0"},
				"east": {"uv": [3.5, 10.5, 3.625, 10.75], "texture": "#0"},
				"south": {"uv": [8.5, 2, 8.9375, 2.25], "texture": "#0"},
				"west": {"uv": [4, 10.5, 4.125, 10.75], "texture": "#0"},
				"up": {"uv": [10.4375, 7.125, 10, 7], "texture": "#0"},
				"down": {"uv": [7.9375, 10, 7.5, 10.125], "texture": "#0"}
			}
		},
		{
			"from": [7.8, 6.27285, 12.82438],
			"to": [8.2, 6.69785, 12.87438],
			"rotation": {"angle": 22.5, "axis": "x", "origin": [6.975, 5.14785, 15.69938]},
			"faces": {
				"north": {"uv": [3.5, 10, 3.75, 10.25], "texture": "#0"},
				"east": {"uv": [11.5, 7, 11.5625, 7.25], "texture": "#0"},
				"south": {"uv": [4, 10, 4.25, 10.25], "texture": "#0"},
				"west": {"uv": [7.5, 11.5, 7.5625, 11.75], "texture": "#0"},
				"up": {"uv": [11.75, 7.5625, 11.5, 7.5], "texture": "#0"},
				"down": {"uv": [8.25, 11.5, 8, 11.5625], "texture": "#0"}
			}
		}
	],
	"display": {
		"thirdperson_righthand": {
			"translation": [0, -1, -3.25]
		},
		"thirdperson_lefthand": {
			"translation": [0, -1, -3]
		},
		"firstperson_righthand": {
			"translation": [1.25, 1.25, -1.25]
		},
		"firstperson_lefthand": {
			"translation": [-9, 5, 3.5]
		},
		"ground": {
			"rotation": [0, 0, 90],
			"translation": [0, -3.25, 0]
		},
		"gui": {
			"rotation": [77, 40, -80],
			"translation": [-1.5, 0, 0],
			"scale": [1.2, 1.2, 1.2]
		},
		"fixed": {
			"rotation": [0, 90, 0],
			"translation": [0, -0.75, 0]
		}
	}
}