{
	"credit": "Made with Blockbench",
	"texture_size": [32, 32],
	"textures": {
		"0": "item/guns/samopal",
		"particle": "item/guns/samopal"
	},
	"elements": [
		{
			"from": [7.125, 4.325, 3.25],
			"to": [8.875, 5.675, 9],
			"rotation": {"angle": 0, "axis": "y", "origin": [7, 3.975, 6.25]},
			"faces": {
				"north": {"uv": [3.516, 6.016, 4.375, 6.6875], "texture": "#0"},
				"east": {"uv": [2.016, 3.016, 4.875, 3.6875], "texture": "#0"},
				"south": {"uv": [6.516, 2.516, 7.375, 3.1875], "texture": "#0"},
				"west": {"uv": [0.016, 4.016, 2.875, 4.6875], "texture": "#0"},
				"up": {"uv": [0.875, 2.875, 0.016, 0.016], "texture": "#0"},
				"down": {"uv": [1.875, 0.016, 1.016, 2.875], "texture": "#0"}
			}
		},
		{
			"from": [7.475, 4, 3.25],
			"to": [8.525, 5.65, 9.1],
			"rotation": {"angle": 0, "axis": "y", "origin": [7, 3.65, 6.25]},
			"faces": {
				"north": {"uv": [4.516, 6.016, 4.984, 6.8125], "texture": "#0"},
				"east": {"uv": [2.016, 0.016, 4.9375, 0.8125], "texture": "#0"},
				"south": {"uv": [5.516, 7.016, 5.984, 7.8125], "texture": "#0"},
				"west": {"uv": [2.016, 1.016, 4.9375, 1.8125], "texture": "#0"},
				"up": {"uv": [0.984, 7.9375, 0.516, 5.016], "texture": "#0"},
				"down": {"uv": [1.484, 5.016, 1.016, 7.9375], "texture": "#0"}
			}
		},
		{
			"from": [7.47144, 5.65355, 2.425],
			"to": [8.52144, 6.02855, 8.9],
			"rotation": {"angle": 0, "axis": "y", "origin": [6.99644, 4.02855, 6.225]},
			"faces": {
				"north": {"uv": [13.016, 0.516, 13.484, 0.6875], "texture": "#0"},
				"east": {"uv": [6.516, 1.516, 9.75, 1.6875], "texture": "#0"},
				"south": {"uv": [1.016, 13.016, 1.484, 13.1875], "texture": "#0"},
				"west": {"uv": [6.516, 2.016, 9.75, 2.1875], "texture": "#0"},
				"up": {"uv": [0.484, 8.25, 0.016, 5.016], "texture": "#0"},
				"down": {"uv": [5.484, 0.016, 5.016, 3.25], "texture": "#0"}
			}
		},
		{
			"from": [7.6, 6.025, 6.45],
			"to": [8.4, 6.125, 8.275],
			"rotation": {"angle": 0, "axis": "y", "origin": [7, 4.125, 6.825]},
			"faces": {
				"north": {"uv": [13.016, 12.516, 13.375, 12.5625], "texture": "#0"},
				"east": {"uv": [6.516, 13.016, 7.4375, 13.0625], "texture": "#0"},
				"south": {"uv": [13.016, 13.016, 13.375, 13.0625], "texture": "#0"},
				"west": {"uv": [7.516, 13.016, 8.4375, 13.0625], "texture": "#0"},
				"up": {"uv": [5.875, 8.9375, 5.516, 8.016], "texture": "#0"},
				"down": {"uv": [1.375, 8.516, 1.016, 9.4375], "texture": "#0"}
			}
		},
		{
			"from": [7.825, 6.125, 6.45],
			"to": [8.175, 6.375, 6.55],
			"rotation": {"angle": 0, "axis": "y", "origin": [7, 4.225, 6.825]},
			"faces": {
				"north": {"uv": [13.516, 0.016, 13.6875, 0.125], "texture": "#0"},
				"east": {"uv": [3.516, 13.516, 3.5625, 13.625], "texture": "#0"},
				"south": {"uv": [13.516, 0.516, 13.6875, 0.625], "texture": "#0"},
				"west": {"uv": [4.016, 13.516, 4.0625, 13.625], "texture": "#0"},
				"up": {"uv": [13.6875, 2.5625, 13.516, 2.516], "texture": "#0"},
				"down": {"uv": [13.6875, 3.016, 13.516, 3.0625], "texture": "#0"}
			}
		},
		{
			"from": [7.825, 5.18716, 6.48777],
			"to": [8.175, 5.51216, 7.38777],
			"rotation": {"angle": 22.5, "axis": "x", "origin": [7, 5.78716, 8.68777]},
			"faces": {
				"north": {"uv": [13.016, 8.016, 13.1875, 8.1875], "texture": "#0"},
				"east": {"uv": [13.016, 1.016, 13.4375, 1.1875], "texture": "#0"},
				"south": {"uv": [8.516, 13.016, 8.6875, 13.1875], "texture": "#0"},
				"west": {"uv": [13.016, 2.516, 13.4375, 2.6875], "texture": "#0"},
				"up": {"uv": [13.1875, 3.4375, 13.016, 3.016], "texture": "#0"},
				"down": {"uv": [3.6875, 13.016, 3.516, 13.4375], "texture": "#0"}
			}
		},
		{
			"from": [8.175, 6.125, 6.45],
			"to": [8.35, 6.3, 6.55],
			"rotation": {"angle": 0, "axis": "y", "origin": [7.35, 4.225, 6.825]},
			"faces": {
				"north": {"uv": [14.016, 4.516, 14.0625, 4.5625], "texture": "#0"},
				"east": {"uv": [5.016, 14.016, 5.0625, 14.0625], "texture": "#0"},
				"south": {"uv": [14.016, 5.016, 14.0625, 5.0625], "texture": "#0"},
				"west": {"uv": [5.516, 14.016, 5.5625, 14.0625], "texture": "#0"},
				"up": {"uv": [14.0625, 5.5625, 14.016, 5.516], "texture": "#0"},
				"down": {"uv": [6.0625, 14.016, 6.016, 14.0625], "texture": "#0"}
			}
		},
		{
			"from": [7.65, 6.125, 6.45],
			"to": [7.825, 6.3, 6.55],
			"rotation": {"angle": 0, "axis": "y", "origin": [8.65, 4.225, 6.825]},
			"faces": {
				"north": {"uv": [6.516, 14.016, 6.5625, 14.0625], "texture": "#0"},
				"east": {"uv": [7.016, 14.016, 7.0625, 14.0625], "texture": "#0"},
				"south": {"uv": [7.516, 14.016, 7.5625, 14.0625], "texture": "#0"},
				"west": {"uv": [8.016, 14.016, 8.0625, 14.0625], "texture": "#0"},
				"up": {"uv": [14.0625, 8.0625, 14.016, 8.016], "texture": "#0"},
				"down": {"uv": [8.5625, 14.016, 8.516, 14.0625], "texture": "#0"}
			}
		},
		{
			"from": [7.65, 5.285, 6.49729],
			"to": [7.825, 5.485, 6.97229],
			"rotation": {"angle": 22.5, "axis": "x", "origin": [8.65, 5.76, 8.57229]},
			"faces": {
				"north": {"uv": [13.516, 4.016, 13.5625, 4.125], "texture": "#0"},
				"east": {"uv": [13.016, 8.516, 13.25, 8.625], "texture": "#0"},
				"south": {"uv": [13.516, 4.516, 13.5625, 4.625], "texture": "#0"},
				"west": {"uv": [13.016, 9.516, 13.25, 9.625], "texture": "#0"},
				"up": {"uv": [1.0625, 13.75, 1.016, 13.516], "texture": "#0"},
				"down": {"uv": [13.5625, 1.016, 13.516, 1.25], "texture": "#0"}
			}
		},
		{
			"from": [8.175, 5.285, 6.49729],
			"to": [8.35, 5.485, 6.97229],
			"rotation": {"angle": 22.5, "axis": "x", "origin": [7.35, 5.76, 8.57229]},
			"faces": {
				"north": {"uv": [5.016, 13.516, 5.0625, 13.625], "texture": "#0"},
				"east": {"uv": [13.016, 12.016, 13.25, 12.125], "texture": "#0"},
				"south": {"uv": [13.516, 5.016, 13.5625, 5.125], "texture": "#0"},
				"west": {"uv": [12.516, 13.016, 12.75, 13.125], "texture": "#0"},
				"up": {"uv": [13.5625, 1.75, 13.516, 1.516], "texture": "#0"},
				"down": {"uv": [13.5625, 2.016, 13.516, 2.25], "texture": "#0"}
			}
		},
		{
			"from": [8.57583, 4.3224, 3.25],
			"to": [9.15083, 4.8224, 8.7],
			"rotation": {"angle": 45, "axis": "z", "origin": [8.45083, 2.8224, 6.25]},
			"faces": {
				"north": {"uv": [4.016, 13.016, 4.3125, 13.25], "texture": "#0"},
				"east": {"uv": [6.016, 6.016, 8.75, 6.25], "texture": "#0"},
				"south": {"uv": [13.016, 4.016, 13.3125, 4.25], "texture": "#0"},
				"west": {"uv": [6.516, 0.016, 9.25, 0.25], "texture": "#0"},
				"up": {"uv": [5.8125, 3.75, 5.516, 1.016], "texture": "#0"},
				"down": {"uv": [5.8125, 4.016, 5.516, 6.75], "texture": "#0"}
			}
		},
		{
			"from": [6.84917, 4.3224, 3.25],
			"to": [7.42417, 4.8224, 8.7],
			"rotation": {"angle": -45, "axis": "z", "origin": [7.54917, 2.8224, 6.25]},
			"faces": {
				"north": {"uv": [13.016, 4.516, 13.3125, 4.75], "texture": "#0"},
				"east": {"uv": [6.516, 0.516, 9.25, 0.75], "texture": "#0"},
				"south": {"uv": [5.016, 13.016, 5.3125, 13.25], "texture": "#0"},
				"west": {"uv": [6.516, 1.016, 9.25, 1.25], "texture": "#0"},
				"up": {"uv": [6.3125, 3.75, 6.016, 1.016], "texture": "#0"},
				"down": {"uv": [3.3125, 6.016, 3.016, 8.75], "texture": "#0"}
			}
		},
		{
			"from": [6.84917, 5.1776, 2.4],
			"to": [7.42417, 5.6776, 8.875],
			"rotation": {"angle": 45, "axis": "z", "origin": [7.54917, 7.1776, 6.25]},
			"faces": {
				"north": {"uv": [13.016, 5.516, 13.3125, 5.75], "texture": "#0"},
				"east": {"uv": [6.016, 5.016, 9.25, 5.25], "texture": "#0"},
				"south": {"uv": [6.016, 13.016, 6.3125, 13.25], "texture": "#0"},
				"west": {"uv": [6.016, 5.516, 9.25, 5.75], "texture": "#0"},
				"up": {"uv": [2.8125, 8.25, 2.516, 5.016], "texture": "#0"},
				"down": {"uv": [5.3125, 3.516, 5.016, 6.75], "texture": "#0"}
			}
		},
		{
			"from": [8.57583, 5.1776, 2.4],
			"to": [9.15083, 5.6776, 8.875],
			"rotation": {"angle": -45, "axis": "z", "origin": [8.45083, 7.1776, 6.25]},
			"faces": {
				"north": {"uv": [13.016, 5.016, 13.3125, 5.25], "texture": "#0"},
				"east": {"uv": [6.016, 4.016, 9.25, 4.25], "texture": "#0"},
				"south": {"uv": [5.516, 13.016, 5.8125, 13.25], "texture": "#0"},
				"west": {"uv": [6.016, 4.516, 9.25, 4.75], "texture": "#0"},
				"up": {"uv": [1.8125, 8.25, 1.516, 5.016], "texture": "#0"},
				"down": {"uv": [2.3125, 5.016, 2.016, 8.25], "texture": "#0"}
			}
		},
		{
			"from": [7.125, 4.82353, 2.40147],
			"to": [8.875, 5.67353, 3.25147],
			"rotation": {"angle": 0, "axis": "y", "origin": [7, 4.82353, 5.40147]},
			"faces": {
				"north": {"uv": [7.016, 7.516, 7.875, 7.9375], "texture": "#0"},
				"east": {"uv": [4.016, 12.516, 4.4375, 12.9375], "texture": "#0"},
				"south": {"uv": [0.516, 8.016, 1.375, 8.4375], "texture": "#0"},
				"west": {"uv": [12.516, 8.016, 12.9375, 8.4375], "texture": "#0"},
				"up": {"uv": [4.375, 8.4375, 3.516, 8.016], "texture": "#0"},
				"down": {"uv": [5.375, 8.016, 4.516, 8.4375], "texture": "#0"}
			}
		},
		{
			"from": [7.15, 5.38921, 2.63579],
			"to": [8.85, 6.58921, 3.83579],
			"rotation": {"angle": 45, "axis": "x", "origin": [7, 5.38921, 1.83579]},
			"faces": {
				"north": {"uv": [6.016, 6.516, 6.875, 7.125], "texture": "#0"},
				"east": {"uv": [7.516, 3.016, 8.125, 3.625], "texture": "#0"},
				"south": {"uv": [3.516, 7.016, 4.375, 7.625], "texture": "#0"},
				"west": {"uv": [6.016, 7.516, 6.625, 8.125], "texture": "#0"},
				"up": {"uv": [5.375, 7.625, 4.516, 7.016], "texture": "#0"},
				"down": {"uv": [7.875, 6.516, 7.016, 7.125], "texture": "#0"}
			}
		},
		{
			"from": [7.1, 3.00419, 7.88127],
			"to": [8.9, 5.00419, 11.85627],
			"rotation": {"angle": 22.5, "axis": "x", "origin": [7, 3.00419, 11.00627]},
			"faces": {
				"north": {"uv": [4.016, 2.016, 4.875, 2.984], "texture": "#0"},
				"east": {"uv": [2.016, 2.016, 3.984, 2.984], "texture": "#0"},
				"south": {"uv": [5.516, 0.016, 6.375, 0.984], "texture": "#0"},
				"west": {"uv": [0.016, 3.016, 1.984, 3.984], "texture": "#0"},
				"up": {"uv": [3.875, 5.984, 3.016, 4.016], "texture": "#0"},
				"down": {"uv": [4.875, 4.016, 4.016, 5.984], "texture": "#0"}
			}
		},
		{
			"from": [7.15, 3.13966, 12.85723],
			"to": [8.85, 3.98966, 13.85723],
			"rotation": {"angle": -22.5, "axis": "x", "origin": [7, 0.98966, 11.85723]},
			"faces": {
				"north": {"uv": [8.016, 6.516, 8.875, 6.9375], "texture": "#0"},
				"east": {"uv": [5.016, 8.516, 5.484, 8.9375], "texture": "#0"},
				"south": {"uv": [7.016, 8.016, 7.875, 8.4375], "texture": "#0"},
				"west": {"uv": [3.516, 12.516, 3.984, 12.9375], "texture": "#0"},
				"up": {"uv": [7.375, 3.984, 6.516, 3.516], "texture": "#0"},
				"down": {"uv": [8.375, 2.516, 7.516, 2.984], "texture": "#0"}
			}
		},
		{
			"from": [7.15, 3.21592, 10.49128],
			"to": [8.85, 4.06592, 11.34128],
			"rotation": {"angle": -22.5, "axis": "x", "origin": [7, 6.21592, 12.49128]},
			"faces": {
				"north": {"uv": [8.016, 7.016, 8.875, 7.4375], "texture": "#0"},
				"east": {"uv": [12.516, 9.516, 12.9375, 9.9375], "texture": "#0"},
				"south": {"uv": [8.016, 7.516, 8.875, 7.9375], "texture": "#0"},
				"west": {"uv": [12.516, 12.016, 12.9375, 12.4375], "texture": "#0"},
				"up": {"uv": [8.875, 8.4375, 8.016, 8.016], "texture": "#0"},
				"down": {"uv": [0.875, 8.516, 0.016, 8.9375], "texture": "#0"}
			}
		},
		{
			"from": [7.125, 2.36633, 13.02316],
			"to": [8.875, 3.16633, 13.62316],
			"rotation": {"angle": 22.5, "axis": "x", "origin": [7, 5.31633, 14.69816]},
			"faces": {
				"north": {"uv": [1.516, 8.516, 2.375, 8.875], "texture": "#0"},
				"east": {"uv": [12.516, 12.516, 12.8125, 12.875], "texture": "#0"},
				"south": {"uv": [8.516, 2.516, 9.375, 2.875], "texture": "#0"},
				"west": {"uv": [13.016, 0.016, 13.3125, 0.375], "texture": "#0"},
				"up": {"uv": [9.375, 3.3125, 8.516, 3.016], "texture": "#0"},
				"down": {"uv": [4.375, 8.516, 3.516, 8.8125], "texture": "#0"}
			}
		},
		{
			"name": "hexadecagon",
			"from": [7.94033, 5.775, -0.525],
			"to": [8.05967, 5.875, 6.475],
			"rotation": {"angle": -45, "axis": "z", "origin": [8, 6.075, 4.975]},
			"faces": {
				"north": {"uv": [5.516, 13.516, 5.5625, 13.5625], "texture": "#0"},
				"east": {"uv": [8.516, 3.516, 11.984, 3.5625], "texture": "#0"},
				"south": {"uv": [13.516, 5.516, 13.5625, 5.5625], "texture": "#0"},
				"west": {"uv": [6.016, 8.516, 9.484, 8.5625], "texture": "#0"},
				"up": {"uv": [2.5625, 11.984, 2.516, 8.516], "texture": "#0"},
				"down": {"uv": [4.5625, 8.516, 4.516, 11.984], "texture": "#0"}
			}
		},
		{
			"name": "hexadecagon",
			"from": [7.94033, 5.775, -0.525],
			"to": [8.05967, 5.875, 6.475],
			"rotation": {"angle": -22.5, "axis": "z", "origin": [8, 6.075, 4.975]},
			"faces": {
				"north": {"uv": [6.016, 13.516, 6.0625, 13.5625], "texture": "#0"},
				"east": {"uv": [5.016, 9.016, 8.484, 9.0625], "texture": "#0"},
				"south": {"uv": [6.516, 13.516, 6.5625, 13.5625], "texture": "#0"},
				"west": {"uv": [9.016, 6.016, 12.484, 6.0625], "texture": "#0"},
				"up": {"uv": [0.0625, 12.484, 0.016, 9.016], "texture": "#0"},
				"down": {"uv": [0.5625, 9.016, 0.516, 12.484], "texture": "#0"}
			}
		},
		{
			"name": "hexadecagon",
			"from": [7.94033, 5.775, -0.525],
			"to": [8.05967, 5.875, 6.475],
			"rotation": {"angle": 0, "axis": "y", "origin": [8, 6.075, 4.975]},
			"faces": {
				"north": {"uv": [7.016, 13.516, 7.0625, 13.5625], "texture": "#0"},
				"east": {"uv": [9.016, 6.516, 12.484, 6.5625], "texture": "#0"},
				"south": {"uv": [7.516, 13.516, 7.5625, 13.5625], "texture": "#0"},
				"west": {"uv": [9.016, 7.016, 12.484, 7.0625], "texture": "#0"},
				"up": {"uv": [1.5625, 12.484, 1.516, 9.016], "texture": "#0"},
				"down": {"uv": [2.0625, 9.016, 2.016, 12.484], "texture": "#0"}
			}
		},
		{
			"name": "hexadecagon",
			"from": [7.94033, 5.775, -0.525],
			"to": [8.05967, 5.875, 6.475],
			"rotation": {"angle": 22.5, "axis": "z", "origin": [8, 6.075, 4.975]},
			"faces": {
				"north": {"uv": [8.016, 13.516, 8.0625, 13.5625], "texture": "#0"},
				"east": {"uv": [9.016, 7.516, 12.484, 7.5625], "texture": "#0"},
				"south": {"uv": [13.516, 8.016, 13.5625, 8.0625], "texture": "#0"},
				"west": {"uv": [9.016, 8.016, 12.484, 8.0625], "texture": "#0"},
				"up": {"uv": [3.0625, 12.484, 3.016, 9.016], "texture": "#0"},
				"down": {"uv": [3.5625, 9.016, 3.516, 12.484], "texture": "#0"}
			}
		},
		{
			"name": "hexadecagon",
			"from": [7.94033, 5.775, -0.525],
			"to": [8.05967, 5.875, 6.475],
			"rotation": {"angle": 45, "axis": "z", "origin": [8, 6.075, 4.975]},
			"faces": {
				"north": {"uv": [8.516, 13.516, 8.5625, 13.5625], "texture": "#0"},
				"east": {"uv": [8.516, 9.016, 11.984, 9.0625], "texture": "#0"},
				"south": {"uv": [13.516, 8.516, 13.5625, 8.5625], "texture": "#0"},
				"west": {"uv": [9.516, 0.016, 12.984, 0.0625], "texture": "#0"},
				"up": {"uv": [4.0625, 12.484, 4.016, 9.016], "texture": "#0"},
				"down": {"uv": [1.0625, 9.516, 1.016, 12.984], "texture": "#0"}
			}
		},
		{
			"name": "hexadecagon",
			"from": [7.94033, 6.275, -0.525],
			"to": [8.05967, 6.375, 6.475],
			"rotation": {"angle": -45, "axis": "z", "origin": [8, 6.075, 4.975]},
			"faces": {
				"north": {"uv": [9.016, 13.516, 9.0625, 13.5625], "texture": "#0"},
				"east": {"uv": [9.516, 0.516, 12.984, 0.5625], "texture": "#0"},
				"south": {"uv": [9.516, 13.516, 9.5625, 13.5625], "texture": "#0"},
				"west": {"uv": [9.516, 1.016, 12.984, 1.0625], "texture": "#0"},
				"up": {"uv": [5.0625, 12.984, 5.016, 9.516], "texture": "#0"},
				"down": {"uv": [5.5625, 9.516, 5.516, 12.984], "texture": "#0"}
			}
		},
		{
			"name": "hexadecagon",
			"from": [7.94033, 6.275, -0.525],
			"to": [8.05967, 6.375, 6.475],
			"rotation": {"angle": -22.5, "axis": "z", "origin": [8, 6.075, 4.975]},
			"faces": {
				"north": {"uv": [13.516, 9.516, 13.5625, 9.5625], "texture": "#0"},
				"east": {"uv": [9.516, 2.516, 12.984, 2.5625], "texture": "#0"},
				"south": {"uv": [10.016, 13.516, 10.0625, 13.5625], "texture": "#0"},
				"west": {"uv": [9.516, 3.016, 12.984, 3.0625], "texture": "#0"},
				"up": {"uv": [6.0625, 12.984, 6.016, 9.516], "texture": "#0"},
				"down": {"uv": [6.5625, 9.516, 6.516, 12.984], "texture": "#0"}
			}
		},
		{
			"name": "hexadecagon",
			"from": [7.94033, 6.275, -0.525],
			"to": [8.05967, 6.375, 6.475],
			"rotation": {"angle": 0, "axis": "y", "origin": [8, 6.075, 4.975]},
			"faces": {
				"north": {"uv": [10.516, 13.516, 10.5625, 13.5625], "texture": "#0"},
				"east": {"uv": [9.516, 4.016, 12.984, 4.0625], "texture": "#0"},
				"south": {"uv": [13.516, 12.016, 13.5625, 12.0625], "texture": "#0"},
				"west": {"uv": [9.516, 4.516, 12.984, 4.5625], "texture": "#0"},
				"up": {"uv": [7.0625, 12.984, 7.016, 9.516], "texture": "#0"},
				"down": {"uv": [7.5625, 9.516, 7.516, 12.984], "texture": "#0"}
			}
		},
		{
			"name": "hexadecagon",
			"from": [7.94033, 6.275, -0.525],
			"to": [8.05967, 6.375, 6.475],
			"rotation": {"angle": 22.5, "axis": "z", "origin": [8, 6.075, 4.975]},
			"faces": {
				"north": {"uv": [12.516, 13.516, 12.5625, 13.5625], "texture": "#0"},
				"east": {"uv": [9.516, 5.016, 12.984, 5.0625], "texture": "#0"},
				"south": {"uv": [13.516, 12.516, 13.5625, 12.5625], "texture": "#0"},
				"west": {"uv": [9.516, 5.516, 12.984, 5.5625], "texture": "#0"},
				"up": {"uv": [8.0625, 12.984, 8.016, 9.516], "texture": "#0"},
				"down": {"uv": [8.5625, 9.516, 8.516, 12.984], "texture": "#0"}
			}
		},
		{
			"name": "hexadecagon",
			"from": [7.94033, 6.275, -0.525],
			"to": [8.05967, 6.375, 6.475],
			"rotation": {"angle": 45, "axis": "z", "origin": [8, 6.075, 4.975]},
			"faces": {
				"north": {"uv": [13.016, 13.516, 13.0625, 13.5625], "texture": "#0"},
				"east": {"uv": [9.516, 8.516, 12.984, 8.5625], "texture": "#0"},
				"south": {"uv": [13.516, 13.016, 13.5625, 13.0625], "texture": "#0"},
				"west": {"uv": [9.016, 9.516, 12.484, 9.5625], "texture": "#0"},
				"up": {"uv": [9.0625, 13.484, 9.016, 10.016], "texture": "#0"},
				"down": {"uv": [9.5625, 10.016, 9.516, 13.484], "texture": "#0"}
			}
		},
		{
			"name": "hexadecagon",
			"from": [7.7, 6.01533, -0.525],
			"to": [7.8, 6.13467, 6.475],
			"rotation": {"angle": -22.5, "axis": "z", "origin": [8, 6.075, 4.975]},
			"faces": {
				"north": {"uv": [13.516, 13.516, 13.5625, 13.5625], "texture": "#0"},
				"east": {"uv": [10.016, 1.516, 13.484, 1.5625], "texture": "#0"},
				"south": {"uv": [14.016, 0.016, 14.0625, 0.0625], "texture": "#0"},
				"west": {"uv": [10.016, 2.016, 13.484, 2.0625], "texture": "#0"},
				"up": {"uv": [10.0625, 13.484, 10.016, 10.016], "texture": "#0"},
				"down": {"uv": [10.5625, 10.016, 10.516, 13.484], "texture": "#0"}
			}
		},
		{
			"name": "hexadecagon",
			"from": [7.7, 6.01533, -0.525],
			"to": [7.8, 6.13467, 6.475],
			"rotation": {"angle": 0, "axis": "y", "origin": [8, 6.075, 4.975]},
			"faces": {
				"north": {"uv": [14.016, 0.516, 14.0625, 0.5625], "texture": "#0"},
				"east": {"uv": [11.016, 10.016, 14.484, 10.0625], "texture": "#0"},
				"south": {"uv": [1.016, 14.016, 1.0625, 14.0625], "texture": "#0"},
				"west": {"uv": [11.016, 10.516, 14.484, 10.5625], "texture": "#0"},
				"up": {"uv": [11.0625, 14.484, 11.016, 11.016], "texture": "#0"},
				"down": {"uv": [11.5625, 11.016, 11.516, 14.484], "texture": "#0"}
			}
		},
		{
			"name": "hexadecagon",
			"from": [7.7, 6.01533, -0.525],
			"to": [7.8, 6.13467, 6.475],
			"rotation": {"angle": 22.5, "axis": "z", "origin": [8, 6.075, 4.975]},
			"faces": {
				"north": {"uv": [14.016, 1.016, 14.0625, 1.0625], "texture": "#0"},
				"east": {"uv": [12.016, 3.516, 15.484, 3.5625], "texture": "#0"},
				"south": {"uv": [14.016, 1.516, 14.0625, 1.5625], "texture": "#0"},
				"west": {"uv": [12.016, 9.016, 15.484, 9.0625], "texture": "#0"},
				"up": {"uv": [2.5625, 15.484, 2.516, 12.016], "texture": "#0"},
				"down": {"uv": [4.5625, 12.016, 4.516, 15.484], "texture": "#0"}
			}
		},
		{
			"name": "hexadecagon",
			"from": [8.2, 6.01533, -0.525],
			"to": [8.3, 6.13467, 6.475],
			"rotation": {"angle": -22.5, "axis": "z", "origin": [8, 6.075, 4.975]},
			"faces": {
				"north": {"uv": [14.016, 2.016, 14.0625, 2.0625], "texture": "#0"},
				"east": {"uv": [12.016, 11.016, 15.484, 11.0625], "texture": "#0"},
				"south": {"uv": [14.016, 2.516, 14.0625, 2.5625], "texture": "#0"},
				"west": {"uv": [12.016, 11.516, 15.484, 11.5625], "texture": "#0"},
				"up": {"uv": [12.0625, 15.484, 12.016, 12.016], "texture": "#0"},
				"down": {"uv": [0.0625, 12.516, 0.016, 15.984], "texture": "#0"}
			}
		},
		{
			"name": "hexadecagon",
			"from": [8.2, 6.01533, -0.525],
			"to": [8.3, 6.13467, 6.475],
			"rotation": {"angle": 0, "axis": "y", "origin": [8, 6.075, 4.975]},
			"faces": {
				"north": {"uv": [14.016, 3.016, 14.0625, 3.0625], "texture": "#0"},
				"east": {"uv": [12.516, 6.016, 15.984, 6.0625], "texture": "#0"},
				"south": {"uv": [3.516, 14.016, 3.5625, 14.0625], "texture": "#0"},
				"west": {"uv": [12.516, 6.516, 15.984, 6.5625], "texture": "#0"},
				"up": {"uv": [0.5625, 15.984, 0.516, 12.516], "texture": "#0"},
				"down": {"uv": [1.5625, 12.516, 1.516, 15.984], "texture": "#0"}
			}
		},
		{
			"name": "hexadecagon",
			"from": [8.2, 6.01533, -0.525],
			"to": [8.3, 6.13467, 6.475],
			"rotation": {"angle": 22.5, "axis": "z", "origin": [8, 6.075, 4.975]},
			"faces": {
				"north": {"uv": [4.016, 14.016, 4.0625, 14.0625], "texture": "#0"},
				"east": {"uv": [12.516, 7.016, 15.984, 7.0625], "texture": "#0"},
				"south": {"uv": [14.016, 4.016, 14.0625, 4.0625], "texture": "#0"},
				"west": {"uv": [12.516, 7.516, 15.984, 7.5625], "texture": "#0"},
				"up": {"uv": [2.0625, 15.984, 2.016, 12.516], "texture": "#0"},
				"down": {"uv": [3.0625, 12.516, 3.016, 15.984], "texture": "#0"}
			}
		}
	],
	"display": {
		"thirdperson_righthand": {
			"translation": [0, 4, -0.5]
		},
		"thirdperson_lefthand": {
			"translation": [0, 3.75, 0]
		},
		"firstperson_righthand": {
			"translation": [4.25, 4.75, 0]
		},
		"firstperson_lefthand": {
			"translation": [-9, 8.75, 6]
		},
		"ground": {
			"rotation": [0, 0, 90],
			"translation": [0, -2.75, 0]
		},
		"gui": {
			"rotation": [102, 47, -87],
			"translation": [4.75, 1.25, 0],
			"scale": [1.3, 1.3, 1.3]
		},
		"fixed": {
			"rotation": [0, 90, 0],
			"translation": [1, 3.75, 0]
		}
	},
	"groups": [
		0,
		1,
		2,
		3,
		4,
		5,
		6,
		7,
		8,
		9,
		10,
		11,
		12,
		13,
		14,
		15,
		16,
		17,
		18,
		19,
		{
			"name": "hexadecagon",
			"origin": [8, 8, 8],
			"color": 0,
			"children": []
		},
		{
			"name": "hexadecagon",
			"origin": [8, 8, 8],
			"color": 0,
			"children": [20, 21, 22, 23, 24, 25, 26, 27, 28, 29, 30, 31, 32, 33, 34, 35]
		}
	]
}