{
    "parent": "item/generated",
    "textures": {
        "layer0": "item/crossbow_standby"
    },
    "display": {
        "thirdperson_righthand": {
            "rotation": [ -90, 0, -60 ],
            "translation": [ 2, 0.1, -3 ],
            "scale": [ 0.9, 0.9, 0.9 ]
        },
        "thirdperson_lefthand": {
            "rotation": [ -90, 0, 30 ],
            "translation": [ 2, 0.1, -3 ],
            "scale": [ 0.9, 0.9, 0.9 ]
        },
        "firstperson_righthand": {
            "rotation": [ -90, 0, -55 ],
            "translation": [ 1.13, 3.2, 1.13],
            "scale": [ 0.68, 0.68, 0.68 ]
        },
        "firstperson_lefthand": {
            "rotation": [ -90, 0, 35 ],
            "translation": [ 1.13, 3.2, 1.13],
            "scale": [ 0.68, 0.68, 0.68 ]
        }
    },
    "overrides": [
        {
            "predicate": {
                "pulling": 1
            },
            "model": "item/crossbow_pulling_0"
        },
        {
            "predicate": {
                "pulling": 1,
                "pull": 0.58
            },
            "model": "item/crossbow_pulling_1"
        },
        {
            "predicate": {
                "pulling": 1,
                "pull": 1.0
            },
            "model": "item/crossbow_pulling_2"
        },
        {
            "predicate": {
                "charged": 1
            },
            "model": "item/crossbow_arrow"
        },
        {
            "predicate": {
                "charged": 1,
                "firework": 1
            },
            "model": "item/crossbow_firework"
        },
    {
      "predicate": {
        "custom_model_data": 68
      },
      "model": "item/misc/aiming"
    },
    {
      "predicate": {
        "custom_model_data": 100
      },
      "model": "item/guns/revolver"
    },
    {
      "predicate": {
        "custom_model_data": 101
      },
      "model": "item/guns/musketon"
    },
    {
      "predicate": {
        "custom_model_data": 102
      },
      "model": "item/guns/musket"
    },
    {
      "predicate": {
        "custom_model_data": 103
      },
      "model": "item/guns/berdana"
    },
    {
      "predicate": {
        "custom_model_data": 104
      },
      "model": "item/guns/colt1873"
    },
    {
      "predicate": {
        "custom_model_data": 105
      },
      "model": "item/guns/obrez"
    },
    {
      "predicate": {
        "custom_model_data": 106
      },
      "model": "item/guns/mosina"
    },
    {
      "predicate": {
        "custom_model_data": 107
      },
      "model": "item/guns/remington1889"
    },
    {
      "predicate": {
        "custom_model_data": 108
      },
      "model": "item/guns/henry"
    },
    {
      "predicate": {
        "custom_model_data": 109
      },
      "model": "item/guns/samopal"
    },
    {
      "predicate": {
        "custom_model_data": 150
      },
      "model": "item/misc/grenada"
    }
  ]
}
